{"type": "FeatureCollection", "name": "sabaneta_Veredas", "features": [{"type": "Feature", "geometry": {"type": "Polygon", "coordinates": [[[-75.62748652434495, 6.13980369368976], [-75.62749121681256, 6.139805551069007], [-75.62749282451837, 6.13980571855732], [-75.62749456790254, 6.139805740730526], [-75.62750197975906, 6.139804589620439], [-75.62750905508294, 6.139802779300326], [-75.6275105887248, 6.139802394775666], [-75.62751194284563, 6.139802056335621], [-75.62751527271206, 6.1398012335611725], [-75.6275290605889, 6.139796944799025], [-75.62753699143474, 6.139794426921961], [-75.6275467096621, 6.13979132528577], [-75.62759668745404, 6.139775298596132], [-75.62764802039351, 6.1397589596752535], [-75.62765858583361, 6.139755666736202], [-75.62766758224774, 6.139752910376853], [-75.6276869208166, 6.139747376581359], [-75.62769464682252, 6.139745636290913], [-75.6276963250737, 6.139745270040505], [-75.62769780573487, 6.139744949059482], [-75.62770146121063, 6.139744215993846], [-75.62770340162004, 6.139743893658106], [-75.62770379877945, 6.139743838367713], [-75.62770413366034, 6.139743792423814], [-75.62770483710322, 6.139743753709725], [-75.62771257947938, 6.139744246350818], [-75.62771734823656, 6.139744531204091], [-75.62772326540632, 6.139744893588068], [-75.62775413941073, 6.139746729915859], [-75.62779044346856, 6.139748874966935], [-75.62779979207008, 6.1397494175744765], [-75.6278088334804, 6.139749942706012], [-75.62783894014495, 6.13975168154477], [-75.62786186552074, 6.139752962052416], [-75.62786639108266, 6.139753201992466], [-75.62787011344307, 6.139753398868077], [-75.62787696872624, 6.139753687028889], [-75.62789032848292, 6.139754560699368], [-75.6278981507016, 6.139755126173667], [-75.62790777102512, 6.1397558211332335], [-75.62795740023029, 6.139759518956117], [-75.62800804292222, 6.139763593304747], [-75.62801828678073, 6.139764532004959], [-75.62802689632046, 6.1397654018908385], [-75.62804437000061, 6.139767854613218], [-75.62805133589487, 6.139768964012609], [-75.62805332315452, 6.1397689858897415], [-75.62805533688581, 6.139768880165279], [-75.6280628196654, 6.13976745748365], [-75.62806932634399, 6.139765730411985], [-75.62807071586708, 6.1397654279588725], [-75.62807194415555, 6.139765216703356], [-75.62807487901658, 6.139765073002707], [-75.62807728478451, 6.139763131027765], [-75.62807816601634, 6.139761772425868], [-75.62807913584618, 6.139760061711918], [-75.62808341766122, 6.139750936856082], [-75.62808727302374, 6.139741235501644], [-75.62808798098969, 6.139739172589603], [-75.62808852671277, 6.139737363609693], [-75.62808919116551, 6.139733058859415], [-75.62808937805242, 6.13971959839636], [-75.62808961814484, 6.139712013113929], [-75.62808994402299, 6.139702765760117], [-75.62809179379437, 6.139655421346981], [-75.62809359826826, 6.139608049130831], [-75.62809387884813, 6.139598773973951], [-75.62809407364668, 6.139591161792494], [-75.62809402503031, 6.139577566878646], [-75.62809333980974, 6.139574875262805], [-75.62809314838637, 6.1395741520567295], [-75.62809293795527, 6.139573420807569], [-75.62809216307696, 6.139570865240255], [-75.62809143334371, 6.139568490261759], [-75.62809126051702, 6.1395678754506955], [-75.62809108692456, 6.1395672886690305], [-75.62809058503825, 6.139565328435481], [-75.62809013719627, 6.1395635216254405], [-75.62809000925303, 6.139563034065348], [-75.62808987227749, 6.139562546549619], [-75.62808935248758, 6.139560803376817], [-75.62808886927027, 6.139559150429635], [-75.62808875965763, 6.139558717022677], [-75.62808864918613, 6.139558292660455], [-75.62808832049323, 6.139556837845718], [-75.62808807205914, 6.139555356419074], [-75.62808800751928, 6.139554904709579], [-75.62808795196294, 6.13955444301134], [-75.62808780227965, 6.13955265372137], [-75.62808764416134, 6.1395508020931935], [-75.62808759746436, 6.139550305093339], [-75.62808753269834, 6.1395498072782315], [-75.62808729295823, 6.139548072673964], [-75.62808626199839, 6.139535294426637], [-75.62808571689911, 6.139527838665642], [-75.62808504874927, 6.139518682985089], [-75.62808167942455, 6.139471498015672], [-75.62807838212234, 6.139424448300014], [-75.62807776865941, 6.139415392700526], [-75.62807727828688, 6.139408045156893], [-75.62807657456328, 6.139395871921168], [-75.62807668900074, 6.139394894981354], [-75.62807670659399, 6.139394614638404], [-75.62807672332836, 6.139394343340208], [-75.62807676528584, 6.1393933215538645], [-75.62807678100978, 6.139392291759936], [-75.62807677907081, 6.13939171227131], [-75.62807678571812, 6.139390673481461], [-75.62807675497392, 6.139389561646991], [-75.62807674524862, 6.139389236235613], [-75.62807673543463, 6.139388892743587], [-75.628076659541, 6.139387599416253], [-75.6280766001968, 6.1393861812482635], [-75.62807659097568, 6.139385774469602], [-75.62807658893604, 6.139385358615121], [-75.62807659382175, 6.139383776497911], [-75.62807664369154, 6.139382157997523], [-75.62807665958347, 6.139381714933351], [-75.628076668254, 6.139381272808696], [-75.62807673541815, 6.139379681344952], [-75.6280768118363, 6.1393781350383945], [-75.62807686457175, 6.1393772849692105], [-75.62807695932494, 6.139375793719821], [-75.62807704446944, 6.1393741849907], [-75.62807706099412, 6.139373686776163], [-75.62807707508401, 6.139373244624897], [-75.62807711722877, 6.139371156054774], [-75.62807697946866, 6.139357985579613], [-75.62807687655813, 6.139350447185077], [-75.62807675998552, 6.139341228222634], [-75.62807543830748, 6.139246706906765], [-75.62807532244068, 6.139237631685268], [-75.62807521951001, 6.1392302731973825], [-75.62807508473801, 6.139218079989042], [-75.62807518108312, 6.139216913286947], [-75.62807522524122, 6.139216524327082], [-75.62807528638771, 6.139216100025665], [-75.62807558014583, 6.139214299516351], [-75.62807585378776, 6.139212264956054], [-75.62807589701474, 6.139211686149581], [-75.62807593121387, 6.139211108291517], [-75.62807592517741, 6.139208956674392], [-75.62807588349955, 6.139206904678244], [-75.62807588183115, 6.139206380335542], [-75.62807589926354, 6.139205883020596], [-75.62807599321883, 6.139204229045534], [-75.62807615134322, 6.139202582891673], [-75.62807619497367, 6.1392020863520615], [-75.62807623851101, 6.139201570827788], [-75.62807641279342, 6.1391995358516365], [-75.6280773426593, 6.139186914315522], [-75.62807786376781, 6.1391797182033105], [-75.62807849801229, 6.139170911416372], [-75.62808173596898, 6.139125750703507], [-75.6280849642693, 6.139080462566722], [-75.62808558908735, 6.139071575365423], [-75.62808610062311, 6.139064269005809], [-75.6280869753537, 6.139051087227696], [-75.62808708405345, 6.139048203667766], [-75.62808710896635, 6.139047389897426], [-75.62808714201275, 6.139046576991176], [-75.62808723301468, 6.139043584127754], [-75.62808745870718, 6.139040428777046], [-75.62808756438301, 6.139039507027565], [-75.62808769710689, 6.1390385752006065], [-75.62808831921647, 6.139035029159324], [-75.62808896860464, 6.139031520050225], [-75.62808911045394, 6.139030607163553], [-75.62808923436724, 6.139029720582537], [-75.62808952309189, 6.139026709570678], [-75.62808978606631, 6.1390237890906425], [-75.62808989218551, 6.1390229577443085], [-75.62809000728822, 6.139022116409252], [-75.62809052120359, 6.139018978627591], [-75.62809108131661, 6.139015867740558], [-75.62809122364918, 6.1390150533933205], [-75.62809134796152, 6.139014248175137], [-75.62809176433967, 6.139011481534543], [-75.62809213595101, 6.139008795574617], [-75.62809233908744, 6.139007302888686], [-75.62809271048154, 6.139004572631227], [-75.62809407776676, 6.1389931061344], [-75.62809479948751, 6.138986849252069], [-75.62809568178788, 6.138979262622499], [-75.62810011285576, 6.13894071462243], [-75.62810502971386, 6.13890139759865], [-75.62810620678219, 6.138893321332192], [-75.62810730674349, 6.138886466820524], [-75.62811064292482, 6.138871830984429], [-75.62811312386246, 6.138864773508402], [-75.6281136953481, 6.138862692282237], [-75.6281142042051, 6.138860548984086], [-75.62811561635527, 6.138852336858783], [-75.62811690332285, 6.138844568334617], [-75.62811734038843, 6.138842704741642], [-75.6281178142038, 6.138840967535573], [-75.62811980451491, 6.138835718768487], [-75.6281217057395, 6.138831275046468], [-75.62812212694529, 6.138830045272747], [-75.62812250203324, 6.138828804876969], [-75.62812346547695, 6.138824318751572], [-75.62812358695926, 6.138819437171249], [-75.62812342880471, 6.138817946260421], [-75.62812318904933, 6.138816392466764], [-75.62812163617842, 6.138810276943433], [-75.62812003574068, 6.138803302803203], [-75.62811977706704, 6.138801206670528], [-75.62811958036141, 6.138799037909146], [-75.62811953800816, 6.138790586123401], [-75.62811996558725, 6.138782367986753], [-75.62812008662837, 6.138780343216853], [-75.628120198266, 6.138778426979525], [-75.62812057880787, 6.1387724050193295], [-75.62812106145284, 6.138767495447051], [-75.62812122889159, 6.1387662750565894], [-75.62812140657175, 6.138765116995481], [-75.62812220871076, 6.138761444406485], [-75.62812327147662, 6.138757319414451], [-75.62812361940004, 6.138755881164506], [-75.6281240027875, 6.138754307132317], [-75.6281255728707, 6.138747540716415], [-75.62812736796717, 6.13874061136951], [-75.62812788725871, 6.138738938127826], [-75.62812840703356, 6.138737363425591], [-75.62813036167016, 6.138732575901071], [-75.62813238927433, 6.138727932666595], [-75.62813296283169, 6.138726458050021], [-75.62813353594125, 6.138724892126275], [-75.6281356491503, 6.138718549755199], [-75.62813628829863, 6.138708532417307], [-75.62813593422544, 6.138704664808998], [-75.6281353438178, 6.138700309268978], [-75.62813130450714, 6.138680606288432], [-75.62812697657017, 6.138661355848283], [-75.62812620598406, 6.13865728054585], [-75.62812562688583, 6.1386537575832385], [-75.62812519227569, 6.1386472812728625], [-75.6281250800961, 6.138645587628199], [-75.6281255184293, 6.138641219801566], [-75.62812555082736, 6.1386400904798855], [-75.62812554816804, 6.138638995684455], [-75.62812524844966, 6.138635344781821], [-75.628124751174, 6.138631929903597], [-75.62812462191776, 6.138630990323237], [-75.62812450164947, 6.138630041658186], [-75.62812411275667, 6.1386266253434485], [-75.62812375083215, 6.138623182678649], [-75.62812364858407, 6.13862222488453], [-75.62812354628723, 6.138621257146082], [-75.62812316585482, 6.138617724166882], [-75.62812260424494, 6.138614083591409], [-75.62812239320614, 6.138613044062923], [-75.62812215503064, 6.138611996531275], [-75.62812107010518, 6.13860810358376], [-75.6281192038205, 6.138599964520594], [-75.62811847918204, 6.138596233436641], [-75.62811765388717, 6.13859186910586], [-75.62811007918098, 6.138549126518878], [-75.62810918974604, 6.138544391841294], [-75.62810838336283, 6.1385402000916836], [-75.62810608524116, 6.138529649327587], [-75.62810466874342, 6.138523713944399], [-75.62810440326167, 6.138522439629503], [-75.62810419191712, 6.138521337722793], [-75.62810413968599, 6.138520817244719], [-75.62810392227773, 6.138518663049796], [-75.62810318558275, 6.138516893820565], [-75.62810268700221, 6.138516343893427], [-75.62810206278003, 6.138515775598415], [-75.62809873221707, 6.138513507418087], [-75.62809416468396, 6.138511153101208], [-75.62809275433939, 6.13851052448043], [-75.62809128979677, 6.138509895221854], [-75.62808546669935, 6.138507715227052], [-75.6280798521023, 6.13850568880098], [-75.62807852263263, 6.138505159228695], [-75.62807728448202, 6.138504648192885], [-75.62807360332428, 6.138502905181555], [-75.6280707180471, 6.1385011862859065], [-75.62806997495807, 6.138500691803119], [-75.62806925164695, 6.138500178238048], [-75.62806687942825, 6.138498277819313], [-75.62806421780655, 6.138495934932132], [-75.62806331252443, 6.1384951519490825], [-75.62806234379032, 6.138494323171008], [-75.62805824215604, 6.138490827457728], [-75.6280540680751, 6.138486925276296], [-75.62805305285411, 6.138485826414649], [-75.62805209267678, 6.138484716433933], [-75.62804911824443, 6.138480657382067], [-75.62804780853128, 6.138471079043027], [-75.62804789440193, 6.138466486934417], [-75.62804817671484, 6.1384610630357646], [-75.62805081842072, 6.138434479027255], [-75.62805508490952, 6.1384045465599355], [-75.62805638111708, 6.138397004003836], [-75.62805774219082, 6.1383897956288145], [-75.62806310324174, 6.138366458277756], [-75.62806812759638, 6.1383486906451425], [-75.6280692727897, 6.138344981112923], [-75.62807031040494, 6.1383418055006596], [-75.62807317146921, 6.138334719036519], [-75.62807427672628, 6.138329680742162], [-75.62807419881563, 6.138327791653527], [-75.6280739491311, 6.138325686435933], [-75.62807170017072, 6.138316318835199], [-75.62806937792156, 6.138306373000348], [-75.62806909941136, 6.1383039153435695], [-75.62806896603811, 6.138301583541247], [-75.62806980248237, 6.138294223150487], [-75.62807517057193, 6.138276373368802], [-75.628077907794, 6.138267425163405], [-75.62808117397744, 6.1382567494258105], [-75.62809749319857, 6.138203748690004], [-75.62811891476338, 6.1381472269156845], [-75.62812539829179, 6.138134335811615], [-75.62813212883766, 6.13812263774846], [-75.62815843393514, 6.138090363102461], [-75.62818224973691, 6.138068599455395], [-75.62818740135423, 6.138063522298303], [-75.62819193900594, 6.13805886311777], [-75.62820310896751, 6.138045497868905], [-75.62821036626283, 6.138034937229315], [-75.62821242684927, 6.138032046792984], [-75.62821451372677, 6.1380291761166506], [-75.62822224225098, 6.138018929580764], [-75.62822978299833, 6.138009624182669], [-75.62823175443022, 6.138007340803999], [-75.62823367142587, 6.138005192396686], [-75.62823676920601, 6.13800198767884], [-75.62824015456441, 6.137998485018765], [-75.62824558404596, 6.1379926027932825], [-75.62824682614438, 6.137990972107745], [-75.62824796793593, 6.137989331970394], [-75.62825115708397, 6.137983392946868], [-75.62825405223971, 6.137975891355628], [-75.62825501126787, 6.137973267602213], [-75.62825603146153, 6.137970407590451], [-75.62826027780001, 6.137958101551193], [-75.62826582354297, 6.137942773207122], [-75.62826766084754, 6.137938004341186], [-75.62826963347526, 6.137933017837721], [-75.62827785836126, 6.137913107247457], [-75.62828937658641, 6.137886217460966], [-75.62829342222705, 6.137876822555053], [-75.62829783588262, 6.1378665868799365], [-75.62831689096299, 6.137822599681295], [-75.62833737563851, 6.1377791153461185], [-75.6283426932204, 6.137769202497875], [-75.62834785996039, 6.1377602107167455], [-75.62836523691023, 6.137735401305569], [-75.62837855917111, 6.137720167655], [-75.62838117850671, 6.137717203957783], [-75.62838332088504, 6.137714784131505], [-75.62838716521243, 6.137710569535214], [-75.62838986996029, 6.137708998564206], [-75.62839129515248, 6.137708234870272], [-75.62839300871629, 6.137707335055742], [-75.62840162110362, 6.137702899047822], [-75.62841085717538, 6.1376989219469555], [-75.6284129686339, 6.137698301338147], [-75.628414882398, 6.13769788872872], [-75.62842015690059, 6.137698162962193], [-75.6284240268147, 6.13769953438397], [-75.6284250569718, 6.13769981138765], [-75.62842605990356, 6.137700062307515], [-75.62842951205728, 6.137700603148737], [-75.62843321621978, 6.137701144559965], [-75.62843437265111, 6.13770138478114], [-75.62843559253434, 6.137701670797285], [-75.62844050121105, 6.137703047964379], [-75.62844555310603, 6.1377043439670835], [-75.62844687207809, 6.137704575253221], [-75.62844814652607, 6.137704752514917], [-75.62845244509282, 6.137704939329186], [-75.62845675402713, 6.137704845836032], [-75.62845803575735, 6.137704850387786], [-75.62845935456858, 6.1377048647019485], [-75.62846445782499, 6.137705030385844], [-75.62847012930779, 6.137705213167243], [-75.62847181853458, 6.137705244646704], [-75.62847355292263, 6.137705275904289], [-75.62848023613202, 6.137705292793705], [-75.62849023532965, 6.1377058963954285], [-75.6284940661375, 6.137706292535529], [-75.62849835717483, 6.137706785860378], [-75.6285176922396, 6.137709395795809], [-75.62853689049481, 6.137711736090777], [-75.62854109131472, 6.137712067128954], [-75.62854482084032, 6.137712254929997], [-75.62855426641514, 6.137711767346276], [-75.62856096396968, 6.137710473287372], [-75.62856295942724, 6.137710142544882], [-75.62856500825934, 6.137709828717183], [-75.62857292655141, 6.1377088107251785], [-75.62858153041613, 6.137708162738702], [-75.62858402299025, 6.137708083592677], [-75.62858656089855, 6.137708039481983], [-75.6285960984872, 6.137708264743255], [-75.62860407450223, 6.137708702896504], [-75.62860562855539, 6.1377087983233665], [-75.62860688359217, 6.137708885274717], [-75.62860906144726, 6.137709095163646], [-75.62861006441888, 6.137709354219422], [-75.62861058883053, 6.137709461937398], [-75.6286112208546, 6.137709595344203], [-75.6286143654072, 6.137710219060137], [-75.62861852224621, 6.137710975218647], [-75.62861977794803, 6.1377111977746415], [-75.62862107971436, 6.137711420104311], [-75.62862619343265, 6.13771224569383], [-75.62863729589182, 6.137706852713566], [-75.62864237841359, 6.137703159095727], [-75.62864833508269, 6.137698504695091], [-75.62867709131613, 6.137673735201997], [-75.62870768299484, 6.137646581743654], [-75.62871480019051, 6.137640424529305], [-75.62872132231956, 6.137634855160845], [-75.62873998294526, 6.137619660369714], [-75.62875287685765, 6.137609543950952], [-75.62875576019285, 6.13760718467128], [-75.62875836441944, 6.137605008477572], [-75.6287652733755, 6.137598751032248], [-75.62876962213427, 6.137594254604069], [-75.62877060418059, 6.1375931938452855], [-75.6287714764369, 6.137592215894751], [-75.62877381706723, 6.137589334026853], [-75.62877548120039, 6.137587195902031], [-75.6287759311933, 6.137586679285029], [-75.62877638131921, 6.137586189788959], [-75.62877794838677, 6.137584703059084], [-75.6287793451229, 6.137583478437353], [-75.62877967867199, 6.13758316128409], [-75.6287799842211, 6.1375828442684], [-75.62878091108196, 6.137581765699715], [-75.62878169426922, 6.137580859606971], [-75.62878191905571, 6.13758065057038], [-75.62878213576195, 6.137580451518069], [-75.62879687213629, 6.137570302541013], [-75.62880538159101, 6.1375644024691045], [-75.62881589120104, 6.137557103944595], [-75.62885928235629, 6.1375269186857855], [-75.62887062816517, 6.137519025705773], [-75.6289259064344, 6.13748081823749], [-75.6289367678593, 6.137473428482109], [-75.62894570043957, 6.1374674277884695], [-75.62896189195939, 6.137457283412256], [-75.6289671528351, 6.137455885210691], [-75.62896919179512, 6.137455400564485], [-75.62897147621052, 6.137454869509588], [-75.62898186409784, 6.137452588170011], [-75.62899194524773, 6.137450381565713], [-75.6289940492354, 6.137449895695859], [-75.6289958536185, 6.137449465541306], [-75.62899988751396, 6.1374483599530745], [-75.62900388590562, 6.1374473820107145], [-75.6290056635866, 6.137447032448007], [-75.62900774006644, 6.137446647063132], [-75.62901764232383, 6.1374449828649915], [-75.62902735601996, 6.137443362987739], [-75.629029305318, 6.137443013485764], [-75.6290309296325, 6.137442701742738], [-75.62903411613279, 6.13744193391354], [-75.62903556798766, 6.137441450343867], [-75.62903609218917, 6.137441331145319], [-75.6290366696366, 6.137441202644626], [-75.629039206588, 6.137440779738964], [-75.62904221091483, 6.137439885333447], [-75.62904307683853, 6.137439457981953], [-75.62904396051631, 6.137438967259526], [-75.629047295244, 6.137436561462623], [-75.6290505568477, 6.137433795308015], [-75.62905139425567, 6.137433078799779], [-75.62905219557899, 6.137432371509379], [-75.62905488097236, 6.137429986080096], [-75.6290570340512, 6.137428091454853], [-75.62905750178138, 6.137427692277468], [-75.6290579345962, 6.137427356555323], [-75.62905903376193, 6.137426602598789], [-75.62906177926985, 6.137423214279745], [-75.62906324535253, 6.137421211831728], [-75.62906500818985, 6.1374187568032825], [-75.62907393040581, 6.1374060399525945], [-75.62908315864638, 6.137392734868059], [-75.62909085678734, 6.137381639574183], [-75.62909297040711, 6.13737851382319], [-75.62909347335584, 6.137377744715225], [-75.62909394125172, 6.137377011037558], [-75.62909531649602, 6.137374719739083], [-75.62909693526059, 6.137372355823847], [-75.6290975465918, 6.137371585279285], [-75.62909823989916, 6.137370770033329], [-75.62910131874523, 6.137367390020964], [-75.62910446200978, 6.137364252882197], [-75.62910518226445, 6.137363591192759], [-75.62910584059128, 6.137363010268315], [-75.6291076875117, 6.137361676755978], [-75.62910914874165, 6.137360894802805], [-75.62910999646762, 6.137360440419115], [-75.62911155584305, 6.137359595604035], [-75.62911308862144, 6.137358668650882], [-75.62911348467001, 6.137358387352536], [-75.62911387254523, 6.137358097053842], [-75.6291151794452, 6.137356972319014], [-75.62911766997333, 6.137350031422209], [-75.62911880497852, 6.137346087792053], [-75.62911980343104, 6.137342479332343], [-75.62912013709708, 6.137341265358275], [-75.62912654973663, 6.137316506202184], [-75.62913515447248, 6.137290809620973], [-75.62913787555078, 6.137285387303794], [-75.62914073393787, 6.137280704730978], [-75.62914438343037, 6.137277283040417], [-75.62915225426296, 6.1372699061705], [-75.62916258749209, 6.137264216819698], [-75.6291646866985, 6.1372627564043984], [-75.62916647093682, 6.137261349971818], [-75.62917016111771, 6.137256647942856], [-75.6291715247624, 6.137250334571678], [-75.62917183347878, 6.137247901153384], [-75.62917210551055, 6.137245170482046], [-75.6291727210307, 6.1372349417192344], [-75.62917284624899, 6.137232848222311], [-75.62917349921207, 6.137218283439524], [-75.62917371374587, 6.137214142728765], [-75.62917395425148, 6.13720995668777], [-75.62917476642198, 6.13719728149656], [-75.62917494764362, 6.137194451825673], [-75.62917522360023, 6.137170975841417], [-75.62917500680732, 6.1371617655153345], [-75.62917466050386, 6.137151379653259], [-75.6291723563822, 6.137104064728377], [-75.62916911657649, 6.137058054428406], [-75.62916817633057, 6.137048485131914], [-75.62916760562099, 6.137043541864656], [-75.6291672319815, 6.137040289111397], [-75.62916439001576, 6.137025852699672], [-75.62916366555477, 6.137022157780378], [-75.629158918744, 6.137010872310759], [-75.62915720977225, 6.137006998706204], [-75.62915534655941, 6.137002800400598], [-75.62914720297825, 6.136984953734404], [-75.62913803410396, 6.136962480644304], [-75.62913552074451, 6.13695537448368], [-75.62913301540958, 6.136947878636914], [-75.62912402338112, 6.136917631632988], [-75.62911652695753, 6.136889559662904], [-75.629114956027, 6.136883444233286], [-75.62911360357099, 6.136878042835813], [-75.62911054845054, 6.136864528699661], [-75.62910762632107, 6.136847190671547], [-75.62910635695408, 6.136839393126345], [-75.629104895094, 6.136830285650635], [-75.62909794958995, 6.1367865464529405], [-75.6290905386852, 6.136740918263169], [-75.62908877471652, 6.136730618922024], [-75.6290871312776, 6.13672132158302], [-75.629082272344, 6.136696197424188], [-75.62907855329429, 6.136671991606464], [-75.6290776425558, 6.136663281013759], [-75.62907678441535, 6.136653692327512], [-75.62907411586922, 6.136611811639652], [-75.62907104007714, 6.136569217846742], [-75.62906992686273, 6.1365591874277365], [-75.629068699046, 6.136549916071922], [-75.62906331900258, 6.1365227775305575], [-75.62905817358704, 6.136501856814292], [-75.62905709327472, 6.136496509226136], [-75.62905616563053, 6.136491349834916], [-75.62905404799142, 6.1364743170383145], [-75.62905346989142, 6.136467313470472], [-75.6290528505987, 6.136459830053051], [-75.62905249717608, 6.136456278862476], [-75.62905213479337, 6.136452926607517], [-75.6290507594084, 6.136442480707938], [-75.62905406697061, 6.136427537644916], [-75.62905665873278, 6.1364213475200815], [-75.62905997957154, 6.136414268745855], [-75.62907803730076, 6.136381313196175], [-75.6290973343866, 6.136348931959713], [-75.62910143292407, 6.136342222738593], [-75.6291049924519, 6.1363364807897165], [-75.62911339145096, 6.13632390122033], [-75.62911766535923, 6.136318510150411], [-75.62911863766173, 6.136317304791672], [-75.62911951033162, 6.136316227393858], [-75.62912189548071, 6.1363133995519], [-75.6291240361833, 6.136310455384052], [-75.62912476492598, 6.136309314505604], [-75.62912554715265, 6.136308028715983], [-75.62912883526994, 6.136302197695332], [-75.6291420698927, 6.136287705802934], [-75.62914913093744, 6.136280969370443], [-75.62915765121444, 6.136273044172039], [-75.62920068278949, 6.136234574157295], [-75.62924649940598, 6.136194332980437], [-75.62925678731868, 6.136185300673266], [-75.62926603823601, 6.136177174801274], [-75.62929076631171, 6.136155434701935], [-75.62930548638684, 6.136142339504104], [-75.62930842240348, 6.136139673493083], [-75.6293108727152, 6.136137424828507], [-75.62931560079076, 6.1361327375920025], [-75.6293168596895, 6.136131034500345], [-75.62931712066946, 6.136130654420127], [-75.62931733670554, 6.136130318859288], [-75.6293178121533, 6.136129467618062], [-75.62931821675068, 6.136128535360216], [-75.62931839553741, 6.136128155683827], [-75.62931861203334, 6.136127729715485], [-75.62931961746993, 6.136125729531819], [-75.62932485939936, 6.136114577603671], [-75.62932773106807, 6.1361083680231605], [-75.62933123110457, 6.1361008101253205], [-75.62934902016146, 6.136062250772534], [-75.62936662639979, 6.136023249332714], [-75.62937000854551, 6.136015411758034], [-75.62937274485189, 6.136008859302854], [-75.62937721278588, 6.13599588318385], [-75.62937729105674, 6.135991399603303], [-75.62937724180524, 6.135990197455541], [-75.62937717552556, 6.135989022513037], [-75.62937669384566, 6.135984919577532], [-75.62937621836073, 6.135976370481729], [-75.62937614280835, 6.135972383981716], [-75.6293760927496, 6.135967702140117], [-75.62937615368244, 6.135944949553233], [-75.6293751765224, 6.135922326825845], [-75.62937446745772, 6.135917718738086], [-75.62937358038795, 6.135913833862791], [-75.62936882516743, 6.135905803022494], [-75.62936340082581, 6.135900756130418], [-75.62936209390342, 6.135898744706362], [-75.62936086792838, 6.135896478845871], [-75.62935714445973, 6.135886104152587], [-75.62935347624479, 6.13587005173835], [-75.62935228596311, 6.13586419751826], [-75.62935099273588, 6.13585761152144], [-75.62934581774304, 6.1358293690340755], [-75.62934088005444, 6.135802364836447], [-75.62933978955458, 6.135796781341705], [-75.6293388096295, 6.135792011854985], [-75.62933626844001, 6.1357816232160864], [-75.62933488212174, 6.13577668305188], [-75.62933464347655, 6.135775355267201], [-75.62933446724234, 6.135774045256956], [-75.62933433710388, 6.135769426188219], [-75.62933488382546, 6.135765058736928], [-75.62933512473012, 6.135763900366227], [-75.62933541088896, 6.135762760758299], [-75.62933678971945, 6.1357588068911735], [-75.62933723637101, 6.135744532420569], [-75.6293369251878, 6.135736885665526], [-75.6293364381582, 6.135727639601554], [-75.62933311437544, 6.135680888392693], [-75.62932971984463, 6.135634444908914], [-75.62932917869928, 6.135625398906251], [-75.62932881456501, 6.135618005545937], [-75.62932894785308, 6.135605032642179], [-75.62933040498203, 6.135602678563427], [-75.62933088109465, 6.135601962926992], [-75.62933138421525, 6.135601229076818], [-75.62933345391531, 6.13559835758277], [-75.62933560413951, 6.135595513718754], [-75.6293361614977, 6.135594788642652], [-75.62933669279992, 6.135594091720187], [-75.62933701682348, 6.135593674264194], [-75.62933849255559, 6.1355917983378045], [-75.62933982390972, 6.1355899511463265], [-75.62934007473245, 6.135589525913495], [-75.62934028151456, 6.135589145195572], [-75.62934057710467, 6.135588086906081], [-75.62934135128354, 6.135584423498317], [-75.62934186075827, 6.135582406766491], [-75.62934249450721, 6.135579945534371], [-75.62934584555956, 6.135567425121783], [-75.62935359980897, 6.1355441989853725], [-75.62935701315148, 6.135534987098862], [-75.62936097517981, 6.135524571031103], [-75.62937475548283, 6.135489847385107], [-75.62937988489486, 6.135476933109832], [-75.6294002079069, 6.135428133771087], [-75.62940507052076, 6.135416991845475], [-75.62940959401256, 6.135406872261095], [-75.62942318604696, 6.135378883827665], [-75.62943384640555, 6.135352051615323], [-75.62943652908857, 6.135342668836804], [-75.6294390910976, 6.135332438649991], [-75.62944736299957, 6.135288419479119], [-75.62944993408831, 6.135271752394776], [-75.6294537021701, 6.13524738956031], [-75.62945504138965, 6.135239042193719], [-75.62945621267158, 6.13523199748761], [-75.62945894325445, 6.135217463183518], [-75.62946035919177, 6.135207262132681], [-75.62946069848324, 6.135202958984569], [-75.62946101836468, 6.1351980131505615], [-75.62946182866368, 6.1351783234290185], [-75.629461972196, 6.135174806864139], [-75.62946203287902, 6.135124004246002], [-75.62946178691696, 6.135101659991346], [-75.62946175274247, 6.13509911163554], [-75.62946143303353, 6.13507572717886], [-75.62946086932436, 6.135044765249596], [-75.62945918782032, 6.134952183175818], [-75.62945879812321, 6.134930182262927], [-75.62945753333487, 6.134857925759712], [-75.62945709986933, 6.134833077296646], [-75.62945683465259, 6.134809936666079], [-75.62945671681511, 6.134791063342911], [-75.62945741681013, 6.134758456158385], [-75.62945943334556, 6.13475321630932], [-75.62946013358813, 6.1347516054643], [-75.62946089670142, 6.134749921986268], [-75.62946416447558, 6.134743259340568], [-75.62948463876748, 6.13471205032076], [-75.62949624801374, 6.134694895853252], [-75.62951043957322, 6.134674046495201], [-75.62958312366855, 6.13456800210623], [-75.62965562915075, 6.134462746026117], [-75.62966970394868, 6.134442401703657], [-75.62968117172889, 6.134425871727966], [-75.62970087804517, 6.134397937343699], [-75.62970351573696, 6.1343950368431415], [-75.62970421748044, 6.13439428484055], [-75.62970490219573, 6.134393560043182], [-75.6297072793072, 6.134391120985309], [-75.62970958403258, 6.134388656065529], [-75.62971024155819, 6.134387912416632], [-75.62971088992306, 6.1343871425952345], [-75.62971328316932, 6.134384125768723], [-75.6297238466703, 6.134376962600296], [-75.62972965324965, 6.134373574617151], [-75.62973670425734, 6.134369585654269], [-75.62977259196603, 6.1343500915652545], [-75.62980913139312, 6.1343306964311335], [-75.6298165972472, 6.134326760576864], [-75.6298229191032, 6.134323460466987], [-75.62983615733565, 6.134316714486168], [-75.62984129848745, 6.134314485150055], [-75.62984250750053, 6.1343140298966095], [-75.62984362649763, 6.1343136374649765], [-75.62984688393324, 6.1343127879260155], [-75.62984950251293, 6.1343124369461535], [-75.62985091083823, 6.134312288091252], [-75.62985341180557, 6.134312082337519], [-75.6298686556407, 6.134311866416229], [-75.62987738954021, 6.134311777401927], [-75.62988808168446, 6.1343116923277785], [-75.62994300847011, 6.134311288680955], [-75.62999756502226, 6.134310904928496], [-75.63000802327171, 6.134310829137574], [-75.63001646737001, 6.134310768666358], [-75.63003017702027, 6.134310638930548], [-75.6300310058622, 6.134310202721527], [-75.63003133971492, 6.134309947946717], [-75.63003170848724, 6.134309630620776], [-75.63003339315628, 6.134307998666476], [-75.63004565160517, 6.134302774494725], [-75.63005267967391, 6.134300186922328], [-75.63006129597844, 6.134297116015359], [-75.63010088874924, 6.134283514399614], [-75.630105531707, 6.134281918537536], [-75.63015215067628, 6.13426295481999], [-75.63016225923464, 6.134257510676174], [-75.63017115698341, 6.134251971227511], [-75.63019317761197, 6.134231269635419], [-75.63020713064795, 6.134209309463301], [-75.63021093299855, 6.134202988635466], [-75.63021470767612, 6.134196550416876], [-75.63022812177104, 6.134172440345423], [-75.63022887257904, 6.134171010966655], [-75.63023893559948, 6.1341518625240115], [-75.63024106371623, 6.134147643706443], [-75.63024282384251, 6.134144085750753], [-75.6302460712718, 6.1341365923821325], [-75.63024547055088, 6.134131974724623], [-75.63024479803511, 6.134130214223734], [-75.6302439068639, 6.134128255001706], [-75.63023889580117, 6.1341194379954125], [-75.63023345260832, 6.134110911504723], [-75.6302322913585, 6.134109134419988], [-75.6302312848529, 6.134107600668956], [-75.63022891772002, 6.134104154300929], [-75.63022747655684, 6.134102395768451], [-75.6302266247182, 6.134101457931712], [-75.63022498546779, 6.134099826939743], [-75.63022206997833, 6.134097467224065], [-75.63022083069903, 6.134096539427374], [-75.63021940925215, 6.134095485958447], [-75.6302127217033, 6.134090705643764], [-75.63020234228779, 6.134083648984183], [-75.63019858711914, 6.1340811731549305], [-75.63019445144616, 6.134078464141612], [-75.63017634652668, 6.134066784146442], [-75.63015741817532, 6.1340533281176794], [-75.63015152295733, 6.134049138775154], [-75.63014315068376, 6.134042663502433], [-75.63013413469909, 6.134035512449093], [-75.63009614770324, 6.134003948774337], [-75.63006124482952, 6.133973767607498], [-75.6300541642497, 6.1339674884941635], [-75.63004820624745, 6.133962099781169], [-75.63003603329669, 6.133950130268516], [-75.63002507312906, 6.133932580412464], [-75.63001988098536, 6.133923673886171], [-75.63001376346617, 6.133913016236827], [-75.62998386041312, 6.133859888257951], [-75.62995336816527, 6.133802648828264], [-75.62994687211891, 6.133789397502963], [-75.62994122875281, 6.133777255780834], [-75.629927862518, 6.133742791172225], [-75.62991895039588, 6.133712427159811], [-75.62991611442088, 6.133702888876673], [-75.62991310525987, 6.1336928460790805], [-75.6299009312522, 6.1336524757673265], [-75.62989024678377, 6.133614703615694], [-75.62988819041786, 6.133606293375555], [-75.62988652507086, 6.133598787074849], [-75.62988378556324, 6.1335790804428125], [-75.62988454945203, 6.133546608562182], [-75.62988510001009, 6.133531049832693], [-75.62988579643469, 6.133512634486023], [-75.62988953608155, 6.133422419739239], [-75.62989365296731, 6.133331218626947], [-75.62989458302296, 6.133312187377324], [-75.62989541975719, 6.133295860606058], [-75.62989770835728, 6.133259343739417], [-75.62990884223244, 6.133230719194662], [-75.6299152573646, 6.133219365334851], [-75.62992312208934, 6.1332065162849085], [-75.62996357530047, 6.1331477241536865], [-75.63000408226384, 6.133092159224853], [-75.63001198043801, 6.133081343224003], [-75.63001844857449, 6.1330725105053805], [-75.63002981903657, 6.133057138203112], [-75.63003971511925, 6.1330499954964095], [-75.63004524951813, 6.1330463638554695], [-75.63005199249618, 6.133042004844333], [-75.63008645643907, 6.133020264871946], [-75.63012565326571, 6.132992797985689], [-75.63013539352698, 6.1329848243158525], [-75.63014463531341, 6.132976689461168], [-75.63017399811648, 6.13294599640446], [-75.63019509914814, 6.132921965207986], [-75.6301966907904, 6.132920151093649], [-75.63020173310234, 6.132915082618698], [-75.63020624600198, 6.132910911755779], [-75.63021804602104, 6.132903383609579], [-75.6302255101585, 6.132901680775733], [-75.63022728802149, 6.132901187470478], [-75.63022893035775, 6.132900685790447], [-75.63023380212178, 6.132898782334847], [-75.63023838080716, 6.1328956860663375], [-75.63023983069186, 6.13289443496861], [-75.63024137091483, 6.132893002616718], [-75.63024760160583, 6.132886403168371], [-75.63025306157745, 6.1328788302259465], [-75.63025411285125, 6.132876784616625], [-75.63025496468717, 6.1328747752450115], [-75.63025636250026, 6.132867694172471], [-75.6302565509004, 6.132860986086044], [-75.63025663519882, 6.132859204689722], [-75.63025673864652, 6.1328574602654635], [-75.6302572093809, 6.13285141165405], [-75.63025757160302, 6.13284570621136], [-75.63025760290539, 6.132844169169389], [-75.63025759008757, 6.1328426603697626], [-75.63025729526271, 6.132837427357627], [-75.63025682713175, 6.132825586577536], [-75.63025671113711, 6.132819982929704], [-75.63025660191948, 6.132813366710453], [-75.63025625554454, 6.132781042228638], [-75.63025544469608, 6.1327472012212185], [-75.6302550526295, 6.132739636232842], [-75.63025458127932, 6.132732849118539], [-75.63025224400138, 6.132714858214489], [-75.63024924612957, 6.1327025109350926], [-75.63024836049885, 6.13269928601212], [-75.63024744821496, 6.132696151625256], [-75.63024393218211, 6.1326855227815384], [-75.63023846450484, 6.132671997901724], [-75.63023631935644, 6.132667032537356], [-75.63023390066797, 6.132661543262471], [-75.63022290236748, 6.132637313549131], [-75.63021091958878, 6.132609778032821], [-75.63020789092198, 6.132602202489832], [-75.63020498793969, 6.132594654355034], [-75.63019551739394, 6.132567554003119], [-75.63018850971477, 6.132545189633882], [-75.63012231338959, 6.132550559394189], [-75.6300506672863, 6.132545133507678], [-75.62997939887967, 6.132539737397669], [-75.62991693999169, 6.132539918502218], [-75.62986460805371, 6.132540069751611], [-75.62983317424244, 6.132646327315112], [-75.62982085092281, 6.132672213898745], [-75.62978853350577, 6.132740102405346], [-75.62973222297921, 6.132858393042505], [-75.62970612884843, 6.132913198281285], [-75.62970528311892, 6.132914979801751], [-75.629584571742, 6.1330642404392695], [-75.62955264063947, 6.133092284563694], [-75.62953235543208, 6.13311010090304], [-75.62932404227149, 6.13329305003642], [-75.62927614932119, 6.133341040002775], [-75.62922921361832, 6.13338807239604], [-75.6291769237872, 6.133422080177664], [-75.62911215621729, 6.133447534513134], [-75.62901013362723, 6.133482573933966], [-75.62896465438148, 6.133498192373], [-75.6288331276752, 6.133530333604012], [-75.6288162437525, 6.133534457623803], [-75.62876524557552, 6.133546919074629], [-75.62874074292696, 6.133552907592121], [-75.62860224476125, 6.133553308255521], [-75.62852654428305, 6.1335700966243705], [-75.62838649163652, 6.133570502153532], [-75.62831989175191, 6.133558632532973], [-75.62820392280786, 6.13353796743899], [-75.6280964548459, 6.133486085208575], [-75.62804463734733, 6.13347641758113], [-75.62795822707578, 6.133546291125985], [-75.6279190611706, 6.133589512705711], [-75.62788075140722, 6.133631787154938], [-75.62787486699287, 6.133638280021572], [-75.62754023424948, 6.134007555034705], [-75.62752884812582, 6.134020120312001], [-75.6269122624567, 6.133662325551542], [-75.62687564456549, 6.133633643291407], [-75.62679531234593, 6.1335708115021665], [-75.62672524022345, 6.133507643673069], [-75.62666503142128, 6.133445379406769], [-75.62658793112081, 6.133364486780166], [-75.6265218151017, 6.133287640134311], [-75.62647113505562, 6.13322195605291], [-75.62643285127949, 6.133165531051365], [-75.62639258693827, 6.133118008040227], [-75.62634821327086, 6.133055996006741], [-75.626317779079, 6.133012380003955], [-75.6263017420368, 6.132972532899286], [-75.62629288734925, 6.132950535478043], [-75.62626461736689, 6.13287703978811], [-75.62625452537635, 6.1328633711615685], [-75.6259829525686, 6.132495476236006], [-75.62593392018643, 6.132398606722458], [-75.62586195259038, 6.132298750563589], [-75.625820156719, 6.1322407569711075], [-75.625789019223, 6.132197553885077], [-75.62568740538947, 6.132094526971168], [-75.62559802521783, 6.132040805975889], [-75.62557266094238, 6.132026513367013], [-75.62549637789323, 6.131983523455432], [-75.62506227157567, 6.131738889615855], [-75.62497389246903, 6.131689082638454], [-75.62449320799668, 6.131415959990869], [-75.62449256853392, 6.131415596981817], [-75.62438014508608, 6.131351717622159], [-75.62420591012031, 6.1312527183630365], [-75.62411593652709, 6.131177160615816], [-75.62409981614177, 6.1311636227017745], [-75.62392448005077, 6.131016381917286], [-75.62383341274153, 6.130939907308914], [-75.62376715355731, 6.130884621569675], [-75.62358521684872, 6.130739984066063], [-75.6232057035866, 6.1305348554050445], [-75.62254641111534, 6.130302874243355], [-75.62250973254292, 6.130289968489418], [-75.62248647106303, 6.130283979081188], [-75.62226989269021, 6.130228215720022], [-75.62200620825536, 6.130046856963821], [-75.6217961199245, 6.129730439745313], [-75.6217957970743, 6.129618312820625], [-75.62179571248117, 6.1295887930289155], [-75.62174670546217, 6.129472670651222], [-75.62172570600386, 6.12942291551991], [-75.6217238436542, 6.129418503789794], [-75.62172149975373, 6.129416470280779], [-75.62168653263114, 6.129386131245348], [-75.62166669382799, 6.129368917423509], [-75.62165554488416, 6.129359245220019], [-75.62163596315693, 6.129379867682466], [-75.62163186995913, 6.129384177468225], [-75.62161471718055, 6.129402240408779], [-75.62158282352439, 6.129435830356813], [-75.62136636667954, 6.129663784657812], [-75.62124576334045, 6.12979079468909], [-75.62117030286895, 6.1298702617983105], [-75.62100856971315, 6.130040586713039], [-75.62066910857864, 6.130398079643095], [-75.62064423128352, 6.130405427496063], [-75.6206501961444, 6.1304494178397215], [-75.62068569543007, 6.1305707695454394], [-75.62070294042434, 6.130588220294946], [-75.62075767022571, 6.130619790751573], [-75.62082866144499, 6.13064034071552], [-75.6208357604535, 6.130650047212208], [-75.62080676705092, 6.130761875579633], [-75.62077832884783, 6.130853671813432], [-75.6207752872447, 6.1309737963167805], [-75.6207664233572, 6.13110076320027], [-75.62074304389614, 6.131142565555339], [-75.62068434805036, 6.1311984984824335], [-75.62059850722778, 6.131268150425411], [-75.62051487744029, 6.131353136136414], [-75.62050450244602, 6.131369337912176], [-75.6204642424344, 6.131454635771958], [-75.62046391038804, 6.13145544652935], [-75.62046283365036, 6.131457835801039], [-75.62046200880339, 6.131460016810776], [-75.62046187541951, 6.131460632223459], [-75.62046176917201, 6.131461255639901], [-75.62046171174235, 6.131463552230478], [-75.62046293062866, 6.131475842371558], [-75.62046362745903, 6.131482773093698], [-75.62046449162602, 6.131491231760655], [-75.62046891572182, 6.1315345091100655], [-75.62047353000987, 6.131578445491438], [-75.62047451358353, 6.131587310400458], [-75.62047536553627, 6.131594747540459], [-75.62047738596671, 6.131609701636922], [-75.6204785579979, 6.131615357118776], [-75.62047888813088, 6.131616928565861], [-75.62047920837698, 6.131618510005969], [-75.62048036368861, 6.131624255975496], [-75.62048151780763, 6.131630127615035], [-75.62048184752754, 6.131631799414666], [-75.62048217819482, 6.131633480250231], [-75.62048338723771, 6.131639686122787], [-75.62048460690296, 6.131645847644456], [-75.62048495455487, 6.131647492234561], [-75.62048529303769, 6.1316491088437175], [-75.62048652910963, 6.131654745930936], [-75.62048873299265, 6.131667684886288], [-75.62048967295985, 6.131673909252508], [-75.62049076843431, 6.131681273780067], [-75.62049593000793, 6.131717425343131], [-75.62050122802223, 6.131753956846933], [-75.6205024059752, 6.131761564162569], [-75.62050345403347, 6.13176809718782], [-75.6205062148929, 6.131782633601441], [-75.62050789775574, 6.131790240254457], [-75.62050826598497, 6.131792399153267], [-75.62050859641579, 6.131794586262861], [-75.62050945158958, 6.1318026824455565], [-75.62050985458274, 6.131811033977359], [-75.62050990666445, 6.131813375234943], [-75.62050992184658, 6.1318157437948395], [-75.6205097664234, 6.131824421712205], [-75.62050946617573, 6.131833037054127], [-75.62050940079014, 6.131835368941848], [-75.62050933523234, 6.131837665572127], [-75.62050917789084, 6.13184576580528], [-75.62050999304604, 6.131859168105127], [-75.62051054176366, 6.131864807651339], [-75.62051123725287, 6.131871278213481], [-75.62051491903942, 6.131901639286582], [-75.62051875418288, 6.131931775402419], [-75.62051954930756, 6.131938118004604], [-75.62052022454537, 6.131943586064484], [-75.6205216684092, 6.131956073996264], [-75.6205225540373, 6.131962453221955], [-75.62052286538001, 6.131964060923143], [-75.62052321345011, 6.131965606064552], [-75.6205247175324, 6.131970636120244], [-75.62053246892032, 6.131980756194214], [-75.62053675457902, 6.131985516789595], [-75.62054196297404, 6.131991124492935], [-75.62056847651263, 6.132018437453433], [-75.62059528876394, 6.132046066274296], [-75.62060067877606, 6.132051871980708], [-75.62060518150273, 6.132056876512712], [-75.62061410979284, 6.1320682854370805], [-75.62061719038611, 6.132074866374364], [-75.62061800926018, 6.13207682507862], [-75.62061881038336, 6.1320788480579225], [-75.6206215871291, 6.132086650057341], [-75.62062419846455, 6.132093503604497], [-75.62062489817339, 6.13209492045662], [-75.62062558783875, 6.132096130328451], [-75.62062799808321, 6.132098799067567], [-75.62063115506736, 6.132100678525253], [-75.62063230479757, 6.1321013979538845], [-75.62063358861087, 6.132102199899758], [-75.62063924346376, 6.1321058255276855], [-75.62064493142303, 6.132108277525274], [-75.62064624146116, 6.132108346151105], [-75.62064743279535, 6.132108152276757], [-75.62065073885384, 6.132105232260938], [-75.6206541445822, 6.132099048105302], [-75.62065538456571, 6.132096794547056], [-75.62065675797662, 6.132094304376529], [-75.62066279593438, 6.132083349278211], [-75.62067509374103, 6.1320698819042665], [-75.62068041110226, 6.132065807507169], [-75.62068654879413, 6.132061586254216], [-75.62071562750752, 6.132045068732298], [-75.62074859722443, 6.132028332370377], [-75.62075718291285, 6.1320239689523], [-75.62076554246218, 6.132019723264423], [-75.6207937961918, 6.132005359629068], [-75.62081768675144, 6.131993666238026], [-75.62082329690382, 6.131991100185243], [-75.62082846498765, 6.131988825594673], [-75.6208435128996, 6.131983069941231], [-75.62085538738721, 6.13197946520487], [-75.62085856410334, 6.131978542887024], [-75.62086167691155, 6.131977666084857], [-75.62087252447998, 6.131974814934538], [-75.62088213499482, 6.131972228399098], [-75.62088448179824, 6.131971525308769], [-75.62088668318744, 6.1319708238341475], [-75.62089349512249, 6.131968354057809], [-75.62090563186632, 6.1319618559537545], [-75.6209111944518, 6.131958612993288], [-75.62091771330803, 6.131954761441545], [-75.62094920445604, 6.131935632937175], [-75.62098200281652, 6.131915625617588], [-75.6209893417765, 6.131911211343435], [-75.62099592345932, 6.131907278118441], [-75.62101339674885, 6.131897121387484], [-75.62102602357348, 6.1318911009384145], [-75.62102954152938, 6.131889771027501], [-75.62103307825635, 6.131888585674044], [-75.62104594803793, 6.131885520306755], [-75.62106135065662, 6.131880820661698], [-75.62106647388572, 6.131878609573311], [-75.62107197637927, 6.131876008787567], [-75.62109496953641, 6.13186329548307], [-75.6211158663228, 6.131850408914801], [-75.62112004049337, 6.131847694390413], [-75.62112352816736, 6.131845343041285], [-75.62113030496998, 6.131839935245181], [-75.62113380004183, 6.131836879598338], [-75.6211352147751, 6.131836007490049], [-75.62113619131371, 6.131835480164654], [-75.62113682912462, 6.131835135308814], [-75.62114424436304, 6.131831914017274], [-75.62115185641073, 6.131828303017263], [-75.62115357799831, 6.131827195255952], [-75.62115513674111, 6.131826034048153], [-75.6211593955708, 6.131821420586647], [-75.62116851228429, 6.131813529641986], [-75.62117065200117, 6.131812037417406], [-75.62117313649884, 6.131810307546044], [-75.62117866173463, 6.131806630818906], [-75.62120623026759, 6.131789574622715], [-75.62123374553713, 6.131772709442858], [-75.62123924424954, 6.1317691503728335], [-75.62124382306143, 6.131766064107582], [-75.62125269780222, 6.131758932851696], [-75.62125895834104, 6.13175009306433], [-75.62126189072671, 6.131745935412069], [-75.62126533613711, 6.1317410348249695], [-75.6212821191462, 6.13171715876729], [-75.62130062162402, 6.131703573325488], [-75.62130515096457, 6.13170515133895], [-75.62130943427874, 6.1317090621228845], [-75.62132277856254, 6.131742478604575], [-75.62133266575987, 6.131782657185679], [-75.62133476689769, 6.131790831340483], [-75.62133659346696, 6.131797714939948], [-75.62134090536752, 6.131811912862224], [-75.62134353987872, 6.131829793991792], [-75.62134431649844, 6.13183900254397], [-75.62134511568198, 6.131850056168582], [-75.6213481471561, 6.131905368790865], [-75.62135037609791, 6.13195263922272], [-75.62135070477729, 6.131959643161216], [-75.62135107089561, 6.1319674696094495], [-75.62135119552839, 6.131970054605965], [-75.62135159875649, 6.131978451333283], [-75.62135227065531, 6.13199210746039], [-75.6213523822753, 6.13199276868465], [-75.62135254540979, 6.131993435985142], [-75.62135268244575, 6.131993937970739], [-75.62135271020288, 6.131994257871482], [-75.6213526843961, 6.13199452198282], [-75.62135265725111, 6.131994881930873], [-75.62135259231009, 6.131995455421691], [-75.62135249935388, 6.131996210765346], [-75.6213521931505, 6.13199916763062], [-75.62135118918546, 6.132008870377852], [-75.6213503995454, 6.13201659218842], [-75.62134942377232, 6.132026149244288], [-75.62134436559614, 6.132075871894348], [-75.62133933084444, 6.132127800332143], [-75.6213383781325, 6.13213874952496], [-75.62133761039001, 6.132148179898538], [-75.62133644460083, 6.1321698685383375], [-75.6213374130474, 6.132183397549723], [-75.62133800405554, 6.132187707918576], [-75.621338729889, 6.132192252682569], [-75.62134252242389, 6.132210700411337], [-75.62134750744605, 6.132229559977418], [-75.62134899331991, 6.132234374046404], [-75.62135052441437, 6.132239015218876], [-75.62135642946168, 6.132254284785938], [-75.62136201045156, 6.132266823875156], [-75.62136333801746, 6.132269740196644], [-75.62136457320504, 6.132272421011154], [-75.62136826250956, 6.13228009377441], [-75.62137042150854, 6.132286614122161], [-75.62137069840841, 6.132288566436484], [-75.62137082115778, 6.132290580981389], [-75.62137012134028, 6.132298384621547], [-75.62136880453546, 6.132305249253386], [-75.62136854686683, 6.132306678022688], [-75.62136833334768, 6.132307899546529], [-75.62136797081152, 6.132310603551294], [-75.62136857625333, 6.132313800953606], [-75.62136897757222, 6.132315336792072], [-75.6213694796149, 6.13231715239551], [-75.62137213354434, 6.132326066074641], [-75.6213770233512, 6.132336899876722], [-75.62137892865483, 6.132339931801486], [-75.62138107787253, 6.1323429715727755], [-75.62139083651081, 6.132354061797983], [-75.62140033720179, 6.132363381331527], [-75.62140232111577, 6.132365309920281], [-75.6214040236174, 6.13236695058801], [-75.62140784465728, 6.132370528225987], [-75.62140964554145, 6.13237196951926], [-75.62141008957789, 6.132372265684719], [-75.62141049731319, 6.132372526769628], [-75.62141173562847, 6.1323730748952325], [-75.62142010221103, 6.132371378606694], [-75.62142500385248, 6.132370216401753], [-75.62143102314093, 6.132368753098362], [-75.62146208553861, 6.132360961741537], [-75.62149383531478, 6.13235298801469], [-75.6215002884778, 6.13235140505906], [-75.62150572141366, 6.132350096507305], [-75.62151688529336, 6.132347651523888], [-75.62152099352843, 6.132346970545124], [-75.6215219771652, 6.1323467867261225], [-75.62152289757644, 6.132346603216646], [-75.62152567716376, 6.132345926934272], [-75.62152782560686, 6.1323452962324705], [-75.62152835685772, 6.13234514084584], [-75.62152885383037, 6.132344994667622], [-75.62153040518015, 6.132344538659971], [-75.62153235430041, 6.132343783269881], [-75.62153310238827, 6.13234345505066], [-75.62153394139669, 6.13234306400632], [-75.62153771154712, 6.132341218447641], [-75.62154667419946, 6.13233636588471], [-75.62155078631238, 6.132334075663378], [-75.62155560100302, 6.132331386025005], [-75.62157885496885, 6.1323182573610175], [-75.62160550979404, 6.13230368092292], [-75.62161246248513, 6.132300072238847], [-75.62161923451218, 6.132296645250828], [-75.6216421528102, 6.132285804591475], [-75.62166018819542, 6.132276631414811], [-75.6216638844233, 6.132274260959819], [-75.62166702096319, 6.132271956528999], [-75.62167362739993, 6.1322642179945746], [-75.62167895868137, 6.132255785962183], [-75.62168128105148, 6.132253040720843], [-75.62168396383089, 6.1322501138074585], [-75.62169672656178, 6.13223808159526], [-75.62170190719483, 6.132234309815335], [-75.62171321890452, 6.1322260745181145], [-75.6217182592986, 6.132223178552854], [-75.62172349926722, 6.132220458805824], [-75.62174412045466, 6.132212173409781], [-75.62176404063979, 6.1322051643588775], [-75.62176883108322, 6.132203243287484], [-75.6217729314284, 6.132201502790098], [-75.62177331451537, 6.132201340896265], [-75.62178690489299, 6.132194540934665], [-75.62179656127135, 6.132188772778586], [-75.62179857118582, 6.132187519858397], [-75.62180028459444, 6.132186402190478], [-75.6218040600872, 6.132183617288421], [-75.62180749327048, 6.132181021202293], [-75.62180899048477, 6.132180023024439], [-75.62181073009114, 6.132178906132298], [-75.621818960368, 6.132173901654705], [-75.62182849189017, 6.132168830234244], [-75.6218310451307, 6.1321676750042755], [-75.62183355287691, 6.13216663662053], [-75.62184232300477, 6.132163791102035], [-75.62185021768664, 6.132161273522411], [-75.62185217539134, 6.132160426779731], [-75.62185404251328, 6.1321595271411535], [-75.62185997375602, 6.13215575891788], [-75.62186626447051, 6.13215124760712], [-75.62186835600333, 6.132149876759674], [-75.62187060989498, 6.132148459914398], [-75.62187999532955, 6.132142882936248], [-75.62189028288905, 6.132137077334755], [-75.62189310597071, 6.132135505820889], [-75.62189590113644, 6.132133951620781], [-75.62190590938, 6.132128471943454], [-75.621919398887, 6.1321209935264], [-75.62192440267934, 6.13211818633693], [-75.62192995760799, 6.132115041947584], [-75.62195459010908, 6.132101032301486], [-75.6219781578545, 6.132086872370191], [-75.62198303406147, 6.13208364903448], [-75.62198720720984, 6.132080726576124], [-75.62199632405999, 6.132072681930172], [-75.62200119371649, 6.132067009533933], [-75.62200267977246, 6.132065576558658], [-75.62200423754078, 6.132064216460948], [-75.62201034805031, 6.132059796437551], [-75.62201858787992, 6.1320545297349005], [-75.62202147259539, 6.132052632458116], [-75.62202461827277, 6.1320505350108645], [-75.6220381843316, 6.132041348452379], [-75.62205112503793, 6.1320317291998485], [-75.62205388181947, 6.132029344358217], [-75.62205628699887, 6.132027095038687], [-75.62206196438244, 6.13201999118024], [-75.6220657052436, 6.132014186894099], [-75.62206687508369, 6.132012737385942], [-75.62206811757908, 6.132011368887216], [-75.62207309944603, 6.132007033042831], [-75.6220782727857, 6.132003248640192], [-75.62207963351972, 6.132002232145039], [-75.62208095816908, 6.13200122486715], [-75.62208549059578, 6.131997704875329], [-75.62208945559996, 6.131994701166589], [-75.62209042872492, 6.131994030111236], [-75.62209134886473, 6.131993421695312], [-75.6220942248327, 6.1319917676527425], [-75.62209653418239, 6.1319907944278365], [-75.62209709325565, 6.131990602742327], [-75.62209761637682, 6.131990447395153], [-75.62209924998646, 6.131990189876415], [-75.62210070546615, 6.131990447638712], [-75.62210112183573, 6.1319906273155915], [-75.62210154651102, 6.131990843114117], [-75.62210313913849, 6.131991995222005], [-75.62210641560364, 6.131994480706765], [-75.62210790933823, 6.1319955428930815], [-75.62210964683892, 6.131996767520246], [-75.62211803527406, 6.132002501567412], [-75.62212872971322, 6.132009349874909], [-75.62213191393182, 6.132011257214166], [-75.62213520662526, 6.132013182103388], [-75.62214792509185, 6.132020186846288], [-75.6221620312346, 6.132029284919889], [-75.62216619477039, 6.132032527277019], [-75.62217046819507, 6.132036076475623], [-75.62218684987873, 6.132051513506806], [-75.62220120600382, 6.132065926213593], [-75.62220420359638, 6.132068828025351], [-75.62220677528074, 6.132071261812643], [-75.62221255085976, 6.132076117250836], [-75.622217563162, 6.132078932352177], [-75.62221966972685, 6.132080082846959], [-75.62222207692099, 6.1320813873675535], [-75.62223336532212, 6.132087420015456], [-75.62224773717003, 6.132095070292153], [-75.6222503425717, 6.132096456111223], [-75.62225188013772, 6.132097245960914], [-75.62225284812418, 6.132097741164767], [-75.62226033665372, 6.132101570245354], [-75.6222680237151, 6.132105362191307], [-75.62227010411057, 6.132106332906489], [-75.62227216630464, 6.132107275684999], [-75.62227945439713, 6.132110382500639], [-75.62228972287902, 6.132113425902501], [-75.62229367170211, 6.132114318759755], [-75.62229809119592, 6.13211522829737], [-75.62231805087607, 6.132118705200541], [-75.62233877796396, 6.13212192611283], [-75.62234369352646, 6.132122689475625], [-75.62234824653954, 6.132123381385109], [-75.62236170023841, 6.132125394834833], [-75.6223708708987, 6.132126696971726], [-75.62237271382489, 6.13212694560327], [-75.62237426744649, 6.132127139599967], [-75.62237738418763, 6.132127438045159], [-75.62237877577924, 6.132127560510712], [-75.62237924585605, 6.132127640477957], [-75.62237975129106, 6.132127747393782], [-75.62238187481489, 6.132128302030748], [-75.62238704392257, 6.132129380571617], [-75.62238947487454, 6.132129817079633], [-75.62239233963751, 6.132130305706696], [-75.62240627238168, 6.132132570849382], [-75.62242135127293, 6.132134822242333], [-75.62242492959338, 6.132135310086987], [-75.62242825383487, 6.132135743124304], [-75.62243821904796, 6.132136799081452], [-75.62244614139344, 6.132137355154265], [-75.62244832692025, 6.132137474635657], [-75.6224504942987, 6.132137577028802], [-75.62245818124721, 6.132137835011192], [-75.62246632751679, 6.132137820430887], [-75.62246879216691, 6.132137759541877], [-75.62247133887755, 6.132137671129277], [-75.62248130805433, 6.132137135925071], [-75.6224887793108, 6.132137800885085], [-75.62248976439503, 6.132138467775558], [-75.62249028257003, 6.132139333133069], [-75.62248821008161, 6.132144229713002], [-75.62248220353415, 6.132153286142068], [-75.62248023529185, 6.132156780922475], [-75.62247813368771, 6.132160710303551], [-75.6224694147602, 6.132178462583571], [-75.62245963837773, 6.132198666421752], [-75.62245687223701, 6.132204125106257], [-75.62245407060549, 6.132209529721137], [-75.62244370336249, 6.132228596436639], [-75.62243863642233, 6.132237886031536], [-75.62243426058582, 6.1322459074655695], [-75.62243204337, 6.132250207172439], [-75.62242999585085, 6.132254299019106], [-75.62242400947301, 6.132267297040255], [-75.6224193431865, 6.132277985962265], [-75.622418123137, 6.132280620032222], [-75.6224169376502, 6.132283118324291], [-75.62241291400476, 6.13229094004508], [-75.62240958276847, 6.132297575867813], [-75.62240881989406, 6.132299313586043], [-75.62240813899182, 6.132301005699956], [-75.62240626760298, 6.132306760149917], [-75.6224033357779, 6.132314171506111], [-75.62240198886028, 6.132316905643721], [-75.62240040855919, 6.132319938359197], [-75.62239274334574, 6.132333365893021], [-75.62238501749513, 6.132350833956847], [-75.6223833990759, 6.1323564163011675], [-75.62238200710543, 6.132362313956652], [-75.62237883386672, 6.132386304197736], [-75.62237911903227, 6.132410086746071], [-75.62237990322798, 6.132415851696602], [-75.62238099370299, 6.132421263468831], [-75.62238174922535, 6.132423195355942], [-75.62238449694132, 6.132430227219716], [-75.6223874715067, 6.132437841089601], [-75.62239661695853, 6.132449321226464], [-75.62239939609677, 6.132451509900167], [-75.62240227341546, 6.132453273186003], [-75.62241354343246, 6.132456097415918], [-75.62242333290494, 6.13245612360598], [-75.62242527493635, 6.132456135792495], [-75.62242688273173, 6.132456140575323], [-75.62242991681485, 6.1324561591663675], [-75.62243094664598, 6.132456186668946], [-75.62243134418256, 6.1324562091316155], [-75.62243232892335, 6.13245625131993], [-75.62243926259407, 6.132455589947098], [-75.6224404461954, 6.132455477471736], [-75.62244519480029, 6.132454975969469], [-75.62245103569276, 6.132454344357829], [-75.62248117325859, 6.1324510126701846], [-75.62250123141958, 6.132448949918588], [-75.62251219488503, 6.132447822204526], [-75.62251858809587, 6.132447280101063], [-75.62252403271528, 6.132446884580337], [-75.62253575394823, 6.132446669868807], [-75.62254105787352, 6.132447241474315], [-75.62254244839025, 6.132447328686111], [-75.62254381262075, 6.1324473970414175], [-75.62254847242616, 6.1324473923007075], [-75.62255923724673, 6.132447017734357], [-75.62256443815376, 6.132446840380598], [-75.62257061531888, 6.132446632931828], [-75.6226009747738, 6.132445640755648], [-75.62263312465608, 6.132445059291317], [-75.6226404312387, 6.1324451111989235], [-75.62264704276993, 6.132445254204223], [-75.62266517275226, 6.13244656760002], [-75.62268098028113, 6.132447651890949], [-75.62268613695474, 6.132447664604711], [-75.62269163713228, 6.132447548163906], [-75.62271429227407, 6.132446072979032], [-75.62273736172718, 6.132444171761133], [-75.62274310445693, 6.132443784722734], [-75.62274858555759, 6.132443461345692], [-75.62276605011172, 6.132442796303784], [-75.62278206024142, 6.132442089566059], [-75.62278661991964, 6.132441742676024], [-75.62279122440084, 6.13244132233788], [-75.62280828816189, 6.1324392299433], [-75.62282550342208, 6.132436902655371], [-75.62283019838138, 6.1324363290880735], [-75.62283487544863, 6.132435790866614], [-75.62285148764839, 6.132434080386627], [-75.62287140925214, 6.132436788096409], [-75.62287816200835, 6.132439028723746], [-75.62288544087214, 6.132441909558612], [-75.6229162012838, 6.132457712782225], [-75.6229447296747, 6.132479035356458], [-75.62295060928959, 6.132485400047692], [-75.62295560471189, 6.132491966154378], [-75.62296636096137, 6.132517363576864], [-75.62297322629787, 6.132545953298594], [-75.62297577113452, 6.13255453299122], [-75.62297859648552, 6.132563401512032], [-75.62299114016875, 6.132597832555901], [-75.62300394985618, 6.132630138665678], [-75.62300695202437, 6.132637669219414], [-75.62300971634927, 6.132644586179423], [-75.62301773121476, 6.132664431652278], [-75.62302188665427, 6.132693354682375], [-75.62302222117415, 6.132705980912413], [-75.62302220968306, 6.132720624884637], [-75.62301921237925, 6.132790192291955], [-75.62303052262021, 6.132857024449266], [-75.62303952789603, 6.132869942703515], [-75.62305108198368, 6.132880431022629], [-75.62311402615796, 6.132898138710008], [-75.62317899324066, 6.132899704485931], [-75.6231918190287, 6.132900020450308], [-75.6232024126209, 6.132900278642002], [-75.62322200384847, 6.132900810076117], [-75.62322731493708, 6.13290118364904], [-75.62322889552429, 6.132901350388363], [-75.62323053134509, 6.132901544882829], [-75.62323680995652, 6.132902503160623], [-75.62325207293509, 6.132902314472118], [-75.6232593686017, 6.132901795962202], [-75.62326799100424, 6.132901066635268], [-75.62331020914144, 6.132896749951671], [-75.62337096759369, 6.132895091663918], [-75.62339128081693, 6.132896055309779], [-75.62341310539037, 6.132897619076017], [-75.62350455093264, 6.132908401216155], [-75.62358969058312, 6.132921696777016], [-75.62360754597097, 6.132924853945873], [-75.6236229263089, 6.132927792707342], [-75.62365781155187, 6.132936514069375], [-75.62367494022878, 6.13294159953298], [-75.62367911457108, 6.132942247176069], [-75.62368305334303, 6.132942561472527], [-75.62369524105792, 6.132940953102308], [-75.62370674333353, 6.132936599758684], [-75.62371026087864, 6.1329351875629055], [-75.62371391527995, 6.132933686098966], [-75.62372827456927, 6.132927497985324], [-75.62374079440498, 6.132921956244984], [-75.62374328382128, 6.132920864602833], [-75.62374535777691, 6.132919963944335], [-75.62374930849742, 6.132918289257462], [-75.62375044680894, 6.132918150783182], [-75.62375073619339, 6.132918221689651], [-75.6237510158237, 6.132918329710239], [-75.62375193915855, 6.132919113522964], [-75.62375541950466, 6.132923207213443], [-75.62375731348342, 6.132925398406048], [-75.62375959724783, 6.132928058702045], [-75.6237712227475, 6.132941511050392], [-75.62378512110199, 6.132957055095946], [-75.62378885382427, 6.132961039966542], [-75.62379253164579, 6.132964880457077], [-75.62380536556839, 6.1329775701870375], [-75.62382698984379, 6.132994321256378], [-75.62383619263551, 6.133000713040671], [-75.62384680732106, 6.133007869065901], [-75.62389676145071, 6.133040058192491], [-75.62395583975605, 6.133076045740427], [-75.6239721954803, 6.133085607346216], [-75.62398855117954, 6.133094979099529], [-75.62404763623492, 6.13312735941439], [-75.62408827952876, 6.133168733250008], [-75.6240930192874, 6.133183778830034], [-75.6240949268557, 6.133200378802601], [-75.62407827551448, 6.133273293897727], [-75.62405040119292, 6.133340817060222], [-75.6240452278391, 6.133354011803452], [-75.62404116827592, 6.133364825227976], [-75.62403571443575, 6.1333840143352285], [-75.62403655159012, 6.133392291387958], [-75.62403646334164, 6.133396223561316], [-75.62403622413632, 6.133400870679028], [-75.62403418445966, 6.1334235480794215], [-75.62403947516516, 6.1334480021852675], [-75.62404386331768, 6.13345376573436], [-75.62404951387083, 6.13345909186123], [-75.62408046396183, 6.133474694252055], [-75.62411397979025, 6.133484496296669], [-75.62412124646494, 6.133486174770751], [-75.6241276437823, 6.133487394628983], [-75.62414348709532, 6.133488035699416], [-75.6241559789011, 6.133485441306366], [-75.62416027524658, 6.133484624678649], [-75.62416492358304, 6.133483752082292], [-75.6241847100621, 6.133480251328068], [-75.62421347670586, 6.133474744754894], [-75.62422379398026, 6.133472617567386], [-75.62423512073411, 6.133470235008154], [-75.6242844906426, 6.133459434544725], [-75.62433440752564, 6.133456677495604], [-75.62434607522039, 6.133459365017755], [-75.62435679816096, 6.133463537110366], [-75.62438777407898, 6.133491062948105], [-75.62440773587998, 6.133523393587623], [-75.62441152229394, 6.1335305966264455], [-75.62441455711603, 6.133537042134302], [-75.62441922140968, 6.133554013715283], [-75.62442267060266, 6.1335725977600735], [-75.62442494082617, 6.13358005775038], [-75.62442778318754, 6.1335885193422675], [-75.6244427707233, 6.133627472162584], [-75.62445862602588, 6.133670064977321], [-75.62446201618745, 6.133680830130002], [-75.62446497244164, 6.133691154422265], [-75.62447202308006, 6.133724732660249], [-75.62448276887382, 6.133761999412655], [-75.62448806145362, 6.133774648331749], [-75.62449435068628, 6.133788296770965], [-75.62452541395368, 6.133846032998718], [-75.62455796237093, 6.1339058421734665], [-75.6245651766616, 6.133920809613123], [-75.62457162164498, 6.133935091029433], [-75.624588434751, 6.133980890342581], [-75.62459511670181, 6.134033995276299], [-75.6245951802122, 6.134052878884275], [-75.6245944541539, 6.134073580803426], [-75.62458539351702, 6.134163423288563], [-75.62456211689965, 6.134265852126731], [-75.62455243698354, 6.134294490353495], [-75.62454134764957, 6.134323240361093], [-75.62448962969685, 6.134428075114279], [-75.62443785485156, 6.134516304449263], [-75.62442672688707, 6.13453457844737], [-75.62441699048847, 6.1345502003551955], [-75.62439344583392, 6.134584391467645], [-75.62438191758955, 6.134598761002414], [-75.62437976771655, 6.134601867934524], [-75.62437806949632, 6.13460461193396], [-75.6243756954291, 6.134611371447539], [-75.62437625158421, 6.13461630486677], [-75.62437640022954, 6.134617886236039], [-75.62437654936598, 6.134619567953132], [-75.62437709408226, 6.134626408986644], [-75.62437750081912, 6.134632925236469], [-75.6243775766757, 6.134634398475874], [-75.6243776175019, 6.134635727238085], [-75.62437762779194, 6.134639306345438], [-75.6243732601243, 6.134649913351016], [-75.62437054871121, 6.1346556610717915], [-75.62436718205831, 6.134662621632007], [-75.62434959175245, 6.134697953401484], [-75.62433149849788, 6.134737562918231], [-75.62432781543617, 6.134747236294007], [-75.62432469871526, 6.134756357227096], [-75.62431928471673, 6.134779992290545], [-75.6243182322986, 6.134784578302358], [-75.62431512335004, 6.134809129626362], [-75.62431412237234, 6.134815921282811], [-75.62431306720123, 6.134822713204946], [-75.62430873952539, 6.134847213548723], [-75.62430231627819, 6.134871520754142], [-75.62430112788981, 6.134876007986515], [-75.62429799491365, 6.134885498758562], [-75.62429441174885, 6.134895651698746], [-75.62427778886632, 6.134937823336392], [-75.62425917023788, 6.134980082508137], [-75.62425434177422, 6.134990292181212], [-75.62424964566159, 6.1349998611336956], [-75.62423388935443, 6.13502900378755], [-75.62422124261407, 6.135050147476453], [-75.6242185278914, 6.135054665697824], [-75.62421614634093, 6.135058604593853], [-75.62421455574066, 6.135061191664344], [-75.62421037535148, 6.1350679862524515], [-75.6242040069624, 6.135080064023203], [-75.62420125979025, 6.135085703433294], [-75.62419807304984, 6.135092329515644], [-75.62418301105913, 6.135124553405738], [-75.6241684107109, 6.135157163776978], [-75.62416552237401, 6.135164042436238], [-75.62416313795555, 6.135169979310576], [-75.62415868849938, 6.13518362344351], [-75.62415680650014, 6.135191818899111], [-75.6241560283811, 6.13519431610097], [-75.62415515048636, 6.135196912334113], [-75.62415106172998, 6.135207112052823], [-75.62414716050041, 6.135216871480871], [-75.62414645384358, 6.135219021174796], [-75.62414586337084, 6.1352211024949], [-75.62414490537807, 6.13522708029086], [-75.62414507209976, 6.135231616931406], [-75.6241451753156, 6.135232774521323], [-75.62414532256379, 6.135233885788489], [-75.62414606500118, 6.135237570697668], [-75.62414897740304, 6.13524539096957], [-75.62415047788038, 6.135249120077167], [-75.62415229685713, 6.135253516624798], [-75.6241613723327, 6.1352750401972465], [-75.62417618456261, 6.13530362525091], [-75.624181611194, 6.1353124692435745], [-75.62418761611377, 6.135321725362588], [-75.62421409331093, 6.135358520814349], [-75.6242385161967, 6.135390449857061], [-75.62424322168492, 6.135396637651074], [-75.62424703818691, 6.135401678940366], [-75.62425341206526, 6.135410285040442], [-75.62425394838692, 6.135411350101041], [-75.62425407530678, 6.1354116297361205], [-75.62425421125891, 6.135411909326931], [-75.62425462050966, 6.135412848442715], [-75.62425500186724, 6.135413624965157], [-75.62425515119074, 6.135413868328155], [-75.62425556428182, 6.135414300249644], [-75.62425884922223, 6.135416849854307], [-75.62426080497336, 6.135418371736006], [-75.62426320327246, 6.135420253974295], [-75.62427562268765, 6.135429989431542], [-75.62429015678511, 6.135440315716861], [-75.62429389278122, 6.135442564771065], [-75.62429751188141, 6.13544455222213], [-75.62430951051587, 6.135449516325326], [-75.62432702207654, 6.135452719417194], [-75.62433409606793, 6.135453594211643], [-75.6243421545831, 6.135454465986675], [-75.62437930042046, 6.135457568282773], [-75.62442528507937, 6.1354596770723075], [-75.62443891357879, 6.135459926664596], [-75.62445292253528, 6.1354600306460405], [-75.62450671933141, 6.135459179212487], [-75.62455483307383, 6.135457440737199], [-75.62456525340416, 6.135456985525692], [-75.62457441010994, 6.135456533798338], [-75.62459701995385, 6.135455013501543], [-75.62461120362002, 6.135453535428463], [-75.62461505934044, 6.1354531178320455], [-75.62461886899197, 6.135452699557462], [-75.62463237577974, 6.135451150670604], [-75.62465163825951, 6.135447614469205], [-75.62465908454806, 6.135445938900149], [-75.62466745067394, 6.135443962289894], [-75.62470529106373, 6.135434325723107], [-75.62474265249034, 6.1354244555445305], [-75.62475071166523, 6.135422325845004], [-75.62475777770881, 6.13542047042438], [-75.62477505087085, 6.135415936857026], [-75.62478428277169, 6.135413686590848], [-75.62478627778707, 6.135413265461709], [-75.6247880374061, 6.135412916003306], [-75.6247923802958, 6.135412379393456], [-75.62480265647936, 6.135411816398011], [-75.62480814645461, 6.135411456781804], [-75.62481479212768, 6.135411003804413], [-75.62484836413397, 6.135408637784837], [-75.62488738138724, 6.1354034180761365], [-75.6248974541972, 6.135401165492341], [-75.62490721005125, 6.135398560977093], [-75.62493982205673, 6.135386263185277], [-75.62496498570938, 6.135374665498829], [-75.62497005590907, 6.135372508869317], [-75.62497429553568, 6.135370805628888], [-75.6249827420803, 6.135368466998038], [-75.62499067465124, 6.135372764847599], [-75.62499459244759, 6.1353752489627285], [-75.62499925273302, 6.135378290854775], [-75.6250223089744, 6.135393970721426], [-75.62504929429875, 6.135412594809908], [-75.62505643409115, 6.13541750135942], [-75.62506342973103, 6.135422298321011], [-75.62508750935828, 6.135438717201545], [-75.62510921560958, 6.135452809833741], [-75.62511471646084, 6.1354561477478535], [-75.62511999116556, 6.135459232731501], [-75.62513721278056, 6.135468339794819], [-75.62515518683344, 6.135478376151966], [-75.62516093229453, 6.135482048270161], [-75.62516701298853, 6.1354861156243174], [-75.62519179283427, 6.135504050780236], [-75.625222062036, 6.135521499748746], [-75.62523160969084, 6.135525259894454], [-75.62524166180147, 6.135528557401361], [-75.62528220002937, 6.135536602637958], [-75.62532032819689, 6.135542024371581], [-75.62532886651914, 6.135543672168529], [-75.62533653077715, 6.1355453766880474], [-75.62535692438479, 6.135552042601691], [-75.62537762156708, 6.135560570283135], [-75.62538547854727, 6.135563449128289], [-75.62539425612523, 6.1355665512793225], [-75.62543366192304, 6.135579625892246], [-75.62547155664156, 6.135591972917236], [-75.62547939440674, 6.13559461680048], [-75.62548607525721, 6.135596921009834], [-75.62550061377452, 6.135602428614471], [-75.62550698074067, 6.13560574600104], [-75.6255085098719, 6.135606655211655], [-75.62550994872058, 6.135607573001658], [-75.62551429320861, 6.135610867763637], [-75.62552533231167, 6.13561798638346], [-75.6255309866298, 6.13562130636156], [-75.62553777109797, 6.135625218375863], [-75.62557163840994, 6.1356442389945], [-75.62561058370729, 6.135663615305289], [-75.62562056681611, 6.135667762049216], [-75.62563019501575, 6.135671369005027], [-75.62566205488491, 6.1356799720923], [-75.62568700114974, 6.135686697923183], [-75.62569226449727, 6.13568912299432], [-75.62569681458547, 6.135691794755486], [-75.62570730700935, 6.13570347972174], [-75.62571356471136, 6.135715655572174], [-75.62571544269078, 6.135718633356501], [-75.6257173840022, 6.135721448100182], [-75.62572492296003, 6.135730212088965], [-75.62573671146049, 6.135734318330399], [-75.62574133553001, 6.135734206142535], [-75.62574654399451, 6.1357335396139385], [-75.62577024099365, 6.1357266013528085], [-75.62579814097741, 6.135714905221833], [-75.62580598758662, 6.135711239655757], [-75.62581389653586, 6.13570739297273], [-75.62584291544776, 6.135691969356246], [-75.62586816276419, 6.13567477511895], [-75.62587370241842, 6.135669805471099], [-75.6258786003806, 6.135664756702614], [-75.62589102652802, 6.135645800987415], [-75.62590410233177, 6.135626337622183], [-75.62590940610205, 6.1356209713475005], [-75.62591544153227, 6.135615611427585], [-75.62594331072825, 6.135596340367946], [-75.62597820054258, 6.135574978136378], [-75.6259886581015, 6.135568294680065], [-75.62599944826778, 6.135561285940073], [-75.62604131701862, 6.135533195842258], [-75.62607671439078, 6.1355123753582195], [-75.6260834271388, 6.1355099430598985], [-75.62608879749327, 6.135508951179049], [-75.62609707658898, 6.135517424040332], [-75.62609683921399, 6.135532213733108], [-75.62609684754318, 6.135535205209485], [-75.62609689150972, 6.135537727306595], [-75.62609733029207, 6.135542851144217], [-75.62612437197265, 6.1355622803955585], [-75.62614119449076, 6.135573811338773], [-75.62616206128311, 6.135588014711564], [-75.62627113772054, 6.135661515227984], [-75.62639252528678, 6.1357359108797125], [-75.62642115188903, 6.1357506710242165], [-75.6264476127848, 6.1357629059218], [-75.62652520438375, 6.135785975403711], [-75.62657692359494, 6.135791195629967], [-75.62658708716944, 6.135792170043032], [-75.62659543417926, 6.135792931877911], [-75.62661055518097, 6.135793991350979], [-75.62661658083009, 6.135794380355232], [-75.62661919204135, 6.135794734585884], [-75.6266222092872, 6.135795186269745], [-75.62663654072294, 6.135797694296002], [-75.626650319647, 6.135803023875054], [-75.62665298970354, 6.135805249209247], [-75.62665515554046, 6.135807800669582], [-75.62665888396482, 6.135819749338415], [-75.62665861171563, 6.135834791427146], [-75.62665826349028, 6.135839303463472], [-75.62665779859438, 6.135843968857613], [-75.62665515931084, 6.1358620366809635], [-75.62664964177675, 6.135896593213632], [-75.6266473634902, 6.135911649668361], [-75.62664476803437, 6.135929076302265], [-75.62663267887477, 6.136011831298456], [-75.62662088880253, 6.136091474880709], [-75.62661847698627, 6.13610693067928], [-75.6266164359917, 6.136119536886511], [-75.62661214552003, 6.136141280563583], [-75.62660821724937, 6.1361475378193], [-75.6266064093359, 6.136150381807327], [-75.626604278649, 6.136153714664884], [-75.62659398452371, 6.1361697886497755], [-75.62657933043585, 6.136193054089368], [-75.62657445893993, 6.136200922479308], [-75.62657366771762, 6.1362022173524045], [-75.626569226505, 6.1362094173423705], [-75.62654739265722, 6.1362452491195105], [-75.6265278160741, 6.136277404781406], [-75.62652401385913, 6.13628358095778], [-75.62652090313573, 6.136288570333005], [-75.62651551731452, 6.136296730544861], [-75.62651577229559, 6.136297706576277], [-75.6265162252635, 6.136298165420868], [-75.62651685029586, 6.136298715634488], [-75.62652047904501, 6.136301380153941], [-75.62652566619987, 6.136305397626525], [-75.62652726817292, 6.136306793760462], [-75.62652894388296, 6.136308307059582], [-75.62653560112001, 6.136314823355637], [-75.6265459515865, 6.13632462855582], [-75.62654996330924, 6.136328214234825], [-75.6265544628803, 6.136332188070849], [-75.62657483379314, 6.136349701779039], [-75.62659925852603, 6.136369806497796], [-75.62660631955302, 6.136375408619464], [-75.62661350621694, 6.136381028205417], [-75.62664051498592, 6.136401470106789], [-75.62667132829193, 6.136423030631954], [-75.62668091112063, 6.136429357178167], [-75.62669094541604, 6.136435836101369], [-75.62673099900002, 6.136460543481032], [-75.6267658111251, 6.136481395479733], [-75.62677255111241, 6.136485443296319], [-75.62677803378268, 6.136488754151958], [-75.62678734358121, 6.13649447631907], [-75.62678882750629, 6.136495375801329], [-75.62678936987123, 6.136495645259334], [-75.62678996733288, 6.136495914446901], [-75.62679262531319, 6.136496964567404], [-75.62680634546516, 6.1365008027330505], [-75.6268139291794, 6.136502842118974], [-75.62682315700715, 6.136505292011242], [-75.62687012860532, 6.13651765762248], [-75.62691787927243, 6.136530672131312], [-75.6269275869485, 6.13653353643478], [-75.62693576742575, 6.136536071022895], [-75.62695265658914, 6.136542575955775], [-75.62695863766038, 6.1365464005770445], [-75.62695994979583, 6.136547264739802], [-75.62696111696789, 6.136548038304727], [-75.62696406713559, 6.136550099530376], [-75.62696533188074, 6.136553458211112], [-75.62696542729043, 6.136555048878001], [-75.62696540575102, 6.136556920375797], [-75.62696442093811, 6.136566080566531], [-75.6269623567766, 6.136580223777993], [-75.62696165787163, 6.136585242901332], [-75.62696090621792, 6.13659074143231], [-75.6269577233775, 6.13661455989861], [-75.62695467408346, 6.136637429356582], [-75.62695401068737, 6.136642321738062], [-75.62695341829894, 6.13664658997362], [-75.62695191212488, 6.136656817699693], [-75.62695052991553, 6.136662850910067], [-75.62695001938994, 6.136664470769171], [-75.62694944644878, 6.136666071949545], [-75.62694691514142, 6.1366717021685675], [-75.62694161675121, 6.136685168752155], [-75.62693929675224, 6.136691710124481], [-75.62693661877854, 6.136699482767834], [-75.62692864992641, 6.136723360892128], [-75.62692386882487, 6.136737693732518], [-75.62690942204874, 6.136779668468605], [-75.62690566724216, 6.136789804171769], [-75.62690201947916, 6.136799296566967], [-75.62688972966365, 6.136828186283368], [-75.62687581385036, 6.136859809705714], [-75.6268711321289, 6.1368710140313025], [-75.62686610061861, 6.136883276913444], [-75.62684493158379, 6.1369364361607275], [-75.62682537950298, 6.136986859939366], [-75.62682136388958, 6.136997411884415], [-75.6268179489302, 6.13700648817644], [-75.62681065692485, 6.137026929382165], [-75.6268122585112, 6.137043728791852], [-75.62681445502476, 6.137050511072182], [-75.62681740303364, 6.137058213606655], [-75.62683436748134, 6.137093716610117], [-75.62685359052966, 6.137132819316307], [-75.62685795418493, 6.137142785884315], [-75.62686191051992, 6.137152392830237], [-75.6268727490249, 6.137183999597278], [-75.62688105283047, 6.137216489411719], [-75.62688340320648, 6.137226652098286], [-75.62688578139833, 6.137237329959116], [-75.62689456637561, 6.137280087465589], [-75.62690344822829, 6.137321969371236], [-75.62690588870709, 6.137332086412213], [-75.62690832689927, 6.1373415525453865], [-75.62691703566537, 6.137370416919962], [-75.62692445055113, 6.137392189917464], [-75.62692606302136, 6.137397201309313], [-75.62692748450647, 6.137401762515816], [-75.62693104442928, 6.137414524746901], [-75.62693400593186, 6.137426638092951], [-75.62693504692294, 6.137430784398522], [-75.62693618895257, 6.137435273748602], [-75.62693714366188, 6.137438954889915], [-75.6269411392108, 6.137454350299679], [-75.62694645152791, 6.137473950328346], [-75.6269478209639, 6.137478764925337], [-75.62694915207835, 6.13748331663071], [-75.62695360895611, 6.137497558914149], [-75.62695604144186, 6.13750770311498], [-75.62695609260497, 6.137509664661206], [-75.62695587102345, 6.137511265020855], [-75.62695284420217, 6.137514021878177], [-75.62694247521749, 6.1375166638071486], [-75.62693762958179, 6.137518197368697], [-75.62693193662356, 6.13752008405527], [-75.62690422919215, 6.137529791313698], [-75.62687267100556, 6.137541299367937], [-75.62686454210184, 6.137544315424724], [-75.62685667572671, 6.137547266908706], [-75.6268304954932, 6.137557303878618], [-75.6268102430296, 6.137565263157815], [-75.62680612046118, 6.137566892614482], [-75.62680264703287, 6.137568277501645], [-75.62679544900448, 6.137571217567212], [-75.62679252601261, 6.137572491265409], [-75.62679174179608, 6.1375728196710515], [-75.62679096570416, 6.137573147132737], [-75.6267882595525, 6.137574248900082], [-75.62678603118488, 6.137575159374371], [-75.62678555344066, 6.137575358803711], [-75.62678513879825, 6.137575532609724], [-75.62678416461678, 6.137575987611549], [-75.62678361415426, 6.137576277803327], [-75.62678332574204, 6.137576405786885], [-75.62678283900986, 6.1375766143008965], [-75.62678114308453, 6.13757724371241], [-75.62678024058074, 6.137577579931202], [-75.62677915774624, 6.137577981223197], [-75.62677365427828, 6.137580013435057], [-75.62675627079793, 6.137589870702229], [-75.6267476790756, 6.137595210641387], [-75.62673745623123, 6.137601685944126], [-75.62673378715067, 6.137604064443148], [-75.62668691215916, 6.137634472810137], [-75.62662571813594, 6.13767284205871], [-75.62660877699986, 6.137682834568091], [-75.6265918444251, 6.137692546778333], [-75.62653071599516, 6.137725319602764], [-75.62647970001399, 6.137751392555515], [-75.62646914982798, 6.13775687319467], [-75.62646015048055, 6.13776160851203], [-75.62644053793882, 6.137772422357454], [-75.62643202623198, 6.137777318914559], [-75.62643002497556, 6.137778310542014], [-75.62642817561142, 6.137779147734565], [-75.62642276185416, 6.137780871221252], [-75.62640774739825, 6.137785714719261], [-75.6263998351446, 6.137788521775532], [-75.62639029922211, 6.13779195788776], [-75.62634229428254, 6.1378096598754714], [-75.62629466924696, 6.137827288574993], [-75.62628536703679, 6.137830678335921], [-75.62627774350825, 6.137833421593862], [-75.62626425500123, 6.137837971013091], [-75.62626183528708, 6.1378383580736156], [-75.6262611855747, 6.13783848602246], [-75.6262605539313, 6.13783861478666], [-75.62625836989791, 6.137839172460651], [-75.62625614105752, 6.137839802678943], [-75.62625548253438, 6.137839975873771], [-75.62625480509215, 6.13784015910605], [-75.6262522061899, 6.137840844480116], [-75.62624902939488, 6.137841567949035], [-75.62624799074588, 6.137841770131432], [-75.6262468807375, 6.137841971760061], [-75.62624229511152, 6.137842743731078], [-75.62623705026245, 6.137843546059683], [-75.6262355248536, 6.137843766904414], [-75.62623397239666, 6.13784399782653], [-75.62622811351679, 6.137844836619177], [-75.62622131838653, 6.137846682604159], [-75.6262191801217, 6.137847548335979], [-75.62621691610491, 6.137848557525717], [-75.6262078264122, 6.1378534740948165], [-75.62619492897197, 6.137859568352912], [-75.62619026507704, 6.137861326127353], [-75.62618514066898, 6.137863113283915], [-75.62616270783481, 6.137869803108686], [-75.62614105000709, 6.137875759556415], [-75.62613641198995, 6.1378770841612935], [-75.6261323693986, 6.1378782620987575], [-75.62612266012137, 6.1378813446690685], [-75.62611636215068, 6.137883451292626], [-75.62611446719826, 6.137884017491813], [-75.62611250987442, 6.1378845740525305], [-75.62610488330421, 6.1378865127149345], [-75.62609739284261, 6.13788857818086], [-75.62609551621603, 6.137889197629265], [-75.6260937300938, 6.137889853699654], [-75.62608802053667, 6.137892410366146], [-75.62608272786872, 6.13789543599882], [-75.62608121318465, 6.137896370993786], [-75.6260796716695, 6.137897360363746], [-75.6260739210626, 6.137901309475936], [-75.62606880264808, 6.137905057496991], [-75.62606765794175, 6.1379059201596595], [-75.62606663025194, 6.137906699978963], [-75.62606390962883, 6.137908904761768], [-75.62606108880459, 6.137910937361955], [-75.62606000648258, 6.137911627947995], [-75.62605878979669, 6.137912363492246], [-75.62605328969157, 6.137915452522733], [-75.62604796935042, 6.13791836076395], [-75.62604686052026, 6.1379189872922115], [-75.62604592286485, 6.137919523478832], [-75.62604385808032, 6.137920822795801], [-75.62604169390936, 6.13792193184505], [-75.62604069244772, 6.137922349913698], [-75.62603951056644, 6.137922814974706], [-75.62603378167232, 6.137924927844913], [-75.6260279800814, 6.137926951570468], [-75.62602675372047, 6.137927371647053], [-75.6260256886785, 6.137927717703368], [-75.62602321663005, 6.137928484722946], [-75.62602201645386, 6.13792890286289], [-75.62602175522656, 6.137929048793855], [-75.6260215202327, 6.137929202732567], [-75.6260209264283, 6.137929864703124], [-75.62602050290907, 6.137930623475784], [-75.6260201353364, 6.137931186697982], [-75.62601975737645, 6.137931657757602], [-75.6260192992507, 6.137932174413422], [-75.62601712022351, 6.137934675779888], [-75.62601590505311, 6.13793608935772], [-75.6260144195172, 6.13793781164124], [-75.62600682307603, 6.137946637244106], [-75.62599879382095, 6.137955799471677], [-75.62599701940748, 6.137957739242198], [-75.62599545325827, 6.137959415814613], [-75.62599145479656, 6.137963332820797], [-75.62598870758572, 6.137965826127445], [-75.62598794184055, 6.137966606469073], [-75.62598715824787, 6.137967431196998], [-75.62598430487398, 6.137970747714592], [-75.62598110208123, 6.137975014300748], [-75.62598010372963, 6.137976435854899], [-75.62597905167601, 6.137977958022718], [-75.62597487016046, 6.13798433405238], [-75.62597132948845, 6.137990246772667], [-75.6259706824699, 6.137991477654896], [-75.62597017998957, 6.137992527920775], [-75.62596958177416, 6.137994870550866], [-75.62596963826782, 6.1379958927595535], [-75.62596948088988, 6.137996218087684], [-75.62596855709269, 6.137996817490082], [-75.62596561388301, 6.1380002338946795], [-75.6259641659819, 6.138002263372109], [-75.6259624476447, 6.138004771517872], [-75.62595395109497, 6.138017741205791], [-75.62594490428533, 6.138031227097752], [-75.62594284426724, 6.138034052435753], [-75.62594097289015, 6.138036480871826], [-75.62593580440077, 6.138041992045223], [-75.62593228169338, 6.138044750430115], [-75.62593144328228, 6.138045447955375], [-75.62593065984407, 6.138046119897265], [-75.6259283447247, 6.138048313649004], [-75.62592638233333, 6.138050417072077], [-75.62592526572027, 6.1380516674362795], [-75.62592321364872, 6.138054086814654], [-75.6259213603759, 6.138056523298359], [-75.62592092906812, 6.138057167294296], [-75.62592052394952, 6.138057810257635], [-75.62591937404727, 6.138060009138759], [-75.62591850359608, 6.13806191011826], [-75.62591827905626, 6.138062354207251], [-75.62591807334692, 6.138062770178113], [-75.62591739909848, 6.138063974072367], [-75.62591551842314, 6.138066348310781], [-75.62591455487598, 6.138067499381726], [-75.6259133945362, 6.138068858447152], [-75.62590756972948, 6.138075546305123], [-75.62590286176274, 6.138083795408359], [-75.62590239903126, 6.138086137373537], [-75.62590228783709, 6.138088514679513], [-75.62590495036277, 6.138097311625467], [-75.6259104666286, 6.138106000542519], [-75.62591217153822, 6.138108310170845], [-75.62591394848461, 6.138110574242827], [-75.62592098868511, 6.138118372418051], [-75.62593761002739, 6.138132145474159], [-75.62594543007812, 6.138138170585687], [-75.62595463496567, 6.138145149005805], [-75.62599951766491, 6.138178375109543], [-75.6260463324759, 6.138211612516257], [-75.62605675682555, 6.138218605740823], [-75.62606609436386, 6.138224636057316], [-75.62609064558644, 6.1382384587772], [-75.62610659874743, 6.1382491423334224], [-75.62611051167482, 6.138253207644643], [-75.62611421017093, 6.138257752253349], [-75.62612571179304, 6.1382781391821135], [-75.62613289237964, 6.138306474977321], [-75.62613385873912, 6.1383160360360804], [-75.62613439517283, 6.138326338722015], [-75.62613261425757, 6.138369715871345], [-75.62612783456268, 6.138412910657813], [-75.62612646459155, 6.138423101558971], [-75.62612507365372, 6.13843251598009], [-75.6261199060698, 6.138460146657532], [-75.6261181393545, 6.1384863295215775], [-75.62611889554367, 6.138494842908587], [-75.62612020454574, 6.138503914095707], [-75.62612941625171, 6.138541220797837], [-75.62614132204278, 6.138579938159667], [-75.62614431364854, 6.13858989971661], [-75.6261471771633, 6.138599527402096], [-75.62615644601145, 6.138631536061371], [-75.626162414917, 6.13866273190216], [-75.62616320925818, 6.138671841777442], [-75.6261636333825, 6.138681159594651], [-75.62616204725776, 6.13871654484782], [-75.62615799665836, 6.138752768505874], [-75.62615686974138, 6.138762606536634], [-75.62615574156679, 6.138772372249196], [-75.62615163331596, 6.13880696889216], [-75.62614744552144, 6.138839341951349], [-75.62614625899602, 6.138847706665769], [-75.62614507295238, 6.138855801065495], [-75.62614070736531, 6.138882859156388], [-75.62613634007617, 6.1389121502707535], [-75.6261351482944, 6.138921654119949], [-75.62613396666254, 6.138931754595418], [-75.62612975148639, 6.138973284959308], [-75.62612855061677, 6.138989044007411], [-75.62612621926989, 6.1390198122967785], [-75.62612546316687, 6.139033065834011], [-75.62612480631786, 6.139046482517851], [-75.62612321588455, 6.139096284752941], [-75.6261228303097, 6.139141094307231], [-75.62612292394674, 6.139151353963885], [-75.62612311336748, 6.139160700055069], [-75.62612450702936, 6.139186675743741], [-75.6261256393268, 6.139212769338588], [-75.62612565653693, 6.1392221786549825], [-75.62612554197166, 6.139232529739243], [-75.62612406565134, 6.139277784923143], [-75.6261235001686, 6.139322928956688], [-75.62612396422448, 6.139333205779768], [-75.62612469545617, 6.139342522993135], [-75.62612959209523, 6.139368163255465], [-75.62613580537679, 6.139386739098476], [-75.62613737289182, 6.139391606969035], [-75.62613887660038, 6.139396356721695], [-75.626143736703, 6.139412514533611], [-75.6261471538474, 6.139426181527084], [-75.62614773215606, 6.139429360960012], [-75.62614816466743, 6.139432279836977], [-75.62614841506414, 6.139440613087275], [-75.62614776861724, 6.139448226593168], [-75.6261476315917, 6.139450677254008], [-75.62614752155294, 6.139453289608121], [-75.62614726311622, 6.139463956913619], [-75.62614636708501, 6.139478883638866], [-75.62614584925178, 6.139484173092874], [-75.62614521552794, 6.13948995944189], [-75.62614194667631, 6.139515026845622], [-75.62613978542939, 6.139539032875367], [-75.62613984482627, 6.139544148628943], [-75.62614018280092, 6.139548603958901], [-75.62614381679575, 6.139559151802843], [-75.62614958083829, 6.139566050368385], [-75.62615126688935, 6.13956819645215], [-75.62615299863364, 6.139570450798109], [-75.62615959937645, 6.139579435429572], [-75.62616718137743, 6.139587196577241], [-75.626169533408, 6.1395886631581], [-75.62617199335588, 6.139589848952106], [-75.62618178908205, 6.139591683096662], [-75.62619187763546, 6.139592078356397], [-75.62619452455748, 6.1395923429046535], [-75.62619710864328, 6.139592687318228], [-75.62620591066981, 6.139594496507599], [-75.62621544160861, 6.139595381790205], [-75.62621848437381, 6.139595138124139], [-75.62622170672161, 6.139594676603185], [-75.62623480152965, 6.139591249223197], [-75.62624707049635, 6.139586477048534], [-75.62624977654725, 6.139585168251259], [-75.62625217463204, 6.13958386819856], [-75.62625832911037, 6.139579203795461], [-75.62626229067097, 6.139574944327722], [-75.62626330889968, 6.139573892432876], [-75.62626429032194, 6.139572886825545], [-75.62626755912237, 6.139569740034285], [-75.62627516416082, 6.139560271595232], [-75.62627887920733, 6.13955529009426], [-75.62628328744363, 6.139549283607976], [-75.62630503768109, 6.139519047384864], [-75.6263276995356, 6.139488491170612], [-75.6263326848722, 6.139482284766801], [-75.62633711313647, 6.139477047532614], [-75.62634845292186, 6.139466248972051], [-75.626360735214, 6.139459957919442], [-75.62636575008821, 6.13945756648047], [-75.62637146806821, 6.139454883195653], [-75.62639796733606, 6.139442837638637], [-75.62642387200447, 6.1394312922304355], [-75.62642922120592, 6.139428926271071], [-75.62643376644559, 6.139426915032533], [-75.62644359020042, 6.13942267469385], [-75.62645255172389, 6.139423670351851], [-75.62645655678782, 6.13942496970079], [-75.62646123065547, 6.139426718696818], [-75.62648359444302, 6.139436706264415], [-75.62651244382187, 6.139450244750569], [-75.62652118787894, 6.139454232990978], [-75.62653026752184, 6.1394583190292344], [-75.62656582461071, 6.139473917458495], [-75.62660885017407, 6.139492911903016], [-75.6266226408221, 6.139499136398395], [-75.62663725545251, 6.13950577361587], [-75.62669679697544, 6.1395332438173265], [-75.62674981020855, 6.1395578494807435], [-75.62676029987878, 6.139562682570055], [-75.6267689733976, 6.139566653070167], [-75.62678516878277, 6.139573855689141], [-75.62678898474118, 6.139575272586461], [-75.6267898516841, 6.13957560463693], [-75.62679063900983, 6.13957590995678], [-75.62679278221925, 6.139576789020445], [-75.6268026773768, 6.139582139435187], [-75.6268083497777, 6.139585267630062], [-75.62681528750981, 6.139589107429557], [-75.62685091945653, 6.139608918357188], [-75.62689150939184, 6.1396318691201355], [-75.62690157846927, 6.139637688786121], [-75.626911131549, 6.13964327502799], [-75.62694138504187, 6.1396615103786845], [-75.62696717587954, 6.139676124307596], [-75.62697391404986, 6.139679422651769], [-75.62698047900643, 6.139682395483066], [-75.62700271937744, 6.139690420925109], [-75.62702941550947, 6.1396966082361155], [-75.62703878747733, 6.139698415514495], [-75.62704900686546, 6.139700257504704], [-75.62709308199588, 6.139707270737116], [-75.62713504197127, 6.139713784468431], [-75.62714393385306, 6.13971531384611], [-75.62715165090218, 6.139716719714599], [-75.62716966204212, 6.139720834191287], [-75.627186627316, 6.13972552155041], [-75.62719367774368, 6.139727291410143], [-75.62720174804305, 6.13972926600061], [-75.62723939826574, 6.139738105325371], [-75.62727756320551, 6.139746916805058], [-75.62728595944237, 6.139748863575373], [-75.6272934153317, 6.1397506133607225], [-75.62731251158563, 6.1397551591592885], [-75.62732355665196, 6.139758128058713], [-75.62732594307818, 6.139758872124849], [-75.62732804032899, 6.139759588681764], [-75.62733315872059, 6.1397619149825635], [-75.62733657908338, 6.139764074238104], [-75.62733760099869, 6.1397646957273935], [-75.62733865090969, 6.139765316175104], [-75.62734270343253, 6.13976763595895], [-75.6273502316569, 6.139772532399173], [-75.62735347990188, 6.139774773864904], [-75.62735722683394, 6.139777402528036], [-75.62737493780055, 6.139790114213911], [-75.62739614403323, 6.139800734829207], [-75.62739794773123, 6.1398016363507235], [-75.62740502488518, 6.139803514562097], [-75.62741242440897, 6.139804821635857], [-75.62744169610897, 6.139804827006819], [-75.62746760839353, 6.13980239256577], [-75.62747288233331, 6.139802178613853], [-75.62747732527622, 6.139802147746865], [-75.62748652434495, 6.13980369368976]]]}, "properties": {"SE_ANNO_CAD_DATA": null, "SHAPE.AREA": 0, "SHAPE.LEN": 0, "OBJECTID": 1, "VEREDA": "0003", "PK_VEREDA": "63120010000003", "NOM_VEREDA": "VEREDA PAN DE AZUCAR", "MUNICIPIO": "631", "SECTOR": "2", "CORREGIMIENTO": "001", "BARRIO": "000", "nombre_barrio_estandarizado": "VEREDA PAN DE AZUCAR", "municipio_estandarizado": "sabaneta"}}, {"type": "Feature", "geometry": {"type": "Polygon", "coordinates": [[[-75.61918722501794, 6.140672202895642], [-75.61918786012035, 6.140672410430941], [-75.61918877660247, 6.140672713322462], [-75.61919010563706, 6.140673152514502], [-75.61919021600879, 6.140673188136297], [-75.6191930269593, 6.140674113686741], [-75.6191935840297, 6.1406742492794395], [-75.61919816082958, 6.140675355129533], [-75.61919897020374, 6.140675550962537], [-75.61921287786333, 6.140678913751345], [-75.61931596580408, 6.1407038355066215], [-75.61947604060482, 6.140729549409041], [-75.61956019347919, 6.140743561457104], [-75.61966011188741, 6.140740961016128], [-75.61972468484663, 6.140732259538862], [-75.61978252844436, 6.140724465246566], [-75.619846492315, 6.140702961647214], [-75.61987592902197, 6.140669431437776], [-75.6199030286029, 6.140639884209416], [-75.61989406342413, 6.140631503204258], [-75.61994385089345, 6.1406093132571025], [-75.61995918641585, 6.140602480284874], [-75.61996907795871, 6.140592498928228], [-75.6199960183581, 6.1405653120726695], [-75.62010303061413, 6.140531813142264], [-75.6201060522184, 6.140530562489737], [-75.62011065113337, 6.140510888429521], [-75.62011573135906, 6.140489157085386], [-75.62011602365357, 6.140456577890886], [-75.62011609215756, 6.140448976228046], [-75.62010976788103, 6.140422079818308], [-75.62010883251044, 6.140418099309319], [-75.62010450440272, 6.1403996921772075], [-75.62012105883491, 6.14032701062231], [-75.62013134905193, 6.140281823259495], [-75.62013458551279, 6.140267620007118], [-75.62013548214833, 6.14026368024594], [-75.62015259925805, 6.140227557885881], [-75.62016022624138, 6.140211464433847], [-75.62018978285779, 6.140148161172534], [-75.62020479061036, 6.14012343938537], [-75.62022478587106, 6.140114175170707], [-75.62023871955081, 6.140107717921833], [-75.62025510354334, 6.140100106841565], [-75.62027603253588, 6.140074726819259], [-75.6202842494972, 6.1400647599959495], [-75.62029652690738, 6.14004986966418], [-75.62031713173397, 6.140024880879399], [-75.62032300008522, 6.140020980044372], [-75.6203506866076, 6.140000272539812], [-75.62037559402248, 6.139981640808786], [-75.62038283652502, 6.139975215437334], [-75.62040433794463, 6.139964933102534], [-75.62043026040344, 6.139952537114343], [-75.62050864326031, 6.139915055926773], [-75.62053239845545, 6.139903697565048], [-75.62053515507527, 6.139902380405921], [-75.62055574542562, 6.139892533767349], [-75.62069148096884, 6.139827627189692], [-75.62071408538922, 6.139816819609077], [-75.62072141712233, 6.139813311195161], [-75.62076070920935, 6.139794564671745], [-75.62076735611058, 6.139791392306667], [-75.62078077683987, 6.139784959260707], [-75.62078738582261, 6.13978179069751], [-75.6207969027953, 6.1397772282916785], [-75.62081396504404, 6.1397690497458], [-75.62083209090424, 6.139761523238188], [-75.62089644186074, 6.139734804881059], [-75.62091981990741, 6.139729259644004], [-75.62092213953393, 6.139728349643179], [-75.62093033980572, 6.139725130790347], [-75.62093560832665, 6.139723064513339], [-75.6209375880705, 6.139722286362395], [-75.62094548813987, 6.139719186508076], [-75.62095079488498, 6.139714778532594], [-75.62099925185106, 6.13967452293514], [-75.6209910321051, 6.13967228317997], [-75.62098417176432, 6.139670413755392], [-75.6209623869099, 6.139664478686689], [-75.62096543090576, 6.1396380779241], [-75.62096927550589, 6.13960472555027], [-75.62096970101777, 6.139601048468086], [-75.62096998084024, 6.139598609755659], [-75.62095761791952, 6.139544123978129], [-75.62095687864985, 6.139541086348488], [-75.62095565820621, 6.139520374928265], [-75.62095503063908, 6.139509704690826], [-75.62095373233136, 6.139487662878207], [-75.62095330282654, 6.139480367424004], [-75.62095202122758, 6.1394586021712625], [-75.62095186557777, 6.1394559576593], [-75.6209506026664, 6.139434504215053], [-75.62095037408379, 6.139430614268054], [-75.62094701097381, 6.1394054409701875], [-75.62094594033297, 6.139397442587947], [-75.62094482272636, 6.1393890755800085], [-75.62094447115459, 6.139386448301083], [-75.62094071057977, 6.139358313447253], [-75.62093783097036, 6.139341871887409], [-75.6209373607479, 6.139339178289515], [-75.62093328785251, 6.139318471805], [-75.62092905463462, 6.13929693527625], [-75.620928633694, 6.139286219727066], [-75.62092696114047, 6.1392438022719915], [-75.620925878114, 6.139216281713943], [-75.6209255955321, 6.139209107587376], [-75.62092483148136, 6.139189738264558], [-75.62092501456547, 6.139188019656594], [-75.62092645847162, 6.139174457130638], [-75.6209272374779, 6.139167152138316], [-75.62092919170225, 6.139148783849857], [-75.62093039807041, 6.139137441047069], [-75.62093008140175, 6.139132161993828], [-75.62092975327528, 6.139126756428551], [-75.62092899848791, 6.1391142669444365], [-75.62092873426282, 6.13910992243057], [-75.6209273543463, 6.13908707550062], [-75.62092404077724, 6.13903232388078], [-75.62093138036333, 6.139003091353978], [-75.62094344588617, 6.1389550439146925], [-75.6209712791906, 6.138969163634526], [-75.62098701271147, 6.138976309969507], [-75.62100707807132, 6.138839376099303], [-75.62102102395124, 6.138703009226174], [-75.62102033828651, 6.138672517795026], [-75.621017131621, 6.13859659080053], [-75.62101461152912, 6.138551156136594], [-75.62100004107467, 6.138469881260916], [-75.62098786193278, 6.138389794352315], [-75.62098294469074, 6.138341973868158], [-75.62098042775166, 6.138297735255725], [-75.62098863293927, 6.138242702995677], [-75.62104531481823, 6.1381139748831295], [-75.62107143087505, 6.138055302831221], [-75.62108328292962, 6.1380217846640415], [-75.62108911159854, 6.137971542903302], [-75.62108297024302, 6.137912965605003], [-75.62105390612955, 6.137777918731519], [-75.62103938237641, 6.137713384067793], [-75.62103918230355, 6.137644025693796], [-75.62106508484044, 6.137511212875339], [-75.62110638849786, 6.137332913766674], [-75.62110861743729, 6.13727670206478], [-75.62110014714003, 6.137239655471107], [-75.6210781476441, 6.137210306307061], [-75.62100361738631, 6.137125096847761], [-75.62063661825677, 6.13673695495735], [-75.62060590618188, 6.13669303612272], [-75.62059336323355, 6.136651934854338], [-75.62058738881542, 6.136568722910756], [-75.6206062660868, 6.136485437179488], [-75.62060813348931, 6.136414931348626], [-75.62062373132439, 6.136351655840551], [-75.62063656542323, 6.136290456025379], [-75.62065169091562, 6.136218323057675], [-75.62065294695071, 6.136212331134646], [-75.62066774853108, 6.136131955643777], [-75.62066981273445, 6.136120740632859], [-75.62066261899723, 6.136107569371956], [-75.62065779402485, 6.136098738649353], [-75.62064989669001, 6.136084280741812], [-75.62063334251575, 6.136072391165293], [-75.6205951010333, 6.136044923272608], [-75.62055935126064, 6.136022925386343], [-75.6205343798716, 6.136007559328972], [-75.62049661672383, 6.135971879325361], [-75.62047242228235, 6.135935476531774], [-75.62046215177297, 6.135920024020967], [-75.62043039340087, 6.135852364264127], [-75.62042463020535, 6.135817710978726], [-75.6204231179609, 6.135808613606861], [-75.62043122454564, 6.135803607015731], [-75.62044195618856, 6.135796981059012], [-75.62046607988003, 6.135770307119273], [-75.62048332725846, 6.135751236532222], [-75.62048424203853, 6.135729940565207], [-75.62048468971004, 6.135719521808185], [-75.62050065857474, 6.135653795392993], [-75.62050060124024, 6.135653522647968], [-75.62049210636606, 6.135612533534433], [-75.62048929601248, 6.135598971948201], [-75.6204845689089, 6.135576158568708], [-75.62047657362821, 6.135537590789269], [-75.62047612237878, 6.1355326776310966], [-75.62046948471962, 6.135460665685835], [-75.62045056850387, 6.135255440219489], [-75.62043419258912, 6.135173190469927], [-75.62045543029487, 6.135097149171166], [-75.6204580444918, 6.135076488573725], [-75.62047898540038, 6.134911066245604], [-75.62047763396252, 6.134870736470708], [-75.62047991098864, 6.134850392136971], [-75.62048773299801, 6.134780500837179], [-75.62049390590522, 6.134743741420986], [-75.62049322242866, 6.1347314152133094], [-75.62049004295947, 6.134674293359163], [-75.62048046396646, 6.134629552276301], [-75.62044604635794, 6.134584398488091], [-75.62043943939263, 6.134578728028374], [-75.62040524264077, 6.134549379718443], [-75.62033169689703, 6.134522267195981], [-75.62026501672834, 6.13447112009662], [-75.6202043444945, 6.134414144037581], [-75.62018606650904, 6.134396978633437], [-75.62016986334282, 6.134372060711117], [-75.62015193643845, 6.13434448425053], [-75.620140073636, 6.1343179548417455], [-75.62013302718606, 6.134302196323474], [-75.62010886486588, 6.134215951631655], [-75.62011593262, 6.134167666502535], [-75.62013678686847, 6.134079310188179], [-75.62014043311234, 6.134070217397324], [-75.62015196610842, 6.13404144532296], [-75.62015523281406, 6.134031762231132], [-75.6201558863473, 6.134029827962378], [-75.6201664690346, 6.133998448712978], [-75.62016871718009, 6.133991785643351], [-75.62017534646502, 6.133910510836429], [-75.62016663430153, 6.133846654583573], [-75.6201653246353, 6.1338370490376946], [-75.620161547402, 6.133745559571908], [-75.6201369506123, 6.133660225577013], [-75.62013390749043, 6.133649669307494], [-75.62008836805838, 6.133588189239311], [-75.62005302258241, 6.13352835438665], [-75.62003167394903, 6.133492214226714], [-75.6200182909813, 6.133469558904337], [-75.62001528540702, 6.13346446929463], [-75.62000422753077, 6.13344184146766], [-75.61996423212977, 6.133368500109747], [-75.61989640026988, 6.133277172185545], [-75.61989525964012, 6.133274063282878], [-75.61988167500272, 6.1332567175750015], [-75.61985362894546, 6.133191013077504], [-75.61983929296528, 6.133157425098009], [-75.61982420799055, 6.133052041296436], [-75.6198120213886, 6.132950139307594], [-75.61978646983546, 6.132868098895071], [-75.61977665859978, 6.132852155897434], [-75.61975008099907, 6.1328089588890595], [-75.61968640083695, 6.132706399338195], [-75.6196681435108, 6.132672545749935], [-75.61964037521496, 6.132591752913259], [-75.61963718934507, 6.132582479288575], [-75.61961825704805, 6.132496043474713], [-75.61961175801312, 6.132445879175033], [-75.61960796377195, 6.1323541944640345], [-75.61960942533587, 6.132299651734269], [-75.61960968201545, 6.132290065640023], [-75.61960494000252, 6.132200727982514], [-75.61958941919002, 6.132170686974702], [-75.61958090742314, 6.132137844352674], [-75.61958173758383, 6.132131941303444], [-75.61958560175877, 6.1321238220275305], [-75.61959023753941, 6.132114086134944], [-75.61961551506296, 6.132096931809084], [-75.61964991762837, 6.132080059209503], [-75.61965070582824, 6.132079066312666], [-75.61966611328978, 6.132059628699687], [-75.61969021510069, 6.132029221188274], [-75.61972035749531, 6.131966565257531], [-75.61972583872162, 6.131955167184505], [-75.61972734229118, 6.13194862528778], [-75.61973930264153, 6.131896565282017], [-75.61972181545465, 6.131818610611364], [-75.6196843442971, 6.131749037590243], [-75.61963434688444, 6.1316435587330345], [-75.61963148826669, 6.131605481073935], [-75.6196310379895, 6.131599466760623], [-75.61963822064915, 6.131550828485276], [-75.61964170430551, 6.1315450625309165], [-75.61966173799053, 6.131511898561864], [-75.61968147881741, 6.1314918268063625], [-75.61971546458165, 6.131456194313037], [-75.61973337465477, 6.131442992419315], [-75.61975183192995, 6.131429387350355], [-75.619769854502, 6.131416102636457], [-75.61977094614205, 6.131414914786921], [-75.61985950423721, 6.131318654012844], [-75.62006486651676, 6.131095425329868], [-75.62007341549086, 6.131086133175582], [-75.62012682211233, 6.131024851536929], [-75.62015243211694, 6.130933554602584], [-75.62019212159892, 6.1307920786068335], [-75.62020947159787, 6.130730222086637], [-75.62022530709234, 6.1306737774413715], [-75.6202282071742, 6.130669291778343], [-75.62034083595422, 6.130495053889911], [-75.62044467176705, 6.130464380186789], [-75.62064423128352, 6.130405427496063], [-75.62066910857864, 6.130398079643095], [-75.62100856971315, 6.130040586713039], [-75.62117030286895, 6.1298702617983105], [-75.62124576334045, 6.12979079468909], [-75.62136636667954, 6.129663784657812], [-75.62158282352439, 6.129435830356813], [-75.62161471718055, 6.129402240408779], [-75.62163186995913, 6.129384177468225], [-75.62163596315693, 6.129379867682466], [-75.62165554488416, 6.129359245220019], [-75.62160774502503, 6.129212500971144], [-75.62137716575893, 6.128937533424953], [-75.62124902772958, 6.128809494752889], [-75.62118309759768, 6.128763043123579], [-75.6210258580385, 6.128674730930034], [-75.62088982686568, 6.128598327155885], [-75.6207594333674, 6.128510009191197], [-75.62061102030252, 6.128324182535832], [-75.62047463509056, 6.128206312043345], [-75.62033615036977, 6.127991015886317], [-75.62033001417682, 6.127981474618571], [-75.62030231763575, 6.127938420437083], [-75.62016226018201, 6.127630329283504], [-75.62009832744059, 6.127489694511506], [-75.61998597931816, 6.1272433334253975], [-75.61986078758528, 6.127182874415715], [-75.6197621017405, 6.127170816617286], [-75.61972865682976, 6.127177686416855], [-75.6197263946818, 6.127178150408474], [-75.6197223332892, 6.127178984818942], [-75.61965294220899, 6.127193240199704], [-75.61945146748677, 6.127297874525937], [-75.61942573807003, 6.127311238431507], [-75.61940222678668, 6.127323447859211], [-75.61935688811639, 6.127346996009556], [-75.61928144565728, 6.1273865032976405], [-75.6192630828095, 6.1273961200288305], [-75.61914808747436, 6.127456337354141], [-75.61907725596566, 6.127493430852185], [-75.6190169509656, 6.127525010569858], [-75.61874385427261, 6.127628274333633], [-75.61867672034676, 6.127653660231387], [-75.61857608659979, 6.127691712069333], [-75.618523307457, 6.127710175032581], [-75.61835856070205, 6.127767802932425], [-75.61834076409649, 6.1277690760154], [-75.6180556500568, 6.127789489557521], [-75.61795367848664, 6.127796791695919], [-75.61787822021365, 6.127779017638824], [-75.61785799063995, 6.12777425261674], [-75.61778233072137, 6.127756432517311], [-75.61768189749064, 6.127689295748548], [-75.61758681080956, 6.127625732805828], [-75.61746660856657, 6.127476176165809], [-75.61733042331763, 6.127306734952375], [-75.61727069914181, 6.127262390413554], [-75.61726489832621, 6.127258082864877], [-75.61717640577395, 6.127192373896749], [-75.61716409707225, 6.127183236085175], [-75.61707870889676, 6.127145308202665], [-75.61651851406407, 6.126896472893498], [-75.61613901125352, 6.126727900737642], [-75.61596015976427, 6.126695164288436], [-75.61585902168234, 6.12667665271331], [-75.61543521721245, 6.126635692093254], [-75.61533009719084, 6.126618385062518], [-75.61509134614718, 6.126579075110019], [-75.61502211571019, 6.126592809288591], [-75.61484851125465, 6.1266272503431125], [-75.61467453288019, 6.126597153916017], [-75.61464334398408, 6.126591758732147], [-75.61459874876462, 6.1265840431215794], [-75.61439504775238, 6.126509842201648], [-75.61414643128509, 6.126438764998831], [-75.6140499489334, 6.1266596950707335], [-75.61395032166186, 6.1269227843258545], [-75.61392821991498, 6.126959256272089], [-75.61385338784828, 6.1270827257823655], [-75.61383137926447, 6.127119040872564], [-75.61372387930629, 6.127295127107539], [-75.61371341382078, 6.127312270378314], [-75.6136838668922, 6.127360668885516], [-75.6136824553585, 6.127370549954575], [-75.61368339759558, 6.127408061295213], [-75.6136856352283, 6.1274969966998105], [-75.6136945134729, 6.127575723573981], [-75.61370096086402, 6.127632879587825], [-75.61371036240124, 6.127779386089299], [-75.61371217559271, 6.1278076654012805], [-75.61373747634472, 6.1278993270709785], [-75.61375104208152, 6.12794848084576], [-75.61386231878897, 6.128123249574075], [-75.61390465510196, 6.128224446450492], [-75.61397970860298, 6.128351600300255], [-75.61406745720463, 6.128475784721194], [-75.61415323625548, 6.128569257739448], [-75.61415611113172, 6.128571639481444], [-75.61420212630293, 6.128609744553827], [-75.6142538195804, 6.12865255197494], [-75.61435445895303, 6.128743824263289], [-75.6144329470948, 6.128818004804344], [-75.61446809781431, 6.128851228473543], [-75.61460522286154, 6.1289452888721545], [-75.61466386174776, 6.128980044195749], [-75.61469901989787, 6.129000882139074], [-75.61477752227586, 6.129055348525997], [-75.6148785459859, 6.129181539103689], [-75.61488760437962, 6.129199847369374], [-75.61491285930634, 6.12925088592933], [-75.61494899617045, 6.129323916945087], [-75.61494967433802, 6.129327961124417], [-75.61495867513948, 6.1293817215886515], [-75.6149822930161, 6.129522775720886], [-75.61498555844503, 6.12954228301862], [-75.61499267626643, 6.129584789855497], [-75.6150099258785, 6.1295958048350645], [-75.61506977765511, 6.129634028465203], [-75.61507020441604, 6.129634302121154], [-75.61508205297322, 6.129635746835624], [-75.61509727353834, 6.12963760361523], [-75.61517342428644, 6.129646898120881], [-75.61519275542692, 6.129652815770176], [-75.6153042220773, 6.129686948745921], [-75.61538072036284, 6.129757735855257], [-75.61542190609075, 6.129795844430318], [-75.61544485531417, 6.12981708091904], [-75.61550541813678, 6.129920202744565], [-75.61554690424438, 6.129990842520476], [-75.61556428346348, 6.130020106242653], [-75.61556500062612, 6.130020103645067], [-75.61556527202897, 6.130020562487679], [-75.6155659787497, 6.1300217533034465], [-75.6155707317827, 6.13002975636208], [-75.61565742944617, 6.130175754072437], [-75.61567929306771, 6.130212571026672], [-75.6157164725237, 6.130237431099429], [-75.61571836285844, 6.130238696596567], [-75.61583159132357, 6.130314411271107], [-75.61584985137972, 6.130332586868759], [-75.61589061565813, 6.130373162810099], [-75.61592181515506, 6.130404219574926], [-75.61599609436114, 6.130478157162111], [-75.61601648559574, 6.130498455927497], [-75.6161718399501, 6.130649266780372], [-75.61618101425803, 6.130658171279795], [-75.61618326188879, 6.130664729215852], [-75.616204987121, 6.130728171424374], [-75.61622731708336, 6.130793373596695], [-75.6162281504195, 6.130798116755401], [-75.6162412395634, 6.1308726361205474], [-75.61624219925147, 6.130878099199284], [-75.61625094329642, 6.130927877531269], [-75.6162542555599, 6.130935671542767], [-75.6163385763941, 6.131134116195051], [-75.61634268088079, 6.1311437777428806], [-75.61636226610253, 6.131204198158693], [-75.61638728465236, 6.131282647951319], [-75.6164058685661, 6.1313409224896755], [-75.61641575698948, 6.131371422429338], [-75.61641994236615, 6.131384334586092], [-75.6164261901603, 6.131403607590345], [-75.61643173810995, 6.13141643262863], [-75.61643947672708, 6.131434319654999], [-75.61645321183119, 6.1314660655820985], [-75.61647050062382, 6.131506026532708], [-75.61648055781019, 6.1315292714524565], [-75.61649179806219, 6.131555256227106], [-75.61651546155608, 6.131609949356812], [-75.61652094188834, 6.131622613799675], [-75.61653635632011, 6.131657174900322], [-75.61653673440807, 6.131658024679165], [-75.61656113504256, 6.13171273409069], [-75.61658060878466, 6.13175824614256], [-75.61659377369216, 6.131789010321562], [-75.61662403138702, 6.131859728256307], [-75.61662610323442, 6.131863576668054], [-75.61667382954472, 6.1319522226689], [-75.61667633892245, 6.131956885309872], [-75.6166802255906, 6.1319641078518], [-75.61670176077376, 6.132004106795383], [-75.61672426527036, 6.132071909028873], [-75.61674983614661, 6.132148939399847], [-75.6167501708389, 6.132150336347519], [-75.61676018192172, 6.132192269331978], [-75.61676800353762, 6.132241609141738], [-75.6167697434898, 6.13225259583511], [-75.61676635643663, 6.132315579365478], [-75.61676325261028, 6.132373297161907], [-75.61675879273798, 6.132386147588731], [-75.6167443700103, 6.132427875414608], [-75.61672745965382, 6.132476807206756], [-75.61672485304051, 6.132492763973534], [-75.61672112201177, 6.132515598006734], [-75.61671769445002, 6.132536575422793], [-75.6167140950422, 6.13255861685507], [-75.61671136031983, 6.132575345412606], [-75.61670828445611, 6.1325941694437756], [-75.61670730828918, 6.1326001446364495], [-75.6167052366093, 6.1326128116217475], [-75.61670338335443, 6.132624149473267], [-75.61670156730611, 6.132632004697992], [-75.6166974620428, 6.132649779624104], [-75.61669315504227, 6.13266841620273], [-75.61668941247221, 6.132684625330104], [-75.61668778663076, 6.132691662353788], [-75.61668593699184, 6.132699667817], [-75.61668498434037, 6.132703797705264], [-75.61668417050538, 6.13270731396143], [-75.61668296500677, 6.1327101604138825], [-75.61668073259963, 6.132715431153366], [-75.61667844214428, 6.132720837785751], [-75.61667348797602, 6.132732532526488], [-75.61666660231236, 6.132748784135789], [-75.616659346973, 6.132765910875178], [-75.61665612246819, 6.132773520749912], [-75.61665583276539, 6.132776347358019], [-75.61665542328684, 6.132780357968044], [-75.61665351533722, 6.132799000000664], [-75.61665149177973, 6.132818754594018], [-75.6166493001107, 6.132840153592881], [-75.61664746976071, 6.132858038546882], [-75.61664585228527, 6.132873826845921], [-75.61664186577181, 6.132900576715959], [-75.61663551426503, 6.132943190863274], [-75.61663531510578, 6.132945136472987], [-75.61663189594499, 6.132978390101838], [-75.61663086120159, 6.132988466404498], [-75.61662959274878, 6.13300081213979], [-75.61662799655825, 6.1330163345409865], [-75.61662703250144, 6.133025717987078], [-75.61662704037974, 6.133026777508743], [-75.61662724549552, 6.1330529011736425], [-75.6166276414583, 6.133103334121483], [-75.6166276771544, 6.133107874144246], [-75.61662778680427, 6.133121834127173], [-75.61662791833065, 6.133138797295701], [-75.61663021691633, 6.133155424411437], [-75.6166355211498, 6.133193825625924], [-75.61663448801255, 6.133226634548839], [-75.61663403851108, 6.133240956176717], [-75.61663370155243, 6.1332516854180135], [-75.61663819878439, 6.133300927561725], [-75.61663965779661, 6.133316905143617], [-75.61664563689177, 6.133382364333046], [-75.61665617413674, 6.1334341951181255], [-75.61665790663402, 6.133442725512037], [-75.61665795890697, 6.133450848249514], [-75.6166580153346, 6.133459822592638], [-75.61665843674132, 6.133526575533057], [-75.61665866185463, 6.1335623499560015], [-75.61665886197025, 6.133584298687992], [-75.6166589279687, 6.133591531761782], [-75.61665903742393, 6.1336032288790365], [-75.61665949396424, 6.133652928334643], [-75.61665978351056, 6.1336845057888505], [-75.61665722187105, 6.13369597909709], [-75.61665703009169, 6.1336968452213085], [-75.61665357212306, 6.133712328807119], [-75.61664565035728, 6.1337478193945785], [-75.61663065798089, 6.133814973133922], [-75.61662388309537, 6.133829492929223], [-75.61659888782357, 6.1338830677361615], [-75.61659474024749, 6.133897908289232], [-75.61657149336422, 6.133981043694205], [-75.61656202583863, 6.1340420219111795], [-75.6165604994257, 6.134051850192863], [-75.61655936620339, 6.134059143372183], [-75.6165580035733, 6.1340679212378655], [-75.61654755426845, 6.134135204659666], [-75.61651626087155, 6.134217155299081], [-75.61651183641341, 6.134228748913314], [-75.61650976373554, 6.134234175277149], [-75.61650444472335, 6.1342481066468375], [-75.61649798144857, 6.13425873745601], [-75.61645110769929, 6.134335837114468], [-75.61644674657904, 6.134343010462057], [-75.61643722436882, 6.134419440270145], [-75.61643606076903, 6.13443383681118], [-75.61643561267789, 6.134439374570958], [-75.6164297730174, 6.13451154542719], [-75.61643212286644, 6.134824137673193], [-75.61642964462436, 6.134839744850641], [-75.61642179711937, 6.1348891594416814], [-75.61640969765494, 6.13495812345335], [-75.6164013577787, 6.13500566633233], [-75.61639964784489, 6.135008611987098], [-75.61637554818138, 6.13505007524213], [-75.6162798694815, 6.135148563105412], [-75.61623110458419, 6.135165193914483], [-75.61616585259236, 6.135162749140029], [-75.61616385953087, 6.135162278824873], [-75.61609294235767, 6.135145582073773], [-75.61607401826015, 6.135141124424157], [-75.6160025456754, 6.13514092317564], [-75.61593445929809, 6.135147185684447], [-75.6159110940628, 6.135158682018973], [-75.61586973498119, 6.135179032079254], [-75.6158485218388, 6.13521304440889], [-75.61584087085771, 6.135240172021039], [-75.61583518118822, 6.135260336002483], [-75.61582562566072, 6.135294213609885], [-75.61582363325374, 6.13530443111227], [-75.61581834435692, 6.135331575206852], [-75.6158055229764, 6.135397361374499], [-75.61580296309914, 6.135410494538592], [-75.61574996492274, 6.135475144475867], [-75.61571660401042, 6.135515840241021], [-75.61571022976504, 6.135523618302047], [-75.61569943652778, 6.135545780795245], [-75.61567877116643, 6.135588212694508], [-75.61567464488084, 6.135596683129771], [-75.61563045334958, 6.1356874309873515], [-75.61561967890472, 6.135713446502935], [-75.6156162507929, 6.135721723673325], [-75.61560158222149, 6.135757140578365], [-75.61559732031724, 6.135767436074426], [-75.61559581157651, 6.135771075969994], [-75.61558802196087, 6.135789414067217], [-75.61558089313297, 6.135806190331831], [-75.6155613855778, 6.1358521089684075], [-75.61556127930166, 6.135852357200859], [-75.6155501176937, 6.135878626843232], [-75.61553858591606, 6.135897894524517], [-75.61553059894838, 6.135972242956981], [-75.61552169089511, 6.136055155553353], [-75.6155066663329, 6.136106844610723], [-75.61550185860955, 6.136123383517414], [-75.61549772869989, 6.136137592055149], [-75.61548965454658, 6.136165370859471], [-75.61548160154078, 6.136189338033955], [-75.61548360839305, 6.136225590164678], [-75.61551165276794, 6.136297270000467], [-75.61551861840422, 6.1363214702494195], [-75.61552650379548, 6.13634886728714], [-75.61552883759627, 6.136356970743502], [-75.6155290470045, 6.1363576812170155], [-75.61554428782054, 6.136409376947478], [-75.615547144414, 6.136413367981317], [-75.61556046702701, 6.136431987119596], [-75.61557507508971, 6.136509317007833], [-75.6155797157717, 6.136533890242183], [-75.61558053233567, 6.136544076840374], [-75.61558296502457, 6.136574483931443], [-75.61558693278602, 6.136624049638136], [-75.6155616458993, 6.136673792691966], [-75.61553799693058, 6.136713419420591], [-75.61553102660166, 6.136725100524392], [-75.61557360379001, 6.136766849036123], [-75.61561582552187, 6.136817384051407], [-75.61569498716433, 6.13690687172301], [-75.61576920350572, 6.13697210947985], [-75.61586935589945, 6.137047150642413], [-75.61591638220776, 6.137096412710395], [-75.61594986232323, 6.137154356707639], [-75.61596730599402, 6.1372135842171645], [-75.61596668932066, 6.137328940109896], [-75.61596977804113, 6.137361614079847], [-75.61602014758851, 6.137397786138026], [-75.61613790067386, 6.137459447820268], [-75.6161846421637, 6.13751585331901], [-75.61631788376062, 6.137704526772888], [-75.61635619188843, 6.137758772089221], [-75.61645053717893, 6.137867056664776], [-75.61647731776506, 6.137888693688988], [-75.61649357275009, 6.137901827956898], [-75.61656457231827, 6.137959188777518], [-75.61668823161024, 6.138070360321278], [-75.61678376241659, 6.138215154024], [-75.61678733595313, 6.1382205708571815], [-75.61683151590299, 6.138332647304035], [-75.6168840075463, 6.138468750095174], [-75.6169229074345, 6.138569608536265], [-75.61693652938438, 6.1386049241425065], [-75.61694470341226, 6.1386664272176645], [-75.61696750001454, 6.138837930013675], [-75.6169940872385, 6.138968848128545], [-75.61705897808834, 6.139060197933028], [-75.6170993385281, 6.139117012366669], [-75.61729053405811, 6.139307172761351], [-75.61735629348351, 6.139361999604626], [-75.61749598126647, 6.139478459725959], [-75.61769712334666, 6.139617880502604], [-75.61774042467391, 6.139630274798429], [-75.6177608725014, 6.1396128691933844], [-75.61787162407231, 6.1397320066642544], [-75.61792423059595, 6.139905011460657], [-75.61794701010888, 6.139979927935814], [-75.61797461468223, 6.140230975154749], [-75.61800094442427, 6.140358465240799], [-75.61802109976546, 6.140456063859674], [-75.6180597680089, 6.140737872683285], [-75.61807747139456, 6.140567726837602], [-75.61808365764384, 6.140598927316474], [-75.61814373967077, 6.140456777071044], [-75.61817560939392, 6.140381372493787], [-75.6181790061348, 6.140373339562045], [-75.61835584379779, 6.1404567566125445], [-75.61842725842138, 6.140490443012772], [-75.61867314419634, 6.140606428719232], [-75.61869576066127, 6.140617097077557], [-75.61885070079614, 6.140690182850269], [-75.61918606633121, 6.140671873164549], [-75.61918722501794, 6.140672202895642]]]}, "properties": {"SE_ANNO_CAD_DATA": null, "SHAPE.AREA": 0, "SHAPE.LEN": 0, "OBJECTID": 2, "VEREDA": "0002", "PK_VEREDA": "63120010000002", "NOM_VEREDA": "VEREDA SAN JOSE", "MUNICIPIO": "631", "SECTOR": "2", "CORREGIMIENTO": "001", "BARRIO": "000", "nombre_barrio_estandarizado": "VEREDA SAN JOSE", "municipio_estandarizado": "sabaneta"}}, {"type": "Feature", "geometry": {"type": "Polygon", "coordinates": [[[-75.6020791210637, 6.153924870187019], [-75.60210520030142, 6.153932716026703], [-75.6021094896802, 6.153934126255945], [-75.60211792459755, 6.153936902212129], [-75.60215177883322, 6.153947974738105], [-75.60220642768756, 6.153984819474143], [-75.60222026786028, 6.153989068924272], [-75.60226070733614, 6.154001487133196], [-75.6022918132987, 6.15403102062108], [-75.60231678645481, 6.154054730152551], [-75.60233895493238, 6.154072697138648], [-75.60236010952163, 6.154089840938497], [-75.6023608552472, 6.154090316459488], [-75.60240453196562, 6.1541180998268015], [-75.60243067566756, 6.154134731996727], [-75.60247413112239, 6.15416140985141], [-75.60249824706187, 6.154176213025203], [-75.60251731296495, 6.15418791906982], [-75.60254800131952, 6.154219615298457], [-75.60256114893677, 6.1542331954138], [-75.60256370910082, 6.154235839991844], [-75.60264863428054, 6.154321410160212], [-75.60266081896799, 6.154333686777042], [-75.60269742969827, 6.154366570982765], [-75.60272515378566, 6.154391469477041], [-75.60273316400678, 6.15439866568477], [-75.60273746624992, 6.154404201119136], [-75.60274654160304, 6.154415879938674], [-75.60279535165446, 6.154478697176145], [-75.60283282338203, 6.15453275683064], [-75.60286681282764, 6.154623710511249], [-75.60288115063537, 6.15466596554466], [-75.60289329633362, 6.154660772982367], [-75.6029066806136, 6.154654130576909], [-75.60293998227368, 6.154637605348518], [-75.60293371172259, 6.154618338549023], [-75.60293248257193, 6.154606144111182], [-75.6029371897432, 6.154581496071327], [-75.60294192465545, 6.154565697844165], [-75.60294573432168, 6.154558561511405], [-75.60296391702829, 6.154524494220353], [-75.60298835455211, 6.154475672722646], [-75.60298684043161, 6.154474147709085], [-75.60296040622023, 6.1544475767409486], [-75.60288514138982, 6.154397000406695], [-75.60284882834758, 6.154359955137994], [-75.60283134175215, 6.15433199887199], [-75.60283023600397, 6.154330490851164], [-75.60282999712877, 6.154329851030172], [-75.60281658629933, 6.154308408601624], [-75.60281244360337, 6.154260323202531], [-75.6028129480149, 6.154252979687416], [-75.60281531803133, 6.154218429007135], [-75.60280994404754, 6.154214659026505], [-75.60279556871475, 6.154204575525435], [-75.60278250674875, 6.154195415002435], [-75.60275916399192, 6.154172442506297], [-75.60274086967124, 6.15414407520385], [-75.6027344195342, 6.154111853033048], [-75.60273342434628, 6.154106893634045], [-75.60273974665762, 6.154081325508374], [-75.60276722139825, 6.154042773915998], [-75.60278932093335, 6.15400521047257], [-75.60281285779912, 6.153979930861288], [-75.60283233816762, 6.153967676997651], [-75.6028427573647, 6.153961125004779], [-75.6028634485588, 6.153933187743817], [-75.60288994672274, 6.153897954334346], [-75.60291417021665, 6.1538780822366235], [-75.60294909273725, 6.153856999837909], [-75.6029488014471, 6.1538561695136815], [-75.60292116006529, 6.153777755058091], [-75.60290359132186, 6.153727912539997], [-75.60293036727978, 6.15363638310358], [-75.6029627754085, 6.153584584515701], [-75.60320143217471, 6.1532031358102435], [-75.60323916365, 6.153127281067579], [-75.60324565345532, 6.153102166880555], [-75.60334638699273, 6.15271229058429], [-75.60337592815186, 6.152567949071438], [-75.60339450325282, 6.152477012956227], [-75.60339572516183, 6.152471026570669], [-75.60339620099707, 6.152468759553423], [-75.60341296890711, 6.152467303582142], [-75.60345049763843, 6.152303438594288], [-75.60346047136711, 6.152253823386058], [-75.6034666720641, 6.152244096988217], [-75.60348067896057, 6.152222120334111], [-75.60352681063533, 6.152175694624361], [-75.60355311735655, 6.152157745280532], [-75.60354148877975, 6.15211719296764], [-75.60350468027619, 6.1520304786789275], [-75.60347220470122, 6.151955233080569], [-75.6034602806325, 6.1519315367866], [-75.60345418038693, 6.1519194085995625], [-75.60340950278274, 6.1518802560357635], [-75.6033864329771, 6.151865267857668], [-75.60336818211002, 6.151853411382549], [-75.60332549149425, 6.151824596203126], [-75.60326795259539, 6.151785756768762], [-75.60315723341454, 6.151715546841499], [-75.60313746968393, 6.151700749557135], [-75.6030734159913, 6.151654983226445], [-75.60304813896076, 6.151636922003268], [-75.60302586041232, 6.151621925422209], [-75.60300545329487, 6.151608189933932], [-75.60297636423384, 6.151588612180751], [-75.60296300962368, 6.151579624836465], [-75.60294576716957, 6.1515680210820145], [-75.60293583005094, 6.151561332398619], [-75.60287939849702, 6.151503350128252], [-75.60281944309939, 6.151419730208784], [-75.60278756437795, 6.1513620395621], [-75.60278403120213, 6.151355644213021], [-75.60276136870053, 6.151323928693519], [-75.60275774351075, 6.151318857352406], [-75.60273803137561, 6.151291270803655], [-75.60269882659934, 6.1512568830303405], [-75.60267340975025, 6.1512345859811255], [-75.6026574918012, 6.1512206242642815], [-75.60256752939095, 6.15114074786965], [-75.60253227954155, 6.151103082523145], [-75.60251748715916, 6.151087277335567], [-75.60248856615176, 6.151056376130549], [-75.6024769591055, 6.151038784338215], [-75.60246975490911, 6.151026250154924], [-75.60246193427787, 6.151007138242592], [-75.6024465963792, 6.150969998727496], [-75.60242180309876, 6.15089689433847], [-75.60240376925113, 6.150862798407002], [-75.60237902028622, 6.15082200349099], [-75.60237070021952, 6.150808290409844], [-75.60233956833439, 6.150760566156935], [-75.60232948823878, 6.150738411299174], [-75.60231066109368, 6.1506970287958795], [-75.60229417057582, 6.150657094073095], [-75.60229370447506, 6.150655236670285], [-75.60229180700463, 6.150647694211315], [-75.60228826532718, 6.15063360796172], [-75.60229559567685, 6.15055993834376], [-75.60229448766317, 6.1505470082926905], [-75.60229315178019, 6.150531429519356], [-75.6022890798885, 6.150483927763903], [-75.60222419645416, 6.150469942484165], [-75.60221280579728, 6.150467487392161], [-75.60220261415114, 6.150465289541102], [-75.60220224703365, 6.150465210867945], [-75.60215564633963, 6.150455165920883], [-75.60215350601291, 6.150454704426542], [-75.60215039182184, 6.150454032509354], [-75.60210560828658, 6.150444120640376], [-75.60207376925135, 6.1504370739713545], [-75.60206734175487, 6.150435649739781], [-75.60205220081144, 6.15043229980796], [-75.6020400122777, 6.150429602692452], [-75.60201603307395, 6.150424294216497], [-75.60195471987547, 6.150413370766823], [-75.6019066693908, 6.150404808303795], [-75.60189943528184, 6.150402460423078], [-75.60187162608818, 6.150393427746793], [-75.60186703159499, 6.150391679963329], [-75.6018452482507, 6.150383393615121], [-75.60181382251805, 6.1503714358049], [-75.60180522785664, 6.150369603544551], [-75.6017759034638, 6.150364762288548], [-75.60177585390565, 6.150362187734082], [-75.60177580763163, 6.150359916931649], [-75.6017755775333, 6.150348267281946], [-75.60177457394444, 6.150326904439489], [-75.60177455710256, 6.150326598945346], [-75.60177346280206, 6.150307757096517], [-75.60176756148488, 6.15027040249009], [-75.60177022439692, 6.150243851396265], [-75.60177405192404, 6.15022404261838], [-75.60177373597392, 6.150200870994088], [-75.60176516220133, 6.150173062844095], [-75.60175939722171, 6.150164664986671], [-75.60174920833553, 6.150139263207577], [-75.60174392183563, 6.150114283248432], [-75.60174159659897, 6.150091962200269], [-75.60172976224497, 6.150047683284425], [-75.60171659935655, 6.150014216305056], [-75.60169883001772, 6.149985270429295], [-75.60168846845816, 6.149962993959339], [-75.60167807933819, 6.149945636677177], [-75.60167773377356, 6.149920831537581], [-75.60167611443637, 6.149898783694169], [-75.60167446044079, 6.149876295736617], [-75.60167941855941, 6.14983338965112], [-75.60168253173738, 6.149800238447479], [-75.60168749689356, 6.149762122099902], [-75.60169401660278, 6.149725490800996], [-75.60170161553285, 6.149694945879339], [-75.60170750721731, 6.1496712657553365], [-75.60170495701877, 6.149628132262971], [-75.6016965532364, 6.149598868626529], [-75.60168117818088, 6.149557220624247], [-75.60165809803327, 6.149521502898055], [-75.60164847631587, 6.149498675854774], [-75.60163870152493, 6.149486349445822], [-75.60162810511375, 6.149472984644535], [-75.60160986617547, 6.14943421016731], [-75.6016052122286, 6.149424321501197], [-75.60156331268334, 6.149330022996241], [-75.60155744443934, 6.149302058808458], [-75.6015485080402, 6.1492594834930285], [-75.60154347205041, 6.149235486837574], [-75.60153437233747, 6.14919889184747], [-75.60151884362212, 6.149174862226191], [-75.60150768808735, 6.149157596360029], [-75.60148604407134, 6.149134111846974], [-75.60144503522746, 6.149121547922005], [-75.60142698473764, 6.149115205184799], [-75.6013936643124, 6.1491034979307635], [-75.60138022170428, 6.149078066773429], [-75.60134620700464, 6.149047111588636], [-75.60133296131835, 6.149035056118116], [-75.60130893939201, 6.1489971695553205], [-75.60129469177156, 6.148948105351747], [-75.60129646202888, 6.1489194584408216], [-75.60130956496216, 6.148872988605222], [-75.60131098490046, 6.148867409893502], [-75.60132640497379, 6.148806865028845], [-75.60134044565018, 6.148715464578932], [-75.60134530890065, 6.148680344818198], [-75.60135289135837, 6.148625597972313], [-75.60135300307283, 6.148624794612297], [-75.60135646948044, 6.148601489739299], [-75.60135652990233, 6.148601097981843], [-75.60135880059912, 6.148585830707978], [-75.60136421534737, 6.1485545279658425], [-75.60137045163194, 6.148518487501842], [-75.60137912507803, 6.148468347918769], [-75.60138293873659, 6.148396447488084], [-75.60138426697881, 6.148371451566309], [-75.60136806987906, 6.148320854507701], [-75.60136534814993, 6.148316739770952], [-75.60134171431808, 6.148280635040208], [-75.60133384606837, 6.1482686121364925], [-75.60126277171037, 6.148180847422455], [-75.60126124774831, 6.148178964429614], [-75.60124253953268, 6.148155864283211], [-75.60120798397331, 6.1481089548227805], [-75.60115972151526, 6.148087776002298], [-75.60113295729296, 6.148065310863312], [-75.60109395362169, 6.1480497310686895], [-75.60108200434446, 6.148044955183442], [-75.60106515885185, 6.14802894472957], [-75.60106315242993, 6.148027039675117], [-75.6010580741853, 6.1480222122485495], [-75.60101415416445, 6.147974344845216], [-75.6009807036687, 6.147937163217282], [-75.60093474424468, 6.147913308850839], [-75.60087537190114, 6.147887212595332], [-75.60084292260221, 6.147879464480986], [-75.60083493643754, 6.147877558706302], [-75.6008339533782, 6.147877313968862], [-75.60080168371427, 6.147871214004847], [-75.60077680358312, 6.147866552601723], [-75.6007753597192, 6.147866281177471], [-75.60075366294642, 6.1478622154265326], [-75.60068394087166, 6.147849147494762], [-75.60068318647215, 6.147848743431049], [-75.60065523837544, 6.147833775162999], [-75.6006448144477, 6.147828193541854], [-75.60064135224937, 6.14782635343314], [-75.6006413268877, 6.1478263390914645], [-75.60063994118295, 6.147825581896674], [-75.60062351102454, 6.147816222467718], [-75.60061511312924, 6.147808031773381], [-75.60058219222961, 6.147775917564679], [-75.60057913490975, 6.147772447249565], [-75.60057185312778, 6.14776418512291], [-75.60057094936384, 6.147763157071986], [-75.60056640971655, 6.147758006069937], [-75.60054788960865, 6.147736987947544], [-75.60052895077405, 6.147715493608022], [-75.60052564282807, 6.147713610255704], [-75.60050005417197, 6.147699024663809], [-75.6004818205707, 6.1476886343239245], [-75.6004511214434, 6.147671138083677], [-75.60041188005644, 6.147616300021029], [-75.60040383220917, 6.147602629840374], [-75.6004026990383, 6.147601049613211], [-75.6003602256958, 6.147541746691199], [-75.6003559696326, 6.147521342598892], [-75.6003328799456, 6.1474624271842915], [-75.60032384422077, 6.1474266997227645], [-75.60031594489854, 6.14735603878326], [-75.60032106997497, 6.1472768161615825], [-75.6003225463599, 6.147206076133382], [-75.60031071645585, 6.147113951747624], [-75.60031069747426, 6.147110974728486], [-75.60031052865857, 6.147085340567774], [-75.60031018888567, 6.147034188882031], [-75.60030787363863, 6.147009250455821], [-75.60030439730265, 6.146971780000109], [-75.6003033202378, 6.14696018146885], [-75.60030173605394, 6.146943113957623], [-75.6003035375718, 6.146897271413096], [-75.60030370137214, 6.1468930585409085], [-75.60030375674813, 6.146891628028299], [-75.60031171119346, 6.146698867221099], [-75.60028883097026, 6.1466196507169935], [-75.60028049432255, 6.146590780852525], [-75.60024724855323, 6.146496236512463], [-75.60018567811262, 6.146418700011721], [-75.60012924094342, 6.146383908395108], [-75.60001633030676, 6.146346269825416], [-75.6000022042998, 6.146330179166279], [-75.59996206800791, 6.146284464747273], [-75.59993612081655, 6.1462635523262525], [-75.59988340666416, 6.146221066973139], [-75.59982123456541, 6.146181621017887], [-75.59979823478074, 6.146167029084623], [-75.59976734539602, 6.146139163965197], [-75.59969619650417, 6.146074984635468], [-75.5996853477866, 6.146056696486571], [-75.59968305071851, 6.146035118394672], [-75.5996812798731, 6.146018481214691], [-75.5996857935506, 6.145960451204647], [-75.5996867997932, 6.1459574728121185], [-75.59970659890261, 6.145898905547815], [-75.59971969619907, 6.145860162861378], [-75.59972109614813, 6.145853811264504], [-75.59973259915243, 6.145801677970867], [-75.5997278348675, 6.145756963993387], [-75.59972275151482, 6.145746613581503], [-75.59971940429527, 6.1457398023059495], [-75.59971312765926, 6.145727023934439], [-75.59968922574228, 6.145703921814457], [-75.5996811958209, 6.145696161441826], [-75.5996086546456, 6.145662400060942], [-75.59957468959932, 6.145648849603975], [-75.59957142966489, 6.14564754913259], [-75.59956780440085, 6.145643375485387], [-75.59956570267252, 6.145667039883912], [-75.59956145974346, 6.14569396484282], [-75.59956546063212, 6.145723033033041], [-75.59956637547059, 6.145729690698506], [-75.59958070342442, 6.145753891744615], [-75.59960127219264, 6.145776799437412], [-75.59960841769727, 6.14581113482727], [-75.59959453809185, 6.145863814897204], [-75.59956455705189, 6.145913986749777], [-75.5995546275704, 6.145930600392843], [-75.5995079052822, 6.145971510095769], [-75.59943926216152, 6.146037719350669], [-75.59939910515104, 6.146074959119934], [-75.59938156516323, 6.146090013194062], [-75.59937110303117, 6.146089947465817], [-75.5993660535315, 6.1460899159785125], [-75.5993657942869, 6.1460899154315465], [-75.59935131407818, 6.146087746485942], [-75.59933338787027, 6.146110692287113], [-75.59932729744315, 6.146139977733024], [-75.59932241448624, 6.146163452249251], [-75.59929759794018, 6.146222090037295], [-75.59929295684275, 6.14623305732905], [-75.59928313869383, 6.146250092633586], [-75.59927918578965, 6.146256945755329], [-75.59926846294171, 6.14627554950833], [-75.59926306572338, 6.146281107790642], [-75.59921708915228, 6.1463284571939], [-75.59917450273522, 6.146373417815269], [-75.59913577887552, 6.146399431961471], [-75.59913169041077, 6.146402179440575], [-75.59912825674667, 6.146403794546358], [-75.59912534877405, 6.146405033712426], [-75.5991255738121, 6.146403384491523], [-75.59912597420728, 6.146396923842016], [-75.59912655646492, 6.146387549382688], [-75.59912707650416, 6.146379127215542], [-75.59912756158741, 6.146371319084415], [-75.59912771307928, 6.146368847514329], [-75.59912788404667, 6.146366108243735], [-75.59912889696032, 6.146356318527817], [-75.59912972356753, 6.146348341481698], [-75.59913002725615, 6.146345403573352], [-75.59913174007379, 6.146328888665543], [-75.59913628717922, 6.146310655791338], [-75.59913764456856, 6.146305211185553], [-75.59913938738687, 6.146298222355272], [-75.59914148574524, 6.146288556641706], [-75.59914326691856, 6.146280351645898], [-75.59914482371222, 6.146273187426242], [-75.59914407223336, 6.146249574871829], [-75.5991434513093, 6.146239640315554], [-75.59914153954213, 6.146209047628779], [-75.59914485410415, 6.14620634369415], [-75.59914652127934, 6.14620498309001], [-75.59915866568437, 6.146195077747413], [-75.5991640383631, 6.146165306687121], [-75.59916286061691, 6.146155103617583], [-75.59916176957512, 6.146145642370649], [-75.59915996191275, 6.146129977240569], [-75.59915590921523, 6.1460989809028295], [-75.59915529478614, 6.146094289941695], [-75.59915433226155, 6.146086926424231], [-75.59915334646266, 6.146049471834951], [-75.59915583725132, 6.146007708696715], [-75.59915644125944, 6.145997604544469], [-75.59915237230204, 6.145952655717563], [-75.59916378860055, 6.145912975543569], [-75.59916886340335, 6.145895337696513], [-75.59917627957839, 6.145868970478855], [-75.59917690557342, 6.145866742508751], [-75.59918526120335, 6.145837035594074], [-75.59918570931279, 6.145824775080888], [-75.59918655020893, 6.1458016963209445], [-75.59918493884311, 6.145771207045585], [-75.59918374842067, 6.1457487194858285], [-75.59917486412616, 6.1456952234644024], [-75.59916888472922, 6.145659201711417], [-75.59918198358538, 6.145564962460361], [-75.59920240082592, 6.145512393430796], [-75.5992070862669, 6.145500326572291], [-75.59920947272033, 6.145494184441496], [-75.59922974185172, 6.145441994036178], [-75.59923246728552, 6.145434973305337], [-75.59923314273547, 6.145407770967406], [-75.5992188418236, 6.1453883893858405], [-75.59922142793033, 6.14535918517601], [-75.5992280123146, 6.145284848248542], [-75.59924228392194, 6.145123694624354], [-75.59924421926371, 6.145101848218746], [-75.59925050553265, 6.145030851486636], [-75.59920801626697, 6.1450465078590994], [-75.59914801173703, 6.145062215967283], [-75.5991235422628, 6.145068622810279], [-75.59900626306998, 6.145051328703597], [-75.59893862158825, 6.145021327800289], [-75.59887285803896, 6.145016633627325], [-75.59883205639257, 6.145023981464978], [-75.59875783616596, 6.1450626100358825], [-75.5985846410907, 6.145073586914825], [-75.59852561642548, 6.145061351596728], [-75.59847366613916, 6.145050580827391], [-75.5983489351214, 6.145016222236145], [-75.5981382938858, 6.144880412904396], [-75.59798526183731, 6.144835740689684], [-75.59788081763924, 6.144790025798342], [-75.59783345282196, 6.144741362785255], [-75.59780126402556, 6.144668125575195], [-75.59779654492586, 6.1445958225481085], [-75.5977795307719, 6.1444562103567035], [-75.59775287109642, 6.14432677158212], [-75.5976814851758, 6.1441657945602905], [-75.5976802522759, 6.144163017810646], [-75.59767907504937, 6.1441603592241725], [-75.59761141879258, 6.144093026188045], [-75.59755728948173, 6.144019054773411], [-75.5975014508994, 6.143978354373449], [-75.59744102839149, 6.143949987027223], [-75.59798273677994, 6.141718944447641], [-75.59799580623132, 6.141665114729249], [-75.59810533887746, 6.141213992716093], [-75.5981452973763, 6.1412289607995145], [-75.59816028320675, 6.141236886332338], [-75.59818916632533, 6.1412521586532165], [-75.59823444638964, 6.141295509599136], [-75.59833483195642, 6.141374865133911], [-75.59837509513561, 6.141400874074719], [-75.59841226931225, 6.141419660907573], [-75.59844228660342, 6.141431508487439], [-75.5984699318688, 6.141434412737306], [-75.59855786351372, 6.141422051641242], [-75.59860380361118, 6.141411344739655], [-75.59865654676213, 6.141406325753363], [-75.59867960484405, 6.141404130706255], [-75.5987095345819, 6.141401282971343], [-75.59877953522374, 6.141403615206435], [-75.59878113746672, 6.141402836244225], [-75.59881322023537, 6.14138725139082], [-75.59884004837849, 6.141374216249302], [-75.59883266159343, 6.141358244617637], [-75.59878745567651, 6.141128542946504], [-75.59873031120128, 6.1409911826260615], [-75.59872218980111, 6.140972363109681], [-75.59869422991179, 6.140907574716243], [-75.59863721541566, 6.140815058520276], [-75.59856226117105, 6.140716612869332], [-75.59848734148612, 6.14063012792973], [-75.5983974428065, 6.1405287361422], [-75.5983357259657, 6.140458380789317], [-75.59823262635743, 6.140340856593279], [-75.59817401994229, 6.140275242427588], [-75.5981127652147, 6.140206662189349], [-75.59796896661646, 6.140057589030525], [-75.5977713788287, 6.139899701053791], [-75.59766344466341, 6.139829587210952], [-75.59762474491437, 6.13980444841497], [-75.59751413392111, 6.139771876579412], [-75.59736771244245, 6.139751366301258], [-75.59728105799664, 6.139739652610029], [-75.59711962667005, 6.139692275511867], [-75.59697300285164, 6.1396000141572245], [-75.59687122521723, 6.139522571592382], [-75.59681125678931, 6.139442023030815], [-75.59675134914185, 6.139382399890077], [-75.5964968304648, 6.139161889209886], [-75.59645968284873, 6.13912840898223], [-75.59633811344956, 6.13901883472592], [-75.59622706731332, 6.13895421243388], [-75.59622332049504, 6.138949542081571], [-75.59620912588139, 6.1388248747256515], [-75.59619992711201, 6.138741191097084], [-75.59616983692746, 6.13866354592191], [-75.59612775674015, 6.13857098652734], [-75.59608218987809, 6.138506756085578], [-75.59602977030595, 6.138559523719306], [-75.59599377453223, 6.13860419430591], [-75.59599343518593, 6.13860425290946], [-75.59590381918635, 6.138601518997995], [-75.595769347131, 6.138580971833496], [-75.59564682339084, 6.138560391067127], [-75.59549440258823, 6.1385309281201454], [-75.59543529499494, 6.138498437601905], [-75.59540443113448, 6.138481473173677], [-75.59538702391724, 6.138471906609215], [-75.59527296093744, 6.138388053581535], [-75.59506956051604, 6.138286982684613], [-75.59488416594027, 6.138215755614215], [-75.59478254999745, 6.138195117489428], [-75.59471684600935, 6.1381982921385365], [-75.59460631138133, 6.138192627159177], [-75.59453459882053, 6.138183860946566], [-75.5944542871744, 6.138163539827867], [-75.59440606654618, 6.138151338995257], [-75.59428646926635, 6.1381098233148315], [-75.59417883660912, 6.138074252657657], [-75.59408614931147, 6.138041629125417], [-75.59404809681295, 6.138029052577902], [-75.59396954727427, 6.138003093134698], [-75.59386496235926, 6.13798844334259], [-75.59377240086232, 6.138000663187959], [-75.59367691924633, 6.13803681002937], [-75.5935351090696, 6.138082913845859], [-75.59345606884317, 6.1381032075109125], [-75.59339930161264, 6.138097389207786], [-75.59327734770123, 6.138050274883513], [-75.59316301000054, 6.137984450779618], [-75.59307023677849, 6.137921930496975], [-75.5930634426637, 6.137918072274108], [-75.5929655233914, 6.137862434337464], [-75.59286682759534, 6.137817869671276], [-75.59273834599522, 6.137803285715173], [-75.59262786192706, 6.137815556049145], [-75.5924934730505, 6.137824905395859], [-75.5923621327107, 6.137855172974885], [-75.59228907910614, 6.137870946001533], [-75.59222183019776, 6.137885467677115], [-75.5920500495934, 6.13789486699711], [-75.59204772786653, 6.137927487463551], [-75.59204217909335, 6.138005379037018], [-75.5920528882053, 6.1380679264721385], [-75.59205632003523, 6.138087971353393], [-75.59205509719304, 6.138121628898605], [-75.59203916425781, 6.138162885978371], [-75.59201665715935, 6.138204115241137], [-75.5919920886757, 6.138232060916611], [-75.59193154579705, 6.1382751976342576], [-75.59187911002523, 6.138343223239318], [-75.59185582828563, 6.138401341738351], [-75.5918455252559, 6.138462731601618], [-75.5918061797128, 6.1385417759899275], [-75.59171729348957, 6.1386408750937775], [-75.59160277246603, 6.138731792613132], [-75.5915621258538, 6.138767813663723], [-75.59152909121929, 6.138807961121461], [-75.59145919817563, 6.13892108992314], [-75.59140195317552, 6.139015062397362], [-75.59136054663078, 6.13913209895753], [-75.59134566630618, 6.13923581559467], [-75.59134749185738, 6.139361713347759], [-75.5913462331892, 6.139453151692306], [-75.59128766383755, 6.139574745702689], [-75.59125266310122, 6.139657184677947], [-75.59124880389696, 6.139688292853885], [-75.59126017075309, 6.139819226218437], [-75.59125862858367, 6.139951216610456], [-75.59124121467633, 6.140082032655124], [-75.59123127443628, 6.140205179350246], [-75.59120869106775, 6.140312461042895], [-75.59117044462728, 6.140409610667759], [-75.59111784424816, 6.140508641616694], [-75.59106409791477, 6.140624173953482], [-75.59102889518442, 6.140753195721961], [-75.59101392311398, 6.140869314996669], [-75.59100853354484, 6.1409315670902185], [-75.59099366273823, 6.141058163253772], [-75.59098434010347, 6.141188540519156], [-75.59098164706187, 6.141300701912294], [-75.59098207405277, 6.141330340992327], [-75.59098348932304, 6.1414285343406725], [-75.59098597887416, 6.141556102352666], [-75.59098549041562, 6.141687050682164], [-75.59099176852824, 6.141943125169855], [-75.59100151395917, 6.142020602754286], [-75.59103335838701, 6.142136589185577], [-75.59107909933338, 6.142260129650351], [-75.5911289473228, 6.142369810550676], [-75.59115036765613, 6.142420389421437], [-75.59116221807788, 6.1424650667343865], [-75.59118627424593, 6.1425785721125905], [-75.59120958743932, 6.142641194985184], [-75.59126079220292, 6.142725850685475], [-75.59131948168188, 6.142790552325298], [-75.59141980775185, 6.142875369491637], [-75.59146697952005, 6.142919539243963], [-75.59149420985558, 6.142955376026174], [-75.5915124333904, 6.142995469476587], [-75.59155345072939, 6.143119260548247], [-75.59157816522358, 6.143219818969418], [-75.59158697403548, 6.1433525230839905], [-75.59159888062321, 6.143401508930304], [-75.59164122930198, 6.143482708687699], [-75.59166004677641, 6.143518786938496], [-75.59173995856672, 6.143630417568126], [-75.59171910572607, 6.1436534461166765], [-75.59162122995967, 6.143730794506084], [-75.59151382880289, 6.143801749317216], [-75.59140573988888, 6.14388271560828], [-75.59140291109426, 6.14388520197929], [-75.59128177101859, 6.1439916406800315], [-75.59117111891675, 6.144043948315127], [-75.59118096673612, 6.1441059601888774], [-75.59118518727357, 6.144292687238494], [-75.59119142180515, 6.144538129891282], [-75.59118317941065, 6.144679802000586], [-75.59112985024301, 6.144802213422633], [-75.59111679830148, 6.144826586491473], [-75.59110505425835, 6.1448485212459705], [-75.59108913286451, 6.144891243859397], [-75.59233898279022, 6.145158942944125], [-75.5932687448538, 6.1451602197773765], [-75.59340717144921, 6.145160409598458], [-75.59348918228451, 6.145258816425872], [-75.59351462580095, 6.145289350212622], [-75.59357960497711, 6.145399448025285], [-75.59362054660731, 6.1454418178021815], [-75.5936526594757, 6.145491445867692], [-75.59368201156951, 6.145555544431387], [-75.5937242462455, 6.145606949593729], [-75.59376218278754, 6.145672830905903], [-75.59379649351402, 6.1457332981149415], [-75.5938333778605, 6.145777578881905], [-75.59386067184838, 6.14584791831118], [-75.59389805116663, 6.145907474667213], [-75.59392603387379, 6.145966152666874], [-75.5939631301177, 6.146022092268799], [-75.59400501161586, 6.146077024997282], [-75.59403770905888, 6.146141203100239], [-75.59407238570985, 6.14617595382221], [-75.59407719739227, 6.146180774506695], [-75.59414186679471, 6.14627740833428], [-75.59418074569977, 6.1463243039005855], [-75.59421006870863, 6.146378459490058], [-75.59428838487185, 6.146477672346378], [-75.59432569856943, 6.146514537524048], [-75.59440376793432, 6.146591152333723], [-75.59445752288202, 6.146629055999571], [-75.5945165277984, 6.1466721895602845], [-75.59453611050364, 6.146685679119698], [-75.59457154734436, 6.146710089778804], [-75.59458153787364, 6.146716275774406], [-75.59463388511969, 6.146748693077936], [-75.59472320578305, 6.14677926549628], [-75.59481022115476, 6.146826023926694], [-75.59487646848626, 6.146842107538355], [-75.59492669617715, 6.146846484312661], [-75.59503373547297, 6.146883152677114], [-75.59513261494398, 6.146908366223888], [-75.59523036689505, 6.146919750145753], [-75.59540495634258, 6.146963243321944], [-75.5954541409914, 6.14697549599423], [-75.59550557301655, 6.1469883073104725], [-75.59566208609031, 6.147050834022064], [-75.59567800845639, 6.147057194585241], [-75.59577480930596, 6.147119989673572], [-75.59584225224292, 6.147199685339875], [-75.59586760466391, 6.147252173938989], [-75.59592490992205, 6.1474601403004385], [-75.59596119463744, 6.147663964154614], [-75.5959955606145, 6.1479308611227355], [-75.59599736953588, 6.147949032390662], [-75.59601502089409, 6.14812632174357], [-75.59602276448268, 6.148179507046324], [-75.59602967451673, 6.1482269573268855], [-75.59605531049247, 6.148251296112384], [-75.59610605863311, 6.148296641087601], [-75.59613968945625, 6.148340865930116], [-75.59617991363066, 6.14838551346995], [-75.5962234159817, 6.148403755103124], [-75.59625688373231, 6.148408599192733], [-75.59626045507642, 6.14841152459885], [-75.59626210288823, 6.148412871798311], [-75.59628451038637, 6.148431224100316], [-75.59631033051834, 6.1484523705827465], [-75.59633146770534, 6.148463217093032], [-75.59636830483021, 6.148488186692507], [-75.59637722793234, 6.148493299258478], [-75.59640661324478, 6.1485101430848434], [-75.59644097466708, 6.148534224252297], [-75.59647880527804, 6.148563260061765], [-75.59653843220545, 6.148616857599813], [-75.59659575728725, 6.148669281074263], [-75.59666958572342, 6.148741673073681], [-75.59671280245632, 6.148803606375636], [-75.59674054597193, 6.148848998000443], [-75.59674197093688, 6.148851329914642], [-75.59677632528177, 6.1488949752660504], [-75.59678917035939, 6.148913649768275], [-75.59680327445483, 6.148934150708444], [-75.59678014012171, 6.148968350444161], [-75.59677101911652, 6.148981832966371], [-75.59673601969648, 6.149031213763254], [-75.59664659704956, 6.1490921212406136], [-75.59657454481577, 6.149162744432465], [-75.59659105878201, 6.149205741520515], [-75.5966095735183, 6.1492539453932125], [-75.5966639697198, 6.149390377987575], [-75.59676318408198, 6.149534728402306], [-75.5968209362917, 6.1496122152068375], [-75.596855441291, 6.149677202297398], [-75.59685149735364, 6.1497134504782345], [-75.59684866285328, 6.149739505241672], [-75.5965814339447, 6.150100040833561], [-75.59649068027646, 6.15022247626014], [-75.59648453000537, 6.1502301546445075], [-75.5965108772935, 6.1502564110592015], [-75.59657286746811, 6.150318190653007], [-75.59661498158084, 6.15037065546911], [-75.59662660680034, 6.150385140081071], [-75.59667969701731, 6.150440064838273], [-75.5967075889385, 6.150468922883802], [-75.59675522928778, 6.1505554091762304], [-75.59676794316974, 6.150578490762031], [-75.59683588215157, 6.150645595297012], [-75.59684590637895, 6.150648468512897], [-75.59695602359271, 6.150680023065993], [-75.59698982844552, 6.150689711249355], [-75.59699391078306, 6.150695180936058], [-75.59706297813449, 6.1507409175489345], [-75.59708254596002, 6.150760599005745], [-75.59729116020334, 6.1509929123506835], [-75.59729443308547, 6.150997801034281], [-75.59733577501494, 6.151059566097471], [-75.59738612235135, 6.151190803452217], [-75.59737830910265, 6.1512101931835], [-75.59725662256855, 6.151512155805355], [-75.5972732504943, 6.15153821713343], [-75.59735998654077, 6.151674181134202], [-75.59736881205613, 6.151688013932135], [-75.59763609594549, 6.151794096652802], [-75.59801626762591, 6.151933749556952], [-75.59816431573992, 6.151953129280566], [-75.59828372912169, 6.15195031590018], [-75.5983677415391, 6.151966276133493], [-75.59842777186626, 6.151969478173011], [-75.59846202006541, 6.151971307657059], [-75.5984958182986, 6.151973111302888], [-75.59856074557447, 6.152013159428464], [-75.5985836809692, 6.1520514275206235], [-75.59859375943653, 6.15206824485902], [-75.59864010009751, 6.15214536820271], [-75.59869287080863, 6.152191905252451], [-75.59872483062477, 6.152231392387586], [-75.5987860571395, 6.152299687278573], [-75.59880573366537, 6.152321637316575], [-75.59889298651316, 6.152402699368004], [-75.59896347401417, 6.152486868960604], [-75.5990217559159, 6.152533434265149], [-75.59902999636013, 6.152538761624572], [-75.59907078811787, 6.152565136428029], [-75.59914197917637, 6.1526344079406], [-75.59917865504661, 6.152676661124223], [-75.5991999829034, 6.152701043187469], [-75.59925918694117, 6.15277971844948], [-75.59928560602552, 6.152810656461712], [-75.5993116544728, 6.152841163225239], [-75.59937253797435, 6.152899815004327], [-75.59943307726151, 6.152940430378796], [-75.59954837774048, 6.153040662116759], [-75.59954865804286, 6.153040905755326], [-75.59959921760233, 6.1530922621786335], [-75.5996825632052, 6.153118557106984], [-75.59974247932286, 6.153143024197589], [-75.59977424788619, 6.153157270427386], [-75.59979493235983, 6.153160418003801], [-75.59984232981977, 6.153167627639409], [-75.59994547344246, 6.15317824166652], [-75.60000969650955, 6.1531878573278505], [-75.60007080504234, 6.153197291969906], [-75.60014910906625, 6.1532040219229485], [-75.60024336720528, 6.153204467675705], [-75.60031021942854, 6.153219588042651], [-75.60034359462641, 6.153224294765444], [-75.60042051535507, 6.153271252696428], [-75.6004409987421, 6.153283757470136], [-75.60049857651839, 6.153323134960658], [-75.60057358991281, 6.1534097276440916], [-75.60064075145621, 6.15346948953936], [-75.60071014488858, 6.153526432494824], [-75.60073602148908, 6.1535563152630495], [-75.60075790477556, 6.153581585927433], [-75.60083927616712, 6.153662347027866], [-75.60085200085038, 6.153672183699675], [-75.60089568766568, 6.153705955762883], [-75.60090304346181, 6.153711210543169], [-75.60092215945912, 6.15372486469788], [-75.60095441982554, 6.153747912286643], [-75.60095564080905, 6.153748785093867], [-75.60096663654731, 6.153752486113792], [-75.6009781326267, 6.153756355564445], [-75.60101726599042, 6.1537695288248795], [-75.60102926965054, 6.153773569382013], [-75.60111044742669, 6.153795404846554], [-75.60116974270261, 6.153802346596142], [-75.60119658491087, 6.153805487595478], [-75.60130059534652, 6.153830313601909], [-75.60130507908535, 6.153831383864511], [-75.60133421358721, 6.1538396677955705], [-75.60149976552499, 6.153898666016392], [-75.60152408393144, 6.153909974026545], [-75.60159865880497, 6.153944649571768], [-75.60162946318265, 6.153951939903115], [-75.60164028264894, 6.15395449992231], [-75.60170233422107, 6.153974689990422], [-75.60174463969203, 6.153978156070861], [-75.60179768434548, 6.153975853343823], [-75.60184211836736, 6.1539714201106115], [-75.60188240649269, 6.153969445368995], [-75.60195942102736, 6.1539931416651905], [-75.60201134589457, 6.153951746002768], [-75.60203094470066, 6.153936724221374], [-75.60204954907762, 6.15392246490035], [-75.60205563084124, 6.15391780278406], [-75.6020791210637, 6.153924870187019]]]}, "properties": {"SE_ANNO_CAD_DATA": null, "SHAPE.AREA": 0, "SHAPE.LEN": 0, "OBJECTID": 3, "VEREDA": "0005", "PK_VEREDA": "63120010000005", "NOM_VEREDA": "VEREDA MARIA AUXILIADORA", "MUNICIPIO": "631", "SECTOR": "2", "CORREGIMIENTO": "001", "BARRIO": "000", "nombre_barrio_estandarizado": "VEREDA MARIA AUXILIADORA", "municipio_estandarizado": "sabaneta"}}, {"type": "Feature", "geometry": {"type": "Polygon", "coordinates": [[[-75.62138953767258, 6.142607827931418], [-75.62135057871, 6.142779543167342], [-75.62133272276265, 6.142846286013635], [-75.62132827566926, 6.142868176078292], [-75.62135437044648, 6.142874361158329], [-75.6213788762608, 6.1427537481497225], [-75.6214091198421, 6.1426350326525965], [-75.62144033234789, 6.142539697673706], [-75.62165588214113, 6.142592706055437], [-75.62166047447494, 6.142578530511019], [-75.62166330555223, 6.1425693576186715], [-75.62203348218057, 6.1426608273510155], [-75.62206643793006, 6.14253230040278], [-75.62209298457059, 6.142428766822729], [-75.62210025889675, 6.142402092188581], [-75.6221539724134, 6.142193304286946], [-75.62218020248518, 6.142091345328173], [-75.62218077954147, 6.142016967504643], [-75.62218194942922, 6.141865896488952], [-75.62217884320536, 6.141771447669455], [-75.62216907618554, 6.141619580474561], [-75.62215988204757, 6.141530118454804], [-75.6221539021407, 6.1414719273863065], [-75.6221174809157, 6.141393311962058], [-75.62208106059082, 6.141314692909998], [-75.62205867505254, 6.141238832017831], [-75.62202987468575, 6.141175354714826], [-75.6220087254289, 6.141122130777776], [-75.62197338611433, 6.141136840401427], [-75.6219235112266, 6.141161998068765], [-75.62190146272921, 6.141174921195035], [-75.62171876123749, 6.141285566893152], [-75.62168621617926, 6.14130831524778], [-75.62160848749564, 6.141334952893573], [-75.62155783441234, 6.1413382415812485], [-75.62154129738508, 6.141339313505138], [-75.62154035082284, 6.1413310188946655], [-75.62153926655238, 6.141321532506982], [-75.6215331603805, 6.141305630231782], [-75.62152949428851, 6.141296080560932], [-75.62150249988888, 6.141296157756876], [-75.62148971354713, 6.141296195129457], [-75.62148798654097, 6.141296199980012], [-75.62150163905875, 6.14122749335581], [-75.6215794937435, 6.141234907354687], [-75.62161770420578, 6.141227142206369], [-75.62181078576727, 6.141094127176624], [-75.62189633063737, 6.141041355572955], [-75.62190615407637, 6.141037031214675], [-75.62195878909732, 6.1410138597952], [-75.62202684111146, 6.140988884219845], [-75.62209403083533, 6.140971911063182], [-75.62207740838085, 6.140936888017945], [-75.62206525373928, 6.1408974972596155], [-75.62203215782608, 6.140870807222534], [-75.62199423503003, 6.140785086905443], [-75.62198284944597, 6.140764596213944], [-75.6219493205905, 6.14072049794811], [-75.62191573544123, 6.140687596707339], [-75.62186446546245, 6.1406548870384245], [-75.62185175894538, 6.140580057198756], [-75.62185099252804, 6.140569074847539], [-75.62184914780173, 6.1405426257400055], [-75.62184798591262, 6.140525953380502], [-75.62185711363003, 6.140411769542511], [-75.6218649578096, 6.140313639925701], [-75.62187246832568, 6.1402196805553215], [-75.6218932116933, 6.140185552844096], [-75.6219687165542, 6.140061312324103], [-75.6219273066111, 6.140051493856182], [-75.62188503667936, 6.1400414725711485], [-75.62186396456798, 6.140036477892036], [-75.62187734572734, 6.139986523679703], [-75.6218798365348, 6.1399772186603885], [-75.62189384391414, 6.139924918965555], [-75.62189396366972, 6.13992447267806], [-75.62190042228457, 6.139900361440825], [-75.62190992688721, 6.13986540285292], [-75.62191242014674, 6.139856229814286], [-75.62191312298141, 6.139856435206137], [-75.6219210051799, 6.139858729938415], [-75.62192327640595, 6.1398488528233495], [-75.62192666377422, 6.1398341190634484], [-75.62192834064417, 6.139826823234474], [-75.62192931530824, 6.139822588370784], [-75.62192954702724, 6.139821580114637], [-75.62193094706441, 6.139815487135366], [-75.62193565488198, 6.139795008848698], [-75.62193240196726, 6.139791257587106], [-75.6219230202243, 6.139780443134073], [-75.6219051386404, 6.139770693741598], [-75.62188889814041, 6.139761840361114], [-75.62187729830343, 6.139755517289817], [-75.62187055616502, 6.13974790020436], [-75.62184557016953, 6.139739564323229], [-75.6218242510634, 6.139732453544966], [-75.62181366568838, 6.1397289208452905], [-75.6217883042456, 6.139720462945247], [-75.62171735967469, 6.1396967980249215], [-75.62172324205733, 6.139676939587618], [-75.62175746966116, 6.139686650450697], [-75.62179058922483, 6.139696043993921], [-75.62179116450427, 6.139696209328706], [-75.62180912265853, 6.139701302454359], [-75.62182229776245, 6.1397050394335215], [-75.62182513793303, 6.139705846395539], [-75.62184204052737, 6.139710640930747], [-75.62186488666238, 6.139717121327272], [-75.6218746291506, 6.1397198851884625], [-75.62187674570794, 6.139720485955956], [-75.62189385362859, 6.13972533915041], [-75.62189791126383, 6.1397264900141195], [-75.62191281808126, 6.139737276479478], [-75.62191940536248, 6.139742042925565], [-75.62194319462982, 6.139759256186727], [-75.62194504653682, 6.139760595962236], [-75.62196263468142, 6.139773322949378], [-75.62197324304199, 6.1397809988285985], [-75.62197764699806, 6.1397851792988005], [-75.62199604328481, 6.139802649528761], [-75.62201908083081, 6.1397725670817955], [-75.62202496495905, 6.139764880868039], [-75.6220301059567, 6.139758168351143], [-75.62205631263001, 6.139723945153399], [-75.62207648708238, 6.139697601459713], [-75.62208175013113, 6.139690727422269], [-75.62208422459611, 6.139687496846618], [-75.622091890311, 6.139677486607495], [-75.62209198185681, 6.139677366823105], [-75.62212130650929, 6.139639072737859], [-75.62220601638786, 6.139613399887835], [-75.62222108923721, 6.139600712582313], [-75.62226752578535, 6.139561628532975], [-75.62228449308908, 6.139547348030458], [-75.62234096860058, 6.139499815164053], [-75.62232469324685, 6.1394306839429715], [-75.6223146091135, 6.1394339653871866], [-75.62226235057058, 6.139450977390329], [-75.62225439027661, 6.139450995622886], [-75.62224239880068, 6.139451022769672], [-75.6221860697683, 6.139451153368633], [-75.62218585077785, 6.139454762535524], [-75.62216678152856, 6.1394533399165505], [-75.6221072660419, 6.13944890346103], [-75.62210950982514, 6.139436372168909], [-75.62213135793999, 6.139314403536789], [-75.62208560592596, 6.139305653242261], [-75.62199953463951, 6.139289191892398], [-75.62191947291022, 6.13927387995999], [-75.6217265550091, 6.139236984422127], [-75.621725315808, 6.139236259113195], [-75.6217234961952, 6.1392356116858915], [-75.62171407776758, 6.13923224955136], [-75.62165454866572, 6.1392109976242635], [-75.62162207008659, 6.139207253991051], [-75.621613748946, 6.139203857546408], [-75.6216085448383, 6.139201733202956], [-75.62159021601921, 6.13918272210002], [-75.62153578756492, 6.1391828794658325], [-75.62150481653978, 6.139168247194425], [-75.62149599484441, 6.13917645136004], [-75.62148407103234, 6.139187540208797], [-75.62146746108351, 6.139211542986372], [-75.62145196061796, 6.139233942856133], [-75.6214496501648, 6.139237281112787], [-75.62141848439038, 6.1392181059956235], [-75.62138347091076, 6.139196563019075], [-75.62133256514169, 6.139178441128007], [-75.62131144260698, 6.139167194191848], [-75.62128187342113, 6.139151451179793], [-75.62122023554888, 6.139131373049973], [-75.62120825707014, 6.139125379079463], [-75.62115074422641, 6.139096593629908], [-75.62114791610288, 6.139094925035993], [-75.62111310805417, 6.139074382723502], [-75.62114094901895, 6.139032083735818], [-75.62114117315568, 6.13903174090352], [-75.6211463877327, 6.139023818402873], [-75.62115394779302, 6.1390123323643415], [-75.62115643134396, 6.139008557504337], [-75.62116403174427, 6.13899700888814], [-75.6211356454754, 6.138971774686853], [-75.62110938117915, 6.138948433127774], [-75.62109335005788, 6.138934181453124], [-75.62107645737578, 6.138959847267216], [-75.62105971443124, 6.138985287237231], [-75.62105268425704, 6.138995968779018], [-75.62104118368644, 6.139013444526113], [-75.62102152944937, 6.138995466896977], [-75.62101397967398, 6.138988558010106], [-75.62100808819854, 6.138985881031054], [-75.62098701271147, 6.138976309969507], [-75.6209712791906, 6.138969163634526], [-75.62094344588617, 6.1389550439146925], [-75.62093138036333, 6.139003091353978], [-75.62092404077724, 6.13903232388078], [-75.6209273543463, 6.13908707550062], [-75.62092873426282, 6.13910992243057], [-75.62092899848791, 6.1391142669444365], [-75.62092975327528, 6.139126756428551], [-75.62093008140175, 6.139132161993828], [-75.62093039807041, 6.139137441047069], [-75.62092919170225, 6.139148783849857], [-75.6209272374779, 6.139167152138316], [-75.62092645847162, 6.139174457130638], [-75.62092501456547, 6.139188019656594], [-75.62092483148136, 6.139189738264558], [-75.6209255955321, 6.139209107587376], [-75.620925878114, 6.139216281713943], [-75.62092696114047, 6.1392438022719915], [-75.620928633694, 6.139286219727066], [-75.62092905463462, 6.13929693527625], [-75.62093328785251, 6.139318471805], [-75.6209373607479, 6.139339178289515], [-75.62093783097036, 6.139341871887409], [-75.62094071057977, 6.139358313447253], [-75.62094447115459, 6.139386448301083], [-75.62094482272636, 6.1393890755800085], [-75.62094594033297, 6.139397442587947], [-75.62094701097381, 6.1394054409701875], [-75.62095037408379, 6.139430614268054], [-75.6209506026664, 6.139434504215053], [-75.62095186557777, 6.1394559576593], [-75.62095202122758, 6.1394586021712625], [-75.62095330282654, 6.139480367424004], [-75.62095373233136, 6.139487662878207], [-75.62095503063908, 6.139509704690826], [-75.62095565820621, 6.139520374928265], [-75.62095687864985, 6.139541086348488], [-75.62095835540043, 6.1395471652327585], [-75.62096130244207, 6.139559295007085], [-75.62096799296836, 6.139586831480368], [-75.62097026247362, 6.139596171938415], [-75.62096970101777, 6.139601048468086], [-75.62096927550589, 6.13960472555027], [-75.62096543090576, 6.1396380779241], [-75.6209623869099, 6.139664478686689], [-75.62098417176432, 6.139670413755392], [-75.6209910321051, 6.13967228317997], [-75.62099925185106, 6.13967452293514], [-75.62095079488498, 6.139714778532594], [-75.62094548813987, 6.139719186508076], [-75.6209375880705, 6.139722286362395], [-75.62093560832665, 6.139723064513339], [-75.62093033980572, 6.139725130790347], [-75.62092213953393, 6.139728349643179], [-75.62091981990741, 6.139729259644004], [-75.62089644186074, 6.139734804881059], [-75.62083209090424, 6.139761523238188], [-75.62081396504404, 6.1397690497458], [-75.6207969027953, 6.1397772282916785], [-75.62078738582261, 6.13978179069751], [-75.62078077683987, 6.139784959260707], [-75.62076735611058, 6.139791392306667], [-75.62076070920935, 6.139794564671745], [-75.62072141712233, 6.139813311195161], [-75.62071408538922, 6.139816819609077], [-75.62069148096884, 6.139827627189692], [-75.62055574542562, 6.139892533767349], [-75.62053515507527, 6.139902380405921], [-75.62053239845545, 6.139903697565048], [-75.62050864326031, 6.139915055926773], [-75.62043026040344, 6.139952537114343], [-75.62040433794463, 6.139964933102534], [-75.62038283652502, 6.139975215437334], [-75.62037559402248, 6.139981640808786], [-75.6203506866076, 6.140000272539812], [-75.62032300008522, 6.140020980044372], [-75.62031713173397, 6.140024880879399], [-75.62029652690738, 6.14004986966418], [-75.6202842494972, 6.1400647599959495], [-75.62027603253588, 6.140074726819259], [-75.62025510354334, 6.140100106841565], [-75.62023871955081, 6.140107717921833], [-75.62022478587106, 6.140114175170707], [-75.62020479061036, 6.14012343938537], [-75.62018978285779, 6.140148161172534], [-75.62016022624138, 6.140211464433847], [-75.62015259925805, 6.140227557885881], [-75.62013548214833, 6.14026368024594], [-75.62013458551279, 6.140267620007118], [-75.6201281153096, 6.1402960283067145], [-75.62010450440272, 6.1403996921772075], [-75.62010883251044, 6.140418099309319], [-75.62010976788103, 6.140422079818308], [-75.62011609215756, 6.140448976228046], [-75.62011602365357, 6.140456577890886], [-75.62011573135906, 6.140489157085386], [-75.62011065113337, 6.140510888429521], [-75.6201060522184, 6.140530562489737], [-75.62014914703691, 6.140558897008818], [-75.62015219727685, 6.140557960828204], [-75.62017712408773, 6.140550306984565], [-75.62018137745406, 6.140548998765229], [-75.62018242943668, 6.140552259071555], [-75.62018692269544, 6.1405662029576735], [-75.62019852439023, 6.140607806953647], [-75.62019840152576, 6.140609464695482], [-75.62019788899904, 6.140616404954187], [-75.62019769764603, 6.140619018621792], [-75.62019647631554, 6.140635614085521], [-75.62019459180365, 6.140661219936839], [-75.6201942097976, 6.140666405681918], [-75.62019624814467, 6.140671883331859], [-75.62020086665618, 6.140684287895391], [-75.62020331878902, 6.1406908926873065], [-75.62020388811459, 6.14069242589374], [-75.62020381419067, 6.140692455185829], [-75.62020374747497, 6.140692480826353], [-75.6201932399601, 6.140696561700126], [-75.62019240062537, 6.140696888561592], [-75.62017272437653, 6.140704527531521], [-75.6201638820085, 6.140707960172594], [-75.62015351693883, 6.140711986104367], [-75.62013738827453, 6.140718247987067], [-75.6201410799504, 6.140733219195489], [-75.62014547386529, 6.140751043789111], [-75.6201485352414, 6.140763465023288], [-75.62015997521127, 6.140809860419605], [-75.62016004892938, 6.140810158397829], [-75.62016824880813, 6.140843420132659], [-75.62017052130942, 6.140852634014488], [-75.62029869044378, 6.140818362358558], [-75.6203325538368, 6.140804745841918], [-75.62038006929255, 6.140785634459059], [-75.62042158328977, 6.140764449641038], [-75.62041944918901, 6.140760263458102], [-75.62046230660812, 6.140742829323157], [-75.62046565553813, 6.140741464961217], [-75.6204768400146, 6.14073691698324], [-75.62047797405285, 6.140736454876567], [-75.62051435715435, 6.140721655249377], [-75.62052793501253, 6.140716132719978], [-75.62054597096534, 6.140713670279853], [-75.62058267650288, 6.14070052801684], [-75.62059095750996, 6.140697560998891], [-75.62059953608514, 6.140694490364028], [-75.62060183807168, 6.140693666334645], [-75.62060217349624, 6.1406935462592465], [-75.62060342270512, 6.140693177610084], [-75.6207317648973, 6.140655159515306], [-75.6207827526946, 6.140638132123103], [-75.6207838955119, 6.1406440806512155], [-75.62078867435496, 6.140641989649701], [-75.6208453669924, 6.140617181090178], [-75.62086138287407, 6.140613348948374], [-75.62087879446909, 6.140609184504916], [-75.62087569679056, 6.140596915341363], [-75.62091350344046, 6.140584709694663], [-75.62094484214668, 6.140574593382077], [-75.62094937721697, 6.140614250274682], [-75.62095540048831, 6.140666940010022], [-75.62096063012008, 6.140712679618069], [-75.62096353755001, 6.14073812545794], [-75.62096363134945, 6.140738096972421], [-75.62096665923708, 6.140801086858331], [-75.62096812021771, 6.140829787164531], [-75.62096803898395, 6.140829799315448], [-75.62096815214663, 6.140830405383917], [-75.62098423731695, 6.140915688632541], [-75.62097208013522, 6.14091859509831], [-75.62097273703293, 6.140924549622706], [-75.62097142650919, 6.140926047742167], [-75.6209760175249, 6.140968459023397], [-75.62098062919243, 6.1410110293172755], [-75.62098301702066, 6.14103310375707], [-75.62098550497157, 6.141056072723689], [-75.62098576885542, 6.141058499730779], [-75.62096612998852, 6.141060668994929], [-75.62095917684421, 6.141159648637988], [-75.62095698062846, 6.1411909515720415], [-75.62095602979615, 6.14120448908098], [-75.62095420909665, 6.141230389330342], [-75.62095107797325, 6.1412749765591785], [-75.62094707781672, 6.141331912059645], [-75.62094516771458, 6.141359108262973], [-75.62094391288409, 6.141376973181072], [-75.62094218871547, 6.141401556648725], [-75.62093957681917, 6.14143872895912], [-75.62093416651119, 6.141515751411084], [-75.6209295450801, 6.141581580467091], [-75.62091958138248, 6.1415875192464], [-75.62091589059337, 6.1415897197344105], [-75.62086790217143, 6.141618319789014], [-75.6208414163546, 6.141634104287446], [-75.6207728799982, 6.141674954696072], [-75.62077037353282, 6.141676447829246], [-75.6207710576485, 6.141680764971137], [-75.62076170254831, 6.141686479271624], [-75.62075940431055, 6.1416878854986106], [-75.62074809012077, 6.141693985489784], [-75.62073420210346, 6.141701472265194], [-75.62074071799874, 6.141711765578864], [-75.62075828122556, 6.141739507314286], [-75.6208004468542, 6.141777651695894], [-75.62087512478809, 6.1418204869755195], [-75.62095745626998, 6.141865213078022], [-75.62107426521654, 6.141933756616451], [-75.62108176002772, 6.141940681122513], [-75.62111052883795, 6.141967257718407], [-75.62115532277642, 6.1420020360169065], [-75.62118800071384, 6.142020453301932], [-75.62129889259413, 6.142092716138115], [-75.62137182314845, 6.142140239283657], [-75.62150649497941, 6.142204892628465], [-75.62147948191051, 6.1423214849140235], [-75.62145248692951, 6.142411139804926], [-75.62141502555298, 6.1425356079500695], [-75.62138953767258, 6.142607827931418]]]}, "properties": {"SE_ANNO_CAD_DATA": null, "SHAPE.AREA": 0, "SHAPE.LEN": 0, "OBJECTID": 4, "VEREDA": "0006", "PK_VEREDA": "63120013060006", "NOM_VEREDA": "Z.E. CAÑAVERALEJO", "MUNICIPIO": "631", "SECTOR": "2", "CORREGIMIENTO": "001", "BARRIO": "306", "nombre_barrio_estandarizado": "Z.E. CAÑAVERALEJO", "municipio_estandarizado": "sabaneta"}}, {"type": "Feature", "geometry": {"type": "Polygon", "coordinates": [[[-75.61242726595106, 6.1469413523651895], [-75.61242610574362, 6.146940899678081], [-75.61241857341686, 6.146937954907619], [-75.6123948895473, 6.146928699191876], [-75.61239312640114, 6.146927968289072], [-75.61235123510642, 6.146910544785369], [-75.61228834401116, 6.146884325256273], [-75.61228085507531, 6.1468812021703725], [-75.61227753601213, 6.146879818004011], [-75.61222982938222, 6.146859976524656], [-75.61216068609231, 6.146831220003169], [-75.61211666342604, 6.146813312372583], [-75.61205286043952, 6.146787360347282], [-75.61202609386571, 6.1467764724761285], [-75.61194415239135, 6.1467431496787155], [-75.61191449232798, 6.146731088909486], [-75.6118306782173, 6.146696623465513], [-75.61176056357573, 6.146667793873168], [-75.61175772782605, 6.146666607138034], [-75.61171083144583, 6.14664694877646], [-75.61169418889139, 6.146639971195313], [-75.61167027064151, 6.146630253701095], [-75.6115838781991, 6.1465951498820734], [-75.61157151313704, 6.146590123151906], [-75.61150035206623, 6.146560830322995], [-75.61148715321198, 6.146556899776127], [-75.6113947714617, 6.146517412450776], [-75.61138885441078, 6.146514881964065], [-75.61134555418799, 6.1464963767460326], [-75.61134458669203, 6.146495988206552], [-75.61125261200377, 6.146459025719831], [-75.61123199408856, 6.146450740381115], [-75.61123044826299, 6.146450118706926], [-75.61122340064736, 6.146447286361136], [-75.61118406259855, 6.146432011874546], [-75.6111631970211, 6.1464227667215035], [-75.61114099442439, 6.146412930514561], [-75.611140377149, 6.146412675872756], [-75.61105961899005, 6.146379345301202], [-75.61105199174565, 6.146376198458151], [-75.61104547586025, 6.146374230509121], [-75.6110279938641, 6.1463664487679965], [-75.61100950514005, 6.146359123978466], [-75.61098765877723, 6.146350468539252], [-75.61096018226267, 6.1463395822573865], [-75.61095859568965, 6.146338939987747], [-75.61088576551937, 6.146309299907284], [-75.61086571549284, 6.146301142863969], [-75.61081660302555, 6.146281403914749], [-75.61074935429845, 6.146254377310428], [-75.6106453490166, 6.146212799450628], [-75.61064367996137, 6.14621209881851], [-75.61058377255505, 6.146187006274216], [-75.61054936066812, 6.146172592736019], [-75.61034363336422, 6.146086419711505], [-75.6100992241274, 6.145985952404376], [-75.61009364516502, 6.145983659824119], [-75.6100918704173, 6.14598314232726], [-75.61008120385273, 6.1459800347220455], [-75.6100546866876, 6.145972307921959], [-75.61003807507971, 6.145968893043613], [-75.61001597327362, 6.1459643468744805], [-75.60998613766282, 6.145961844603815], [-75.60998447582304, 6.145961882555553], [-75.60998172563413, 6.145961940288566], [-75.60994986421456, 6.145962635647739], [-75.60991205180595, 6.145966806372488], [-75.60987058484255, 6.145976924714384], [-75.6098312593591, 6.145990155237945], [-75.60980081096712, 6.146006846560555], [-75.60978303514443, 6.14601753355874], [-75.6097803344141, 6.146020139611558], [-75.60977344863382, 6.146026784679301], [-75.60976339461314, 6.146036485595992], [-75.60975364268786, 6.146045898448178], [-75.60975091755914, 6.146049984576331], [-75.60971866542526, 6.146098376744575], [-75.60970229541856, 6.146132658425968], [-75.60968439552133, 6.146170142549871], [-75.60968160844072, 6.146175972924306], [-75.60967882170722, 6.146181318717617], [-75.609630276584, 6.1462744196931265], [-75.60960761010001, 6.14637063173384], [-75.60959270602142, 6.14642305267474], [-75.60957134395339, 6.146473339016602], [-75.60952782648032, 6.146547367672246], [-75.60949225983728, 6.146588647473677], [-75.6094784483169, 6.146604676222511], [-75.60946709247011, 6.146617857825398], [-75.60939209530879, 6.146684373752873], [-75.60938489031028, 6.146690761817193], [-75.6093089676497, 6.146758096825493], [-75.6093028743072, 6.1467635021643625], [-75.60928030957531, 6.146783513584666], [-75.60925180439463, 6.146808794890783], [-75.60925129407832, 6.146809172570724], [-75.6092505956473, 6.1468096876834455], [-75.609177405429, 6.146718439696644], [-75.60917897960589, 6.146716909560771], [-75.60921602532727, 6.14668089505881], [-75.60927186224755, 6.146626610719168], [-75.60932186452132, 6.146564282465505], [-75.60937712221032, 6.146500506448288], [-75.60940616289969, 6.146461676903341], [-75.60942091092008, 6.146438196788788], [-75.60942722100565, 6.1464231494287995], [-75.60943955009598, 6.14639374954949], [-75.60944179750187, 6.146388388308747], [-75.60945932931162, 6.146335243936309], [-75.6094730829457, 6.14629789397391], [-75.609484960061, 6.146264905351871], [-75.60949015044578, 6.146250488171035], [-75.60951373489819, 6.146190447856455], [-75.60952193957398, 6.146169559113], [-75.60953287782783, 6.146150392826132], [-75.60955068513596, 6.146119111953798], [-75.60956260653475, 6.146098171607877], [-75.60959477266896, 6.146048810704243], [-75.60961838906361, 6.146021077042695], [-75.60961959345462, 6.146019661721191], [-75.60962906784339, 6.146008533404504], [-75.60964753126983, 6.145989366527535], [-75.60965956340803, 6.1459768750436865], [-75.60971487115813, 6.145930794978436], [-75.60974293508188, 6.145906543753948], [-75.60981104135527, 6.145847690005801], [-75.60982261501768, 6.145837687846157], [-75.60977390834177, 6.145833546444934], [-75.60976059635506, 6.145830493339022], [-75.60974187773168, 6.145820659925683], [-75.60967891196495, 6.145815591876776], [-75.60959570393881, 6.14581684808009], [-75.60958682841118, 6.1458157459747795], [-75.60952187078134, 6.145807685230267], [-75.60952003392994, 6.145807213237622], [-75.60943560133335, 6.145785550986094], [-75.60943089209266, 6.145784342645383], [-75.60937951229832, 6.145761420527274], [-75.60932270794224, 6.145731930631591], [-75.60930127863058, 6.145720806771102], [-75.60927152335846, 6.145698651464573], [-75.60924610223267, 6.145661163721752], [-75.60920267774713, 6.145592502170612], [-75.60916890862134, 6.145537604890211], [-75.60915849636903, 6.14551903015261], [-75.60913095730717, 6.1454699128817065], [-75.60912858458039, 6.145466983538521], [-75.60909741732122, 6.145428480543095], [-75.60902301683976, 6.145347573640212], [-75.60900645374808, 6.145332797076366], [-75.60895373801449, 6.145285770859284], [-75.60888120682823, 6.145247571041807], [-75.60885427795836, 6.145226716407812], [-75.60877910413343, 6.145167083198449], [-75.60871528482654, 6.145133287017609], [-75.60872485229822, 6.145109930756868], [-75.60872959418803, 6.145096523803], [-75.60874674419888, 6.145077339862319], [-75.60877347874863, 6.1450672185100315], [-75.60879305462895, 6.145060943649254], [-75.60881981825541, 6.145060867239419], [-75.60886667504394, 6.145067430745644], [-75.60890254589683, 6.145076893882316], [-75.60895272085209, 6.1450748371780906], [-75.60895371883116, 6.145074623466498], [-75.60898424364203, 6.145068051048125], [-75.60899873496935, 6.1450645520789555], [-75.60902436141588, 6.145058368816076], [-75.6090878851775, 6.145044314153724], [-75.60911941562738, 6.145040398391177], [-75.60917912963578, 6.145030660252597], [-75.60919345138059, 6.145025356686222], [-75.60920837277128, 6.145030220035942], [-75.60922837048622, 6.145036736547239], [-75.60923507358004, 6.145038013811408], [-75.60925818542056, 6.145042417682173], [-75.60927919701098, 6.145046422264469], [-75.60930863492793, 6.145052031103528], [-75.60934528405525, 6.145059015073633], [-75.60938664994171, 6.14506689815725], [-75.60945262278126, 6.145082375480224], [-75.60946110699986, 6.1450843672969135], [-75.60949138321477, 6.145091470972717], [-75.60951223936313, 6.145096756461162], [-75.60958655947327, 6.145115594100769], [-75.60964775564692, 6.145123071132924], [-75.60972568194174, 6.145132894776937], [-75.6097983600496, 6.145144166134852], [-75.60986434356788, 6.14515497836488], [-75.60992069053718, 6.145168666472531], [-75.60999730572522, 6.14519136585403], [-75.61003748987905, 6.14520327322348], [-75.61009920080079, 6.1452246214776745], [-75.61014992694236, 6.145247435527995], [-75.61026575219121, 6.145306416969756], [-75.61036824143926, 6.145366119872882], [-75.61040793110206, 6.145389241843125], [-75.61047715114103, 6.145439893900801], [-75.6105279798306, 6.14547502529201], [-75.61058776938769, 6.145516349141631], [-75.61064045101404, 6.145555063315585], [-75.61067281538645, 6.1455830487531715], [-75.61068926130183, 6.145604351359442], [-75.61070050042194, 6.145623178758828], [-75.61073360241566, 6.14565146073548], [-75.61075635229454, 6.1456681362689585], [-75.61079285195385, 6.145688361785419], [-75.61082515189268, 6.145702022606328], [-75.61084055652137, 6.145705398155642], [-75.61086818703022, 6.145710270767683], [-75.61090644813649, 6.145720323260614], [-75.61091961350053, 6.145723132955101], [-75.61096345977145, 6.145732490952423], [-75.61097280211251, 6.145734483969623], [-75.61102724433292, 6.145732104238331], [-75.6110313388956, 6.145731924210875], [-75.61110288331983, 6.145707804021858], [-75.61111868616383, 6.145698191624753], [-75.61114583806264, 6.145687351196283], [-75.61116493668568, 6.145681018010401], [-75.6111795628457, 6.145677389040779], [-75.61119658124797, 6.145674948074956], [-75.61121509940699, 6.145673129008983], [-75.61123440310524, 6.145676616581823], [-75.61126355252524, 6.1456856684750285], [-75.61127846376533, 6.145690299455977], [-75.61129952064388, 6.145699512038684], [-75.61130179251522, 6.145700466477619], [-75.61133466776522, 6.1457142971267515], [-75.61137987454129, 6.145736653412583], [-75.61139247851153, 6.145742886819517], [-75.61145498858704, 6.145782687446868], [-75.6114832103668, 6.145808035106818], [-75.61150233063643, 6.145825209297551], [-75.61153512148326, 6.145859506561256], [-75.61156510455967, 6.145901867337522], [-75.61159511385905, 6.145972372423023], [-75.61160417059345, 6.145987288620377], [-75.61161635318248, 6.14597935738291], [-75.61169976289159, 6.145925045735328], [-75.61170624226182, 6.145920827341283], [-75.61171313491425, 6.145916338419891], [-75.6117641667406, 6.146031030858417], [-75.6117690373174, 6.146041978779504], [-75.61182338841257, 6.146184191881197], [-75.61182559439095, 6.146189968015377], [-75.61184817069244, 6.146240292707267], [-75.61187835970415, 6.146281159828755], [-75.61188276244248, 6.146287120501385], [-75.61192876759752, 6.146329986032096], [-75.6119642853752, 6.146354635297828], [-75.61198575893378, 6.146364267094358], [-75.61203741732324, 6.146387437953405], [-75.61207089450741, 6.146402811538573], [-75.61217813307157, 6.146452065029394], [-75.61231397869459, 6.146507316309996], [-75.61234920500894, 6.146523508537579], [-75.61242955536672, 6.146560448080765], [-75.6124621588607, 6.146576512992895], [-75.61252356568484, 6.146606772801337], [-75.6125483397547, 6.146618982187189], [-75.61256305125532, 6.1466258046404985], [-75.6125716310093, 6.146629784866258], [-75.61288106620505, 6.1467990474777965], [-75.61288692422801, 6.146802252663959], [-75.61309959535016, 6.146918585276807], [-75.61313675305712, 6.146939434760473], [-75.61320599688833, 6.14698119378261], [-75.6132830006566, 6.147032366816598], [-75.61334546674124, 6.147077870733302], [-75.61340610337605, 6.147125785414616], [-75.61340642168027, 6.1471260424196235], [-75.61340689964561, 6.147126439677467], [-75.6134070774071, 6.1471265870742675], [-75.61340846410887, 6.14712773297144], [-75.61341277023827, 6.1471312929012285], [-75.61341297793955, 6.147131467273452], [-75.61341321736502, 6.147131664092077], [-75.61341546755675, 6.147133541672687], [-75.61341879158766, 6.147136312639098], [-75.61341932216683, 6.147136755746777], [-75.6134245627698, 6.147141155500181], [-75.61342458635148, 6.147141175274215], [-75.61343035867536, 6.14714606694905], [-75.61343285208672, 6.147148178396175], [-75.61343611662676, 6.14715097496722], [-75.61343674341427, 6.147151512530863], [-75.61343677787471, 6.147151540388249], [-75.61355464357281, 6.147252565120514], [-75.613536277077, 6.147355721818245], [-75.61356341575059, 6.147378059538365], [-75.61363624367941, 6.147433652988953], [-75.6137253816043, 6.147498032768636], [-75.6137414170987, 6.147509614915963], [-75.61392584523833, 6.147642817593273], [-75.61392639003637, 6.147643212715145], [-75.61397380217018, 6.1476774544398936], [-75.61399763031122, 6.147692173561969], [-75.61402332855778, 6.147703310571602], [-75.61401997892501, 6.147753914714333], [-75.61402136330894, 6.147754400653998], [-75.61406108093814, 6.147761004842017], [-75.61407714770318, 6.147760680310196], [-75.6140892530878, 6.147760433928149], [-75.61413115672516, 6.147755222158518], [-75.61415889444443, 6.147745600985037], [-75.61422239917127, 6.147713619064214], [-75.61429333603309, 6.147658527273621], [-75.61432796938237, 6.147620073425863], [-75.61434230605497, 6.147604154135209], [-75.61439165279354, 6.14752742258437], [-75.61442263692311, 6.147457727722882], [-75.61444742853537, 6.147361847158829], [-75.61445034871704, 6.147350548355976], [-75.61446354732534, 6.147278068335535], [-75.61446969975155, 6.147244281426791], [-75.61447123125046, 6.147235868860364], [-75.61447298713612, 6.147224574851923], [-75.61430431984999, 6.147169484914362], [-75.61428478561352, 6.147156532169953], [-75.61420708002306, 6.147105005658231], [-75.61409575229015, 6.14703118311012], [-75.61406898432438, 6.147013355783406], [-75.61395808731929, 6.146939499440521], [-75.61391737829412, 6.146908737174143], [-75.61376044525333, 6.146790153275816], [-75.61366554219654, 6.146718438061437], [-75.61358600047723, 6.146655838380531], [-75.61353862781158, 6.1466185542054275], [-75.61353272209364, 6.1466139054712645], [-75.613243021633, 6.1464914360129095], [-75.61322117650869, 6.146485255098865], [-75.61302742411875, 6.1464304247150485], [-75.61291928661865, 6.146399822139297], [-75.61286323244597, 6.146383959634409], [-75.61281557510247, 6.1463342368361005], [-75.61278794666974, 6.146305552195828], [-75.61269854819531, 6.146221411465328], [-75.61252087799711, 6.146053929031158], [-75.61247369343424, 6.14600945105289], [-75.61242895053779, 6.145971843769962], [-75.61237672131382, 6.145927941920469], [-75.61233266408495, 6.145892199972189], [-75.61229684207866, 6.1458631376663035], [-75.61225715821261, 6.145820117401863], [-75.61216680843461, 6.145705555779402], [-75.6121372638501, 6.1456680938417705], [-75.61213493505836, 6.145665285449112], [-75.61209866379556, 6.145621527035231], [-75.61202059597349, 6.145527346219588], [-75.61201999820695, 6.145526646683441], [-75.61201965754255, 6.145526249656218], [-75.61199614035361, 6.145500231722267], [-75.61195067985174, 6.145449937520177], [-75.61192501837287, 6.14541560362664], [-75.61191898204284, 6.145406210970464], [-75.61190517291433, 6.145393271690281], [-75.6118995695907, 6.145388021149284], [-75.61187577066437, 6.145365720287538], [-75.61180710614593, 6.145301379112907], [-75.61179392041392, 6.145289022614543], [-75.61174837537659, 6.145247683553456], [-75.611719079008, 6.145221095350735], [-75.61169625287688, 6.145209894347474], [-75.61168611667165, 6.145202737585938], [-75.61163711514503, 6.145168128986461], [-75.61162249771164, 6.145157804582859], [-75.61157393489111, 6.145123506636532], [-75.61156209368043, 6.145114944246186], [-75.61141487754796, 6.145008475919356], [-75.61138043080143, 6.144983564579872], [-75.61137877287844, 6.144982367562761], [-75.61132244345053, 6.144956710614257], [-75.61125348623081, 6.144925301317813], [-75.61124284802834, 6.144919854774854], [-75.61122487046309, 6.144910647019763], [-75.61118035708958, 6.144887098454626], [-75.6111333524581, 6.144869653647338], [-75.61107414734266, 6.144847579962455], [-75.6109988039682, 6.144824125954454], [-75.61098196679207, 6.144819641781837], [-75.61095224848114, 6.144811725424373], [-75.61090417876396, 6.144800735396457], [-75.61081409396392, 6.144782275107042], [-75.61078602008112, 6.144777604436229], [-75.61072415448247, 6.144767311919095], [-75.61066996822814, 6.144763076185452], [-75.61058142999762, 6.144756691131615], [-75.61055766601932, 6.1447611783717235], [-75.61046882877066, 6.144765902109388], [-75.6104463043011, 6.144767100628163], [-75.61041289232777, 6.144768779949778], [-75.61036441295903, 6.144771218147507], [-75.61033162771551, 6.144772869089168], [-75.61020414210918, 6.144782959142099], [-75.61014235623577, 6.144786428758049], [-75.61009056503487, 6.14478933604423], [-75.6100866531265, 6.144789554948392], [-75.61008495905112, 6.144789650012509], [-75.61005416456624, 6.144787586353013], [-75.61003982179865, 6.144785238025016], [-75.61002164318337, 6.144779070670306], [-75.61000823852444, 6.144771454287784], [-75.60999492798044, 6.1447640589412815], [-75.60998829806127, 6.144760373800958], [-75.60998607630923, 6.144759137944462], [-75.6099121001956, 6.144723210009755], [-75.60991032285688, 6.144722345361749], [-75.60984809723853, 6.144692124354855], [-75.60971843078596, 6.144646931347081], [-75.60962012790098, 6.1446102904069], [-75.60953639897002, 6.144582287152588], [-75.60950451296829, 6.1445716238818635], [-75.60942768184385, 6.1445459293615325], [-75.60919625907916, 6.144443464968555], [-75.60911132146131, 6.144411727404373], [-75.60898920703978, 6.144366103123568], [-75.60897912466105, 6.14436257042908], [-75.60895366129469, 6.144353648637611], [-75.60869431358296, 6.144254442008597], [-75.60863127961483, 6.14423089586301], [-75.60857224811039, 6.144208845389242], [-75.60850038212669, 6.144181998185559], [-75.60846483690597, 6.144168721857532], [-75.60841631875228, 6.1441505970422075], [-75.60833737143757, 6.144102306445697], [-75.60830914215357, 6.144085203646911], [-75.60815195782119, 6.143989978639165], [-75.60809333753124, 6.14392661563378], [-75.6079781745917, 6.143802129672341], [-75.60787360480862, 6.143793459981222], [-75.60793395821293, 6.143925208177771], [-75.60796380354508, 6.143990364247845], [-75.60792480092847, 6.144021104801016], [-75.60787269423788, 6.144062170457045], [-75.607749075972, 6.1441810536693815], [-75.60771544304856, 6.1442154548062335], [-75.60763370837309, 6.144299055837933], [-75.60757477163644, 6.144359339125166], [-75.60753018225068, 6.144400842731276], [-75.60742115543344, 6.144502316527659], [-75.6073820110272, 6.14453270607866], [-75.60736993190083, 6.144543350738931], [-75.6072065110914, 6.144687367720735], [-75.60713572088912, 6.144749752017672], [-75.60693999409216, 6.145086445166191], [-75.60681935440805, 6.145015756027421], [-75.60674787037365, 6.14483586605972], [-75.60674815560331, 6.144685189036755], [-75.60671148769521, 6.144647265025704], [-75.60668402036488, 6.144317288399553], [-75.60663628918513, 6.144222773925588], [-75.60651762469082, 6.143986282395232], [-75.60644789272284, 6.143885492443153], [-75.60642046678618, 6.143859174042586], [-75.60624661466453, 6.14369234145764], [-75.60598323717211, 6.143508932471305], [-75.60575817930246, 6.143356506973636], [-75.60564096512671, 6.143145056971718], [-75.60554535078741, 6.143150025284425], [-75.60552256607446, 6.143151209470502], [-75.60549397658527, 6.1431526940734065], [-75.60540115354894, 6.143157518570375], [-75.60530674294426, 6.143162424018855], [-75.60527727750615, 6.143163956275089], [-75.60526107507475, 6.143164797370683], [-75.60511774999082, 6.1431824272796804], [-75.60511094265465, 6.1431814433762995], [-75.60510611940285, 6.143180747242522], [-75.60509633640268, 6.143179333942335], [-75.60507609156328, 6.143176408489668], [-75.60493271900398, 6.143155688856586], [-75.60492880300451, 6.143169180384253], [-75.60491358233173, 6.1432216236900095], [-75.6048745013869, 6.143254507097097], [-75.60484042034516, 6.143309175915065], [-75.60483613433213, 6.1433160505526265], [-75.60481552666806, 6.143310772662302], [-75.60482489183903, 6.143289424433223], [-75.60482595704107, 6.143284831993151], [-75.60483048510362, 6.143265324515069], [-75.60483707257237, 6.1432270502688455], [-75.60483649124865, 6.143192961539242], [-75.60482993175054, 6.143155280237242], [-75.6047915708225, 6.143121706488048], [-75.60471568398214, 6.143117591168927], [-75.6046650933724, 6.143109403606751], [-75.60466195173333, 6.143108649550965], [-75.60460716293291, 6.143095493780922], [-75.60453700149868, 6.143055444499252], [-75.60442280780244, 6.14293860466739], [-75.60435739557207, 6.142863588096617], [-75.6043045447783, 6.14280297724502], [-75.60429309986401, 6.142790998019193], [-75.60428540727028, 6.142782944971061], [-75.6042716345014, 6.142768526150664], [-75.60426774416194, 6.142764451473134], [-75.6042576464501, 6.142750144031082], [-75.60424578947274, 6.142737943505345], [-75.60423906345743, 6.142731020355284], [-75.60419316430578, 6.142683789305724], [-75.60419194420759, 6.142682534975409], [-75.60415670246488, 6.142648427922647], [-75.60412696434726, 6.142621004065772], [-75.60411905414571, 6.142613709683931], [-75.60407546454148, 6.142577223992809], [-75.60403604319376, 6.142537136066346], [-75.60399781334176, 6.142505423062267], [-75.60396137911304, 6.142470719683851], [-75.60389088668863, 6.142421648348045], [-75.6038227824699, 6.142383340981009], [-75.60372719143712, 6.142344427936637], [-75.60367282102288, 6.142326462143447], [-75.60355450834909, 6.142321030765901], [-75.60349714287051, 6.14232280002899], [-75.60341168852172, 6.142333531604197], [-75.6033274260191, 6.142353830568578], [-75.60313320368695, 6.142399802623201], [-75.60302085368714, 6.142422481307339], [-75.60294316669538, 6.142439194304366], [-75.60292372567056, 6.142445539704262], [-75.60291274392833, 6.142449123568363], [-75.6028271057796, 6.142477064951063], [-75.6026320377502, 6.142545884144342], [-75.60252918477026, 6.142581221426245], [-75.60244844403974, 6.142608962630133], [-75.60243725253481, 6.142613436210408], [-75.60241669241742, 6.142621657568236], [-75.60237194536136, 6.142639551794275], [-75.60219407946232, 6.142723687092283], [-75.6019875362066, 6.1427944126121306], [-75.60184028805264, 6.142823059674877], [-75.60174466817874, 6.142849811838183], [-75.60155151259819, 6.142916716562658], [-75.60139851212072, 6.142983635577882], [-75.60125889008212, 6.143063959236274], [-75.60114413465648, 6.1431270676789], [-75.60115250880591, 6.143156982460896], [-75.60115299480773, 6.1431651727987555], [-75.60118421991965, 6.143245644210842], [-75.6012403631667, 6.143390338985219], [-75.60130612211945, 6.1434884218062615], [-75.60133178133015, 6.143526691973941], [-75.6013150760785, 6.143534861100092], [-75.601212284375, 6.143585116943547], [-75.60120927477254, 6.143608941234773], [-75.60120812305227, 6.143618043613952], [-75.60122940548908, 6.1436391242639], [-75.60123684875259, 6.143649963125686], [-75.60124573289157, 6.143677938895745], [-75.60127487864159, 6.14376973305713], [-75.60127488963877, 6.1437697655502035], [-75.60127489522958, 6.143769800781816], [-75.60127582786788, 6.143780306985738], [-75.60129447291872, 6.143872447876851], [-75.60126694291611, 6.1438808297084275], [-75.60127225791521, 6.143947602116149], [-75.60127912333125, 6.144011665609958], [-75.60127985092443, 6.144018452554681], [-75.60129574613892, 6.144107373862681], [-75.60130901937909, 6.144098177229899], [-75.60134285067136, 6.144074739949255], [-75.60135889023472, 6.144131086830703], [-75.60136532020984, 6.144153674514568], [-75.60146861349702, 6.1441432450534395], [-75.60150476298762, 6.144139595657148], [-75.60149844299943, 6.144374625463447], [-75.6014940396294, 6.1445384222470025], [-75.60150674859061, 6.1448062549864355], [-75.60150851612092, 6.145007154675457], [-75.60151360863456, 6.1451171581524004], [-75.60154710504368, 6.145281677209655], [-75.60155623746046, 6.145326525344425], [-75.60156196022054, 6.145484050997687], [-75.60156650672364, 6.145535966889084], [-75.60158340247708, 6.145601927081404], [-75.60160828433548, 6.145693390227167], [-75.60163936060235, 6.145798915879782], [-75.60167297244342, 6.145867468915606], [-75.60169801063248, 6.145913777418227], [-75.60171098454849, 6.14593777159666], [-75.60174015796065, 6.145992256273801], [-75.60177291139385, 6.146068733140711], [-75.6017743474646, 6.146073906478954], [-75.60178535079278, 6.146113584139445], [-75.6017871126666, 6.14616032420472], [-75.60177888267609, 6.146159353528187], [-75.6016784525413, 6.14614750288304], [-75.60163374161455, 6.146142228353928], [-75.60151186970278, 6.146084164665377], [-75.60140059598143, 6.146022194376086], [-75.60132693682453, 6.145986273483776], [-75.6012404571393, 6.1459199992932065], [-75.60111853762125, 6.14581011609671], [-75.60107872219827, 6.145775783396166], [-75.60103596861332, 6.145754319092082], [-75.60091286842737, 6.14571616162125], [-75.60084949489539, 6.145709596425021], [-75.60076225204656, 6.1457085817773205], [-75.60075513443769, 6.145707887737706], [-75.6007545591507, 6.145707537045397], [-75.60075144773883, 6.145702411633177], [-75.60075031915946, 6.14569973022281], [-75.600749082215, 6.145696496951602], [-75.60074368046489, 6.145680295141983], [-75.60073647187659, 6.145664036128966], [-75.60073408760893, 6.145660770470738], [-75.60073155061619, 6.1456580479993095], [-75.600721004982, 6.1456526902602295], [-75.60070922893033, 6.14564692986858], [-75.60070591565898, 6.145643947185959], [-75.60070258137961, 6.145640358876992], [-75.60069033784684, 6.145622413862575], [-75.60067723355577, 6.145603738929902], [-75.60067334785538, 6.145599692227312], [-75.60066935432049, 6.145596132440509], [-75.60065403904878, 6.145587362437178], [-75.60064057774655, 6.145582772882325], [-75.60063775773807, 6.1455818499877966], [-75.60063533505087, 6.145581087892591], [-75.60062986656395, 6.145579594760969], [-75.6006267936386, 6.145578672193204], [-75.60062587127199, 6.145578276178067], [-75.60062492146061, 6.145577808874786], [-75.60062124782223, 6.1455755783253325], [-75.60060814391369, 6.145566277716044], [-75.6006012478332, 6.145561353343864], [-75.60059293136541, 6.145555410665938], [-75.60055111114964, 6.145525446194536], [-75.6005064950221, 6.145493754080456], [-75.6004964317456, 6.145486723260914], [-75.60048735581181, 6.145480447961288], [-75.60046282443385, 6.145464066208436], [-75.60043563953501, 6.145454815131201], [-75.60042490530613, 6.145453028484163], [-75.60041276274576, 6.145451589525729], [-75.60035729328825, 6.145449188825485], [-75.6003041671864, 6.145448698774895], [-75.6002934919566, 6.145448458706439], [-75.60028457610836, 6.145448175721664], [-75.60026696985645, 6.145446788660578], [-75.60026178243474, 6.145445511133982], [-75.6002606893275, 6.145445296763413], [-75.6002597491872, 6.145445146741728], [-75.60025759011273, 6.14544509848316], [-75.60025640801597, 6.145445345622736], [-75.60025608297008, 6.145445373422542], [-75.60025575783635, 6.1454453831413165], [-75.60025458301999, 6.1454452695204145], [-75.60024213772117, 6.145448450939045], [-75.60023470213875, 6.145450542078254], [-75.60022554286984, 6.145453144269338], [-75.60017805749101, 6.145466920150648], [-75.60012987653135, 6.145480499613228], [-75.60012027322914, 6.1454829945707], [-75.6001122949387, 6.145484933752841], [-75.60009698439237, 6.145487363360789], [-75.60009234859608, 6.145486400478033], [-75.60009110202243, 6.145486204935316], [-75.60008987279073, 6.145486046375191], [-75.60008556343507, 6.145485714755058], [-75.6000813911096, 6.1454856997977165], [-75.60008024408899, 6.1454857297888115], [-75.60007911522577, 6.1454857786770685], [-75.60007506190479, 6.145486088606896], [-75.60006932759646, 6.145486402195569], [-75.60006713197531, 6.145486454466213], [-75.60006466708633, 6.145486488157443], [-75.60005357658427, 6.145486483355862], [-75.60003486063357, 6.1454823967004995], [-75.6000275823193, 6.145479859122571], [-75.60001940949351, 6.145476709319086], [-75.59998232401847, 6.145460263859239], [-75.59991354121084, 6.145337186219283], [-75.59989063831343, 6.145295479748434], [-75.59985460857806, 6.145231005676931], [-75.59985125329865, 6.145218628062523], [-75.59985131961174, 6.145218333012064], [-75.59984701873304, 6.145203007295205], [-75.59984383399895, 6.145190593592016], [-75.59984310241195, 6.145188562082661], [-75.59983867011651, 6.145172215402249], [-75.59983999827341, 6.145134899651184], [-75.59979347217543, 6.14506441753434], [-75.59979309224573, 6.1450637458481525], [-75.59978239904811, 6.14504752907262], [-75.5996817770645, 6.1449559712615285], [-75.59959067085778, 6.1449093664734145], [-75.59958413837157, 6.14490602515238], [-75.59950848886076, 6.144893413352777], [-75.59948187417571, 6.144901693033186], [-75.59943294223207, 6.144920965405993], [-75.59938164172185, 6.144948017999625], [-75.59930650622907, 6.144996067907637], [-75.59925050553265, 6.145030851486636], [-75.59924421926371, 6.145101848218746], [-75.59924228392194, 6.145123694624354], [-75.5992280123146, 6.145284848248542], [-75.59922142793033, 6.14535918517601], [-75.5992188418236, 6.1453883893858405], [-75.59923314273547, 6.145407770967406], [-75.59923246728552, 6.145434973305337], [-75.59922974185172, 6.145441994036178], [-75.59920947272033, 6.145494184441496], [-75.5992070862669, 6.145500326572291], [-75.59920240082592, 6.145512393430796], [-75.59918198358538, 6.145564962460361], [-75.59916888472922, 6.145659201711417], [-75.59917486412616, 6.1456952234644024], [-75.59918374842067, 6.1457487194858285], [-75.59918493884311, 6.145771207045585], [-75.59918655020893, 6.1458016963209445], [-75.59918570931279, 6.145824775080888], [-75.59918526120335, 6.145837035594074], [-75.59917690557342, 6.145866742508751], [-75.59917627957839, 6.145868970478855], [-75.59916886340335, 6.145895337696513], [-75.59916378860055, 6.145912975543569], [-75.59915237230204, 6.145952655717563], [-75.59915644125944, 6.145997604544469], [-75.59915583725132, 6.146007708696715], [-75.59915334646266, 6.146049471834951], [-75.59915433226155, 6.146086926424231], [-75.59915529478614, 6.146094289941695], [-75.59915590921523, 6.1460989809028295], [-75.59915996191275, 6.146129977240569], [-75.59916176957512, 6.146145642370649], [-75.59916286061691, 6.146155103617583], [-75.5991640383631, 6.146165306687121], [-75.59915866568437, 6.146195077747413], [-75.59914652127934, 6.14620498309001], [-75.59914485410415, 6.14620634369415], [-75.59914153954213, 6.146209047628779], [-75.5991434513093, 6.146239640315554], [-75.59914407223336, 6.146249574871829], [-75.59914482371222, 6.146273187426242], [-75.59914326691856, 6.146280351645898], [-75.59914148574524, 6.146288556641706], [-75.59913938738687, 6.146298222355272], [-75.59913764456856, 6.146305211185553], [-75.59913628717922, 6.146310655791338], [-75.59913174007379, 6.146328888665543], [-75.59913002725615, 6.146345403573352], [-75.59912972356753, 6.146348341481698], [-75.59912889696032, 6.146356318527817], [-75.59912788404667, 6.146366108243735], [-75.59912771307928, 6.146368847514329], [-75.59912756158741, 6.146371319084415], [-75.59912707650416, 6.146379127215542], [-75.59912655646492, 6.146387549382688], [-75.59912597420728, 6.146396923842016], [-75.5991255738121, 6.146403384491523], [-75.59912534877405, 6.146405033712426], [-75.59912825674667, 6.146403794546358], [-75.59913169041077, 6.146402179440575], [-75.59913577887552, 6.146399431961471], [-75.59917450273522, 6.146373417815269], [-75.59921708915228, 6.1463284571939], [-75.59926306572338, 6.146281107790642], [-75.59926846294171, 6.14627554950833], [-75.59927918578965, 6.146256945755329], [-75.59928313869383, 6.146250092633586], [-75.59929295684275, 6.14623305732905], [-75.59929759794018, 6.146222090037295], [-75.59932241448624, 6.146163452249251], [-75.59932729744315, 6.146139977733024], [-75.59933338787027, 6.146110692287113], [-75.59935131407818, 6.146087746485942], [-75.5993657942869, 6.1460899154315465], [-75.5993660535315, 6.1460899159785125], [-75.59937110303117, 6.146089947465817], [-75.59938156516323, 6.146090013194062], [-75.59939910515104, 6.146074959119934], [-75.59943926216152, 6.146037719350669], [-75.5995079052822, 6.145971510095769], [-75.5995546275704, 6.145930600392843], [-75.59956455705189, 6.145913986749777], [-75.59959453809185, 6.145863814897204], [-75.59960841769727, 6.14581113482727], [-75.59960127219264, 6.145776799437412], [-75.59958070342442, 6.145753891744615], [-75.59956637547059, 6.145729690698506], [-75.59956546063212, 6.145723033033041], [-75.59956145974346, 6.14569396484282], [-75.59956570267252, 6.145667039883912], [-75.59956780440085, 6.145643375485387], [-75.59957142966489, 6.14564754913259], [-75.59957468959932, 6.145648849603975], [-75.5996086546456, 6.145662400060942], [-75.5996811958209, 6.145696161441826], [-75.59968922574228, 6.145703921814457], [-75.59971312765926, 6.145727023934439], [-75.59971940429527, 6.1457398023059495], [-75.59972275151482, 6.145746613581503], [-75.5997278348675, 6.145756963993387], [-75.59973259915243, 6.145801677970867], [-75.59972109614813, 6.145853811264504], [-75.59971969619907, 6.145860162861378], [-75.59970659890261, 6.145898905547815], [-75.5996867997932, 6.1459574728121185], [-75.5996857935506, 6.145960451204647], [-75.5996812798731, 6.146018481214691], [-75.59968305071851, 6.146035118394672], [-75.5996853477866, 6.146056696486571], [-75.59969619650417, 6.146074984635468], [-75.59976734539602, 6.146139163965197], [-75.59979823478074, 6.146167029084623], [-75.59982123456541, 6.146181621017887], [-75.59988340666416, 6.146221066973139], [-75.59993612081655, 6.1462635523262525], [-75.59996206800791, 6.146284464747273], [-75.6000022042998, 6.146330179166279], [-75.60001633030676, 6.146346269825416], [-75.60012924094342, 6.146383908395108], [-75.60018567811262, 6.146418700011721], [-75.60024724855323, 6.146496236512463], [-75.60028049432255, 6.146590780852525], [-75.60028883097026, 6.1466196507169935], [-75.60031171119346, 6.146698867221099], [-75.60030375674813, 6.146891628028299], [-75.60030370137214, 6.1468930585409085], [-75.6003035375718, 6.146897271413096], [-75.60030173605394, 6.146943113957623], [-75.6003033202378, 6.14696018146885], [-75.60030439730265, 6.146971780000109], [-75.60030787363863, 6.147009250455821], [-75.60031018888567, 6.147034188882031], [-75.60031052865857, 6.147085340567774], [-75.60031069747426, 6.147110974728486], [-75.60031071645585, 6.147113951747624], [-75.6003225463599, 6.147206076133382], [-75.60032106997497, 6.1472768161615825], [-75.60031594489854, 6.14735603878326], [-75.60032384422077, 6.1474266997227645], [-75.6003328799456, 6.1474624271842915], [-75.6003559696326, 6.147521342598892], [-75.6003602256958, 6.147541746691199], [-75.6004026990383, 6.147601049613211], [-75.60040383220917, 6.147602629840374], [-75.60041188005644, 6.147616300021029], [-75.6004511214434, 6.147671138083677], [-75.6004818205707, 6.1476886343239245], [-75.60050005417197, 6.147699024663809], [-75.60052564282807, 6.147713610255704], [-75.60052895077405, 6.147715493608022], [-75.60054788960865, 6.147736987947544], [-75.60056640971655, 6.147758006069937], [-75.60057094936384, 6.147763157071986], [-75.60057185312778, 6.14776418512291], [-75.60057913490975, 6.147772447249565], [-75.60058219222961, 6.147775917564679], [-75.60061511312924, 6.147808031773381], [-75.60062351102454, 6.147816222467718], [-75.60063994118295, 6.147825581896674], [-75.6006413268877, 6.1478263390914645], [-75.60064135224937, 6.14782635343314], [-75.6006448144477, 6.147828193541854], [-75.60065523837544, 6.147833775162999], [-75.60068318647215, 6.147848743431049], [-75.60068394087166, 6.147849147494762], [-75.60075366294642, 6.1478622154265326], [-75.6007753597192, 6.147866281177471], [-75.60077680358312, 6.147866552601723], [-75.60080168371427, 6.147871214004847], [-75.6008339533782, 6.147877313968862], [-75.60083493643754, 6.147877558706302], [-75.60084292260221, 6.147879464480986], [-75.60087537190114, 6.147887212595332], [-75.60093474424468, 6.147913308850839], [-75.6009807036687, 6.147937163217282], [-75.60101415416445, 6.147974344845216], [-75.6010580741853, 6.1480222122485495], [-75.60106315242993, 6.148027039675117], [-75.60106515885185, 6.14802894472957], [-75.60108200434446, 6.148044955183442], [-75.60109395362169, 6.1480497310686895], [-75.60113295729296, 6.148065310863312], [-75.60115972151526, 6.148087776002298], [-75.60120798397331, 6.1481089548227805], [-75.60124253953268, 6.148155864283211], [-75.60126124774831, 6.148178964429614], [-75.60126277171037, 6.148180847422455], [-75.60133384606837, 6.1482686121364925], [-75.60134171431808, 6.148280635040208], [-75.60136534814993, 6.148316739770952], [-75.60136806987906, 6.148320854507701], [-75.60138426697881, 6.148371451566309], [-75.60138293873659, 6.148396447488084], [-75.60137912507803, 6.148468347918769], [-75.60137045163194, 6.148518487501842], [-75.60136421534737, 6.1485545279658425], [-75.60135880059912, 6.148585830707978], [-75.60135652990233, 6.148601097981843], [-75.60135646948044, 6.148601489739299], [-75.60135300307283, 6.148624794612297], [-75.60135289135837, 6.148625597972313], [-75.60134530890065, 6.148680344818198], [-75.60134044565018, 6.148715464578932], [-75.60132640497379, 6.148806865028845], [-75.60131098490046, 6.148867409893502], [-75.60130956496216, 6.148872988605222], [-75.60129646202888, 6.1489194584408216], [-75.60129469177156, 6.148948105351747], [-75.60130893939201, 6.1489971695553205], [-75.60133296131835, 6.149035056118116], [-75.60134620700464, 6.149047111588636], [-75.60138022170428, 6.149078066773429], [-75.6013936643124, 6.1491034979307635], [-75.60142698473764, 6.149115205184799], [-75.60144503522746, 6.149121547922005], [-75.60148604407134, 6.149134111846974], [-75.60150768808735, 6.149157596360029], [-75.60151884362212, 6.149174862226191], [-75.60153437233747, 6.14919889184747], [-75.60154347205041, 6.149235486837574], [-75.6015485080402, 6.1492594834930285], [-75.60155744443934, 6.149302058808458], [-75.60156331268334, 6.149330022996241], [-75.6016052122286, 6.149424321501197], [-75.60160986617547, 6.14943421016731], [-75.60162810511375, 6.149472984644535], [-75.60163870152493, 6.149486349445822], [-75.60164847631587, 6.149498675854774], [-75.60165809803327, 6.149521502898055], [-75.60168117818088, 6.149557220624247], [-75.6016965532364, 6.149598868626529], [-75.60170495701877, 6.149628132262971], [-75.60170750721731, 6.1496712657553365], [-75.60170161553285, 6.149694945879339], [-75.60169401660278, 6.149725490800996], [-75.60168749689356, 6.149762122099902], [-75.60168253173738, 6.149800238447479], [-75.60167941855941, 6.14983338965112], [-75.60167446044079, 6.149876295736617], [-75.60167611443637, 6.149898783694169], [-75.60167773377356, 6.149920831537581], [-75.60167807933819, 6.149945636677177], [-75.60168846845816, 6.149962993959339], [-75.60169883001772, 6.149985270429295], [-75.60171659935655, 6.150014216305056], [-75.60172976224497, 6.150047683284425], [-75.60174159659897, 6.150091962200269], [-75.60174392183563, 6.150114283248432], [-75.60174920833553, 6.150139263207577], [-75.60175939722171, 6.150164664986671], [-75.60176516220133, 6.150173062844095], [-75.60177373597392, 6.150200870994088], [-75.60177405192404, 6.15022404261838], [-75.60177022439692, 6.150243851396265], [-75.60176756148488, 6.15027040249009], [-75.60177346280206, 6.150307757096517], [-75.60177455710256, 6.150326598945346], [-75.60177457394444, 6.150326904439489], [-75.6017755775333, 6.150348267281946], [-75.60177580763163, 6.150359916931649], [-75.60177585390565, 6.150362187734082], [-75.6017759034638, 6.150364762288548], [-75.60180522785664, 6.150369603544551], [-75.60181382251805, 6.1503714358049], [-75.6018452482507, 6.150383393615121], [-75.60186703159499, 6.150391679963329], [-75.60187162608818, 6.150393427746793], [-75.60189943528184, 6.150402460423078], [-75.6019066693908, 6.150404808303795], [-75.60195471987547, 6.150413370766823], [-75.60201603307395, 6.150424294216497], [-75.6020400122777, 6.150429602692452], [-75.60205220081144, 6.15043229980796], [-75.60206734175487, 6.150435649739781], [-75.60207376925135, 6.1504370739713545], [-75.60210560828658, 6.150444120640376], [-75.60215039182184, 6.150454032509354], [-75.60215350601291, 6.150454704426542], [-75.60215564633963, 6.150455165920883], [-75.60220224703365, 6.150465210867945], [-75.60220261415114, 6.150465289541102], [-75.60221280579728, 6.150467487392161], [-75.60222419645416, 6.150469942484165], [-75.6022890798885, 6.150483927763903], [-75.60229315178019, 6.150531429519356], [-75.60229448766317, 6.1505470082926905], [-75.60229559567685, 6.15055993834376], [-75.60228826532718, 6.15063360796172], [-75.60229180700463, 6.150647694211315], [-75.60229370447506, 6.150655236670285], [-75.60229417057582, 6.150657094073095], [-75.60231066109368, 6.1506970287958795], [-75.60232948823878, 6.150738411299174], [-75.60233956833439, 6.150760566156935], [-75.60237070021952, 6.150808290409844], [-75.60237902028622, 6.15082200349099], [-75.60240376925113, 6.150862798407002], [-75.60242180309876, 6.15089689433847], [-75.6024465963792, 6.150969998727496], [-75.60246193427787, 6.151007138242592], [-75.60246975490911, 6.151026250154924], [-75.6024769591055, 6.151038784338215], [-75.60248856615176, 6.151056376130549], [-75.60251748715916, 6.151087277335567], [-75.60253227954155, 6.151103082523145], [-75.60256752939095, 6.15114074786965], [-75.6026574918012, 6.1512206242642815], [-75.60267340975025, 6.1512345859811255], [-75.60269882659934, 6.1512568830303405], [-75.60273803137561, 6.151291270803655], [-75.60275774351075, 6.151318857352406], [-75.60276136870053, 6.151323928693519], [-75.60278403120213, 6.151355644213021], [-75.60278756437795, 6.1513620395621], [-75.60281944309939, 6.151419730208784], [-75.60287939849702, 6.151503350128252], [-75.60293583005094, 6.151561332398619], [-75.60294576716957, 6.1515680210820145], [-75.60296300962368, 6.151579624836465], [-75.60297636423384, 6.151588612180751], [-75.60300545329487, 6.151608189933932], [-75.60302586041232, 6.151621925422209], [-75.60304813896076, 6.151636922003268], [-75.6030734159913, 6.151654983226445], [-75.60311361770687, 6.151737917393521], [-75.60324886318455, 6.151822824537439], [-75.60330499530593, 6.151858064496055], [-75.60330513212628, 6.151858151523655], [-75.60337777995181, 6.151910638341678], [-75.6034057039811, 6.151930810291009], [-75.60344113602075, 6.151972476961369], [-75.60344526693414, 6.151977336082351], [-75.60345727449514, 6.151990165947307], [-75.60345326570307, 6.1521009268886395], [-75.60346352402571, 6.152238516146728], [-75.60346047136711, 6.152253823386058], [-75.60345049763843, 6.152303438594288], [-75.60341296890711, 6.152467303582142], [-75.60344844415472, 6.152464219445847], [-75.60358195533313, 6.152452616320022], [-75.60371207517187, 6.152441308159631], [-75.60377339343296, 6.152435978800325], [-75.60404193781972, 6.152236775969447], [-75.60409514303012, 6.152287343219582], [-75.60410951913464, 6.152300935388985], [-75.60413390423082, 6.15230480969955], [-75.604146078672, 6.152308500386269], [-75.60414641518955, 6.152308601808465], [-75.60416439822228, 6.152314052406509], [-75.60428209166199, 6.152356765060427], [-75.60430147607146, 6.152367114297897], [-75.6044004987729, 6.1523991198029115], [-75.6044215319682, 6.152402665097658], [-75.60443815350033, 6.152405468882572], [-75.60449377541126, 6.152427551508677], [-75.60450885932303, 6.152437912679124], [-75.60455336148212, 6.152457159244468], [-75.60457380123586, 6.1524690528938955], [-75.6046165540582, 6.152493930396571], [-75.60467720984944, 6.152522099038291], [-75.60471813721506, 6.152544583324378], [-75.60476016004246, 6.152573880751741], [-75.60477488198342, 6.152582808014887], [-75.60478988486499, 6.152588772174941], [-75.60484561195513, 6.152610931986773], [-75.60489402087042, 6.15263018114413], [-75.60491303064941, 6.152633715495642], [-75.60496828368035, 6.152652571422679], [-75.60498719694867, 6.1526574325116705], [-75.60503177681021, 6.152668891894319], [-75.60507661133046, 6.152672735958503], [-75.60509784116348, 6.1526745543922585], [-75.60510453787988, 6.152656886933203], [-75.60510665379594, 6.1526447358605685], [-75.60511122665203, 6.152618493726572], [-75.60511829780857, 6.152572744955062], [-75.60512137943569, 6.1525159335753585], [-75.60511968770598, 6.152495196156257], [-75.60511147906865, 6.152461917653338], [-75.60509898952252, 6.152418766813728], [-75.60508521813847, 6.152370224031591], [-75.60508287176009, 6.152361956017108], [-75.60507649064506, 6.152339464083258], [-75.60507674107475, 6.152295753825803], [-75.60507675684093, 6.152292871576134], [-75.60507931638918, 6.152251079332974], [-75.60508761163891, 6.15221889105108], [-75.60509280432606, 6.152183969540664], [-75.6051038352402, 6.152144840025815], [-75.60510400039374, 6.152144253382936], [-75.60510808052138, 6.152129786444343], [-75.60511137916814, 6.152122707757056], [-75.60512735747088, 6.152088415277921], [-75.60513587629538, 6.152075789963732], [-75.60521500799398, 6.151997189128053], [-75.60525797594453, 6.151950910773207], [-75.60526564050934, 6.151937410873115], [-75.605273697335, 6.151923217445766], [-75.60528913087245, 6.151888354447333], [-75.60529331937859, 6.151878891003607], [-75.60531372465013, 6.1518338392923235], [-75.60532155261271, 6.151819578273107], [-75.6053656101499, 6.151745169013469], [-75.60536808088534, 6.151740584173701], [-75.60539927919743, 6.1516826718423285], [-75.60541142098232, 6.151660567764666], [-75.60544399989848, 6.151601251909767], [-75.6054498527649, 6.151590595109332], [-75.60543349138783, 6.151564054650335], [-75.6053783562147, 6.15147462019775], [-75.60537385657241, 6.151456930540882], [-75.60537268330563, 6.151452316473978], [-75.60537253592909, 6.151451731356483], [-75.6053835092278, 6.151353684855607], [-75.60539311512737, 6.151320753368989], [-75.60540114315684, 6.151293234107752], [-75.60540287652141, 6.151287292243445], [-75.60543551086208, 6.15121747536549], [-75.60544479471227, 6.1511976101530195], [-75.60546129735391, 6.1511622998550415], [-75.60555579094867, 6.151053448060853], [-75.60563759948472, 6.150959206450605], [-75.60566127151533, 6.150944666501571], [-75.6057847217947, 6.1508688427577365], [-75.60578703119131, 6.150868038618077], [-75.60576141761337, 6.150838187419457], [-75.6057468879607, 6.150821253702261], [-75.60562131316134, 6.150863705963901], [-75.60551716754391, 6.150878832110124], [-75.6054569246233, 6.150869916350264], [-75.60518161449545, 6.150861137842211], [-75.6050245143916, 6.150909420464864], [-75.60500984638922, 6.15091674809386], [-75.60496960039423, 6.150936761661803], [-75.604969567476, 6.15093667955211], [-75.6049610316767, 6.150913921474634], [-75.60493528159705, 6.150845282691586], [-75.60491792726678, 6.150799022054712], [-75.60489364972291, 6.150734311494546], [-75.60488464172843, 6.1507102990602895], [-75.60486697168575, 6.1506631982695685], [-75.60484056454769, 6.1505928069740765], [-75.60484217894424, 6.150591925766903], [-75.605014259376, 6.150498077373268], [-75.60513505175524, 6.150455159502655], [-75.60520241759708, 6.15044731347821], [-75.60528174827978, 6.150446129011296], [-75.60538074551582, 6.150469284651883], [-75.60542426432693, 6.150484558999474], [-75.605442938244, 6.150491110975826], [-75.60548225815715, 6.1505370781553985], [-75.60549481396866, 6.150551756825932], [-75.60551924399421, 6.150533352815569], [-75.60558304556254, 6.150485292163189], [-75.60543217464713, 6.150301585646871], [-75.60541088237369, 6.150275059284929], [-75.60534080576262, 6.150187761662906], [-75.60528250063042, 6.150104698203987], [-75.6052057926095, 6.149988747688703], [-75.60519106178714, 6.149966480007968], [-75.60519316458522, 6.149895065458058], [-75.60526165737527, 6.149894209644938], [-75.6053706004693, 6.149896018746069], [-75.60544212991104, 6.149888635180245], [-75.60548384281233, 6.1498754971362075], [-75.60550014662061, 6.149851477837594], [-75.60552862068789, 6.149809534753173], [-75.6055666863685, 6.149716150356026], [-75.60557749324842, 6.14964827527692], [-75.60558548147635, 6.149590330683855], [-75.60559815926766, 6.149498390107102], [-75.60560566158578, 6.1494708707099806], [-75.60560542092237, 6.149470605183891], [-75.60560912113083, 6.149464002795721], [-75.60562407689844, 6.149437319458356], [-75.60567640596172, 6.149371311200309], [-75.6057306183738, 6.149317731028136], [-75.60574786842847, 6.149300682007352], [-75.60580381950054, 6.1492602385105], [-75.60581347772465, 6.1492532580802655], [-75.60587110549098, 6.149239376075824], [-75.60599919975176, 6.149249519382157], [-75.60606736088212, 6.149272948401844], [-75.60615683858825, 6.1492802469602035], [-75.60619126912869, 6.149278416352561], [-75.60620397828609, 6.149270252067577], [-75.6062557943488, 6.149233944038099], [-75.60630423880434, 6.149315813303178], [-75.60634167275586, 6.149370715497855], [-75.60637334459138, 6.149415588952489], [-75.60641319106516, 6.149478615072625], [-75.60644199361121, 6.149523019749689], [-75.60650391201777, 6.149616117733252], [-75.60655314588317, 6.149690912373368], [-75.60659284541025, 6.14971320548111], [-75.60661724833487, 6.149723180285235], [-75.60667462832734, 6.14973908843734], [-75.60671477377575, 6.1497390750904035], [-75.60674632178551, 6.149739063930446], [-75.60679651172012, 6.149739046747837], [-75.60685096342078, 6.149739601824234], [-75.60687535326942, 6.14973984980988], [-75.60689829057183, 6.149740084091949], [-75.60691871572318, 6.149740293570279], [-75.60696692226544, 6.14972567993217], [-75.60698720250615, 6.149708758931885], [-75.6070231730978, 6.149678746368646], [-75.60706130918004, 6.149653990332131], [-75.60709097757628, 6.149634730780327], [-75.60712738786133, 6.149624139061708], [-75.60716753279323, 6.149624024431156], [-75.60720193947824, 6.149622490401051], [-75.60725352594294, 6.14961229740734], [-75.60727213673489, 6.149602199415382], [-75.60724712709306, 6.149651773126062], [-75.60724654769818, 6.1496848666435024], [-75.60724609933278, 6.149710372584463], [-75.60730012388191, 6.149799907143569], [-75.60730497268685, 6.149803980703458], [-75.60739234454913, 6.149877371213727], [-75.6075108687334, 6.149960743271971], [-75.60752840898685, 6.149942832119437], [-75.60762916457583, 6.14983995536141], [-75.60765877514841, 6.149806245450113], [-75.60773872125752, 6.149685474847535], [-75.60777782184202, 6.149627521228838], [-75.60784964046171, 6.149521076392675], [-75.6079147940318, 6.149424511208377], [-75.6080656884875, 6.149260611860234], [-75.60814175911324, 6.149215937444741], [-75.60823222083846, 6.149152559012263], [-75.60824790241898, 6.149141570335243], [-75.60830493274449, 6.149107825951475], [-75.60830581091, 6.149107306344308], [-75.60837828433517, 6.149064425972513], [-75.60838201406929, 6.149062220818088], [-75.60849503567988, 6.1490195121571345], [-75.60858289346434, 6.148984725775462], [-75.60859154644001, 6.148981298684395], [-75.60871663375893, 6.1489085268891825], [-75.60872286677781, 6.148904900969816], [-75.60881052510062, 6.148915541273574], [-75.60886155297928, 6.148894378236753], [-75.6089540329472, 6.1488362868068025], [-75.60897067068288, 6.1488222548798905], [-75.60903276555118, 6.1487657186033715], [-75.60905965518572, 6.148725688980952], [-75.6090915425141, 6.148678219791024], [-75.60914527578757, 6.148595215323858], [-75.60918484304187, 6.148534092472571], [-75.60922801702444, 6.1484674010346065], [-75.60923119613516, 6.148458607019187], [-75.60923690814913, 6.148442796827599], [-75.60925223058703, 6.148400404434429], [-75.60928041202301, 6.148322432975364], [-75.60929877075401, 6.148284377926202], [-75.60932431381094, 6.148231433066369], [-75.6093338848421, 6.14821159177729], [-75.60937998657157, 6.148133653922737], [-75.60942531064777, 6.14805702895663], [-75.60947048981616, 6.1479914406365], [-75.6095006696732, 6.147947632223615], [-75.60955733705303, 6.147914711360059], [-75.60961191833763, 6.14788300128479], [-75.6096720372829, 6.1478480755108205], [-75.60968590877697, 6.147864900215451], [-75.6097553085559, 6.147962881045203], [-75.60981439014463, 6.1480660319955405], [-75.60987161761167, 6.14816183289222], [-75.60994163097753, 6.1482857745369675], [-75.61003875623624, 6.148244534700799], [-75.61025168663501, 6.148154125457976], [-75.61037550890217, 6.1481015501257925], [-75.61038857303554, 6.148096001314108], [-75.61046528415633, 6.148069950047618], [-75.6105775192257, 6.148031836693037], [-75.61072615924526, 6.147981358586589], [-75.61079528043498, 6.147958712930311], [-75.6108281676845, 6.147947941169919], [-75.61090027845022, 6.147924317157611], [-75.61090053187242, 6.147924235457095], [-75.61100291543596, 6.1478906941336415], [-75.61111340511141, 6.147847182920043], [-75.61113887644774, 6.147837153471701], [-75.61120203503089, 6.1478122821864005], [-75.61151674685885, 6.147688349551471], [-75.61163551105602, 6.147638860818095], [-75.61166943324626, 6.1476247253607], [-75.61188257482391, 6.147535912132172], [-75.61193069485122, 6.1475377263627555], [-75.61209260695699, 6.147543823629474], [-75.61209752077926, 6.147544009344429], [-75.6121259136237, 6.147492604631441], [-75.61214761542793, 6.147453315457898], [-75.61214876417921, 6.147451235916967], [-75.61217693116834, 6.1474109278913565], [-75.61219581143273, 6.1473839125321454], [-75.61223398930296, 6.147359680444966], [-75.61224293757518, 6.147356067442056], [-75.61227485161531, 6.147347828142553], [-75.61225048722203, 6.14730871179902], [-75.61209831923064, 6.147242182635913], [-75.61206837381562, 6.147132249268847], [-75.61244053882322, 6.147043526269036], [-75.6124273683156, 6.146942152865473], [-75.61242726595106, 6.1469413523651895]]]}, "properties": {"SE_ANNO_CAD_DATA": null, "SHAPE.AREA": 0, "SHAPE.LEN": 0, "OBJECTID": 5, "VEREDA": "0004", "PK_VEREDA": "63120013040004", "NOM_VEREDA": "Z.E. LAS LOMITAS", "MUNICIPIO": "631", "SECTOR": "2", "CORREGIMIENTO": "001", "BARRIO": "304", "nombre_barrio_estandarizado": "Z.E. LAS LOMITAS", "municipio_estandarizado": "sabaneta"}}, {"type": "Feature", "geometry": {"type": "Polygon", "coordinates": [[[-75.60409514303012, 6.152287343219582], [-75.60410951913464, 6.152300935388985], [-75.60413390423082, 6.15230480969955], [-75.604146078672, 6.152308500386269], [-75.60414641518955, 6.152308601808465], [-75.60416439822228, 6.152314052406509], [-75.60428209166199, 6.152356765060427], [-75.60430147607146, 6.152367114297897], [-75.6044004987729, 6.1523991198029115], [-75.6044215319682, 6.152402665097658], [-75.60443815350033, 6.152405468882572], [-75.60449377541126, 6.152427551508677], [-75.60450885932303, 6.152437912679124], [-75.60455336148212, 6.152457159244468], [-75.60457380123586, 6.1524690528938955], [-75.6046165540582, 6.152493930396571], [-75.60467720984944, 6.152522099038291], [-75.60471813721506, 6.152544583324378], [-75.60476016004246, 6.152573880751741], [-75.60477488198342, 6.152582808014887], [-75.60478988486499, 6.152588772174941], [-75.60484561195513, 6.152610931986773], [-75.60489402087042, 6.15263018114413], [-75.60491303064941, 6.152633715495642], [-75.60496828368035, 6.152652571422679], [-75.60498719694867, 6.1526574325116705], [-75.60503177681021, 6.152668891894319], [-75.60507661133046, 6.152672735958503], [-75.60509784116348, 6.1526745543922585], [-75.60510453787988, 6.152656886933203], [-75.60510665379594, 6.1526447358605685], [-75.60511122665203, 6.152618493726572], [-75.60511829780857, 6.152572744955062], [-75.60512137943569, 6.1525159335753585], [-75.60511968770598, 6.152495196156257], [-75.60511147906865, 6.152461917653338], [-75.60509898952252, 6.152418766813728], [-75.60508521813847, 6.152370224031591], [-75.60508287176009, 6.152361956017108], [-75.60507649064506, 6.152339464083258], [-75.60507674107475, 6.152295753825803], [-75.60507675684093, 6.152292871576134], [-75.60507931638918, 6.152251079332974], [-75.60508761163891, 6.15221889105108], [-75.60509280432606, 6.152183969540664], [-75.6051038352402, 6.152144840025815], [-75.60510400039374, 6.152144253382936], [-75.60510808052138, 6.152129786444343], [-75.60511137916814, 6.152122707757056], [-75.60512735747088, 6.152088415277921], [-75.60513587629538, 6.152075789963732], [-75.60521500799398, 6.151997189128053], [-75.60525797594453, 6.151950910773207], [-75.60526564050934, 6.151937410873115], [-75.605273697335, 6.151923217445766], [-75.60528913087245, 6.151888354447333], [-75.60529331937859, 6.151878891003607], [-75.60531372465013, 6.1518338392923235], [-75.60532155261271, 6.151819578273107], [-75.6053656101499, 6.151745169013469], [-75.60536808088534, 6.151740584173701], [-75.60539927919743, 6.1516826718423285], [-75.60541142098232, 6.151660567764666], [-75.60544399989848, 6.151601251909767], [-75.6054498527649, 6.151590595109332], [-75.60543349138783, 6.151564054650335], [-75.6053783562147, 6.15147462019775], [-75.60537385657241, 6.151456930540882], [-75.60537268330563, 6.151452316473978], [-75.60537253592909, 6.151451731356483], [-75.6053835092278, 6.151353684855607], [-75.60539311512737, 6.151320753368989], [-75.60540114315684, 6.151293234107752], [-75.60540287652141, 6.151287292243445], [-75.60543551086208, 6.15121747536549], [-75.60544479471227, 6.1511976101530195], [-75.60546129735391, 6.1511622998550415], [-75.60555579094867, 6.151053448060853], [-75.60563759948472, 6.150959206450605], [-75.60566127151533, 6.150944666501571], [-75.6057847217947, 6.1508688427577365], [-75.60578703119131, 6.150868038618077], [-75.60576141761337, 6.150838187419457], [-75.6057468879607, 6.150821253702261], [-75.60562131316134, 6.150863705963901], [-75.60551716754391, 6.150878832110124], [-75.6054569246233, 6.150869916350264], [-75.60518161449545, 6.150861137842211], [-75.6050245143916, 6.150909420464864], [-75.60500984638922, 6.15091674809386], [-75.60496960039423, 6.150936761661803], [-75.604969567476, 6.15093667955211], [-75.6049610316767, 6.150913921474634], [-75.60493528159705, 6.150845282691586], [-75.60491792726678, 6.150799022054712], [-75.60489364972291, 6.150734311494546], [-75.60488464172843, 6.1507102990602895], [-75.60486697168575, 6.1506631982695685], [-75.60484056454769, 6.1505928069740765], [-75.60484217894424, 6.150591925766903], [-75.605014259376, 6.150498077373268], [-75.60513505175524, 6.150455159502655], [-75.60520241759708, 6.15044731347821], [-75.60528174827978, 6.150446129011296], [-75.60538074551582, 6.150469284651883], [-75.60542426432693, 6.150484558999474], [-75.605442938244, 6.150491110975826], [-75.60548225815715, 6.1505370781553985], [-75.60549481396866, 6.150551756825932], [-75.60551924399421, 6.150533352815569], [-75.60558304556254, 6.150485292163189], [-75.60543217464713, 6.150301585646871], [-75.60541088237369, 6.150275059284929], [-75.60534080576262, 6.150187761662906], [-75.60528250063042, 6.150104698203987], [-75.6052057926095, 6.149988747688703], [-75.60519106178714, 6.149966480007968], [-75.60519316458522, 6.149895065458058], [-75.60526165737527, 6.149894209644938], [-75.6053706004693, 6.149896018746069], [-75.60544212991104, 6.149888635180245], [-75.60548384281233, 6.1498754971362075], [-75.60550014662061, 6.149851477837594], [-75.60552862068789, 6.149809534753173], [-75.6055666863685, 6.149716150356026], [-75.60557749324842, 6.14964827527692], [-75.60558548147635, 6.149590330683855], [-75.60559815926766, 6.149498390107102], [-75.60560566158578, 6.1494708707099806], [-75.60560542092237, 6.149470605183891], [-75.60560912113083, 6.149464002795721], [-75.60562407689844, 6.149437319458356], [-75.60567640596172, 6.149371311200309], [-75.6057306183738, 6.149317731028136], [-75.60574786842847, 6.149300682007352], [-75.60580381950054, 6.1492602385105], [-75.60581347772465, 6.1492532580802655], [-75.60587110549098, 6.149239376075824], [-75.60599919975176, 6.149249519382157], [-75.60606736088212, 6.149272948401844], [-75.60615683858825, 6.1492802469602035], [-75.60619126912869, 6.149278416352561], [-75.60620397828609, 6.149270252067577], [-75.6062557943488, 6.149233944038099], [-75.60630423880434, 6.149315813303178], [-75.60634167275586, 6.149370715497855], [-75.60637334459138, 6.149415588952489], [-75.60641319106516, 6.149478615072625], [-75.60644199361121, 6.149523019749689], [-75.60650391201777, 6.149616117733252], [-75.60655314588317, 6.149690912373368], [-75.60659284541025, 6.14971320548111], [-75.60661724833487, 6.149723180285235], [-75.60667462832734, 6.14973908843734], [-75.60671477377575, 6.1497390750904035], [-75.60674632178551, 6.149739063930446], [-75.60679651172012, 6.149739046747837], [-75.60685096342078, 6.149739601824234], [-75.60687535326942, 6.14973984980988], [-75.60689829057183, 6.149740084091949], [-75.60691871572318, 6.149740293570279], [-75.60696692226544, 6.14972567993217], [-75.60698720250615, 6.149708758931885], [-75.6070231730978, 6.149678746368646], [-75.60706130918004, 6.149653990332131], [-75.60709097757628, 6.149634730780327], [-75.60712738786133, 6.149624139061708], [-75.60716753279323, 6.149624024431156], [-75.60720193947824, 6.149622490401051], [-75.60725352594294, 6.14961229740734], [-75.60727213673489, 6.149602199415382], [-75.60724712709306, 6.149651773126062], [-75.60724654769818, 6.1496848666435024], [-75.60724609933278, 6.149710372584463], [-75.60730012388191, 6.149799907143569], [-75.60730497268685, 6.149803980703458], [-75.60739234454913, 6.149877371213727], [-75.6075108687334, 6.149960743271971], [-75.60752840898685, 6.149942832119437], [-75.60762916457583, 6.14983995536141], [-75.60765877514841, 6.149806245450113], [-75.60773872125752, 6.149685474847535], [-75.60777782184202, 6.149627521228838], [-75.60784964046171, 6.149521076392675], [-75.6079147940318, 6.149424511208377], [-75.6080656884875, 6.149260611860234], [-75.60814175911324, 6.149215937444741], [-75.60823222083846, 6.149152559012263], [-75.60824790241898, 6.149141570335243], [-75.60830493274449, 6.149107825951475], [-75.60830581091, 6.149107306344308], [-75.60837828433517, 6.149064425972513], [-75.60838201406929, 6.149062220818088], [-75.60849503567988, 6.1490195121571345], [-75.60858289346434, 6.148984725775462], [-75.60859154644001, 6.148981298684395], [-75.60871663375893, 6.1489085268891825], [-75.60872286677781, 6.148904900969816], [-75.60881052510062, 6.148915541273574], [-75.60886155297928, 6.148894378236753], [-75.6089540329472, 6.1488362868068025], [-75.60897067068288, 6.1488222548798905], [-75.60903276555118, 6.1487657186033715], [-75.60905965518572, 6.148725688980952], [-75.6090915425141, 6.148678219791024], [-75.60914527578757, 6.148595215323858], [-75.60918484304187, 6.148534092472571], [-75.60922801702444, 6.1484674010346065], [-75.60923119613516, 6.148458607019187], [-75.60923690814913, 6.148442796827599], [-75.60925223058703, 6.148400404434429], [-75.60928041202301, 6.148322432975364], [-75.60929877075401, 6.148284377926202], [-75.60932431381094, 6.148231433066369], [-75.6093338848421, 6.14821159177729], [-75.60937998657157, 6.148133653922737], [-75.60942531064777, 6.14805702895663], [-75.60947048981616, 6.1479914406365], [-75.6095006696732, 6.147947632223615], [-75.60955733705303, 6.147914711360059], [-75.60961191833763, 6.14788300128479], [-75.6096720372829, 6.1478480755108205], [-75.60968590877697, 6.147864900215451], [-75.6097553085559, 6.147962881045203], [-75.60981439014463, 6.1480660319955405], [-75.60987161761167, 6.14816183289222], [-75.60994163097753, 6.1482857745369675], [-75.61003875623624, 6.148244534700799], [-75.61025168663501, 6.148154125457976], [-75.61037550890217, 6.1481015501257925], [-75.61038857303554, 6.148096001314108], [-75.61046528415633, 6.148069950047618], [-75.6105775192257, 6.148031836693037], [-75.61072615924526, 6.147981358586589], [-75.61079528043498, 6.147958712930311], [-75.6108281676845, 6.147947941169919], [-75.61090027845022, 6.147924317157611], [-75.61090053187242, 6.147924235457095], [-75.61100291543596, 6.1478906941336415], [-75.61111340511141, 6.147847182920043], [-75.61113887644774, 6.147837153471701], [-75.61120203503089, 6.1478122821864005], [-75.61151674685885, 6.147688349551471], [-75.61163551105602, 6.147638860818095], [-75.61166943324626, 6.1476247253607], [-75.61188257482391, 6.147535912132172], [-75.61193069485122, 6.1475377263627555], [-75.61209260695699, 6.147543823629474], [-75.61209752077926, 6.147544009344429], [-75.6121259136237, 6.147492604631441], [-75.61214761542793, 6.147453315457898], [-75.61214876417921, 6.147451235916967], [-75.61217693116834, 6.1474109278913565], [-75.61219581143273, 6.1473839125321454], [-75.61223398930296, 6.147359680444966], [-75.61224293757518, 6.147356067442056], [-75.61227485161531, 6.147347828142553], [-75.61227670999914, 6.1473477141834785], [-75.61228934814015, 6.147346874886759], [-75.61229125344902, 6.147346751657525], [-75.61229187291323, 6.147346714273855], [-75.61230006141832, 6.147346224007248], [-75.61230196676689, 6.147346108914382], [-75.61231969913227, 6.147345034058659], [-75.61232161031957, 6.147345004823264], [-75.61236718975621, 6.147353922924495], [-75.61238645693246, 6.147363240011382], [-75.61241528255549, 6.147377180748813], [-75.61242612633922, 6.147383834970922], [-75.61242997406399, 6.1473861938428636], [-75.61243525054465, 6.14738943171046], [-75.61243554680004, 6.147389612882607], [-75.61245381243496, 6.147400818933632], [-75.61251555828868, 6.14743870282551], [-75.61251751972024, 6.147439899254466], [-75.61269027656692, 6.147545553984954], [-75.61269067429583, 6.147545797945069], [-75.61269897568195, 6.147544376837276], [-75.61270134925728, 6.1475424793506575], [-75.61271058168714, 6.147535090483079], [-75.61271822496094, 6.147523386154218], [-75.61273177842597, 6.147499669550777], [-75.61275264580838, 6.147453958365813], [-75.61276307797577, 6.147435323403462], [-75.612768336137, 6.147425928871087], [-75.61280004633996, 6.14735910990996], [-75.61282672537368, 6.147302851518404], [-75.61285780172825, 6.147240340811993], [-75.61287262855389, 6.147211023635138], [-75.61287590737962, 6.147203981213867], [-75.61289198749674, 6.147162176401931], [-75.61290325294085, 6.147134016669224], [-75.61291072433461, 6.147114860984127], [-75.61292177630104, 6.147086639011488], [-75.61288220759515, 6.147072419053231], [-75.61285045689667, 6.147061008655225], [-75.61278060570848, 6.147042674134234], [-75.61264353767154, 6.147009970057225], [-75.6125670432744, 6.1469894910045175], [-75.61248706200156, 6.146964522230002], [-75.61248450726164, 6.14696372468162], [-75.61248065195556, 6.146962217474368], [-75.6124292786598, 6.146942136291331], [-75.61242726595106, 6.1469413523651895], [-75.61242610574362, 6.146940899678081], [-75.6123948895473, 6.146928699191876], [-75.61239312640114, 6.146927968289072], [-75.61235123510642, 6.146910544785369], [-75.61228834401116, 6.146884325256273], [-75.61228085507531, 6.1468812021703725], [-75.61227753601213, 6.146879818004011], [-75.61222982938222, 6.146859976524656], [-75.61216068609231, 6.146831220003169], [-75.61211666342604, 6.146813312372583], [-75.61205286043952, 6.146787360347282], [-75.61202609386571, 6.1467764724761285], [-75.61194415239135, 6.1467431496787155], [-75.61191449232798, 6.146731088909486], [-75.6118306782173, 6.146696623465513], [-75.61176056357573, 6.146667793873168], [-75.61175772782605, 6.146666607138034], [-75.61171083144583, 6.14664694877646], [-75.61169418889139, 6.146639971195313], [-75.61167027064151, 6.146630253701095], [-75.6115838781991, 6.1465951498820734], [-75.61157151313704, 6.146590123151906], [-75.61150035206623, 6.146560830322995], [-75.61148715321198, 6.146556899776127], [-75.6113947714617, 6.146517412450776], [-75.61138885441078, 6.146514881964065], [-75.61134555418799, 6.1464963767460326], [-75.61134458669203, 6.146495988206552], [-75.61125261200377, 6.146459025719831], [-75.61123199408856, 6.146450740381115], [-75.61123044826299, 6.146450118706926], [-75.61122340064736, 6.146447286361136], [-75.61118406259855, 6.146432011874546], [-75.6111631970211, 6.1464227667215035], [-75.61114099442439, 6.146412930514561], [-75.611140377149, 6.146412675872756], [-75.61105961899005, 6.146379345301202], [-75.61105199174565, 6.146376198458151], [-75.61104547586025, 6.146374230509121], [-75.6110279938641, 6.1463664487679965], [-75.61100950514005, 6.146359123978466], [-75.61098765877723, 6.146350468539252], [-75.61096018226267, 6.1463395822573865], [-75.61095859568965, 6.146338939987747], [-75.61088576551937, 6.146309299907284], [-75.61086571549284, 6.146301142863969], [-75.61081660302555, 6.146281403914749], [-75.61074935429845, 6.146254377310428], [-75.6106453490166, 6.146212799450628], [-75.61064367996137, 6.14621209881851], [-75.61058377255505, 6.146187006274216], [-75.61054936066812, 6.146172592736019], [-75.61034363336422, 6.146086419711505], [-75.6100992241274, 6.145985952404376], [-75.61009364516502, 6.145983659824119], [-75.6100918704173, 6.14598314232726], [-75.61008120385273, 6.1459800347220455], [-75.6100546866876, 6.145972307921959], [-75.61003807507971, 6.145968893043613], [-75.61001597327362, 6.1459643468744805], [-75.60998613766282, 6.145961844603815], [-75.60998447582304, 6.145961882555553], [-75.60998172563413, 6.145961940288566], [-75.60994986421456, 6.145962635647739], [-75.60991205180595, 6.145966806372488], [-75.60987058484255, 6.145976924714384], [-75.6098312593591, 6.145990155237945], [-75.60980081096712, 6.146006846560555], [-75.60978303514443, 6.14601753355874], [-75.6097803344141, 6.146020139611558], [-75.60977344863382, 6.146026784679301], [-75.60976339461314, 6.146036485595992], [-75.60975364268786, 6.146045898448178], [-75.60975091755914, 6.146049984576331], [-75.60971866542526, 6.146098376744575], [-75.60970229541856, 6.146132658425968], [-75.60968439552133, 6.146170142549871], [-75.60968160844072, 6.146175972924306], [-75.60967882170722, 6.146181318717617], [-75.609630276584, 6.1462744196931265], [-75.60960761010001, 6.14637063173384], [-75.60959270602142, 6.14642305267474], [-75.60957134395339, 6.146473339016602], [-75.60952782648032, 6.146547367672246], [-75.60949225983728, 6.146588647473677], [-75.6094784483169, 6.146604676222511], [-75.60946709247011, 6.146617857825398], [-75.60939209530879, 6.146684373752873], [-75.60938489031028, 6.146690761817193], [-75.6093089676497, 6.146758096825493], [-75.6093028743072, 6.1467635021643625], [-75.60928030957531, 6.146783513584666], [-75.60925180439463, 6.146808794890783], [-75.60925129407832, 6.146809172570724], [-75.6092505956473, 6.1468096876834455], [-75.609177405429, 6.146718439696644], [-75.60917897960589, 6.146716909560771], [-75.60921602532727, 6.14668089505881], [-75.60927186224755, 6.146626610719168], [-75.60932186452132, 6.146564282465505], [-75.60937712221032, 6.146500506448288], [-75.60940616289969, 6.146461676903341], [-75.60942091092008, 6.146438196788788], [-75.60942722100565, 6.1464231494287995], [-75.60943955009598, 6.14639374954949], [-75.60944179750187, 6.146388388308747], [-75.60945932931162, 6.146335243936309], [-75.6094730829457, 6.14629789397391], [-75.609484960061, 6.146264905351871], [-75.60949015044578, 6.146250488171035], [-75.60951373489819, 6.146190447856455], [-75.60952193957398, 6.146169559113], [-75.60953287782783, 6.146150392826132], [-75.60955068513596, 6.146119111953798], [-75.60956260653475, 6.146098171607877], [-75.60959477266896, 6.146048810704243], [-75.60961838906361, 6.146021077042695], [-75.60961959345462, 6.146019661721191], [-75.60962906784339, 6.146008533404504], [-75.60964753126983, 6.145989366527535], [-75.60965956340803, 6.1459768750436865], [-75.60971487115813, 6.145930794978436], [-75.60974293508188, 6.145906543753948], [-75.60981104135527, 6.145847690005801], [-75.60982261501768, 6.145837687846157], [-75.60977390834177, 6.145833546444934], [-75.60976059635506, 6.145830493339022], [-75.60974187773168, 6.145820659925683], [-75.60967891196495, 6.145815591876776], [-75.60959570393881, 6.14581684808009], [-75.60958682841118, 6.1458157459747795], [-75.60952187078134, 6.145807685230267], [-75.60952003392994, 6.145807213237622], [-75.60943560133335, 6.145785550986094], [-75.60943089209266, 6.145784342645383], [-75.60937951229832, 6.145761420527274], [-75.60932270794224, 6.145731930631591], [-75.60930127863058, 6.145720806771102], [-75.60927152335846, 6.145698651464573], [-75.60924610223267, 6.145661163721752], [-75.60920267774713, 6.145592502170612], [-75.60916890862134, 6.145537604890211], [-75.60915849636903, 6.14551903015261], [-75.60913095730717, 6.1454699128817065], [-75.60912858458039, 6.145466983538521], [-75.60909741732122, 6.145428480543095], [-75.60902301683976, 6.145347573640212], [-75.60900645374808, 6.145332797076366], [-75.60895373801449, 6.145285770859284], [-75.60888120682823, 6.145247571041807], [-75.60885427795836, 6.145226716407812], [-75.60877910413343, 6.145167083198449], [-75.60871528482654, 6.145133287017609], [-75.60872485229822, 6.145109930756868], [-75.60872959418803, 6.145096523803], [-75.60874674419888, 6.145077339862319], [-75.60877347874863, 6.1450672185100315], [-75.60879305462895, 6.145060943649254], [-75.60881981825541, 6.145060867239419], [-75.60886667504394, 6.145067430745644], [-75.60890254589683, 6.145076893882316], [-75.60895272085209, 6.1450748371780906], [-75.60895371883116, 6.145074623466498], [-75.60898424364203, 6.145068051048125], [-75.60899873496935, 6.1450645520789555], [-75.60902436141588, 6.145058368816076], [-75.6090878851775, 6.145044314153724], [-75.60911941562738, 6.145040398391177], [-75.60917912963578, 6.145030660252597], [-75.60919345138059, 6.145025356686222], [-75.60920837277128, 6.145030220035942], [-75.60922837048622, 6.145036736547239], [-75.60923507358004, 6.145038013811408], [-75.60925818542056, 6.145042417682173], [-75.60927919701098, 6.145046422264469], [-75.60930863492793, 6.145052031103528], [-75.60934528405525, 6.145059015073633], [-75.60938664994171, 6.14506689815725], [-75.60945262278126, 6.145082375480224], [-75.60946110699986, 6.1450843672969135], [-75.60949138321477, 6.145091470972717], [-75.60951223936313, 6.145096756461162], [-75.60958655947327, 6.145115594100769], [-75.60964775564692, 6.145123071132924], [-75.60972568194174, 6.145132894776937], [-75.6097983600496, 6.145144166134852], [-75.60986434356788, 6.14515497836488], [-75.60992069053718, 6.145168666472531], [-75.60999730572522, 6.14519136585403], [-75.61003748987905, 6.14520327322348], [-75.61009920080079, 6.1452246214776745], [-75.61014992694236, 6.145247435527995], [-75.61026575219121, 6.145306416969756], [-75.61036824143926, 6.145366119872882], [-75.61040793110206, 6.145389241843125], [-75.61047715114103, 6.145439893900801], [-75.6105279798306, 6.14547502529201], [-75.61058776938769, 6.145516349141631], [-75.61064045101404, 6.145555063315585], [-75.61067281538645, 6.1455830487531715], [-75.61068926130183, 6.145604351359442], [-75.61070050042194, 6.145623178758828], [-75.61073360241566, 6.14565146073548], [-75.61075635229454, 6.1456681362689585], [-75.61079285195385, 6.145688361785419], [-75.61082515189268, 6.145702022606328], [-75.61084055652137, 6.145705398155642], [-75.61086818703022, 6.145710270767683], [-75.61090644813649, 6.145720323260614], [-75.61091961350053, 6.145723132955101], [-75.61096345977145, 6.145732490952423], [-75.61097280211251, 6.145734483969623], [-75.61102724433292, 6.145732104238331], [-75.6110313388956, 6.145731924210875], [-75.61110288331983, 6.145707804021858], [-75.61111868616383, 6.145698191624753], [-75.61114583806264, 6.145687351196283], [-75.61116493668568, 6.145681018010401], [-75.6111795628457, 6.145677389040779], [-75.61119658124797, 6.145674948074956], [-75.61121509940699, 6.145673129008983], [-75.61123440310524, 6.145676616581823], [-75.61126355252524, 6.1456856684750285], [-75.61127846376533, 6.145690299455977], [-75.61129952064388, 6.145699512038684], [-75.61130179251522, 6.145700466477619], [-75.61133466776522, 6.1457142971267515], [-75.61137987454129, 6.145736653412583], [-75.61139247851153, 6.145742886819517], [-75.61145498858704, 6.145782687446868], [-75.6114832103668, 6.145808035106818], [-75.61150233063643, 6.145825209297551], [-75.61153512148326, 6.145859506561256], [-75.61156510455967, 6.145901867337522], [-75.61159511385905, 6.145972372423023], [-75.61160417059345, 6.145987288620377], [-75.61161635318248, 6.14597935738291], [-75.61169976289159, 6.145925045735328], [-75.61170624226182, 6.145920827341283], [-75.61171313491425, 6.145916338419891], [-75.6117641667406, 6.146031030858417], [-75.6117690373174, 6.146041978779504], [-75.61182338841257, 6.146184191881197], [-75.61182559439095, 6.146189968015377], [-75.61184817069244, 6.146240292707267], [-75.61187835970415, 6.146281159828755], [-75.61188276244248, 6.146287120501385], [-75.61192876759752, 6.146329986032096], [-75.6119642853752, 6.146354635297828], [-75.61198575893378, 6.146364267094358], [-75.61203741732324, 6.146387437953405], [-75.61207089450741, 6.146402811538573], [-75.61217813307157, 6.146452065029394], [-75.61231397869459, 6.146507316309996], [-75.61234920500894, 6.146523508537579], [-75.61242955536672, 6.146560448080765], [-75.6124621588607, 6.146576512992895], [-75.61252356568484, 6.146606772801337], [-75.6125483397547, 6.146618982187189], [-75.61256305125532, 6.1466258046404985], [-75.6125716310093, 6.146629784866258], [-75.61288106620505, 6.1467990474777965], [-75.61288692422801, 6.146802252663959], [-75.61309959535016, 6.146918585276807], [-75.61313675305712, 6.146939434760473], [-75.61320599688833, 6.14698119378261], [-75.6132830006566, 6.147032366816598], [-75.61334546674124, 6.147077870733302], [-75.61340610337605, 6.147125785414616], [-75.61340642168027, 6.1471260424196235], [-75.61340689964561, 6.147126439677467], [-75.6134070774071, 6.1471265870742675], [-75.61340846410887, 6.14712773297144], [-75.61341277023827, 6.1471312929012285], [-75.61341297793955, 6.147131467273452], [-75.61341321736502, 6.147131664092077], [-75.61341546755675, 6.147133541672687], [-75.61341879158766, 6.147136312639098], [-75.61341932216683, 6.147136755746777], [-75.6134245627698, 6.147141155500181], [-75.61342458635148, 6.147141175274215], [-75.61343035867536, 6.14714606694905], [-75.61343285208672, 6.147148178396175], [-75.61343611662676, 6.14715097496722], [-75.61343674341427, 6.147151512530863], [-75.61343677787471, 6.147151540388249], [-75.61355464357281, 6.147252565120514], [-75.613536277077, 6.147355721818245], [-75.61356341575059, 6.147378059538365], [-75.61363624367941, 6.147433652988953], [-75.6137253816043, 6.147498032768636], [-75.6137414170987, 6.147509614915963], [-75.61392584523833, 6.147642817593273], [-75.61392639003637, 6.147643212715145], [-75.61397380217018, 6.1476774544398936], [-75.61399763031122, 6.147692173561969], [-75.61402332855778, 6.147703310571602], [-75.61401997892501, 6.147753914714333], [-75.61402136330894, 6.147754400653998], [-75.61406108093814, 6.147761004842017], [-75.61407714770318, 6.147760680310196], [-75.6140892530878, 6.147760433928149], [-75.61413115672516, 6.147755222158518], [-75.61415889444443, 6.147745600985037], [-75.61422239917127, 6.147713619064214], [-75.61429333603309, 6.147658527273621], [-75.61432796938237, 6.147620073425863], [-75.61434230605497, 6.147604154135209], [-75.61439165279354, 6.14752742258437], [-75.61442263692311, 6.147457727722882], [-75.61444742853537, 6.147361847158829], [-75.61445034871704, 6.147350548355976], [-75.61446354732534, 6.147278068335535], [-75.61446969975155, 6.147244281426791], [-75.61447123125046, 6.147235868860364], [-75.61447298713612, 6.147224574851923], [-75.61430431984999, 6.147169484914362], [-75.61428478561352, 6.147156532169953], [-75.61420708002306, 6.147105005658231], [-75.61409575229015, 6.14703118311012], [-75.61406898432438, 6.147013355783406], [-75.61395808731929, 6.146939499440521], [-75.61391737829412, 6.146908737174143], [-75.61376044525333, 6.146790153275816], [-75.61366554219654, 6.146718438061437], [-75.61358600047723, 6.146655838380531], [-75.61353862781158, 6.1466185542054275], [-75.61353272209364, 6.1466139054712645], [-75.613243021633, 6.1464914360129095], [-75.61322117650869, 6.146485255098865], [-75.61302742411875, 6.1464304247150485], [-75.61291928661865, 6.146399822139297], [-75.61286323244597, 6.146383959634409], [-75.61281557510247, 6.1463342368361005], [-75.61278794666974, 6.146305552195828], [-75.61269854819531, 6.146221411465328], [-75.61252087799711, 6.146053929031158], [-75.61247369343424, 6.14600945105289], [-75.61242895053779, 6.145971843769962], [-75.61237672131382, 6.145927941920469], [-75.61233266408495, 6.145892199972189], [-75.61229684207866, 6.1458631376663035], [-75.61225715821261, 6.145820117401863], [-75.61216680843461, 6.145705555779402], [-75.6121372638501, 6.1456680938417705], [-75.61213493505836, 6.145665285449112], [-75.61209866379556, 6.145621527035231], [-75.61202059597349, 6.145527346219588], [-75.61201999820695, 6.145526646683441], [-75.61201965754255, 6.145526249656218], [-75.61199614035361, 6.145500231722267], [-75.61195067985174, 6.145449937520177], [-75.61192501837287, 6.14541560362664], [-75.61191898204284, 6.145406210970464], [-75.61190517291433, 6.145393271690281], [-75.6118995695907, 6.145388021149284], [-75.61187577066437, 6.145365720287538], [-75.61180710614593, 6.145301379112907], [-75.61179392041392, 6.145289022614543], [-75.61174837537659, 6.145247683553456], [-75.611719079008, 6.145221095350735], [-75.61169625287688, 6.145209894347474], [-75.61168611667165, 6.145202737585938], [-75.61163711514503, 6.145168128986461], [-75.61162249771164, 6.145157804582859], [-75.61157393489111, 6.145123506636532], [-75.61156209368043, 6.145114944246186], [-75.61141487754796, 6.145008475919356], [-75.61138043080143, 6.144983564579872], [-75.61137877287844, 6.144982367562761], [-75.61132244345053, 6.144956710614257], [-75.61125348623081, 6.144925301317813], [-75.61124284802834, 6.144919854774854], [-75.61122487046309, 6.144910647019763], [-75.61118035708958, 6.144887098454626], [-75.6111333524581, 6.144869653647338], [-75.61107414734266, 6.144847579962455], [-75.6109988039682, 6.144824125954454], [-75.61098196679207, 6.144819641781837], [-75.61095224848114, 6.144811725424373], [-75.61090417876396, 6.144800735396457], [-75.61081409396392, 6.144782275107042], [-75.61078602008112, 6.144777604436229], [-75.61072415448247, 6.144767311919095], [-75.61066996822814, 6.144763076185452], [-75.61058142999762, 6.144756691131615], [-75.61055766601932, 6.1447611783717235], [-75.61046882877066, 6.144765902109388], [-75.6104463043011, 6.144767100628163], [-75.61041289232777, 6.144768779949778], [-75.61036441295903, 6.144771218147507], [-75.61033162771551, 6.144772869089168], [-75.61020414210918, 6.144782959142099], [-75.61014235623577, 6.144786428758049], [-75.61009056503487, 6.14478933604423], [-75.6100866531265, 6.144789554948392], [-75.61008495905112, 6.144789650012509], [-75.61005416456624, 6.144787586353013], [-75.61003982179865, 6.144785238025016], [-75.61002164318337, 6.144779070670306], [-75.61000823852444, 6.144771454287784], [-75.60999492798044, 6.1447640589412815], [-75.60998829806127, 6.144760373800958], [-75.60998607630923, 6.144759137944462], [-75.6099121001956, 6.144723210009755], [-75.60991032285688, 6.144722345361749], [-75.60984809723853, 6.144692124354855], [-75.60971843078596, 6.144646931347081], [-75.60962012790098, 6.1446102904069], [-75.60953639897002, 6.144582287152588], [-75.60950451296829, 6.1445716238818635], [-75.60942768184385, 6.1445459293615325], [-75.60919625907916, 6.144443464968555], [-75.60911132146131, 6.144411727404373], [-75.60898920703978, 6.144366103123568], [-75.60897912466105, 6.14436257042908], [-75.60895366129469, 6.144353648637611], [-75.60869431358296, 6.144254442008597], [-75.60863127961483, 6.14423089586301], [-75.60857224811039, 6.144208845389242], [-75.60850038212669, 6.144181998185559], [-75.60846483690597, 6.144168721857532], [-75.60841631875228, 6.1441505970422075], [-75.60833737143757, 6.144102306445697], [-75.60830914215357, 6.144085203646911], [-75.60815195782119, 6.143989978639165], [-75.60809333753124, 6.14392661563378], [-75.6079781745917, 6.143802129672341], [-75.60787360480862, 6.143793459981222], [-75.60793395821293, 6.143925208177771], [-75.60796380354508, 6.143990364247845], [-75.60792480092847, 6.144021104801016], [-75.60787269423788, 6.144062170457045], [-75.607749075972, 6.1441810536693815], [-75.60771544304856, 6.1442154548062335], [-75.60763370837309, 6.144299055837933], [-75.60757477163644, 6.144359339125166], [-75.60753018225068, 6.144400842731276], [-75.60742115543344, 6.144502316527659], [-75.6073820110272, 6.14453270607866], [-75.60736993190083, 6.144543350738931], [-75.6072065110914, 6.144687367720735], [-75.60713572088912, 6.144749752017672], [-75.60693999409216, 6.145086445166191], [-75.60681935440805, 6.145015756027421], [-75.60674787037365, 6.14483586605972], [-75.60674815560331, 6.144685189036755], [-75.60671148769521, 6.144647265025704], [-75.60668402036488, 6.144317288399553], [-75.60663628918513, 6.144222773925588], [-75.60651762469082, 6.143986282395232], [-75.60644789272284, 6.143885492443153], [-75.60642046678618, 6.143859174042586], [-75.60624661466453, 6.14369234145764], [-75.60598323717211, 6.143508932471305], [-75.60575817930246, 6.143356506973636], [-75.60564096512671, 6.143145056971718], [-75.60554535078741, 6.143150025284425], [-75.60552256607446, 6.143151209470502], [-75.60549397658527, 6.1431526940734065], [-75.60540115354894, 6.143157518570375], [-75.60530674294426, 6.143162424018855], [-75.60527727750615, 6.143163956275089], [-75.60526107507475, 6.143164797370683], [-75.60511774999082, 6.1431824272796804], [-75.60511094265465, 6.1431814433762995], [-75.60510611940285, 6.143180747242522], [-75.60509633640268, 6.143179333942335], [-75.60507609156328, 6.143176408489668], [-75.60493271900398, 6.143155688856586], [-75.60492880300451, 6.143169180384253], [-75.60491358233173, 6.1432216236900095], [-75.6048745013869, 6.143254507097097], [-75.60484042034516, 6.143309175915065], [-75.60483613433213, 6.1433160505526265], [-75.60481552666806, 6.143310772662302], [-75.60482489183903, 6.143289424433223], [-75.60482595704107, 6.143284831993151], [-75.60483048510362, 6.143265324515069], [-75.60483707257237, 6.1432270502688455], [-75.60483649124865, 6.143192961539242], [-75.60482993175054, 6.143155280237242], [-75.6047915708225, 6.143121706488048], [-75.60471568398214, 6.143117591168927], [-75.6046650933724, 6.143109403606751], [-75.60466195173333, 6.143108649550965], [-75.60460716293291, 6.143095493780922], [-75.60453700149868, 6.143055444499252], [-75.60442280780244, 6.14293860466739], [-75.60435739557207, 6.142863588096617], [-75.6043045447783, 6.14280297724502], [-75.60429309986401, 6.142790998019193], [-75.60428540727028, 6.142782944971061], [-75.6042716345014, 6.142768526150664], [-75.60426774416194, 6.142764451473134], [-75.6042576464501, 6.142750144031082], [-75.60424578947274, 6.142737943505345], [-75.60423906345743, 6.142731020355284], [-75.60419316430578, 6.142683789305724], [-75.60419194420759, 6.142682534975409], [-75.60415670246488, 6.142648427922647], [-75.60412696434726, 6.142621004065772], [-75.60411905414571, 6.142613709683931], [-75.60407546454148, 6.142577223992809], [-75.60403604319376, 6.142537136066346], [-75.60399781334176, 6.142505423062267], [-75.60396137911304, 6.142470719683851], [-75.60389088668863, 6.142421648348045], [-75.6038227824699, 6.142383340981009], [-75.60372719143712, 6.142344427936637], [-75.60367282102288, 6.142326462143447], [-75.60355450834909, 6.142321030765901], [-75.60349714287051, 6.14232280002899], [-75.60341168852172, 6.142333531604197], [-75.6033274260191, 6.142353830568578], [-75.60313320368695, 6.142399802623201], [-75.60302085368714, 6.142422481307339], [-75.60294316669538, 6.142439194304366], [-75.60292372567056, 6.142445539704262], [-75.60291274392833, 6.142449123568363], [-75.6028271057796, 6.142477064951063], [-75.6026320377502, 6.142545884144342], [-75.60252918477026, 6.142581221426245], [-75.60244844403974, 6.142608962630133], [-75.60243725253481, 6.142613436210408], [-75.60241669241742, 6.142621657568236], [-75.60237194536136, 6.142639551794275], [-75.60219407946232, 6.142723687092283], [-75.6019875362066, 6.1427944126121306], [-75.60184028805264, 6.142823059674877], [-75.60174466817874, 6.142849811838183], [-75.60155151259819, 6.142916716562658], [-75.60139851212072, 6.142983635577882], [-75.60125889008212, 6.143063959236274], [-75.60114413465648, 6.1431270676789], [-75.60110015470744, 6.143125135411645], [-75.60103132285498, 6.143109798236646], [-75.60093190607637, 6.143075304300188], [-75.60084778735057, 6.1430350791292705], [-75.60074646376003, 6.142987191549113], [-75.6006757344453, 6.142941228143937], [-75.60059546374123, 6.1428416743181815], [-75.60054386173056, 6.142778496505948], [-75.60047696079576, 6.14272105259813], [-75.60042634922299, 6.142682703016748], [-75.60040377174904, 6.142666311701362], [-75.60039476415945, 6.142659774769736], [-75.60030108651077, 6.142615716586743], [-75.60013857280912, 6.142571628833926], [-75.59999325855979, 6.1425486018360695], [-75.59991869351614, 6.142525604117061], [-75.59978103944825, 6.142471957714431], [-75.59962235633128, 6.142412562356126], [-75.59945221221196, 6.1423244532348535], [-75.59932795060598, 6.142253588570951], [-75.59922663937793, 6.14217507774004], [-75.59912724961478, 6.142077430049081], [-75.59902978560936, 6.141945332272484], [-75.59895908547969, 6.141824730754108], [-75.59889223152851, 6.1416562832015895], [-75.59885022009007, 6.141526123556277], [-75.59882468564379, 6.141428985580329], [-75.59881322023537, 6.14138725139082], [-75.59878113746672, 6.141402836244225], [-75.59877953522374, 6.141403615206435], [-75.5987095345819, 6.141401282971343], [-75.59867960484405, 6.141404130706255], [-75.59865654676213, 6.141406325753363], [-75.59860380361118, 6.141411344739655], [-75.59855786351372, 6.141422051641242], [-75.5984699318688, 6.141434412737306], [-75.59844228660342, 6.141431508487439], [-75.59841226931225, 6.141419660907573], [-75.59837509513561, 6.141400874074719], [-75.59833483195642, 6.141374865133911], [-75.59823444638964, 6.141295509599136], [-75.59818916632533, 6.1412521586532165], [-75.59816028320675, 6.141236886332338], [-75.5981452973763, 6.1412289607995145], [-75.59810533887746, 6.141213992716093], [-75.59799580623132, 6.141665114729249], [-75.59798273677994, 6.141718944447641], [-75.59744102839149, 6.143949987027223], [-75.5975014508994, 6.143978354373449], [-75.59755728948173, 6.144019054773411], [-75.59761141879258, 6.144093026188045], [-75.59767907504937, 6.1441603592241725], [-75.5976802522759, 6.144163017810646], [-75.5976814851758, 6.1441657945602905], [-75.59775287109642, 6.14432677158212], [-75.5977795307719, 6.1444562103567035], [-75.59779654492586, 6.1445958225481085], [-75.59780126402556, 6.144668125575195], [-75.59783345282196, 6.144741362785255], [-75.59788081763924, 6.144790025798342], [-75.59798526183731, 6.144835740689684], [-75.5981382938858, 6.144880412904396], [-75.5983489351214, 6.145016222236145], [-75.59847366613916, 6.145050580827391], [-75.59852561642548, 6.145061351596728], [-75.5985846410907, 6.145073586914825], [-75.59875783616596, 6.1450626100358825], [-75.59883205639257, 6.145023981464978], [-75.59887285803896, 6.145016633627325], [-75.59893862158825, 6.145021327800289], [-75.59900626306998, 6.145051328703597], [-75.5991235422628, 6.145068622810279], [-75.59914801173703, 6.145062215967283], [-75.59920801626697, 6.1450465078590994], [-75.59925050553265, 6.145030851486636], [-75.59924421926371, 6.145101848218746], [-75.59924228392194, 6.145123694624354], [-75.5992280123146, 6.145284848248542], [-75.59922142793033, 6.14535918517601], [-75.5992188418236, 6.1453883893858405], [-75.59923314273547, 6.145407770967406], [-75.59923246728552, 6.145434973305337], [-75.59922974185172, 6.145441994036178], [-75.59920947272033, 6.145494184441496], [-75.5992070862669, 6.145500326572291], [-75.59920240082592, 6.145512393430796], [-75.59918198358538, 6.145564962460361], [-75.59916888472922, 6.145659201711417], [-75.59917486412616, 6.1456952234644024], [-75.59918374842067, 6.1457487194858285], [-75.59918493884311, 6.145771207045585], [-75.59918655020893, 6.1458016963209445], [-75.59918570931279, 6.145824775080888], [-75.59918526120335, 6.145837035594074], [-75.59917690557342, 6.145866742508751], [-75.59917627957839, 6.145868970478855], [-75.59916886340335, 6.145895337696513], [-75.59916378860055, 6.145912975543569], [-75.59915237230204, 6.145952655717563], [-75.59915644125944, 6.145997604544469], [-75.59915583725132, 6.146007708696715], [-75.59915334646266, 6.146049471834951], [-75.59915433226155, 6.146086926424231], [-75.59915529478614, 6.146094289941695], [-75.59915590921523, 6.1460989809028295], [-75.59915996191275, 6.146129977240569], [-75.59916176957512, 6.146145642370649], [-75.59916286061691, 6.146155103617583], [-75.5991640383631, 6.146165306687121], [-75.59915866568437, 6.146195077747413], [-75.59914652127934, 6.14620498309001], [-75.59914485410415, 6.14620634369415], [-75.59914153954213, 6.146209047628779], [-75.5991434513093, 6.146239640315554], [-75.59914407223336, 6.146249574871829], [-75.59914482371222, 6.146273187426242], [-75.59914326691856, 6.146280351645898], [-75.59914148574524, 6.146288556641706], [-75.59913938738687, 6.146298222355272], [-75.59913764456856, 6.146305211185553], [-75.59913628717922, 6.146310655791338], [-75.59913174007379, 6.146328888665543], [-75.59913002725615, 6.146345403573352], [-75.59912972356753, 6.146348341481698], [-75.59912889696032, 6.146356318527817], [-75.59912788404667, 6.146366108243735], [-75.59912771307928, 6.146368847514329], [-75.59912756158741, 6.146371319084415], [-75.59912707650416, 6.146379127215542], [-75.59912655646492, 6.146387549382688], [-75.59912597420728, 6.146396923842016], [-75.5991255738121, 6.146403384491523], [-75.59912534877405, 6.146405033712426], [-75.59912825674667, 6.146403794546358], [-75.59913169041077, 6.146402179440575], [-75.59913577887552, 6.146399431961471], [-75.59917450273522, 6.146373417815269], [-75.59921708915228, 6.1463284571939], [-75.59926306572338, 6.146281107790642], [-75.59926846294171, 6.14627554950833], [-75.59927918578965, 6.146256945755329], [-75.59928313869383, 6.146250092633586], [-75.59929295684275, 6.14623305732905], [-75.59929759794018, 6.146222090037295], [-75.59932241448624, 6.146163452249251], [-75.59932729744315, 6.146139977733024], [-75.59933338787027, 6.146110692287113], [-75.59935131407818, 6.146087746485942], [-75.5993657942869, 6.1460899154315465], [-75.5993660535315, 6.1460899159785125], [-75.59937110303117, 6.146089947465817], [-75.59938156516323, 6.146090013194062], [-75.59939910515104, 6.146074959119934], [-75.59943926216152, 6.146037719350669], [-75.5995079052822, 6.145971510095769], [-75.5995546275704, 6.145930600392843], [-75.59956455705189, 6.145913986749777], [-75.59959453809185, 6.145863814897204], [-75.59960841769727, 6.14581113482727], [-75.59960127219264, 6.145776799437412], [-75.59958070342442, 6.145753891744615], [-75.59956637547059, 6.145729690698506], [-75.59956546063212, 6.145723033033041], [-75.59956145974346, 6.14569396484282], [-75.59956570267252, 6.145667039883912], [-75.59956780440085, 6.145643375485387], [-75.59957142966489, 6.14564754913259], [-75.59957468959932, 6.145648849603975], [-75.5996086546456, 6.145662400060942], [-75.5996811958209, 6.145696161441826], [-75.59968922574228, 6.145703921814457], [-75.59971312765926, 6.145727023934439], [-75.59971940429527, 6.1457398023059495], [-75.59972275151482, 6.145746613581503], [-75.5997278348675, 6.145756963993387], [-75.59973259915243, 6.145801677970867], [-75.59972109614813, 6.145853811264504], [-75.59971969619907, 6.145860162861378], [-75.59970659890261, 6.145898905547815], [-75.5996867997932, 6.1459574728121185], [-75.5996857935506, 6.145960451204647], [-75.5996812798731, 6.146018481214691], [-75.59968305071851, 6.146035118394672], [-75.5996853477866, 6.146056696486571], [-75.59969619650417, 6.146074984635468], [-75.59976734539602, 6.146139163965197], [-75.59979823478074, 6.146167029084623], [-75.59982123456541, 6.146181621017887], [-75.59988340666416, 6.146221066973139], [-75.59993612081655, 6.1462635523262525], [-75.59996206800791, 6.146284464747273], [-75.6000022042998, 6.146330179166279], [-75.60001633030676, 6.146346269825416], [-75.60012924094342, 6.146383908395108], [-75.60018567811262, 6.146418700011721], [-75.60024724855323, 6.146496236512463], [-75.60028049432255, 6.146590780852525], [-75.60028883097026, 6.1466196507169935], [-75.60031171119346, 6.146698867221099], [-75.60030375674813, 6.146891628028299], [-75.60030370137214, 6.1468930585409085], [-75.6003035375718, 6.146897271413096], [-75.60030173605394, 6.146943113957623], [-75.6003033202378, 6.14696018146885], [-75.60030439730265, 6.146971780000109], [-75.60030787363863, 6.147009250455821], [-75.60031018888567, 6.147034188882031], [-75.60031052865857, 6.147085340567774], [-75.60031069747426, 6.147110974728486], [-75.60031071645585, 6.147113951747624], [-75.6003225463599, 6.147206076133382], [-75.60032106997497, 6.1472768161615825], [-75.60031594489854, 6.14735603878326], [-75.60032384422077, 6.1474266997227645], [-75.6003328799456, 6.1474624271842915], [-75.6003559696326, 6.147521342598892], [-75.6003602256958, 6.147541746691199], [-75.6004026990383, 6.147601049613211], [-75.60040383220917, 6.147602629840374], [-75.60041188005644, 6.147616300021029], [-75.6004511214434, 6.147671138083677], [-75.6004818205707, 6.1476886343239245], [-75.60050005417197, 6.147699024663809], [-75.60052564282807, 6.147713610255704], [-75.60052895077405, 6.147715493608022], [-75.60054788960865, 6.147736987947544], [-75.60056640971655, 6.147758006069937], [-75.60057094936384, 6.147763157071986], [-75.60057185312778, 6.14776418512291], [-75.60057913490975, 6.147772447249565], [-75.60058219222961, 6.147775917564679], [-75.60061511312924, 6.147808031773381], [-75.60062351102454, 6.147816222467718], [-75.60063994118295, 6.147825581896674], [-75.6006413268877, 6.1478263390914645], [-75.60064135224937, 6.14782635343314], [-75.6006448144477, 6.147828193541854], [-75.60065523837544, 6.147833775162999], [-75.60068318647215, 6.147848743431049], [-75.60068394087166, 6.147849147494762], [-75.60075366294642, 6.1478622154265326], [-75.6007753597192, 6.147866281177471], [-75.60077680358312, 6.147866552601723], [-75.60080168371427, 6.147871214004847], [-75.6008339533782, 6.147877313968862], [-75.60083493643754, 6.147877558706302], [-75.60084292260221, 6.147879464480986], [-75.60087537190114, 6.147887212595332], [-75.60093474424468, 6.147913308850839], [-75.6009807036687, 6.147937163217282], [-75.60101415416445, 6.147974344845216], [-75.6010580741853, 6.1480222122485495], [-75.60106315242993, 6.148027039675117], [-75.60106515885185, 6.14802894472957], [-75.60108200434446, 6.148044955183442], [-75.60109395362169, 6.1480497310686895], [-75.60113295729296, 6.148065310863312], [-75.60115972151526, 6.148087776002298], [-75.60120798397331, 6.1481089548227805], [-75.60124253953268, 6.148155864283211], [-75.60126124774831, 6.148178964429614], [-75.60126277171037, 6.148180847422455], [-75.60133384606837, 6.1482686121364925], [-75.60134171431808, 6.148280635040208], [-75.60136534814993, 6.148316739770952], [-75.60136806987906, 6.148320854507701], [-75.60138426697881, 6.148371451566309], [-75.60138293873659, 6.148396447488084], [-75.60137912507803, 6.148468347918769], [-75.60137045163194, 6.148518487501842], [-75.60136421534737, 6.1485545279658425], [-75.60135880059912, 6.148585830707978], [-75.60135652990233, 6.148601097981843], [-75.60135646948044, 6.148601489739299], [-75.60135300307283, 6.148624794612297], [-75.60135289135837, 6.148625597972313], [-75.60134530890065, 6.148680344818198], [-75.60134044565018, 6.148715464578932], [-75.60132640497379, 6.148806865028845], [-75.60131098490046, 6.148867409893502], [-75.60130956496216, 6.148872988605222], [-75.60129646202888, 6.1489194584408216], [-75.60129469177156, 6.148948105351747], [-75.60130893939201, 6.1489971695553205], [-75.60133296131835, 6.149035056118116], [-75.60134620700464, 6.149047111588636], [-75.60138022170428, 6.149078066773429], [-75.6013936643124, 6.1491034979307635], [-75.60142698473764, 6.149115205184799], [-75.60144503522746, 6.149121547922005], [-75.60148604407134, 6.149134111846974], [-75.60150768808735, 6.149157596360029], [-75.60151884362212, 6.149174862226191], [-75.60153437233747, 6.14919889184747], [-75.60154347205041, 6.149235486837574], [-75.6015485080402, 6.1492594834930285], [-75.60155744443934, 6.149302058808458], [-75.60156331268334, 6.149330022996241], [-75.6016052122286, 6.149424321501197], [-75.60160986617547, 6.14943421016731], [-75.60162810511375, 6.149472984644535], [-75.60163870152493, 6.149486349445822], [-75.60164847631587, 6.149498675854774], [-75.60165809803327, 6.149521502898055], [-75.60168117818088, 6.149557220624247], [-75.6016965532364, 6.149598868626529], [-75.60170495701877, 6.149628132262971], [-75.60170750721731, 6.1496712657553365], [-75.60170161553285, 6.149694945879339], [-75.60169401660278, 6.149725490800996], [-75.60168749689356, 6.149762122099902], [-75.60168253173738, 6.149800238447479], [-75.60167941855941, 6.14983338965112], [-75.60167446044079, 6.149876295736617], [-75.60167611443637, 6.149898783694169], [-75.60167773377356, 6.149920831537581], [-75.60167807933819, 6.149945636677177], [-75.60168846845816, 6.149962993959339], [-75.60169883001772, 6.149985270429295], [-75.60171659935655, 6.150014216305056], [-75.60172976224497, 6.150047683284425], [-75.60174159659897, 6.150091962200269], [-75.60174392183563, 6.150114283248432], [-75.60174920833553, 6.150139263207577], [-75.60175939722171, 6.150164664986671], [-75.60176516220133, 6.150173062844095], [-75.60177373597392, 6.150200870994088], [-75.60177405192404, 6.15022404261838], [-75.60177022439692, 6.150243851396265], [-75.60176756148488, 6.15027040249009], [-75.60177346280206, 6.150307757096517], [-75.60177455710256, 6.150326598945346], [-75.60177457394444, 6.150326904439489], [-75.6017755775333, 6.150348267281946], [-75.60177580763163, 6.150359916931649], [-75.60177585390565, 6.150362187734082], [-75.6017759034638, 6.150364762288548], [-75.60180522785664, 6.150369603544551], [-75.60181382251805, 6.1503714358049], [-75.6018452482507, 6.150383393615121], [-75.60186703159499, 6.150391679963329], [-75.60187162608818, 6.150393427746793], [-75.60189943528184, 6.150402460423078], [-75.6019066693908, 6.150404808303795], [-75.60195471987547, 6.150413370766823], [-75.60201603307395, 6.150424294216497], [-75.6020400122777, 6.150429602692452], [-75.60205220081144, 6.15043229980796], [-75.60206734175487, 6.150435649739781], [-75.60207376925135, 6.1504370739713545], [-75.60210560828658, 6.150444120640376], [-75.60215039182184, 6.150454032509354], [-75.60215350601291, 6.150454704426542], [-75.60215564633963, 6.150455165920883], [-75.60220224703365, 6.150465210867945], [-75.60220261415114, 6.150465289541102], [-75.60221280579728, 6.150467487392161], [-75.60222419645416, 6.150469942484165], [-75.6022890798885, 6.150483927763903], [-75.60229315178019, 6.150531429519356], [-75.60229448766317, 6.1505470082926905], [-75.60229559567685, 6.15055993834376], [-75.60228826532718, 6.15063360796172], [-75.60229180700463, 6.150647694211315], [-75.60229370447506, 6.150655236670285], [-75.60229417057582, 6.150657094073095], [-75.60231066109368, 6.1506970287958795], [-75.60232948823878, 6.150738411299174], [-75.60233956833439, 6.150760566156935], [-75.60237070021952, 6.150808290409844], [-75.60237902028622, 6.15082200349099], [-75.60240376925113, 6.150862798407002], [-75.60242180309876, 6.15089689433847], [-75.6024465963792, 6.150969998727496], [-75.60246193427787, 6.151007138242592], [-75.60246975490911, 6.151026250154924], [-75.6024769591055, 6.151038784338215], [-75.60248856615176, 6.151056376130549], [-75.60251748715916, 6.151087277335567], [-75.60253227954155, 6.151103082523145], [-75.60256752939095, 6.15114074786965], [-75.6026574918012, 6.1512206242642815], [-75.60267340975025, 6.1512345859811255], [-75.60269882659934, 6.1512568830303405], [-75.60273803137561, 6.151291270803655], [-75.60275774351075, 6.151318857352406], [-75.60276136870053, 6.151323928693519], [-75.60278403120213, 6.151355644213021], [-75.60278756437795, 6.1513620395621], [-75.60281944309939, 6.151419730208784], [-75.60287939849702, 6.151503350128252], [-75.60293583005094, 6.151561332398619], [-75.60294576716957, 6.1515680210820145], [-75.60296300962368, 6.151579624836465], [-75.60297636423384, 6.151588612180751], [-75.60300545329487, 6.151608189933932], [-75.60302586041232, 6.151621925422209], [-75.60304813896076, 6.151636922003268], [-75.6030734159913, 6.151654983226445], [-75.60311361770687, 6.151737917393521], [-75.60324886318455, 6.151822824537439], [-75.60330499530593, 6.151858064496055], [-75.60330513212628, 6.151858151523655], [-75.60337777995181, 6.151910638341678], [-75.6034057039811, 6.151930810291009], [-75.60344113602075, 6.151972476961369], [-75.60344526693414, 6.151977336082351], [-75.60345727449514, 6.151990165947307], [-75.60345326570307, 6.1521009268886395], [-75.60346352402571, 6.152238516146728], [-75.60346047136711, 6.152253823386058], [-75.60345049763843, 6.152303438594288], [-75.60341296890711, 6.152467303582142], [-75.60344844415472, 6.152464219445847], [-75.60358195533313, 6.152452616320022], [-75.60371207517187, 6.152441308159631], [-75.60377339343296, 6.152435978800325], [-75.60404193781972, 6.152236775969447], [-75.60409514303012, 6.152287343219582]]]}, "properties": {"SE_ANNO_CAD_DATA": null, "SHAPE.AREA": 0, "SHAPE.LEN": 0, "OBJECTID": 6, "VEREDA": "0004", "PK_VEREDA": "63120010000004", "NOM_VEREDA": "VEREDA LAS LOMITAS", "MUNICIPIO": "631", "SECTOR": "2", "CORREGIMIENTO": "001", "BARRIO": "000", "nombre_barrio_estandarizado": "VEREDA LAS LOMITAS", "municipio_estandarizado": "sabaneta"}}, {"type": "Feature", "geometry": {"type": "Polygon", "coordinates": [[[-75.61521464924073, 6.147530827266639], [-75.61527561913414, 6.147540591887744], [-75.61533658892907, 6.147551260563494], [-75.61532823902893, 6.147576571788223], [-75.615316592259, 6.147611879096177], [-75.61532340725273, 6.147617566635164], [-75.61536294670418, 6.147650558455911], [-75.6155594550358, 6.1478145351663835], [-75.61555583638831, 6.147833726230985], [-75.6155297636643, 6.147972005413378], [-75.61567299829896, 6.148100015309844], [-75.61579671831444, 6.1482105855270035], [-75.61582699911773, 6.148145804953124], [-75.61603889209421, 6.14769247422326], [-75.61607029138796, 6.147605394022975], [-75.61608707389806, 6.147500757111894], [-75.61608816036895, 6.147483170505719], [-75.61609661377572, 6.147346562470465], [-75.6160971536, 6.147337810318961], [-75.6161071929941, 6.147159778553746], [-75.61612447811424, 6.146881157965062], [-75.61612881061426, 6.146815274960545], [-75.61611940723105, 6.146782686193135], [-75.61611155672861, 6.146755487972593], [-75.61608680402183, 6.146708293309233], [-75.61600412626748, 6.146608971110446], [-75.61591745235802, 6.146517201998072], [-75.61590408578066, 6.14650260808292], [-75.61577230799546, 6.146358724529729], [-75.61574155299535, 6.14633368522518], [-75.61573353165691, 6.146327156486341], [-75.61571430582474, 6.14631612612946], [-75.61571300263375, 6.146315433669656], [-75.61569074561686, 6.146304442560953], [-75.61568100460171, 6.146300162505154], [-75.61567759949565, 6.146298729964048], [-75.61567417921553, 6.146297334563724], [-75.61567074553687, 6.146295969967085], [-75.61566730027944, 6.146294638877385], [-75.61566384163235, 6.1462933403994295], [-75.61566036961766, 6.146292079053429], [-75.61563932200065, 6.14628513764278], [-75.6156322249143, 6.146283086715899], [-75.61562508962884, 6.146281167064883], [-75.61561838908267, 6.146279486670019], [-75.61561134914007, 6.146277854043723], [-75.61559428776788, 6.146274446983779], [-75.61559085696788, 6.146273856249401], [-75.61558053923513, 6.146272260462246], [-75.61557677819047, 6.1462717418612955], [-75.61557301105279, 6.14627127030137], [-75.61557022465632, 6.14627094039833], [-75.61552378091264, 6.146268299167957], [-75.61551281327257, 6.146268458633019], [-75.6154425067231, 6.146278717647514], [-75.61529990209492, 6.146304268369738], [-75.6151919425091, 6.1463231845334025], [-75.61509727715665, 6.1463376436744115], [-75.61504430278757, 6.146345734850012], [-75.61497850481902, 6.1463514532402606], [-75.6148328121315, 6.146351369811926], [-75.61475945302136, 6.146348061050059], [-75.6147197554056, 6.146345158007708], [-75.61466848311495, 6.146335752631799], [-75.61461419223635, 6.146324343250204], [-75.61456825112148, 6.146312547650265], [-75.61456190670043, 6.146310916125672], [-75.6144728989039, 6.1462820076123155], [-75.61438691797166, 6.146256611922181], [-75.61435622896866, 6.1462421171737995], [-75.61430639510264, 6.146208570759573], [-75.61425599392516, 6.146151894856263], [-75.61423833487444, 6.146125800500773], [-75.61421103893363, 6.146067549668611], [-75.61419978137464, 6.146035352302541], [-75.6141543059855, 6.145905296607392], [-75.6141525880593, 6.145902076448067], [-75.61415036734765, 6.145899180047487], [-75.61414770346872, 6.145896685163615], [-75.61414545881006, 6.145895117186487], [-75.61414303861315, 6.1458938366820215], [-75.61414047943708, 6.145892864084625], [-75.6141378201807, 6.145892213174946], [-75.6141351011122, 6.145891893809478], [-75.61413168015432, 6.145891968371272], [-75.61412831105314, 6.14589256642601], [-75.61412507343829, 6.1458936738385015], [-75.61412204383174, 6.145895264434739], [-75.61411929383907, 6.145897300620536], [-75.61411688845713, 6.145899734270067], [-75.61411488453783, 6.14590250786334], [-75.61411332944432, 6.145905555845701], [-75.61411243227032, 6.14590814410948], [-75.61411185935015, 6.145910822876558], [-75.61411161614778, 6.145913551624506], [-75.61411171213808, 6.1459162895900405], [-75.61411214314516, 6.145918995121838], [-75.61414046456896, 6.1459837791334095], [-75.6141859746878, 6.146086729042585], [-75.61426663029147, 6.146232225758486], [-75.6141801647349, 6.146277193810468], [-75.61410448115724, 6.146131041712859], [-75.61403391091912, 6.145980978003487], [-75.61402021101723, 6.145946209668659], [-75.61401972627708, 6.145944979802134], [-75.61400065522271, 6.1458927631072315], [-75.61397816107004, 6.145831173556562], [-75.61393941476312, 6.145725087770358], [-75.61377263476807, 6.145308865561289], [-75.61371269044466, 6.14515926687234], [-75.61371171109455, 6.145156819842669], [-75.61370149340937, 6.145159617266084], [-75.61362526809818, 6.1451804969497426], [-75.61361733895693, 6.145182669319865], [-75.61361087205324, 6.145184439462565], [-75.613517646441, 6.145209978649239], [-75.61351523441326, 6.145210473215664], [-75.61328986065284, 6.145257553369196], [-75.61325337975958, 6.145109239318278], [-75.61321786947899, 6.1449612052895235], [-75.61321347328938, 6.1449428914712705], [-75.61316093656858, 6.144885565839711], [-75.61302454804672, 6.144736751206648], [-75.6129895369332, 6.144698553016061], [-75.61287643276884, 6.1445602399803105], [-75.61285796678872, 6.144537571354654], [-75.6128517284184, 6.144528977987753], [-75.61281331520426, 6.144455158205228], [-75.61279644102724, 6.144422727846402], [-75.6127971538065, 6.144421637676905], [-75.61282672025374, 6.144376418312064], [-75.61287944619708, 6.144295779316631], [-75.61288687343921, 6.144284418701542], [-75.6129223653724, 6.144230140578936], [-75.61304092570755, 6.144081503316656], [-75.61303952032904, 6.144080785128278], [-75.61294461766971, 6.14398717130016], [-75.61277964997606, 6.143824448842994], [-75.6126846729792, 6.143730761159847], [-75.6125042015257, 6.143569845612957], [-75.61231652414308, 6.143402499306223], [-75.61241168843443, 6.1433183495146215], [-75.61260433733862, 6.14314799720027], [-75.61276907004245, 6.143002331168798], [-75.61285282995473, 6.1429282649737615], [-75.61286369094367, 6.142918659548601], [-75.61309303180943, 6.1427158627070435], [-75.61319983299408, 6.142621421993628], [-75.61325688822664, 6.142570970275798], [-75.61340447197392, 6.142440466895824], [-75.61349166645614, 6.142363364311483], [-75.61355951963982, 6.142303363516165], [-75.61357620412423, 6.142288609907167], [-75.61358946734941, 6.142276881746286], [-75.61349345649347, 6.1421276761382755], [-75.61346382963094, 6.142116989375422], [-75.61346056400535, 6.142115812878543], [-75.6134423486965, 6.142081554734094], [-75.61336413358912, 6.141934474327768], [-75.61334944723887, 6.141906857354675], [-75.61331343368019, 6.141847168091702], [-75.61326851771867, 6.141808433327872], [-75.61319371557929, 6.141763803670248], [-75.61311887949999, 6.141707216110438], [-75.61309186755288, 6.141662448696157], [-75.61302407992187, 6.141594987843831], [-75.61301099038648, 6.141581960062223], [-75.61294213401325, 6.141528345632784], [-75.61288961640358, 6.141474277969213], [-75.6128552570961, 6.141438905303831], [-75.61278335497984, 6.141364372118668], [-75.61274230015218, 6.141325370696613], [-75.61275631447936, 6.141310592192442], [-75.61277568830603, 6.1412901615095645], [-75.6128639003426, 6.141231116389086], [-75.61291481461173, 6.141197037526159], [-75.61340180891428, 6.14087107065453], [-75.61344682778636, 6.140840937888012], [-75.6135250613691, 6.1407885718873345], [-75.61353241880288, 6.1407836458497655], [-75.61353499553556, 6.140781922768298], [-75.61354348107885, 6.140776242652639], [-75.61355162989899, 6.14077078748629], [-75.61357302128718, 6.14076066862798], [-75.61357777786384, 6.14077066511709], [-75.61358315433506, 6.140795155235046], [-75.61360350097576, 6.140847681329823], [-75.61361483609394, 6.140876947421312], [-75.61361903953237, 6.140887799144603], [-75.61364202591734, 6.140940962354547], [-75.61365031204939, 6.140960133203966], [-75.6136573748562, 6.140976464040404], [-75.61367470501808, 6.140993156945803], [-75.61371130200264, 6.141028406506925], [-75.61382435830657, 6.1410832530920425], [-75.61386344020583, 6.141097589449589], [-75.61393245924536, 6.141122904865666], [-75.6139890533582, 6.141143666669665], [-75.61408043304289, 6.141174237463422], [-75.61411016561291, 6.141185312439408], [-75.6141819681174, 6.141225907337162], [-75.61419618670666, 6.1412426307962935], [-75.61421391320256, 6.141282969313316], [-75.61426364645534, 6.141355431820875], [-75.61430925409564, 6.141421885292969], [-75.61440155229779, 6.141552359506896], [-75.61445382665008, 6.141652613100083], [-75.61446234741645, 6.141668954863666], [-75.61446909852147, 6.1416926643518615], [-75.61447118745367, 6.141700001456492], [-75.61445792315094, 6.141830674471471], [-75.61445177794162, 6.141950708923105], [-75.61444937385876, 6.1419976089960375], [-75.6144497449734, 6.142092695610692], [-75.61444977257025, 6.142099829435904], [-75.61447348990437, 6.142165767905725], [-75.61449725510052, 6.142176931682604], [-75.61456238886774, 6.142180868586814], [-75.61463508504342, 6.142092163544286], [-75.61471340752911, 6.141996591752325], [-75.61484627655061, 6.141834463711104], [-75.61489147338852, 6.141791029384618], [-75.61495390583697, 6.141731034223948], [-75.61495598082759, 6.1417290387545265], [-75.61497086722733, 6.1417147332934805], [-75.61499415790915, 6.141692352325899], [-75.61501947772122, 6.141668018603852], [-75.61514241724522, 6.141791404960117], [-75.61530753903577, 6.1419302875891475], [-75.6153477957432, 6.141964149408958], [-75.61536175793282, 6.141975893588464], [-75.61536654502201, 6.141979920370546], [-75.61546589670769, 6.142064431579849], [-75.61546737154256, 6.142065686435884], [-75.61549073369312, 6.142089019905625], [-75.61551725915004, 6.142115512964654], [-75.61554328633706, 6.142100271527898], [-75.61556379411307, 6.142088263800247], [-75.61576437100837, 6.1419708086034275], [-75.61666710491107, 6.141442192160477], [-75.61667557761231, 6.141352719144322], [-75.61666589155267, 6.141210260261158], [-75.61666504310837, 6.141139935674031], [-75.61666387001335, 6.141042719562777], [-75.61666900749522, 6.14095113018754], [-75.61667029792146, 6.140928131785321], [-75.61667243970366, 6.140912999071129], [-75.61668227466397, 6.140843520844376], [-75.61668358787368, 6.140834247789957], [-75.616687158084, 6.1408090205701304], [-75.6166885418983, 6.140796264726068], [-75.61669043391697, 6.140778817933249], [-75.61669169151068, 6.1407672199053485], [-75.61703936697918, 6.140761033507643], [-75.61705703682897, 6.140760718306775], [-75.61756786835156, 6.140751628428312], [-75.61799831380165, 6.140743967665207], [-75.6180312618516, 6.1407433805510845], [-75.61804133317595, 6.1407382007025575], [-75.61807820194274, 6.140737545571846], [-75.61806091583769, 6.140651513931167], [-75.61804125421357, 6.140553661574715], [-75.61800094442427, 6.140358465240799], [-75.61797461468223, 6.140230975154749], [-75.61794701010888, 6.139979927935814], [-75.61792423059595, 6.139905011460657], [-75.61787162407231, 6.1397320066642544], [-75.6177608725014, 6.1396128691933844], [-75.61774042467391, 6.139630274798429], [-75.61769712334666, 6.139617880502604], [-75.61749598126647, 6.139478459725959], [-75.61735629348351, 6.139361999604626], [-75.61729053405811, 6.139307172761351], [-75.6170993385281, 6.139117012366669], [-75.61705897808834, 6.139060197933028], [-75.6169940872385, 6.138968848128545], [-75.61696750001454, 6.138837930013675], [-75.61694470341226, 6.1386664272176645], [-75.61693652938438, 6.1386049241425065], [-75.6169229074345, 6.138569608536265], [-75.6168840075463, 6.138468750095174], [-75.61683151590299, 6.138332647304035], [-75.61678733595313, 6.1382205708571815], [-75.61678376241659, 6.138215154024], [-75.61668823161024, 6.138070360321278], [-75.61656457231827, 6.137959188777518], [-75.61649357275009, 6.137901827956898], [-75.61647731776506, 6.137888693688988], [-75.61645053717893, 6.137867056664776], [-75.61635619188843, 6.137758772089221], [-75.61631788376062, 6.137704526772888], [-75.6161846421637, 6.13751585331901], [-75.61613790067386, 6.137459447820268], [-75.61602014758851, 6.137397786138026], [-75.61596977804113, 6.137361614079847], [-75.61596668932066, 6.137328940109896], [-75.61596730599402, 6.1372135842171645], [-75.61594986232323, 6.137154356707639], [-75.61591638220776, 6.137096412710395], [-75.61586935589945, 6.137047150642413], [-75.61576920350572, 6.13697210947985], [-75.61569498716433, 6.13690687172301], [-75.61561582552187, 6.136817384051407], [-75.61557360379001, 6.136766849036123], [-75.61553102660166, 6.136725100524392], [-75.61553799693058, 6.136713419420591], [-75.6155616458993, 6.136673792691966], [-75.61558693278602, 6.136624049638136], [-75.61558296502457, 6.136574483931443], [-75.61558053233567, 6.136544076840374], [-75.6155797157717, 6.136533890242183], [-75.61557507508971, 6.136509317007833], [-75.61556046702701, 6.136431987119596], [-75.615547144414, 6.136413367981317], [-75.61554428782054, 6.136409376947478], [-75.6155290470045, 6.1363576812170155], [-75.61552883759627, 6.136356970743502], [-75.61552650379548, 6.13634886728714], [-75.61551861840422, 6.1363214702494195], [-75.61551165276794, 6.136297270000467], [-75.61548360839305, 6.136225590164678], [-75.61548160154078, 6.136189338033955], [-75.61548965454658, 6.136165370859471], [-75.61549772869989, 6.136137592055149], [-75.61550185860955, 6.136123383517414], [-75.6155066663329, 6.136106844610723], [-75.61552169089511, 6.136055155553353], [-75.61553059894838, 6.135972242956981], [-75.61553858591606, 6.135897894524517], [-75.6155501176937, 6.135878626843232], [-75.61556127930166, 6.135852357200859], [-75.6155613855778, 6.1358521089684075], [-75.61558089313297, 6.135806190331831], [-75.61558802196087, 6.135789414067217], [-75.61559581157651, 6.135771075969994], [-75.61559732031724, 6.135767436074426], [-75.61560158222149, 6.135757140578365], [-75.6156162507929, 6.135721723673325], [-75.61561967890472, 6.135713446502935], [-75.61563045334958, 6.1356874309873515], [-75.61567464488084, 6.135596683129771], [-75.61567877116643, 6.135588212694508], [-75.61569943652778, 6.135545780795245], [-75.61571022976504, 6.135523618302047], [-75.61571660401042, 6.135515840241021], [-75.61574996492274, 6.135475144475867], [-75.61580296309914, 6.135410494538592], [-75.61581834435692, 6.135331575206852], [-75.61582562566072, 6.135294213609885], [-75.61583518118822, 6.135260336002483], [-75.61584087085771, 6.135240172021039], [-75.6158485218388, 6.13521304440889], [-75.61586973498119, 6.135179032079254], [-75.6159110940628, 6.135158682018973], [-75.61593445929809, 6.135147185684447], [-75.6160025456754, 6.13514092317564], [-75.61607401826015, 6.135141124424157], [-75.61609294235767, 6.135145582073773], [-75.61616385953087, 6.135162278824873], [-75.61616585259236, 6.135162749140029], [-75.61623110458419, 6.135165193914483], [-75.6162798694815, 6.135148563105412], [-75.61637554818138, 6.13505007524213], [-75.61639964784489, 6.135008611987098], [-75.6164013577787, 6.13500566633233], [-75.61640969765494, 6.13495812345335], [-75.61642179711937, 6.1348891594416814], [-75.61642964462436, 6.134839744850641], [-75.61643212286644, 6.134824137673193], [-75.6164297730174, 6.13451154542719], [-75.61643561267789, 6.134439374570958], [-75.61643606076903, 6.13443383681118], [-75.61643722436882, 6.134419440270145], [-75.61644674657904, 6.134343010462057], [-75.61645110769929, 6.134335837114468], [-75.61649798144857, 6.13425873745601], [-75.61650444472335, 6.1342481066468375], [-75.61650976373554, 6.134234175277149], [-75.61651183641341, 6.134228748913314], [-75.61651626087155, 6.134217155299081], [-75.61654755426845, 6.134135204659666], [-75.6165580035733, 6.1340679212378655], [-75.61655936620339, 6.134059143372183], [-75.6165604994257, 6.134051850192863], [-75.61656202583863, 6.1340420219111795], [-75.61657149336422, 6.133981043694205], [-75.61659474024749, 6.133897908289232], [-75.61659888782357, 6.1338830677361615], [-75.61662388309537, 6.133829492929223], [-75.61663065798089, 6.133814973133922], [-75.61664565035728, 6.1337478193945785], [-75.61665357212306, 6.133712328807119], [-75.61665703009169, 6.1336968452213085], [-75.61665722187105, 6.13369597909709], [-75.61665978351056, 6.1336845057888505], [-75.61665949396424, 6.133652928334643], [-75.61665903742393, 6.1336032288790365], [-75.6166589279687, 6.133591531761782], [-75.61665886197025, 6.133584298687992], [-75.61665866185463, 6.1335623499560015], [-75.61665843674132, 6.133526575533057], [-75.6166580153346, 6.133459822592638], [-75.61665795890697, 6.133450848249514], [-75.61665790663402, 6.133442725512037], [-75.61665617413674, 6.1334341951181255], [-75.61664563689177, 6.133382364333046], [-75.61663965779661, 6.133316905143617], [-75.61663819878439, 6.133300927561725], [-75.61663370155243, 6.1332516854180135], [-75.61663403851108, 6.133240956176717], [-75.61663448801255, 6.133226634548839], [-75.6166355211498, 6.133193825625924], [-75.61663021691633, 6.133155424411437], [-75.61662791833065, 6.133138797295701], [-75.61662778680427, 6.133121834127173], [-75.6166276771544, 6.133107874144246], [-75.6166276414583, 6.133103334121483], [-75.61662724549552, 6.1330529011736425], [-75.61662704037974, 6.133026777508743], [-75.61662703250144, 6.133025717987078], [-75.61662799655825, 6.1330163345409865], [-75.61662959274878, 6.13300081213979], [-75.61663086120159, 6.132988466404498], [-75.61663189594499, 6.132978390101838], [-75.61663531510578, 6.132945136472987], [-75.61663551426503, 6.132943190863274], [-75.61664186577181, 6.132900576715959], [-75.61664585228527, 6.132873826845921], [-75.61664746976071, 6.132858038546882], [-75.6166493001107, 6.132840153592881], [-75.61665149177973, 6.132818754594018], [-75.61665351533722, 6.132799000000664], [-75.61665542328684, 6.132780357968044], [-75.61665583276539, 6.132776347358019], [-75.61665612246819, 6.132773520749912], [-75.616659346973, 6.132765910875178], [-75.61666660231236, 6.132748784135789], [-75.61667348797602, 6.132732532526488], [-75.61667844214428, 6.132720837785751], [-75.61668073259963, 6.132715431153366], [-75.61668296500677, 6.1327101604138825], [-75.61668417050538, 6.13270731396143], [-75.61668498434037, 6.132703797705264], [-75.61668593699184, 6.132699667817], [-75.61668778663076, 6.132691662353788], [-75.61668941247221, 6.132684625330104], [-75.61669315504227, 6.13266841620273], [-75.6166974620428, 6.132649779624104], [-75.61670156730611, 6.132632004697992], [-75.61670338335443, 6.132624149473267], [-75.6167052366093, 6.1326128116217475], [-75.61670730828918, 6.1326001446364495], [-75.61670828445611, 6.1325941694437756], [-75.61671136031983, 6.132575345412606], [-75.6167140950422, 6.13255861685507], [-75.61671769445002, 6.132536575422793], [-75.61672112201177, 6.132515598006734], [-75.61672485304051, 6.132492763973534], [-75.61672745965382, 6.132476807206756], [-75.6167443700103, 6.132427875414608], [-75.61675879273798, 6.132386147588731], [-75.61676325261028, 6.132373297161907], [-75.61676635643663, 6.132315579365478], [-75.6167697434898, 6.13225259583511], [-75.61676800353762, 6.132241609141738], [-75.61676018192172, 6.132192269331978], [-75.6167501708389, 6.132150336347519], [-75.61674983614661, 6.132148939399847], [-75.61672426527036, 6.132071909028873], [-75.61670176077376, 6.132004106795383], [-75.6166802255906, 6.1319641078518], [-75.61667633892245, 6.131956885309872], [-75.61667382954472, 6.1319522226689], [-75.61662610323442, 6.131863576668054], [-75.61662403138702, 6.131859728256307], [-75.61659377369216, 6.131789010321562], [-75.61658060878466, 6.13175824614256], [-75.61656113504256, 6.13171273409069], [-75.61653673440807, 6.131658024679165], [-75.61653635632011, 6.131657174900322], [-75.61652094188834, 6.131622613799675], [-75.61651546155608, 6.131609949356812], [-75.61649179806219, 6.131555256227106], [-75.61648055781019, 6.1315292714524565], [-75.61647050062382, 6.131506026532708], [-75.61645321183119, 6.1314660655820985], [-75.61643947672708, 6.131434319654999], [-75.61643173810995, 6.13141643262863], [-75.6164261901603, 6.131403607590345], [-75.61641994236615, 6.131384334586092], [-75.61641575698948, 6.131371422429338], [-75.6164058685661, 6.1313409224896755], [-75.61638728465236, 6.131282647951319], [-75.61636226610253, 6.131204198158693], [-75.61634268088079, 6.1311437777428806], [-75.6163385763941, 6.131134116195051], [-75.6162542555599, 6.130935671542767], [-75.61625094329642, 6.130927877531269], [-75.61624219925147, 6.130878099199284], [-75.6162412395634, 6.1308726361205474], [-75.61622731708336, 6.130793373596695], [-75.616204987121, 6.130728171424374], [-75.61618326188879, 6.130664729215852], [-75.61618101425803, 6.130658171279795], [-75.6161718399501, 6.130649266780372], [-75.61601648559574, 6.130498455927497], [-75.61599609436114, 6.130478157162111], [-75.61592181515506, 6.130404219574926], [-75.61589061565813, 6.130373162810099], [-75.61584985137972, 6.130332586868759], [-75.61583159132357, 6.130314411271107], [-75.61571836285844, 6.130238696596567], [-75.6157164725237, 6.130237431099429], [-75.61567929306771, 6.130212571026672], [-75.61565742944617, 6.130175754072437], [-75.6155707317827, 6.13002975636208], [-75.6155659787497, 6.1300217533034465], [-75.61556527202897, 6.130020562487679], [-75.61556500062612, 6.130020103645067], [-75.61556428346348, 6.130020106242653], [-75.61554690424438, 6.129990842520476], [-75.61550541813678, 6.129920202744565], [-75.61544485531417, 6.12981708091904], [-75.61542190609075, 6.129795844430318], [-75.61538072036284, 6.129757735855257], [-75.6153042220773, 6.129686948745921], [-75.61519275542692, 6.129652815770176], [-75.61517342428644, 6.129646898120881], [-75.61509727353834, 6.12963760361523], [-75.61508205297322, 6.129635746835624], [-75.61507020441604, 6.129634302121154], [-75.61506977765511, 6.129634028465203], [-75.6150099258785, 6.1295958048350645], [-75.61499267626643, 6.129584789855497], [-75.61498555844503, 6.12954228301862], [-75.6149822930161, 6.129522775720886], [-75.61495867513948, 6.1293817215886515], [-75.61494967433802, 6.129327961124417], [-75.61494899617045, 6.129323916945087], [-75.61491285930634, 6.12925088592933], [-75.61488760437962, 6.129199847369374], [-75.6148785459859, 6.129181539103689], [-75.61477752227586, 6.129055348525997], [-75.61469901989787, 6.129000882139074], [-75.61466386174776, 6.128980044195749], [-75.61460522286154, 6.1289452888721545], [-75.61446809781431, 6.128851228473543], [-75.6144329470948, 6.128818004804344], [-75.61435445895303, 6.128743824263289], [-75.6142538195804, 6.12865255197494], [-75.61420212630293, 6.128609744553827], [-75.61415611113172, 6.128571639481444], [-75.61415323625548, 6.128569257739448], [-75.61406745720463, 6.128475784721194], [-75.61397970860298, 6.128351600300255], [-75.61390465510196, 6.128224446450492], [-75.61386231878897, 6.128123249574075], [-75.61375104208152, 6.12794848084576], [-75.61373747634472, 6.1278993270709785], [-75.61371217559271, 6.1278076654012805], [-75.61371036240124, 6.127779386089299], [-75.61370096086402, 6.127632879587825], [-75.6136945134729, 6.127575723573981], [-75.6136856352283, 6.1274969966998105], [-75.61368339759558, 6.127408061295213], [-75.6136824553585, 6.127370549954575], [-75.6136838668922, 6.127360668885516], [-75.61371341382078, 6.127312270378314], [-75.61372387930629, 6.127295127107539], [-75.61383137926447, 6.127119040872564], [-75.61385338784828, 6.1270827257823655], [-75.61392821991498, 6.126959256272089], [-75.61395032166186, 6.1269227843258545], [-75.6140499489334, 6.1266596950707335], [-75.61414643128509, 6.126438764998831], [-75.61391612351075, 6.126389588811612], [-75.61391413883258, 6.126389163635684], [-75.61362626462336, 6.126218180536285], [-75.61338515722736, 6.126074976196851], [-75.6133411692271, 6.125967450627623], [-75.61327954007585, 6.125723675465372], [-75.61327180170703, 6.125695393380457], [-75.61323245340958, 6.1255516066518725], [-75.61314578579649, 6.125325839489005], [-75.6130845883236, 6.125232740715106], [-75.61296575335165, 6.125039352016942], [-75.61285052564936, 6.124853130275489], [-75.6128034895252, 6.124698999531434], [-75.61272388719999, 6.124437338009428], [-75.61270598811684, 6.124350315895796], [-75.61267300140216, 6.124189940977397], [-75.61260045665773, 6.123888796124841], [-75.61259814794316, 6.12388135788066], [-75.61256857994096, 6.123786143007644], [-75.61252810623834, 6.123655812239072], [-75.61241284758341, 6.123458826562006], [-75.6123821539223, 6.123409985719112], [-75.61234083637949, 6.12334423184802], [-75.61224713378053, 6.123165122019031], [-75.61217168081198, 6.123100763017001], [-75.61210353974408, 6.123086607277114], [-75.61203184443204, 6.123083223596709], [-75.612002899508, 6.123080090051287], [-75.61193503990283, 6.123072737814559], [-75.61181672966264, 6.123062314259448], [-75.61172350069948, 6.123048230019265], [-75.61161225629718, 6.1230019113463285], [-75.61150103231348, 6.122962764494075], [-75.61143648544942, 6.122952187524932], [-75.61133955839225, 6.1228986524214415], [-75.61121397627228, 6.122852372712205], [-75.61113494964883, 6.122791610992536], [-75.61105952923224, 6.122738010883166], [-75.61095184757365, 6.122684507241853], [-75.61086209874752, 6.122634536151865], [-75.61082332637434, 6.122600490631126], [-75.61080101342087, 6.12258089874764], [-75.61079536344913, 6.1225782465995975], [-75.61067955592165, 6.122523913626646], [-75.61067180839228, 6.1225202808305], [-75.61053903798847, 6.122466845852086], [-75.61048132802335, 6.122447775205354], [-75.61034530656215, 6.122402823471651], [-75.61028425279866, 6.1223599469234005], [-75.61023026409933, 6.122281175283453], [-75.61019577658983, 6.122231854523952], [-75.61017267942512, 6.122198825658626], [-75.61006483832766, 6.122087920635898], [-75.61001810854579, 6.122041415924086], [-75.60997851884983, 6.121984128014149], [-75.60991393126302, 6.121959198939256], [-75.60991316658377, 6.121958529130371], [-75.60991144310351, 6.1219570186844905], [-75.6098240691255, 6.12188046706007], [-75.60976706944128, 6.121779060389614], [-75.60975565237713, 6.121758748217911], [-75.609662208543, 6.121669325041706], [-75.60955080135659, 6.121565604615821], [-75.60942875349149, 6.121501376735815], [-75.60940011042905, 6.121512222934827], [-75.60936472536041, 6.121501062582721], [-75.60932118698219, 6.121487334558404], [-75.60931854512303, 6.121473030603236], [-75.60931390599768, 6.121447892078794], [-75.60929587217537, 6.1214084811089124], [-75.60924565297096, 6.121394273869205], [-75.60923177156704, 6.121422259886049], [-75.60923139858383, 6.12142301478818], [-75.60919192951722, 6.121408777855484], [-75.60918502572146, 6.121396420291001], [-75.60917391788726, 6.121376540542154], [-75.60915949862849, 6.121347881229558], [-75.6091271705633, 6.1213228601969965], [-75.60908775246119, 6.121326561506341], [-75.60906685511307, 6.121322439342861], [-75.60904416764951, 6.1213179642580196], [-75.60901602666522, 6.121312414541794], [-75.60900229782717, 6.121293500420305], [-75.60896924969701, 6.121247972300657], [-75.60895186752282, 6.121235619583507], [-75.60886868634262, 6.12117650846094], [-75.60883156013173, 6.121110883753226], [-75.60880384506876, 6.121061892412929], [-75.60876419264261, 6.120983077881314], [-75.60872812512245, 6.120904254949947], [-75.60866336451649, 6.120818338993428], [-75.6085771917355, 6.1207647716083775], [-75.6085126552465, 6.120757781440205], [-75.60845528580523, 6.120750769977709], [-75.6083763115547, 6.120707944938771], [-75.60832018034094, 6.120658288889621], [-75.60831163158016, 6.1206507272415696], [-75.60826996925822, 6.120494788237937], [-75.6081570921491, 6.120230059953693], [-75.60815690852009, 6.120229631414068], [-75.60805830689938, 6.120007483979234], [-75.60804755290258, 6.119984747409926], [-75.60794532169427, 6.119768635033719], [-75.60788292914785, 6.119675538099948], [-75.60782064019075, 6.119618313166937], [-75.60777272076918, 6.119573008139283], [-75.6077272328802, 6.119542046082589], [-75.60772200773222, 6.119538331345414], [-75.60767695280055, 6.119506314842416], [-75.60765052576376, 6.1194561635105185], [-75.6076145063566, 6.1193940816920716], [-75.6075809237535, 6.119348734084244], [-75.60756164613954, 6.119291387777829], [-75.6075376541234, 6.119257972465372], [-75.60752555863442, 6.1192053900499435], [-75.60752552897031, 6.119195176933519], [-75.60752549050565, 6.119181473251795], [-75.60752760790915, 6.119085798966609], [-75.60748236332402, 6.118879271923697], [-75.6074819735324, 6.1188774928028185], [-75.60744816720383, 6.118753221982881], [-75.60742850748652, 6.118561940672288], [-75.60742344285552, 6.1184615033812495], [-75.60744190487728, 6.118231847195256], [-75.60743249718898, 6.118180882644148], [-75.60741278204415, 6.11807407684428], [-75.60735509542648, 6.117954656603553], [-75.60732614953002, 6.1178590699181274], [-75.60730676239021, 6.11776345668334], [-75.60725860536998, 6.117634443152223], [-75.60711495231195, 6.117534399636061], [-75.6069809800266, 6.117477380688137], [-75.60694608628732, 6.117458703035369], [-75.60685653727768, 6.1174107675426805], [-75.6067013945686, 6.117321947621354], [-75.60669857408547, 6.117320332185635], [-75.60663598476614, 6.117233842781795], [-75.60661221336527, 6.117200994951196], [-75.60656236436567, 6.117064986560483], [-75.60655441836498, 6.117043305786907], [-75.60650156490672, 6.116943004616793], [-75.60638650434663, 6.116814181023335], [-75.60622850075477, 6.1167093944179785], [-75.60611363021025, 6.116647536930652], [-75.60589837426528, 6.116576399126846], [-75.60579162128728, 6.116560448768809], [-75.60567844985059, 6.116543541391426], [-75.60544903557833, 6.116534625986617], [-75.6053838805321, 6.116511359527554], [-75.60520984448742, 6.11644920488523], [-75.60506139804968, 6.116344393113213], [-75.60496557621637, 6.116258562747388], [-75.6046690797993, 6.116187655760684], [-75.60464243136771, 6.1161866196971815], [-75.60443966371326, 6.116178740765021], [-75.60431546666732, 6.116198228368317], [-75.60419114696813, 6.11617466378483], [-75.6040858203201, 6.1161079958721825], [-75.60390745925926, 6.116067011502734], [-75.6038801911829, 6.116060746544219], [-75.60362686813114, 6.116047115760814], [-75.6034596069848, 6.116047590538937], [-75.60330175286565, 6.115995420774813], [-75.60312000418294, 6.115943319790128], [-75.60297173615929, 6.115900691105273], [-75.60286178053204, 6.115886651434705], [-75.60271833196073, 6.115858358674051], [-75.60264586853589, 6.115843030621542], [-75.60258444032817, 6.11583004033694], [-75.6024075252114, 6.115797056642131], [-75.60233103702592, 6.115787708595165], [-75.60220191018713, 6.115754589934739], [-75.60205375051368, 6.115750227087887], [-75.60189593696208, 6.115712406960166], [-75.6017095609165, 6.115712935806197], [-75.60161392701733, 6.115694073742133], [-75.601537384211, 6.115665591135515], [-75.60136053505585, 6.115656524876048], [-75.60117421353507, 6.115676187063795], [-75.6010740040285, 6.115729089775066], [-75.60099767591333, 6.115777140348637], [-75.60088781706936, 6.115796586641339], [-75.60078272031636, 6.115811233628687], [-75.6006630844099, 6.115754172119971], [-75.60052458240061, 6.115644722295214], [-75.6005002367608, 6.115625481283658], [-75.6003805745375, 6.115558853807013], [-75.6002083423639, 6.115492373284424], [-75.60002178753292, 6.115430717469999], [-75.59987349409062, 6.11537852097684], [-75.59971559965302, 6.115311999753925], [-75.59966926540626, 6.115301831750299], [-75.59958648692233, 6.115283664638237], [-75.59948114840547, 6.115212211201624], [-75.5993902679879, 6.115183768689299], [-75.59928505170066, 6.11515536571773], [-75.59917019310656, 6.115098290566185], [-75.5990553099844, 6.115031647678189], [-75.59903006383239, 6.115017069620129], [-75.59890692083012, 6.114945966179936], [-75.59876814314528, 6.114879391832835], [-75.59861536605709, 6.11493244183849], [-75.59853914752198, 6.115018759256846], [-75.5984627514544, 6.11504289255007], [-75.59835283615213, 6.1150432038247455], [-75.5982188777691, 6.114990965422064], [-75.59805142651581, 6.114924470828432], [-75.59781227823306, 6.114853397611856], [-75.59766880242725, 6.114815535570876], [-75.59762572538395, 6.11479174074332], [-75.59751237105853, 6.1147624093562865], [-75.59731486510158, 6.114711300746195], [-75.59707108626061, 6.114692856784981], [-75.5967986197638, 6.114669711005513], [-75.5966218134309, 6.114674994107511], [-75.59658215932566, 6.114683507866478], [-75.59637345730431, 6.1147283140207005], [-75.59612998969946, 6.114819886998588], [-75.59601455902917, 6.114870722542237], [-75.59579110371418, 6.114969131131644], [-75.59552399805251, 6.115151657127857], [-75.59528054221161, 6.115248012370094], [-75.59499834192306, 6.115162707764633], [-75.59483067318607, 6.115019678393603], [-75.59459577787702, 6.114762036555975], [-75.5943082882416, 6.114494976771495], [-75.59408802532674, 6.114342528335596], [-75.59376650252798, 6.114146891885315], [-75.59368111885667, 6.114094938220505], [-75.59348398031203, 6.113988869951056], [-75.59327428957357, 6.113876047239278], [-75.59298723144666, 6.113762054665139], [-75.59267623846821, 6.113633778156534], [-75.59228411124084, 6.113543998121356], [-75.59223181237168, 6.113529201225192], [-75.5917819216461, 6.113401910809609], [-75.59159206490322, 6.1133411370021475], [-75.59132272676024, 6.113254917898082], [-75.59096911335857, 6.113265480991381], [-75.59047719914105, 6.113287782233642], [-75.59038040618691, 6.113280880775598], [-75.59041451072127, 6.113341168556887], [-75.59044524463589, 6.113395501136237], [-75.59048519714001, 6.113499218950879], [-75.59049218149335, 6.113517346435752], [-75.59051394833811, 6.113610560646692], [-75.59054296443607, 6.113732457101864], [-75.59055026479754, 6.11377907515639], [-75.59057934210571, 6.113922496558411], [-75.59059089044452, 6.114205883640444], [-75.59057336235773, 6.1143458502315875], [-75.59055974248903, 6.114600606247236], [-75.59056016631021, 6.114751282773143], [-75.59056780747878, 6.114919878614314], [-75.59062220677554, 6.1151457438675205], [-75.59067996721429, 6.115292670278723], [-75.5907555480691, 6.115403673848551], [-75.59090665961045, 6.115607740590692], [-75.5909501336064, 6.115772645684018], [-75.59096470354042, 6.115855119701478], [-75.59100457259687, 6.1160128601575625], [-75.5910075113828, 6.116037540019629], [-75.59101039091965, 6.116061732868302], [-75.59102292856764, 6.116167075445277], [-75.59100935247687, 6.11634680609042], [-75.59100910721222, 6.116350080044083], [-75.59100234145556, 6.116493602866286], [-75.59088097277056, 6.116669736566087], [-75.59082381709779, 6.116738061617852], [-75.59066638345934, 6.116835369927692], [-75.59052684231325, 6.1169218640534275], [-75.59034081422095, 6.117047953380533], [-75.59023348145696, 6.117116421090519], [-75.59013358537035, 6.117281730578275], [-75.59002336548176, 6.117669333731439], [-75.58983545671123, 6.11833014622943], [-75.58977499825495, 6.118498933334409], [-75.58967508451373, 6.1186570672904], [-75.58963605149361, 6.11879709256079], [-75.58960764807979, 6.118894037711049], [-75.58953706354716, 6.119285283976752], [-75.58946939763558, 6.119439740059233], [-75.58940215308559, 6.119744873703125], [-75.58935596292925, 6.119888506479334], [-75.58928820556639, 6.120010676482593], [-75.58923839757496, 6.120143556409032], [-75.58919588100868, 6.120319468873325], [-75.58913899903877, 6.120484656843628], [-75.58909634993309, 6.120613931119032], [-75.58905951070939, 6.120706871262221], [-75.58903228710787, 6.120775552800896], [-75.58897889773093, 6.120908443711207], [-75.5889255970249, 6.121073621659269], [-75.58890444475138, 6.121199248214659], [-75.58884040197636, 6.121368045521971], [-75.58876554672132, 6.121515346234698], [-75.58872653365117, 6.121662546307412], [-75.58867308114837, 6.121773912277897], [-75.58863759177116, 6.121899577309124], [-75.58856986431336, 6.1220325103359015], [-75.58853440508598, 6.122168938323475], [-75.58847033292311, 6.122326972727178], [-75.58842795608365, 6.122553109979231], [-75.58843880363187, 6.122629135202042], [-75.5884497043039, 6.122628437078805], [-75.58844786907308, 6.122633723061095], [-75.58845455435028, 6.122829723741269], [-75.5885513653683, 6.122922099343103], [-75.58857528078211, 6.122963355591386], [-75.58866030294261, 6.123124225223379], [-75.58880743894186, 6.1235289494066745], [-75.58885931958974, 6.123671341296057], [-75.58886797155206, 6.123695086812124], [-75.5889285465766, 6.123916870197413], [-75.58898763744743, 6.124095319965413], [-75.58899919902066, 6.124119672529004], [-75.58905083186505, 6.124228419260391], [-75.58910040604883, 6.124525838684984], [-75.5891049879717, 6.124553327750887], [-75.58918482723692, 6.124703765546525], [-75.589279630987, 6.124842446696248], [-75.58929581048909, 6.124985498153153], [-75.58931544679241, 6.125159094465907], [-75.58935426048805, 6.125406583615831], [-75.58927600891992, 6.125899130648251], [-75.58922418673822, 6.125934969210736], [-75.58920415836548, 6.126054015904005], [-75.58938852401637, 6.126501609167505], [-75.58941032754011, 6.1265779963161116], [-75.58946853578801, 6.126781909914581], [-75.58945064958337, 6.127019793115598], [-75.58943899977332, 6.1271747654750195], [-75.58942734816443, 6.1273297369409105], [-75.58936139781571, 6.127497002275365], [-75.58935157400187, 6.127521914679869], [-75.58934351889314, 6.127697241338911], [-75.58939103640037, 6.1278455242118], [-75.58943855304175, 6.12799380616899], [-75.58943783809589, 6.128016742539751], [-75.58966827807788, 6.128084482832646], [-75.58971041427075, 6.128197969154492], [-75.5898122047954, 6.128281392157622], [-75.58990630209011, 6.128415134560679], [-75.58993816171724, 6.128460416039741], [-75.59015926881355, 6.12847262097603], [-75.59035042126217, 6.128483171507844], [-75.59051168152912, 6.128470757294147], [-75.59058945881617, 6.128512392963159], [-75.59067936799333, 6.128619765285091], [-75.59071554841898, 6.128739250760191], [-75.59076954928558, 6.1288228087122265], [-75.59079364646651, 6.128894491508221], [-75.59097940765818, 6.129097262521509], [-75.59114103839882, 6.129216394367676], [-75.59136276147227, 6.129460918804215], [-75.59146492294326, 6.129675883948885], [-75.59142973746879, 6.129909177365511], [-75.59146603544322, 6.130070515563133], [-75.59150221624708, 6.130189999055979], [-75.59161023398967, 6.130363094060269], [-75.59162152935657, 6.130373586400835], [-75.59170007884653, 6.130446550693037], [-75.59177802515589, 6.130547978295853], [-75.59189777207663, 6.130643309012213], [-75.59193995961903, 6.130774734261576], [-75.59202436908332, 6.131049542809443], [-75.59203684054125, 6.131234865658697], [-75.59206699056759, 6.131418668169289], [-75.59206723160874, 6.131420137035094], [-75.59210417255463, 6.131808688679038], [-75.59211060057135, 6.131970110690996], [-75.59211089525898, 6.132074287181525], [-75.59211114115311, 6.132161446430629], [-75.59223112416177, 6.132340486215952], [-75.59232749971164, 6.132621240596745], [-75.59235794171391, 6.132824450357648], [-75.59249637289103, 6.133188797353582], [-75.59259856948275, 6.133415720752898], [-75.59258120346237, 6.133613087439397], [-75.59258783689408, 6.133846259661611], [-75.5926545106108, 6.134186890990398], [-75.59267793694593, 6.134350025172825], [-75.59271544889687, 6.134611250535249], [-75.59271605695568, 6.134826503235742], [-75.59265088542881, 6.1350180242609085], [-75.59256166555234, 6.1351558013021235], [-75.59253825871792, 6.135329265404046], [-75.5925566537128, 6.135496635148905], [-75.59260463116598, 6.1355622711945195], [-75.59261689844546, 6.135675843584644], [-75.59261143218602, 6.1358552374218975], [-75.59261170240255, 6.135950904790878], [-75.5926838286736, 6.13610616264377], [-75.59271400220229, 6.136213705760061], [-75.59272657600361, 6.1364349035571015], [-75.59268502813538, 6.136530688539631], [-75.59262577928027, 6.136704256688381], [-75.592404913677, 6.136764674060572], [-75.59242325553451, 6.136914104426332], [-75.59244149889491, 6.137027660523057], [-75.59244185324378, 6.137153225370926], [-75.59243032888595, 6.137302739854817], [-75.59232921200311, 6.1374584880862955], [-75.59225180370288, 6.137548395841051], [-75.59213271452113, 6.1376862562575365], [-75.59207317534128, 6.1377581775836], [-75.5920500495934, 6.13789486699711], [-75.59222183019776, 6.137885467677115], [-75.59228907910614, 6.137870946001533], [-75.5923621327107, 6.137855172974885], [-75.5924934730505, 6.137824905395859], [-75.59262786192706, 6.137815556049145], [-75.59273834599522, 6.137803285715173], [-75.59286682759534, 6.137817869671276], [-75.5929655233914, 6.137862434337464], [-75.5930634426637, 6.137918072274108], [-75.59307023677849, 6.137921930496975], [-75.59316301000054, 6.137984450779618], [-75.59327734770123, 6.138050274883513], [-75.59339930161264, 6.138097389207786], [-75.59345606884317, 6.1381032075109125], [-75.5935351090696, 6.138082913845859], [-75.59367691924633, 6.13803681002937], [-75.59377240086232, 6.138000663187959], [-75.59386496235926, 6.13798844334259], [-75.59396954727427, 6.138003093134698], [-75.59404809681295, 6.138029052577902], [-75.59408614931147, 6.138041629125417], [-75.59417883660912, 6.138074252657657], [-75.59428646926635, 6.1381098233148315], [-75.59440606654618, 6.138151338995257], [-75.5944542871744, 6.138163539827867], [-75.59453459882053, 6.138183860946566], [-75.59460631138133, 6.138192627159177], [-75.59471684600935, 6.1381982921385365], [-75.59478254999745, 6.138195117489428], [-75.59488416594027, 6.138215755614215], [-75.59506956051604, 6.138286982684613], [-75.59527296093744, 6.138388053581535], [-75.59538702391724, 6.138471906609215], [-75.59540443113448, 6.138481473173677], [-75.59543529499494, 6.138498437601905], [-75.59549440258823, 6.1385309281201454], [-75.59564682339084, 6.138560391067127], [-75.595769347131, 6.138580971833496], [-75.59590381918635, 6.138601518997995], [-75.59599343518593, 6.13860425290946], [-75.59599377453223, 6.13860419430591], [-75.59602977030595, 6.138559523719306], [-75.59608218987809, 6.138506756085578], [-75.59612775674015, 6.13857098652734], [-75.59616983692746, 6.13866354592191], [-75.59619992711201, 6.138741191097084], [-75.59620912588139, 6.1388248747256515], [-75.59622332049504, 6.138949542081571], [-75.59622706731332, 6.13895421243388], [-75.59633811344956, 6.13901883472592], [-75.59645968284873, 6.13912840898223], [-75.5964968304648, 6.139161889209886], [-75.59675134914185, 6.139382399890077], [-75.59681125678931, 6.139442023030815], [-75.59687122521723, 6.139522571592382], [-75.59697300285164, 6.1396000141572245], [-75.59711962667005, 6.139692275511867], [-75.59728105799664, 6.139739652610029], [-75.59736771244245, 6.139751366301258], [-75.59751413392111, 6.139771876579412], [-75.59762474491437, 6.13980444841497], [-75.59766344466341, 6.139829587210952], [-75.5977713788287, 6.139899701053791], [-75.59796896661646, 6.140057589030525], [-75.5981127652147, 6.140206662189349], [-75.59817401994229, 6.140275242427588], [-75.59823262635743, 6.140340856593279], [-75.5983357259657, 6.140458380789317], [-75.5983974428065, 6.1405287361422], [-75.59848734148612, 6.14063012792973], [-75.59856226117105, 6.140716612869332], [-75.59863721541566, 6.140815058520276], [-75.59869422991179, 6.140907574716243], [-75.59872218980111, 6.140972363109681], [-75.59873031120128, 6.1409911826260615], [-75.59878745567651, 6.141128542946504], [-75.59883266159343, 6.141358244617637], [-75.59884004837849, 6.141374216249302], [-75.59881322023537, 6.14138725139082], [-75.59882468564379, 6.141428985580329], [-75.59885022009007, 6.141526123556277], [-75.59889223152851, 6.1416562832015895], [-75.59895908547969, 6.141824730754108], [-75.59902978560936, 6.141945332272484], [-75.59912724961478, 6.142077430049081], [-75.59922663937793, 6.14217507774004], [-75.59932795060598, 6.142253588570951], [-75.59945221221196, 6.1423244532348535], [-75.59962235633128, 6.142412562356126], [-75.59978103944825, 6.142471957714431], [-75.59991869351614, 6.142525604117061], [-75.59999325855979, 6.1425486018360695], [-75.60013857280912, 6.142571628833926], [-75.60030108651077, 6.142615716586743], [-75.60039476415945, 6.142659774769736], [-75.60040377174904, 6.142666311701362], [-75.60042634922299, 6.142682703016748], [-75.60047696079576, 6.14272105259813], [-75.60054386173056, 6.142778496505948], [-75.60059546374123, 6.1428416743181815], [-75.6006757344453, 6.142941228143937], [-75.60074646376003, 6.142987191549113], [-75.60084778735057, 6.1430350791292705], [-75.60093190607637, 6.143075304300188], [-75.60103132285498, 6.143109798236646], [-75.60110015470744, 6.143125135411645], [-75.60114413465648, 6.1431270676789], [-75.60125889008212, 6.143063959236274], [-75.60139851212072, 6.142983635577882], [-75.60155151259819, 6.142916716562658], [-75.60174466817874, 6.142849811838183], [-75.60184028805264, 6.142823059674877], [-75.6019875362066, 6.1427944126121306], [-75.60219407946232, 6.142723687092283], [-75.60237194536136, 6.142639551794275], [-75.60241669241742, 6.142621657568236], [-75.60243725253481, 6.142613436210408], [-75.60244844403974, 6.142608962630133], [-75.60252918477026, 6.142581221426245], [-75.6026320377502, 6.142545884144342], [-75.6028271057796, 6.142477064951063], [-75.60291274392833, 6.142449123568363], [-75.60292372567056, 6.142445539704262], [-75.60294316669538, 6.142439194304366], [-75.60302085368714, 6.142422481307339], [-75.60313320368695, 6.142399802623201], [-75.6033274260191, 6.142353830568578], [-75.60341168852172, 6.142333531604197], [-75.60349714287051, 6.14232280002899], [-75.60355450834909, 6.142321030765901], [-75.60367282102288, 6.142326462143447], [-75.60372719143712, 6.142344427936637], [-75.6038227824699, 6.142383340981009], [-75.60389088668863, 6.142421648348045], [-75.60396137911304, 6.142470719683851], [-75.60399781334176, 6.142505423062267], [-75.60403604319376, 6.142537136066346], [-75.60407546454148, 6.142577223992809], [-75.60411905414571, 6.142613709683931], [-75.60412696434726, 6.142621004065772], [-75.60415670246488, 6.142648427922647], [-75.60419194420759, 6.142682534975409], [-75.60419316430578, 6.142683789305724], [-75.60423906345743, 6.142731020355284], [-75.60424578947274, 6.142737943505345], [-75.6042576464501, 6.142750144031082], [-75.60426774416194, 6.142764451473134], [-75.6042716345014, 6.142768526150664], [-75.60428540727028, 6.142782944971061], [-75.60429309986401, 6.142790998019193], [-75.6043045447783, 6.14280297724502], [-75.60435739557207, 6.142863588096617], [-75.60442280780244, 6.14293860466739], [-75.60453700149868, 6.143055444499252], [-75.60460716293291, 6.143095493780922], [-75.60466195173333, 6.143108649550965], [-75.6046650933724, 6.143109403606751], [-75.60471568398214, 6.143117591168927], [-75.6047915708225, 6.143121706488048], [-75.60482993175054, 6.143155280237242], [-75.60483649124865, 6.143192961539242], [-75.60483707257237, 6.1432270502688455], [-75.60483048510362, 6.143265324515069], [-75.60482595704107, 6.143284831993151], [-75.60482489183903, 6.143289424433223], [-75.60481552666806, 6.143310772662302], [-75.60483613433213, 6.1433160505526265], [-75.60484042034516, 6.143309175915065], [-75.6048745013869, 6.143254507097097], [-75.60491358233173, 6.1432216236900095], [-75.60492880300451, 6.143169180384253], [-75.60493271900398, 6.143155688856586], [-75.60507609156328, 6.143176408489668], [-75.60509633640268, 6.143179333942335], [-75.60510611940285, 6.143180747242522], [-75.60511094265465, 6.1431814433762995], [-75.60511774999082, 6.1431824272796804], [-75.60526107507475, 6.143164797370683], [-75.60527727750615, 6.143163956275089], [-75.60530674294426, 6.143162424018855], [-75.60540115354894, 6.143157518570375], [-75.60549397658527, 6.1431526940734065], [-75.60552256607446, 6.143151209470502], [-75.60554535078741, 6.143150025284425], [-75.60564096512671, 6.143145056971718], [-75.60575817930246, 6.143356506973636], [-75.60598323717211, 6.143508932471305], [-75.60624661466453, 6.14369234145764], [-75.60642046678618, 6.143859174042586], [-75.60644789272284, 6.143885492443153], [-75.60651762469082, 6.143986282395232], [-75.60663628918513, 6.144222773925588], [-75.60668402036488, 6.144317288399553], [-75.60671148769521, 6.144647265025704], [-75.60674815560331, 6.144685189036755], [-75.60674787037365, 6.14483586605972], [-75.60681935440805, 6.145015756027421], [-75.60693999409216, 6.145086445166191], [-75.60713572088912, 6.144749752017672], [-75.6072065110914, 6.144687367720735], [-75.60736993190083, 6.144543350738931], [-75.6073820110272, 6.14453270607866], [-75.60742115543344, 6.144502316527659], [-75.60753018225068, 6.144400842731276], [-75.60757477163644, 6.144359339125166], [-75.60763370837309, 6.144299055837933], [-75.60771544304856, 6.1442154548062335], [-75.607749075972, 6.1441810536693815], [-75.60787269423788, 6.144062170457045], [-75.60792480092847, 6.144021104801016], [-75.60796380354508, 6.143990364247845], [-75.60793395821293, 6.143925208177771], [-75.60787360480862, 6.143793459981222], [-75.6079781745917, 6.143802129672341], [-75.60809333753124, 6.14392661563378], [-75.60815195782119, 6.143989978639165], [-75.60830914215357, 6.144085203646911], [-75.60833737143757, 6.144102306445697], [-75.60841631875228, 6.1441505970422075], [-75.60846483690597, 6.144168721857532], [-75.60850038212669, 6.144181998185559], [-75.60857224811039, 6.144208845389242], [-75.60863127961483, 6.14423089586301], [-75.60869431358296, 6.144254442008597], [-75.60895366129469, 6.144353648637611], [-75.60897912466105, 6.14436257042908], [-75.60898920703978, 6.144366103123568], [-75.60911132146131, 6.144411727404373], [-75.60919625907916, 6.144443464968555], [-75.60942768184385, 6.1445459293615325], [-75.60950451296829, 6.1445716238818635], [-75.60953639897002, 6.144582287152588], [-75.60962012790098, 6.1446102904069], [-75.60971843078596, 6.144646931347081], [-75.60984809723853, 6.144692124354855], [-75.60991032285688, 6.144722345361749], [-75.6099121001956, 6.144723210009755], [-75.60998607630923, 6.144759137944462], [-75.60998829806127, 6.144760373800958], [-75.60999492798044, 6.1447640589412815], [-75.61000823852444, 6.144771454287784], [-75.61002164318337, 6.144779070670306], [-75.61003982179865, 6.144785238025016], [-75.61005416456624, 6.144787586353013], [-75.61008495905112, 6.144789650012509], [-75.6100866531265, 6.144789554948392], [-75.61009056503487, 6.14478933604423], [-75.61014235623577, 6.144786428758049], [-75.61020414210918, 6.144782959142099], [-75.61033162771551, 6.144772869089168], [-75.61036441295903, 6.144771218147507], [-75.61041289232777, 6.144768779949778], [-75.6104463043011, 6.144767100628163], [-75.61046882877066, 6.144765902109388], [-75.61055766601932, 6.1447611783717235], [-75.61058142999762, 6.144756691131615], [-75.61066996822814, 6.144763076185452], [-75.61072415448247, 6.144767311919095], [-75.61078602008112, 6.144777604436229], [-75.61081409396392, 6.144782275107042], [-75.61090417876396, 6.144800735396457], [-75.61095224848114, 6.144811725424373], [-75.61098196679207, 6.144819641781837], [-75.6109988039682, 6.144824125954454], [-75.61107414734266, 6.144847579962455], [-75.6111333524581, 6.144869653647338], [-75.61118035708958, 6.144887098454626], [-75.61122487046309, 6.144910647019763], [-75.61124284802834, 6.144919854774854], [-75.61125348623081, 6.144925301317813], [-75.61132244345053, 6.144956710614257], [-75.61137877287844, 6.144982367562761], [-75.61138043080143, 6.144983564579872], [-75.61161588234911, 6.144704576789014], [-75.61163408155574, 6.1447207067761624], [-75.61179118691825, 6.144851861937659], [-75.61175880188972, 6.144887216351901], [-75.61168463465137, 6.144973018358479], [-75.61164897728902, 6.1450197148878205], [-75.61164233913907, 6.145026749310626], [-75.61162033809383, 6.145050066886181], [-75.61161623226066, 6.1450544156138], [-75.6115843103891, 6.145088248030757], [-75.61156507146858, 6.145111364966132], [-75.61156209368043, 6.145114944246186], [-75.61157393489111, 6.145123506636532], [-75.61162249771164, 6.145157804582859], [-75.61163711514503, 6.145168128986461], [-75.61168611667165, 6.145202737585938], [-75.61169625287688, 6.145209894347474], [-75.611719079008, 6.145221095350735], [-75.61174837537659, 6.145247683553456], [-75.61179392041392, 6.145289022614543], [-75.61180710614593, 6.145301379112907], [-75.61187577066437, 6.145365720287538], [-75.6118995695907, 6.145388021149284], [-75.61190517291433, 6.145393271690281], [-75.61191898204284, 6.145406210970464], [-75.61192501837287, 6.14541560362664], [-75.61195067985174, 6.145449937520177], [-75.61199614035361, 6.145500231722267], [-75.61201965754255, 6.145526249656218], [-75.61201999820695, 6.145526646683441], [-75.61202059597349, 6.145527346219588], [-75.61209866379556, 6.145621527035231], [-75.61213493505836, 6.145665285449112], [-75.6121372638501, 6.1456680938417705], [-75.61216680843461, 6.145705555779402], [-75.61225715821261, 6.145820117401863], [-75.61229684207866, 6.1458631376663035], [-75.61233266408495, 6.145892199972189], [-75.61237672131382, 6.145927941920469], [-75.61242895053779, 6.145971843769962], [-75.61247369343424, 6.14600945105289], [-75.61252087799711, 6.146053929031158], [-75.61269854819531, 6.146221411465328], [-75.61278794666974, 6.146305552195828], [-75.61281557510247, 6.1463342368361005], [-75.61286323244597, 6.146383959634409], [-75.61291928661865, 6.146399822139297], [-75.61302742411875, 6.1464304247150485], [-75.61322117650869, 6.146485255098865], [-75.613243021633, 6.1464914360129095], [-75.61353272209364, 6.1466139054712645], [-75.61353862781158, 6.1466185542054275], [-75.61358600047723, 6.146655838380531], [-75.61366554219654, 6.146718438061437], [-75.61376044525333, 6.146790153275816], [-75.61391737829412, 6.146908737174143], [-75.61395808731929, 6.146939499440521], [-75.61406898432438, 6.147013355783406], [-75.61409575229015, 6.14703118311012], [-75.61420708002306, 6.147105005658231], [-75.61428478561352, 6.147156532169953], [-75.61430431984999, 6.147169484914362], [-75.61447298713612, 6.147224574851923], [-75.61447123125046, 6.147235868860364], [-75.61446969975155, 6.147244281426791], [-75.61446354732534, 6.147278068335535], [-75.61445034871704, 6.147350548355976], [-75.61444742853537, 6.147361847158829], [-75.61453862115485, 6.1473951106261495], [-75.61456756756597, 6.1474056703413655], [-75.61460583068455, 6.147419628028683], [-75.61467390437339, 6.147444458516368], [-75.61483809871001, 6.147504349053228], [-75.61498206335533, 6.147540950461744], [-75.61501382487852, 6.147549025562513], [-75.61510718109186, 6.147518936998037], [-75.61521464924073, 6.147530827266639]]]}, "properties": {"SE_ANNO_CAD_DATA": null, "SHAPE.AREA": 0, "SHAPE.LEN": 0, "OBJECTID": 7, "VEREDA": "0001", "PK_VEREDA": "63120010000001", "NOM_VEREDA": "VEREDA LA DOCTORA", "MUNICIPIO": "631", "SECTOR": "2", "CORREGIMIENTO": "001", "BARRIO": "000", "nombre_barrio_estandarizado": "VEREDA LA DOCTORA", "municipio_estandarizado": "sabaneta"}}, {"type": "Feature", "geometry": {"type": "Polygon", "coordinates": [[[-75.6275893808461, 6.146669617632421], [-75.62759662497594, 6.146678256396542], [-75.62764925643795, 6.146741017291657], [-75.62772444711659, 6.1468306785221625], [-75.62789436674618, 6.147033300801449], [-75.62810330384545, 6.147282446152968], [-75.62812158663297, 6.1472676969874], [-75.62814213599582, 6.147250431539811], [-75.62817388209967, 6.147223763098752], [-75.62832012494576, 6.147100902437084], [-75.62831292943335, 6.147424374511725], [-75.62831114863519, 6.1475044615658225], [-75.6283098469829, 6.147562932166126], [-75.62830140217886, 6.147942453530613], [-75.62829002131951, 6.148454071468547], [-75.62832000143035, 6.14847481298212], [-75.62834930812807, 6.148495088603531], [-75.62849255610897, 6.1485941874517565], [-75.62855403632499, 6.1486348881860575], [-75.62852061598825, 6.148707794554759], [-75.62851411312732, 6.148771907622922], [-75.62852493735309, 6.148865749262938], [-75.6285768974049, 6.148952087307219], [-75.62863848421273, 6.149004175837375], [-75.62872985036853, 6.149050290251937], [-75.62880000490613, 6.149078160407555], [-75.62882417135633, 6.149079357750435], [-75.62884398136784, 6.149070631959617], [-75.62890989117263, 6.148977493878804], [-75.62892964790922, 6.148963074627189], [-75.62900162696417, 6.148911157675622], [-75.62922126929048, 6.1487594631204034], [-75.62930466591361, 6.148713133036849], [-75.62934214367291, 6.148690971023326], [-75.62936825434305, 6.148675528738416], [-75.62942772604043, 6.148653620062354], [-75.62954417414058, 6.148646834102069], [-75.6296222185398, 6.14867339873169], [-75.62964593642197, 6.14868147447154], [-75.62970314014196, 6.148720790287316], [-75.62974628358549, 6.148775897690614], [-75.62977370442547, 6.148821188562458], [-75.62980864200959, 6.14891053302277], [-75.62985660008276, 6.148968619957405], [-75.62995672001283, 6.149038849081793], [-75.63003806269433, 6.149076519017665], [-75.63014547036094, 6.149112606853181], [-75.63024229410578, 6.149134473624013], [-75.63034469617136, 6.149144900153935], [-75.63049152087076, 6.149142111213374], [-75.6306360779772, 6.149102323355608], [-75.63080596911895, 6.1490366777594465], [-75.6310402521022, 6.148936131339759], [-75.63110684084792, 6.1489155796692225], [-75.63147481641776, 6.148912124918437], [-75.63146632702319, 6.148995390933631], [-75.63166820092567, 6.149001588820229], [-75.63192592725251, 6.149014402049975], [-75.632251416952, 6.1490260449133345], [-75.63246060532082, 6.149035535150432], [-75.63251622466213, 6.14902598633952], [-75.63236320977056, 6.149599577361294], [-75.6323742972874, 6.149600850754667], [-75.63240046667951, 6.149596447403576], [-75.6325348497183, 6.149573841839993], [-75.63401127274814, 6.150278250210229], [-75.63401002138815, 6.150265342047025], [-75.63399614283061, 6.1502228090218045], [-75.63396008139323, 6.150138900432171], [-75.63390181283116, 6.150018226129894], [-75.63387700490253, 6.149970944698397], [-75.63386780612915, 6.149947478473888], [-75.63386475907562, 6.149923378000491], [-75.63386950541009, 6.149889193294809], [-75.63387847160628, 6.149856621390968], [-75.63388457195133, 6.149812717810275], [-75.6338921820984, 6.149791652097016], [-75.63391104930267, 6.149765568534178], [-75.63394502398097, 6.149741398456253], [-75.63395639778885, 6.149733308976389], [-75.63396770609874, 6.149720539558906], [-75.63398395008569, 6.149685623722024], [-75.63400057508993, 6.1496334323462865], [-75.63400902190219, 6.14960691380544], [-75.63401219818908, 6.149570309476674], [-75.63401198433452, 6.1495518263505575], [-75.63401167730412, 6.149525059885181], [-75.63400905757001, 6.149495470634327], [-75.63396519059775, 6.1494820810719535], [-75.6339531660125, 6.149464216710318], [-75.63394260414093, 6.1494418330258585], [-75.63394147930573, 6.149415544314129], [-75.6339616525631, 6.149362482017973], [-75.63397378937185, 6.149333244884581], [-75.6339803145314, 6.149318749727914], [-75.6339844106327, 6.149309904200411], [-75.63401091071125, 6.149252698182251], [-75.63403411902578, 6.149205160025598], [-75.6340384160022, 6.149182810635449], [-75.63403991252446, 6.149158924614448], [-75.6340400486361, 6.1491579502826035], [-75.63404307027416, 6.1491365320248335], [-75.6340510188795, 6.149126053769153], [-75.63408646493055, 6.149079318620694], [-75.63410231584571, 6.149058316231354], [-75.63410930214731, 6.149032178270225], [-75.634110783771, 6.149021777114424], [-75.63411322834294, 6.149004602596411], [-75.63412269228694, 6.148988186307487], [-75.63414134409499, 6.148976882298842], [-75.63416537772649, 6.148962314346446], [-75.63417178371343, 6.148956454347966], [-75.63417616107954, 6.148952450422782], [-75.6341837465578, 6.148936466494], [-75.63419641497511, 6.1489100835360295], [-75.63420366614078, 6.148879769373273], [-75.63420223522887, 6.148858643389961], [-75.63420576346454, 6.148839033445259], [-75.63420465268429, 6.148830091554585], [-75.63419871166714, 6.1487823409825575], [-75.6341943821329, 6.148752581166361], [-75.63419405377064, 6.148730286233995], [-75.63419626289549, 6.148701249047968], [-75.63420047897068, 6.1486844834642165], [-75.63420300559018, 6.148674433350236], [-75.6342032365503, 6.148670708434701], [-75.63420456579162, 6.148649354577881], [-75.63420167314274, 6.148627441144968], [-75.63419346000657, 6.148604921119289], [-75.63418538992617, 6.148590358727999], [-75.63418242341753, 6.148586282538934], [-75.63417333018877, 6.148573788232541], [-75.63416048242507, 6.1485642948999635], [-75.63415049213728, 6.148556912892218], [-75.63414185250483, 6.148552522952265], [-75.634109365778, 6.148536007093268], [-75.63409524651118, 6.148531525747012], [-75.63408154208099, 6.148521222088577], [-75.6340741324723, 6.148505779509103], [-75.634073249039, 6.148503935990422], [-75.63405969638681, 6.148488317583793], [-75.63403975947676, 6.14847196402874], [-75.6339996795657, 6.148453537381964], [-75.63396646455844, 6.148439537453097], [-75.63394527293217, 6.1484270187270615], [-75.63392943908411, 6.148427085059372], [-75.63391796778393, 6.148434082013126], [-75.63390729264711, 6.148437121634821], [-75.63389967697411, 6.148435964942682], [-75.63388976701096, 6.1484313208954315], [-75.63387873747867, 6.14841631473634], [-75.63385207124018, 6.1484006877611455], [-75.63382282998454, 6.148387482772463], [-75.63379135040125, 6.148365093737349], [-75.63376342714275, 6.148350631944915], [-75.63375443911791, 6.14834611172272], [-75.63371770150098, 6.148330848105661], [-75.63368641965113, 6.148320735975839], [-75.63367056706008, 6.148317545102877], [-75.63365275372647, 6.148303942924179], [-75.6336415706566, 6.148288938417322], [-75.63362353795549, 6.148270406634949], [-75.63359926739327, 6.148261613287909], [-75.63357340380968, 6.148250134631869], [-75.63354176968271, 6.148238368913383], [-75.63351122991972, 6.1482373514612885], [-75.6335041123687, 6.148232243419172], [-75.63349343433119, 6.148221847971492], [-75.63348416501846, 6.1482102775461644], [-75.6334759622048, 6.148193517140123], [-75.63346971820232, 6.148173746536649], [-75.63346036699895, 6.148159301637646], [-75.63345242386666, 6.148132904593859], [-75.633446701904, 6.14810211286388], [-75.63343828084463, 6.148080282720002], [-75.63343208134972, 6.148062029794071], [-75.63342269404524, 6.148033091353955], [-75.63341325890833, 6.147994066671788], [-75.63338333180505, 6.147908672173059], [-75.63336407073473, 6.14781728457755], [-75.6333480763596, 6.147766008909514], [-75.63332770753806, 6.147669222361875], [-75.63331654417425, 6.147616184386861], [-75.6333141098469, 6.147586441412408], [-75.63330931704625, 6.147548426260361], [-75.63330316110478, 6.147499373057143], [-75.63330140410568, 6.147467035737674], [-75.6332960416978, 6.147427438593965], [-75.63329091446836, 6.147377445531294], [-75.63328380919671, 6.147329857949457], [-75.63327302419125, 6.147259171059768], [-75.63327182078939, 6.147250307363587], [-75.63326832275422, 6.147224484163897], [-75.63326026045769, 6.14718322331444], [-75.6332512568832, 6.147156814306857], [-75.63324853124092, 6.14714881786475], [-75.63322596383198, 6.147120107105489], [-75.63321562764241, 6.147097489919535], [-75.63320263629605, 6.1470775292609385], [-75.63318699754863, 6.147066390708264], [-75.63318429908149, 6.1470644675352615], [-75.63317529103828, 6.147054037619485], [-75.63316520879904, 6.147032548337088], [-75.63315391476745, 6.147010952924866], [-75.63314894352663, 6.146979989324905], [-75.6331421048514, 6.1469711579230975], [-75.63312108386758, 6.14696485001379], [-75.63311050622585, 6.146952637813986], [-75.63309621464964, 6.146932035354636], [-75.63307068306617, 6.146903019157416], [-75.63305383434216, 6.14687029514644], [-75.63304000204288, 6.146844820305278], [-75.63300504925574, 6.14680143998485], [-75.63298926865728, 6.146782029162661], [-75.63297340354306, 6.146762513886294], [-75.63296562539895, 6.146749993163233], [-75.63295695053839, 6.146729989520534], [-75.632951639759, 6.146713543910244], [-75.63294673076238, 6.146698349332403], [-75.63293694640191, 6.146679202771336], [-75.63292125466948, 6.146660228162505], [-75.63290347473236, 6.146631915970587], [-75.63288610131784, 6.146606919636066], [-75.63286244205585, 6.146579522383695], [-75.63284850057914, 6.146555719656177], [-75.63284187496612, 6.146527768353468], [-75.63283711330936, 6.1464933149800896], [-75.63283337822584, 6.146460425977793], [-75.63282649044052, 6.146436650867404], [-75.63281152012748, 6.146405680476191], [-75.632795584707, 6.146372602979481], [-75.6327908755488, 6.1463563487698805], [-75.63278962645357, 6.146344252411511], [-75.63279150322728, 6.146324931757228], [-75.63279390374167, 6.146305213452434], [-75.63279013227947, 6.1462739247952385], [-75.63278527849883, 6.146259302203465], [-75.63277514183827, 6.146228760918432], [-75.63276902464145, 6.146202618821616], [-75.63276792886255, 6.1461906573147544], [-75.63277260740857, 6.1461819589996365], [-75.63278231598727, 6.146174318950264], [-75.63278545833906, 6.1461647530847605], [-75.63276777331629, 6.14610229354743], [-75.63276766130537, 6.146101006732527], [-75.63276608176756, 6.1460826966597875], [-75.63273939312057, 6.1460419153947345], [-75.63271521686647, 6.145998833597231], [-75.63270550070625, 6.1459838136738725], [-75.63270095165183, 6.145976785404004], [-75.63269098378352, 6.14593519850471], [-75.63265422167672, 6.145888471204933], [-75.63263296610461, 6.145861454437773], [-75.6326112775347, 6.145834001338033], [-75.63258862286581, 6.145812686974767], [-75.63258286686774, 6.145807272049779], [-75.63255345228612, 6.145782849415982], [-75.63253130763711, 6.145766795010162], [-75.63245710302752, 6.145717541812429], [-75.6323418019392, 6.145641092914813], [-75.63227826803718, 6.145586613231362], [-75.63225278952784, 6.1455569765080975], [-75.63221518409571, 6.14551323938227], [-75.63219015216636, 6.14547761473697], [-75.63216342666165, 6.145430055928311], [-75.63212013184896, 6.145351644845623], [-75.63210437371828, 6.145312537311602], [-75.63209645985022, 6.145289854797573], [-75.63208220051925, 6.145241253679579], [-75.63208156472491, 6.14522694479162], [-75.63209080440176, 6.1452051360797375], [-75.63209644554081, 6.145184805133786], [-75.63209901774472, 6.1451606841565125], [-75.63208627026165, 6.145141249292236], [-75.63208129056565, 6.145128565585028], [-75.63208402561405, 6.145115519325218], [-75.63209355112825, 6.145088098670353], [-75.63209773244422, 6.145066816621846], [-75.63209358436704, 6.145043420343249], [-75.6320945243822, 6.144996518106536], [-75.63209396402428, 6.144973852710487], [-75.63210673117771, 6.14494033906468], [-75.63211597420867, 6.14490010669836], [-75.63212068311256, 6.144884904502014], [-75.63212576366583, 6.144868499896534], [-75.63213204638667, 6.144841242575418], [-75.63213126212236, 6.144800226063024], [-75.63213113806835, 6.144799244875475], [-75.63212551344554, 6.1447549605559635], [-75.63212891498573, 6.144727928973499], [-75.63213628390993, 6.144707017256109], [-75.63214051120922, 6.144699129390683], [-75.63216514380741, 6.144653178148058], [-75.6321814711601, 6.144622148477469], [-75.63218918668491, 6.144599349204967], [-75.63219508559565, 6.144573209373875], [-75.63218322582986, 6.1445292984001005], [-75.63218213652392, 6.144525260852597], [-75.63218143534668, 6.144481668293079], [-75.6321780803058, 6.144456978933009], [-75.63218002895498, 6.144434631159205], [-75.63218682843441, 6.14441804903229], [-75.63219637406425, 6.144401701994239], [-75.63221063406108, 6.144380817815023], [-75.63221798381053, 6.144353985569451], [-75.63221087801875, 6.144306242417725], [-75.63221283245767, 6.144293707176717], [-75.63221504694356, 6.144279499970269], [-75.63222575581784, 6.14424566920198], [-75.63224968528662, 6.144193944549078], [-75.63226843161324, 6.144146760250508], [-75.63229375642709, 6.144056233223663], [-75.6323225796305, 6.143989240379101], [-75.63233618315121, 6.143963803927627], [-75.63234819887774, 6.1439413333481365], [-75.63239249451111, 6.143872989593322], [-75.63239533089555, 6.143868613582462], [-75.6324373510597, 6.143794909170139], [-75.63247876742835, 6.1437345325260955], [-75.63250257247145, 6.1437098667102115], [-75.63253153651813, 6.143681999557796], [-75.63254521324741, 6.143545974835451], [-75.6325456354856, 6.143544038993023], [-75.63255267898892, 6.143511872559512], [-75.63261058479135, 6.143360482655119], [-75.632617753365, 6.143341630454508], [-75.6326182313609, 6.143340931077877], [-75.63263042383427, 6.143322997962607], [-75.63264296713581, 6.143300730008353], [-75.63265256176476, 6.143288842412724], [-75.6326651772119, 6.1432691235240355], [-75.63269662170174, 6.143169264613069], [-75.63276757462052, 6.143036730421427], [-75.63283295859999, 6.1429460115551855], [-75.63285583249835, 6.142891981369993], [-75.63288609299768, 6.142834787697661], [-75.63289598880084, 6.14281195871411], [-75.63291252698433, 6.1427349037551435], [-75.63293233370088, 6.142658698779336], [-75.63295205888242, 6.142599531023238], [-75.63295394060879, 6.142593886813808], [-75.63296944944675, 6.142528113140304], [-75.63298907952661, 6.142465034935826], [-75.63299193219548, 6.142445968039341], [-75.63302581638109, 6.142328300919848], [-75.63303166432637, 6.142302455172733], [-75.6330343260222, 6.142276879155918], [-75.63302699477424, 6.142224056382558], [-75.63302255575533, 6.142197693554914], [-75.63300865980786, 6.142151327287322], [-75.63299848359998, 6.14206273171563], [-75.63298454394119, 6.141894471735393], [-75.63298222880552, 6.141815992637319], [-75.63298111475265, 6.141778254952405], [-75.63297080791247, 6.141620998345766], [-75.63296264516053, 6.141572840034947], [-75.63294506074357, 6.141524158566353], [-75.6329189968961, 6.141477739195785], [-75.63286757474584, 6.141408991705988], [-75.63282383178449, 6.141354157691424], [-75.63277317905641, 6.141282066833399], [-75.63272977813537, 6.141220552901746], [-75.63269727200276, 6.141163771362586], [-75.63268220881511, 6.141134246026526], [-75.63267298332158, 6.141101042298594], [-75.63266477111472, 6.14107148142279], [-75.63264966234156, 6.141013932567619], [-75.63264661520324, 6.141002624343646], [-75.63263621415443, 6.1409640021007394], [-75.63263307758302, 6.140945523392335], [-75.63262643420988, 6.140906380900965], [-75.63262158480947, 6.140865424189356], [-75.63261902059017, 6.140843757694527], [-75.63261242164212, 6.140743625962492], [-75.63261826807877, 6.1406966959710925], [-75.63262513669314, 6.140653380764064], [-75.63263898676183, 6.140594674995331], [-75.63264106399333, 6.140585251800927], [-75.63265000782754, 6.140547911189612], [-75.63265839631354, 6.140517769550276], [-75.63266643948768, 6.14048977853789], [-75.63267959930789, 6.140448500828316], [-75.63268158165853, 6.140435209671593], [-75.63270659186136, 6.140365025391337], [-75.6327220776226, 6.140323028361909], [-75.63275080111956, 6.140245133243343], [-75.63278883016974, 6.140152960763547], [-75.63281015301196, 6.140101282461305], [-75.6328540015894, 6.1400039454297675], [-75.63290501182088, 6.1398834104851705], [-75.6329692821642, 6.139779509874639], [-75.63308428369096, 6.139646816861998], [-75.63316354387176, 6.139563788386172], [-75.63319092785316, 6.13953773808589], [-75.63321331525198, 6.139510622100301], [-75.63327934178538, 6.139432160036515], [-75.6333194344312, 6.139382031996122], [-75.63333949780174, 6.1393569452907855], [-75.63337046486407, 6.139327386813822], [-75.63338399656115, 6.139316943513434], [-75.63346688646658, 6.139252961756308], [-75.63352880627761, 6.139179911659422], [-75.63357522598365, 6.139135268975644], [-75.63362212455498, 6.139094516769668], [-75.63365629756423, 6.139037096881926], [-75.6336631080463, 6.139009347910836], [-75.63366565921392, 6.138998954151972], [-75.6336724120787, 6.138986313936477], [-75.6336869265519, 6.1389650398055995], [-75.63374345522415, 6.138852740738235], [-75.63375327995554, 6.138827589630121], [-75.63376005015435, 6.1388133310817645], [-75.63380381774259, 6.138707461164373], [-75.6338755275705, 6.1385693210544305], [-75.63388044091252, 6.138555658377542], [-75.6339099744224, 6.138473532885962], [-75.63393787541672, 6.138408979300381], [-75.63396681543604, 6.138328497583651], [-75.63403502458772, 6.1381641500707245], [-75.63403589870524, 6.13815013752693], [-75.63404072825413, 6.138122734622869], [-75.63404535138797, 6.138102402398757], [-75.63404274605502, 6.138015396889497], [-75.63404072782487, 6.137916810332883], [-75.6340323657222, 6.137850488877834], [-75.63401608217299, 6.137794458337534], [-75.63398090996779, 6.137738971907989], [-75.63396764162148, 6.137723226315216], [-75.63394391570061, 6.137689688083586], [-75.63392918106156, 6.137656965336349], [-75.63389294134524, 6.137584037807664], [-75.63387848527127, 6.137552490757074], [-75.63386079706945, 6.137520325877863], [-75.63383181473247, 6.137480995049645], [-75.63382172085477, 6.137468835553782], [-75.63381664712671, 6.1374627265559765], [-75.63378089062006, 6.137407249299353], [-75.6337691710841, 6.137383544958254], [-75.63376338072548, 6.137371847942242], [-75.63371013464722, 6.137238408382121], [-75.63370495630663, 6.137224059487238], [-75.63369818180966, 6.137208214110765], [-75.63368934475395, 6.137191172884513], [-75.63367730045493, 6.137169386720641], [-75.63367077726176, 6.1371421843425], [-75.63366800264897, 6.137124014855128], [-75.63363985621271, 6.137029788721635], [-75.6336367099094, 6.137019246719163], [-75.63360284904283, 6.136890715620785], [-75.63359851131364, 6.136879243790208], [-75.63359448934047, 6.136869533301749], [-75.63359524674537, 6.136860991731494], [-75.63358455762511, 6.136826213125077], [-75.63358218166113, 6.136816196198779], [-75.63356910805994, 6.136790993265659], [-75.63355299348564, 6.136711602110514], [-75.6335499826039, 6.1366773281418086], [-75.63354743282375, 6.136672746311352], [-75.63354495130794, 6.136666431986189], [-75.63353795332627, 6.136629177099328], [-75.63353535046518, 6.136617283577995], [-75.63352572342757, 6.136570156752307], [-75.63350296022722, 6.1364906039389755], [-75.63345527251722, 6.1363609411720486], [-75.6334152968375, 6.136308900104058], [-75.63340619805224, 6.136288033308811], [-75.6333851191317, 6.136239677267855], [-75.63338175915857, 6.136231971410427], [-75.63333819817268, 6.136176178989197], [-75.63330168396618, 6.136149744347463], [-75.63326792813022, 6.136125305831361], [-75.6332227309386, 6.136070707555997], [-75.63320884841798, 6.136054032863402], [-75.63316569980563, 6.136002196314746], [-75.63312746204682, 6.1359729648662436], [-75.63312397923404, 6.135968200483111], [-75.63311389363592, 6.135954405487692], [-75.63309653081818, 6.135937339282394], [-75.63307341994656, 6.135920675633277], [-75.63306084022398, 6.135911605718673], [-75.63302804858355, 6.135871986147943], [-75.63301921376977, 6.135857412936593], [-75.63300355575068, 6.135831595272172], [-75.63299681601319, 6.135819690452198], [-75.63298301236715, 6.135800129632691], [-75.63297895434266, 6.135789326312217], [-75.63295177922426, 6.135741277763603], [-75.63294565357549, 6.135728613231129], [-75.63294159684645, 6.135712187617143], [-75.63293723227049, 6.135697081622245], [-75.63293582278959, 6.13569515569764], [-75.63292658832053, 6.135682518211269], [-75.63291884628349, 6.135670856988785], [-75.63291714782898, 6.135659747338573], [-75.63291529565025, 6.135648970230898], [-75.63291102023653, 6.1356411685199275], [-75.63287721522568, 6.135594750033306], [-75.63283403237871, 6.135524889551942], [-75.63282039098509, 6.135506177731143], [-75.63281071736763, 6.135493135577953], [-75.6327677433367, 6.135458623316709], [-75.63273451944922, 6.135428640294133], [-75.63271404154857, 6.135420252898626], [-75.63269914608387, 6.135413972504714], [-75.63268248111582, 6.135406209131584], [-75.63267525375086, 6.135399844911569], [-75.63262569750385, 6.13536011699779], [-75.63261658724724, 6.135355114496876], [-75.63261017773445, 6.135351594914542], [-75.63259544469341, 6.135343993804265], [-75.63258066709652, 6.135331916960203], [-75.63254189512753, 6.13528860748128], [-75.63252850770631, 6.135276180257913], [-75.63248796394872, 6.135231288357576], [-75.63247242652866, 6.135218066197375], [-75.63245241483054, 6.135195169199215], [-75.63244581223509, 6.135180469269627], [-75.63241982160311, 6.135145349985625], [-75.63238671025263, 6.135096517826345], [-75.63237836334662, 6.135088961238331], [-75.63236662957058, 6.13506766256502], [-75.63236382571363, 6.135053822687329], [-75.63235976212913, 6.135040778240821], [-75.63235587533305, 6.135034675127229], [-75.63233930617174, 6.135003370698179], [-75.632320369252, 6.134964263300808], [-75.63231463642289, 6.134955622555154], [-75.63231161259117, 6.134951066547254], [-75.63230985451756, 6.134948415476988], [-75.63230822834487, 6.134945770086418], [-75.63230553683307, 6.13494138330966], [-75.63227942600362, 6.134904221446992], [-75.63226750320159, 6.134894830041326], [-75.63225267142673, 6.134880728373175], [-75.63223834144402, 6.134858815049129], [-75.63221455247721, 6.1348072239651765], [-75.63217945358704, 6.134737688849375], [-75.63216295265977, 6.134691758342183], [-75.63214823744362, 6.1346507967543635], [-75.63214468233082, 6.1346208097041455], [-75.63215006990372, 6.134514211932255], [-75.6321675468659, 6.134417087024075], [-75.63217216699776, 6.134349747803537], [-75.632172313628, 6.134347601770745], [-75.63217841328421, 6.13427768958039], [-75.63219658878083, 6.134219828673302], [-75.63220875566452, 6.134170194337181], [-75.63221316657507, 6.134117091326107], [-75.63221865899108, 6.134049700808494], [-75.63221476738187, 6.134000287368405], [-75.63221539478435, 6.133952552227448], [-75.63222338170658, 6.1338963379736855], [-75.63222360149977, 6.133854072534227], [-75.63221254428126, 6.133769092817706], [-75.63218885460246, 6.133716916300615], [-75.6321807938543, 6.133673982796295], [-75.63217746707171, 6.133656282475183], [-75.6321708045337, 6.133602121020734], [-75.63215911184626, 6.133575009981942], [-75.63214749079843, 6.133530287686079], [-75.63213927784768, 6.133485049597763], [-75.63212905225272, 6.133428720566956], [-75.63209338771814, 6.1333252383698875], [-75.63209114515027, 6.133318094738508], [-75.63206901706057, 6.133247664072156], [-75.63205804439372, 6.133172168314367], [-75.6320559610168, 6.133158258889179], [-75.63205079311871, 6.1331237405209205], [-75.63203090381336, 6.133065568616344], [-75.63202493445502, 6.133048109101411], [-75.63200933379599, 6.132972832266804], [-75.63199235079078, 6.132879065348575], [-75.63198803972317, 6.132866932483139], [-75.63198355697251, 6.132844477107096], [-75.6319759658671, 6.132812384461149], [-75.6319743045951, 6.1327482782582985], [-75.63197271656145, 6.132687500409695], [-75.6319901000407, 6.132655611364398], [-75.63200886946775, 6.1326136760244845], [-75.63195724404524, 6.132612007771273], [-75.63164379121334, 6.1326018752983344], [-75.6315731270478, 6.1325995908970174], [-75.63131711825677, 6.132591315797815], [-75.63121928015231, 6.132591599493522], [-75.63120730882218, 6.132591633910314], [-75.63108359786277, 6.132591993186567], [-75.63088273179002, 6.132486516329966], [-75.63083590936085, 6.132461931067742], [-75.63061304890718, 6.13249115191082], [-75.63041070127275, 6.1325176845088025], [-75.6302866237047, 6.1325372357033], [-75.63018850971477, 6.132545189633882], [-75.63019551739394, 6.132567554003119], [-75.63020498793969, 6.132594654355034], [-75.63020789092198, 6.132602202489832], [-75.63021091958878, 6.132609778032821], [-75.63022290236748, 6.132637313549131], [-75.63023390066797, 6.132661543262471], [-75.63023631935644, 6.132667032537356], [-75.63023846450484, 6.132671997901724], [-75.63024393218211, 6.1326855227815384], [-75.63024744821496, 6.132696151625256], [-75.63024836049885, 6.13269928601212], [-75.63024924612957, 6.1327025109350926], [-75.63025224400138, 6.132714858214489], [-75.63025458127932, 6.132732849118539], [-75.6302550526295, 6.132739636232842], [-75.63025544469608, 6.1327472012212185], [-75.63025625554454, 6.132781042228638], [-75.63025660191948, 6.132813366710453], [-75.63025671113711, 6.132819982929704], [-75.63025682713175, 6.132825586577536], [-75.63025729526271, 6.132837427357627], [-75.63025759008757, 6.1328426603697626], [-75.63025760290539, 6.132844169169389], [-75.63025757160302, 6.13284570621136], [-75.6302572093809, 6.13285141165405], [-75.63025673864652, 6.1328574602654635], [-75.63025663519882, 6.132859204689722], [-75.6302565509004, 6.132860986086044], [-75.63025636250026, 6.132867694172471], [-75.63025496468717, 6.1328747752450115], [-75.63025411285125, 6.132876784616625], [-75.63025306157745, 6.1328788302259465], [-75.63024760160583, 6.132886403168371], [-75.63024137091483, 6.132893002616718], [-75.63023983069186, 6.13289443496861], [-75.63023838080716, 6.1328956860663375], [-75.63023380212178, 6.132898782334847], [-75.63022893035775, 6.132900685790447], [-75.63022728802149, 6.132901187470478], [-75.6302255101585, 6.132901680775733], [-75.63021804602104, 6.132903383609579], [-75.63020624600198, 6.132910911755779], [-75.63020173310234, 6.132915082618698], [-75.6301966907904, 6.132920151093649], [-75.63019509914814, 6.132921965207986], [-75.63017399811648, 6.13294599640446], [-75.63014463531341, 6.132976689461168], [-75.63013539352698, 6.1329848243158525], [-75.63012565326571, 6.132992797985689], [-75.63008645643907, 6.133020264871946], [-75.63005199249618, 6.133042004844333], [-75.63004524951813, 6.1330463638554695], [-75.63003971511925, 6.1330499954964095], [-75.63002981903657, 6.133057138203112], [-75.63001844857449, 6.1330725105053805], [-75.63001198043801, 6.133081343224003], [-75.63000408226384, 6.133092159224853], [-75.62996357530047, 6.1331477241536865], [-75.62992312208934, 6.1332065162849085], [-75.6299152573646, 6.133219365334851], [-75.62990884223244, 6.133230719194662], [-75.62989770835728, 6.133259343739417], [-75.62989541975719, 6.133295860606058], [-75.62989458302296, 6.133312187377324], [-75.62989365296731, 6.133331218626947], [-75.62988953608155, 6.133422419739239], [-75.62988579643469, 6.133512634486023], [-75.62988510001009, 6.133531049832693], [-75.62988454945203, 6.133546608562182], [-75.62988378556324, 6.1335790804428125], [-75.62988652507086, 6.133598787074849], [-75.62988819041786, 6.133606293375555], [-75.62989024678377, 6.133614703615694], [-75.6299009312522, 6.1336524757673265], [-75.62991310525987, 6.1336928460790805], [-75.62991611442088, 6.133702888876673], [-75.62991895039588, 6.133712427159811], [-75.629927862518, 6.133742791172225], [-75.62994122875281, 6.133777255780834], [-75.62994687211891, 6.133789397502963], [-75.62995336816527, 6.133802648828264], [-75.62998386041312, 6.133859888257951], [-75.63001376346617, 6.133913016236827], [-75.63001988098536, 6.133923673886171], [-75.63002507312906, 6.133932580412464], [-75.63003603329669, 6.133950130268516], [-75.63004820624745, 6.133962099781169], [-75.6300541642497, 6.1339674884941635], [-75.63006124482952, 6.133973767607498], [-75.63009614770324, 6.134003948774337], [-75.63013413469909, 6.134035512449093], [-75.63014315068376, 6.134042663502433], [-75.63015152295733, 6.134049138775154], [-75.63015741817532, 6.1340533281176794], [-75.63017634652668, 6.134066784146442], [-75.63019445144616, 6.134078464141612], [-75.63019858711914, 6.1340811731549305], [-75.63020234228779, 6.134083648984183], [-75.6302127217033, 6.134090705643764], [-75.63021940925215, 6.134095485958447], [-75.63022083069903, 6.134096539427374], [-75.63022206997833, 6.134097467224065], [-75.63022498546779, 6.134099826939743], [-75.6302266247182, 6.134101457931712], [-75.63022747655684, 6.134102395768451], [-75.63022891772002, 6.134104154300929], [-75.6302312848529, 6.134107600668956], [-75.6302322913585, 6.134109134419988], [-75.63023345260832, 6.134110911504723], [-75.63023889580117, 6.1341194379954125], [-75.6302439068639, 6.134128255001706], [-75.63024479803511, 6.134130214223734], [-75.63024547055088, 6.134131974724623], [-75.6302460712718, 6.1341365923821325], [-75.63024282384251, 6.134144085750753], [-75.63024106371623, 6.134147643706443], [-75.63023893559948, 6.1341518625240115], [-75.63022887257904, 6.134171010966655], [-75.63022812177104, 6.134172440345423], [-75.63021470767612, 6.134196550416876], [-75.63021093299855, 6.134202988635466], [-75.63020713064795, 6.134209309463301], [-75.63019317761197, 6.134231269635419], [-75.63017115698341, 6.134251971227511], [-75.63016225923464, 6.134257510676174], [-75.63015215067628, 6.13426295481999], [-75.630105531707, 6.134281918537536], [-75.63010088874924, 6.134283514399614], [-75.63006129597844, 6.134297116015359], [-75.63005267967391, 6.134300186922328], [-75.63004565160517, 6.134302774494725], [-75.63003339315628, 6.134307998666476], [-75.63003170848724, 6.134309630620776], [-75.63003133971492, 6.134309947946717], [-75.6300310058622, 6.134310202721527], [-75.63003017702027, 6.134310638930548], [-75.63001646737001, 6.134310768666358], [-75.63000802327171, 6.134310829137574], [-75.62999756502226, 6.134310904928496], [-75.62994300847011, 6.134311288680955], [-75.62988808168446, 6.1343116923277785], [-75.62987738954021, 6.134311777401927], [-75.6298686556407, 6.134311866416229], [-75.62985341180557, 6.134312082337519], [-75.62985091083823, 6.134312288091252], [-75.62984950251293, 6.1343124369461535], [-75.62984688393324, 6.1343127879260155], [-75.62984362649763, 6.1343136374649765], [-75.62984250750053, 6.1343140298966095], [-75.62984129848745, 6.134314485150055], [-75.62983615733565, 6.134316714486168], [-75.6298229191032, 6.134323460466987], [-75.6298165972472, 6.134326760576864], [-75.62980913139312, 6.1343306964311335], [-75.62977259196603, 6.1343500915652545], [-75.62973670425734, 6.134369585654269], [-75.62972965324965, 6.134373574617151], [-75.6297238466703, 6.134376962600296], [-75.62971328316932, 6.134384125768723], [-75.62971088992306, 6.1343871425952345], [-75.62971024155819, 6.134387912416632], [-75.62970958403258, 6.134388656065529], [-75.6297072793072, 6.134391120985309], [-75.62970490219573, 6.134393560043182], [-75.62970421748044, 6.13439428484055], [-75.62970351573696, 6.1343950368431415], [-75.62970087804517, 6.134397937343699], [-75.62968117172889, 6.134425871727966], [-75.62966970394868, 6.134442401703657], [-75.62965562915075, 6.134462746026117], [-75.62958312366855, 6.13456800210623], [-75.62951043957322, 6.134674046495201], [-75.62949624801374, 6.134694895853252], [-75.62948463876748, 6.13471205032076], [-75.62946416447558, 6.134743259340568], [-75.62946089670142, 6.134749921986268], [-75.62946013358813, 6.1347516054643], [-75.62945943334556, 6.13475321630932], [-75.62945741681013, 6.134758456158385], [-75.62945671681511, 6.134791063342911], [-75.62945683465259, 6.134809936666079], [-75.62945709986933, 6.134833077296646], [-75.62945753333487, 6.134857925759712], [-75.62945879812321, 6.134930182262927], [-75.62945918782032, 6.134952183175818], [-75.62946086932436, 6.135044765249596], [-75.62946143303353, 6.13507572717886], [-75.62946175274247, 6.13509911163554], [-75.62946178691696, 6.135101659991346], [-75.62946203287902, 6.135124004246002], [-75.629461972196, 6.135174806864139], [-75.62946182866368, 6.1351783234290185], [-75.62946101836468, 6.1351980131505615], [-75.62946069848324, 6.135202958984569], [-75.62946035919177, 6.135207262132681], [-75.62945894325445, 6.135217463183518], [-75.62945621267158, 6.13523199748761], [-75.62945504138965, 6.135239042193719], [-75.6294537021701, 6.13524738956031], [-75.62944993408831, 6.135271752394776], [-75.62944736299957, 6.135288419479119], [-75.6294390910976, 6.135332438649991], [-75.62943652908857, 6.135342668836804], [-75.62943384640555, 6.135352051615323], [-75.62942318604696, 6.135378883827665], [-75.62940959401256, 6.135406872261095], [-75.62940507052076, 6.135416991845475], [-75.6294002079069, 6.135428133771087], [-75.62937988489486, 6.135476933109832], [-75.62937475548283, 6.135489847385107], [-75.62936097517981, 6.135524571031103], [-75.62935701315148, 6.135534987098862], [-75.62935359980897, 6.1355441989853725], [-75.62934584555956, 6.135567425121783], [-75.62934249450721, 6.135579945534371], [-75.62934186075827, 6.135582406766491], [-75.62934135128354, 6.135584423498317], [-75.62934057710467, 6.135588086906081], [-75.62934028151456, 6.135589145195572], [-75.62934007473245, 6.135589525913495], [-75.62933982390972, 6.1355899511463265], [-75.62933849255559, 6.1355917983378045], [-75.62933701682348, 6.135593674264194], [-75.62933669279992, 6.135594091720187], [-75.6293361614977, 6.135594788642652], [-75.62933560413951, 6.135595513718754], [-75.62933345391531, 6.13559835758277], [-75.62933138421525, 6.135601229076818], [-75.62933088109465, 6.135601962926992], [-75.62933040498203, 6.135602678563427], [-75.62932894785308, 6.135605032642179], [-75.62932881456501, 6.135618005545937], [-75.62932917869928, 6.135625398906251], [-75.62932971984463, 6.135634444908914], [-75.62933311437544, 6.135680888392693], [-75.6293364381582, 6.135727639601554], [-75.6293369251878, 6.135736885665526], [-75.62933723637101, 6.135744532420569], [-75.62933678971945, 6.1357588068911735], [-75.62933541088896, 6.135762760758299], [-75.62933512473012, 6.135763900366227], [-75.62933488382546, 6.135765058736928], [-75.62933433710388, 6.135769426188219], [-75.62933446724234, 6.135774045256956], [-75.62933464347655, 6.135775355267201], [-75.62933488212174, 6.13577668305188], [-75.62933626844001, 6.1357816232160864], [-75.6293388096295, 6.135792011854985], [-75.62933978955458, 6.135796781341705], [-75.62934088005444, 6.135802364836447], [-75.62934581774304, 6.1358293690340755], [-75.62935099273588, 6.13585761152144], [-75.62935228596311, 6.13586419751826], [-75.62935347624479, 6.13587005173835], [-75.62935714445973, 6.135886104152587], [-75.62936086792838, 6.135896478845871], [-75.62936209390342, 6.135898744706362], [-75.62936340082581, 6.135900756130418], [-75.62936882516743, 6.135905803022494], [-75.62937358038795, 6.135913833862791], [-75.62937446745772, 6.135917718738086], [-75.6293751765224, 6.135922326825845], [-75.62937615368244, 6.135944949553233], [-75.6293760927496, 6.135967702140117], [-75.62937614280835, 6.135972383981716], [-75.62937621836073, 6.135976370481729], [-75.62937669384566, 6.135984919577532], [-75.62937717552556, 6.135989022513037], [-75.62937724180524, 6.135990197455541], [-75.62937729105674, 6.135991399603303], [-75.62937721278588, 6.13599588318385], [-75.62937274485189, 6.136008859302854], [-75.62937000854551, 6.136015411758034], [-75.62936662639979, 6.136023249332714], [-75.62934902016146, 6.136062250772534], [-75.62933123110457, 6.1361008101253205], [-75.62932773106807, 6.1361083680231605], [-75.62932485939936, 6.136114577603671], [-75.62931961746993, 6.136125729531819], [-75.62931861203334, 6.136127729715485], [-75.62931839553741, 6.136128155683827], [-75.62931821675068, 6.136128535360216], [-75.6293178121533, 6.136129467618062], [-75.62931733670554, 6.136130318859288], [-75.62931712066946, 6.136130654420127], [-75.6293168596895, 6.136131034500345], [-75.62931560079076, 6.1361327375920025], [-75.6293108727152, 6.136137424828507], [-75.62930842240348, 6.136139673493083], [-75.62930548638684, 6.136142339504104], [-75.62929076631171, 6.136155434701935], [-75.62926603823601, 6.136177174801274], [-75.62925678731868, 6.136185300673266], [-75.62924649940598, 6.136194332980437], [-75.62920068278949, 6.136234574157295], [-75.62915765121444, 6.136273044172039], [-75.62914913093744, 6.136280969370443], [-75.6291420698927, 6.136287705802934], [-75.62912883526994, 6.136302197695332], [-75.62912554715265, 6.136308028715983], [-75.62912476492598, 6.136309314505604], [-75.6291240361833, 6.136310455384052], [-75.62912189548071, 6.1363133995519], [-75.62911951033162, 6.136316227393858], [-75.62911863766173, 6.136317304791672], [-75.62911766535923, 6.136318510150411], [-75.62911339145096, 6.13632390122033], [-75.6291049924519, 6.1363364807897165], [-75.62910143292407, 6.136342222738593], [-75.6290973343866, 6.136348931959713], [-75.62907803730076, 6.136381313196175], [-75.62905997957154, 6.136414268745855], [-75.62905665873278, 6.1364213475200815], [-75.62905406697061, 6.136427537644916], [-75.6290507594084, 6.136442480707938], [-75.62905213479337, 6.136452926607517], [-75.62905249717608, 6.136456278862476], [-75.6290528505987, 6.136459830053051], [-75.62905346989142, 6.136467313470472], [-75.62905404799142, 6.1364743170383145], [-75.62905616563053, 6.136491349834916], [-75.62905709327472, 6.136496509226136], [-75.62905817358704, 6.136501856814292], [-75.62906331900258, 6.1365227775305575], [-75.629068699046, 6.136549916071922], [-75.62906992686273, 6.1365591874277365], [-75.62907104007714, 6.136569217846742], [-75.62907411586922, 6.136611811639652], [-75.62907678441535, 6.136653692327512], [-75.6290776425558, 6.136663281013759], [-75.62907855329429, 6.136671991606464], [-75.629082272344, 6.136696197424188], [-75.6290871312776, 6.13672132158302], [-75.62908877471652, 6.136730618922024], [-75.6290905386852, 6.136740918263169], [-75.62909794958995, 6.1367865464529405], [-75.629104895094, 6.136830285650635], [-75.62910635695408, 6.136839393126345], [-75.62910762632107, 6.136847190671547], [-75.62911054845054, 6.136864528699661], [-75.62911360357099, 6.136878042835813], [-75.629114956027, 6.136883444233286], [-75.62911652695753, 6.136889559662904], [-75.62912402338112, 6.136917631632988], [-75.62913301540958, 6.136947878636914], [-75.62913552074451, 6.13695537448368], [-75.62913803410396, 6.136962480644304], [-75.62914720297825, 6.136984953734404], [-75.62915534655941, 6.137002800400598], [-75.62915720977225, 6.137006998706204], [-75.629158918744, 6.137010872310759], [-75.62916366555477, 6.137022157780378], [-75.62916439001576, 6.137025852699672], [-75.6291672319815, 6.137040289111397], [-75.62916760562099, 6.137043541864656], [-75.62916817633057, 6.137048485131914], [-75.62916911657649, 6.137058054428406], [-75.6291723563822, 6.137104064728377], [-75.62917466050386, 6.137151379653259], [-75.62917500680732, 6.1371617655153345], [-75.62917522360023, 6.137170975841417], [-75.62917494764362, 6.137194451825673], [-75.62917476642198, 6.13719728149656], [-75.62917395425148, 6.13720995668777], [-75.62917371374587, 6.137214142728765], [-75.62917349921207, 6.137218283439524], [-75.62917284624899, 6.137232848222311], [-75.6291727210307, 6.1372349417192344], [-75.62917210551055, 6.137245170482046], [-75.62917183347878, 6.137247901153384], [-75.6291715247624, 6.137250334571678], [-75.62917016111771, 6.137256647942856], [-75.62916647093682, 6.137261349971818], [-75.6291646866985, 6.1372627564043984], [-75.62916258749209, 6.137264216819698], [-75.62915225426296, 6.1372699061705], [-75.62914438343037, 6.137277283040417], [-75.62914073393787, 6.137280704730978], [-75.62913787555078, 6.137285387303794], [-75.62913515447248, 6.137290809620973], [-75.62912654973663, 6.137316506202184], [-75.62912013709708, 6.137341265358275], [-75.62911980343104, 6.137342479332343], [-75.62911880497852, 6.137346087792053], [-75.62911766997333, 6.137350031422209], [-75.6291151794452, 6.137356972319014], [-75.62911387254523, 6.137358097053842], [-75.62911348467001, 6.137358387352536], [-75.62911308862144, 6.137358668650882], [-75.62911155584305, 6.137359595604035], [-75.62910999646762, 6.137360440419115], [-75.62910914874165, 6.137360894802805], [-75.6291076875117, 6.137361676755978], [-75.62910584059128, 6.137363010268315], [-75.62910518226445, 6.137363591192759], [-75.62910446200978, 6.137364252882197], [-75.62910131874523, 6.137367390020964], [-75.62909823989916, 6.137370770033329], [-75.6290975465918, 6.137371585279285], [-75.62909693526059, 6.137372355823847], [-75.62909531649602, 6.137374719739083], [-75.62909394125172, 6.137377011037558], [-75.62909347335584, 6.137377744715225], [-75.62909297040711, 6.13737851382319], [-75.62909085678734, 6.137381639574183], [-75.62908315864638, 6.137392734868059], [-75.62907393040581, 6.1374060399525945], [-75.62906500818985, 6.1374187568032825], [-75.62906324535253, 6.137421211831728], [-75.62906177926985, 6.137423214279745], [-75.62905903376193, 6.137426602598789], [-75.6290579345962, 6.137427356555323], [-75.62905750178138, 6.137427692277468], [-75.6290570340512, 6.137428091454853], [-75.62905488097236, 6.137429986080096], [-75.62905219557899, 6.137432371509379], [-75.62905139425567, 6.137433078799779], [-75.6290505568477, 6.137433795308015], [-75.629047295244, 6.137436561462623], [-75.62904396051631, 6.137438967259526], [-75.62904307683853, 6.137439457981953], [-75.62904221091483, 6.137439885333447], [-75.629039206588, 6.137440779738964], [-75.6290366696366, 6.137441202644626], [-75.62903609218917, 6.137441331145319], [-75.62903556798766, 6.137441450343867], [-75.62903411613279, 6.13744193391354], [-75.6290309296325, 6.137442701742738], [-75.629029305318, 6.137443013485764], [-75.62902735601996, 6.137443362987739], [-75.62901764232383, 6.1374449828649915], [-75.62900774006644, 6.137446647063132], [-75.6290056635866, 6.137447032448007], [-75.62900388590562, 6.1374473820107145], [-75.62899988751396, 6.1374483599530745], [-75.6289958536185, 6.137449465541306], [-75.6289940492354, 6.137449895695859], [-75.62899194524773, 6.137450381565713], [-75.62898186409784, 6.137452588170011], [-75.62897147621052, 6.137454869509588], [-75.62896919179512, 6.137455400564485], [-75.6289671528351, 6.137455885210691], [-75.62896189195939, 6.137457283412256], [-75.62894570043957, 6.1374674277884695], [-75.6289367678593, 6.137473428482109], [-75.6289259064344, 6.13748081823749], [-75.62887062816517, 6.137519025705773], [-75.62885928235629, 6.1375269186857855], [-75.62881589120104, 6.137557103944595], [-75.62880538159101, 6.1375644024691045], [-75.62879687213629, 6.137570302541013], [-75.62878213576195, 6.137580451518069], [-75.62878191905571, 6.13758065057038], [-75.62878169426922, 6.137580859606971], [-75.62878091108196, 6.137581765699715], [-75.6287799842211, 6.1375828442684], [-75.62877967867199, 6.13758316128409], [-75.6287793451229, 6.137583478437353], [-75.62877794838677, 6.137584703059084], [-75.62877638131921, 6.137586189788959], [-75.6287759311933, 6.137586679285029], [-75.62877548120039, 6.137587195902031], [-75.62877381706723, 6.137589334026853], [-75.6287714764369, 6.137592215894751], [-75.62877060418059, 6.1375931938452855], [-75.62876962213427, 6.137594254604069], [-75.6287652733755, 6.137598751032248], [-75.62875836441944, 6.137605008477572], [-75.62875576019285, 6.13760718467128], [-75.62875287685765, 6.137609543950952], [-75.62873998294526, 6.137619660369714], [-75.62872132231956, 6.137634855160845], [-75.62871480019051, 6.137640424529305], [-75.62870768299484, 6.137646581743654], [-75.62867709131613, 6.137673735201997], [-75.62864833508269, 6.137698504695091], [-75.62864237841359, 6.137703159095727], [-75.62863729589182, 6.137706852713566], [-75.62862619343265, 6.13771224569383], [-75.62862107971436, 6.137711420104311], [-75.62861977794803, 6.1377111977746415], [-75.62861852224621, 6.137710975218647], [-75.6286143654072, 6.137710219060137], [-75.6286112208546, 6.137709595344203], [-75.62861058883053, 6.137709461937398], [-75.62861006441888, 6.137709354219422], [-75.62860906144726, 6.137709095163646], [-75.62860688359217, 6.137708885274717], [-75.62860562855539, 6.1377087983233665], [-75.62860407450223, 6.137708702896504], [-75.6285960984872, 6.137708264743255], [-75.62858656089855, 6.137708039481983], [-75.62858402299025, 6.137708083592677], [-75.62858153041613, 6.137708162738702], [-75.62857292655141, 6.1377088107251785], [-75.62856500825934, 6.137709828717183], [-75.62856295942724, 6.137710142544882], [-75.62856096396968, 6.137710473287372], [-75.62855426641514, 6.137711767346276], [-75.62854482084032, 6.137712254929997], [-75.62854109131472, 6.137712067128954], [-75.62853689049481, 6.137711736090777], [-75.6285176922396, 6.137709395795809], [-75.62849835717483, 6.137706785860378], [-75.6284940661375, 6.137706292535529], [-75.62849023532965, 6.1377058963954285], [-75.62848023613202, 6.137705292793705], [-75.62847355292263, 6.137705275904289], [-75.62847181853458, 6.137705244646704], [-75.62847012930779, 6.137705213167243], [-75.62846445782499, 6.137705030385844], [-75.62845935456858, 6.1377048647019485], [-75.62845803575735, 6.137704850387786], [-75.62845675402713, 6.137704845836032], [-75.62845244509282, 6.137704939329186], [-75.62844814652607, 6.137704752514917], [-75.62844687207809, 6.137704575253221], [-75.62844555310603, 6.1377043439670835], [-75.62844050121105, 6.137703047964379], [-75.62843559253434, 6.137701670797285], [-75.62843437265111, 6.13770138478114], [-75.62843321621978, 6.137701144559965], [-75.62842951205728, 6.137700603148737], [-75.62842605990356, 6.137700062307515], [-75.6284250569718, 6.13769981138765], [-75.6284240268147, 6.13769953438397], [-75.62842015690059, 6.137698162962193], [-75.628414882398, 6.13769788872872], [-75.6284129686339, 6.137698301338147], [-75.62841085717538, 6.1376989219469555], [-75.62840162110362, 6.137702899047822], [-75.62839300871629, 6.137707335055742], [-75.62839129515248, 6.137708234870272], [-75.62838986996029, 6.137708998564206], [-75.62838716521243, 6.137710569535214], [-75.62838332088504, 6.137714784131505], [-75.62838117850671, 6.137717203957783], [-75.62837855917111, 6.137720167655], [-75.62836523691023, 6.137735401305569], [-75.62834785996039, 6.1377602107167455], [-75.6283426932204, 6.137769202497875], [-75.62833737563851, 6.1377791153461185], [-75.62831689096299, 6.137822599681295], [-75.62829783588262, 6.1378665868799365], [-75.62829342222705, 6.137876822555053], [-75.62828937658641, 6.137886217460966], [-75.62827785836126, 6.137913107247457], [-75.62826963347526, 6.137933017837721], [-75.62826766084754, 6.137938004341186], [-75.62826582354297, 6.137942773207122], [-75.62826027780001, 6.137958101551193], [-75.62825603146153, 6.137970407590451], [-75.62825501126787, 6.137973267602213], [-75.62825405223971, 6.137975891355628], [-75.62825115708397, 6.137983392946868], [-75.62824796793593, 6.137989331970394], [-75.62824682614438, 6.137990972107745], [-75.62824558404596, 6.1379926027932825], [-75.62824015456441, 6.137998485018765], [-75.62823676920601, 6.13800198767884], [-75.62823367142587, 6.138005192396686], [-75.62823175443022, 6.138007340803999], [-75.62822978299833, 6.138009624182669], [-75.62822224225098, 6.138018929580764], [-75.62821451372677, 6.1380291761166506], [-75.62821242684927, 6.138032046792984], [-75.62821036626283, 6.138034937229315], [-75.62820310896751, 6.138045497868905], [-75.62819193900594, 6.13805886311777], [-75.62818740135423, 6.138063522298303], [-75.62818224973691, 6.138068599455395], [-75.62815843393514, 6.138090363102461], [-75.62813212883766, 6.13812263774846], [-75.62812539829179, 6.138134335811615], [-75.62811891476338, 6.1381472269156845], [-75.62809749319857, 6.138203748690004], [-75.62808117397744, 6.1382567494258105], [-75.628077907794, 6.138267425163405], [-75.62807517057193, 6.138276373368802], [-75.62806980248237, 6.138294223150487], [-75.62806896603811, 6.138301583541247], [-75.62806909941136, 6.1383039153435695], [-75.62806937792156, 6.138306373000348], [-75.62807170017072, 6.138316318835199], [-75.6280739491311, 6.138325686435933], [-75.62807419881563, 6.138327791653527], [-75.62807427672628, 6.138329680742162], [-75.62807317146921, 6.138334719036519], [-75.62807031040494, 6.1383418055006596], [-75.6280692727897, 6.138344981112923], [-75.62806812759638, 6.1383486906451425], [-75.62806310324174, 6.138366458277756], [-75.62805774219082, 6.1383897956288145], [-75.62805638111708, 6.138397004003836], [-75.62805508490952, 6.1384045465599355], [-75.62805081842072, 6.138434479027255], [-75.62804817671484, 6.1384610630357646], [-75.62804789440193, 6.138466486934417], [-75.62804780853128, 6.138471079043027], [-75.62804911824443, 6.138480657382067], [-75.62805209267678, 6.138484716433933], [-75.62805305285411, 6.138485826414649], [-75.6280540680751, 6.138486925276296], [-75.62805824215604, 6.138490827457728], [-75.62806234379032, 6.138494323171008], [-75.62806331252443, 6.1384951519490825], [-75.62806421780655, 6.138495934932132], [-75.62806687942825, 6.138498277819313], [-75.62806925164695, 6.138500178238048], [-75.62806997495807, 6.138500691803119], [-75.6280707180471, 6.1385011862859065], [-75.62807360332428, 6.138502905181555], [-75.62807728448202, 6.138504648192885], [-75.62807852263263, 6.138505159228695], [-75.6280798521023, 6.13850568880098], [-75.62808546669935, 6.138507715227052], [-75.62809128979677, 6.138509895221854], [-75.62809275433939, 6.13851052448043], [-75.62809416468396, 6.138511153101208], [-75.62809873221707, 6.138513507418087], [-75.62810206278003, 6.138515775598415], [-75.62810268700221, 6.138516343893427], [-75.62810318558275, 6.138516893820565], [-75.62810392227773, 6.138518663049796], [-75.62810413968599, 6.138520817244719], [-75.62810419191712, 6.138521337722793], [-75.62810440326167, 6.138522439629503], [-75.62810466874342, 6.138523713944399], [-75.62810608524116, 6.138529649327587], [-75.62810838336283, 6.1385402000916836], [-75.62810918974604, 6.138544391841294], [-75.62811007918098, 6.138549126518878], [-75.62811765388717, 6.13859186910586], [-75.62811847918204, 6.138596233436641], [-75.6281192038205, 6.138599964520594], [-75.62812107010518, 6.13860810358376], [-75.62812215503064, 6.138611996531275], [-75.62812239320614, 6.138613044062923], [-75.62812260424494, 6.138614083591409], [-75.62812316585482, 6.138617724166882], [-75.62812354628723, 6.138621257146082], [-75.62812364858407, 6.13862222488453], [-75.62812375083215, 6.138623182678649], [-75.62812411275667, 6.1386266253434485], [-75.62812450164947, 6.138630041658186], [-75.62812462191776, 6.138630990323237], [-75.628124751174, 6.138631929903597], [-75.62812524844966, 6.138635344781821], [-75.62812554816804, 6.138638995684455], [-75.62812555082736, 6.1386400904798855], [-75.6281255184293, 6.138641219801566], [-75.6281250800961, 6.138645587628199], [-75.62812519227569, 6.1386472812728625], [-75.62812562688583, 6.1386537575832385], [-75.62812620598406, 6.13865728054585], [-75.62812697657017, 6.138661355848283], [-75.62813130450714, 6.138680606288432], [-75.6281353438178, 6.138700309268978], [-75.62813593422544, 6.138704664808998], [-75.62813628829863, 6.138708532417307], [-75.6281356491503, 6.138718549755199], [-75.62813353594125, 6.138724892126275], [-75.62813296283169, 6.138726458050021], [-75.62813238927433, 6.138727932666595], [-75.62813036167016, 6.138732575901071], [-75.62812840703356, 6.138737363425591], [-75.62812788725871, 6.138738938127826], [-75.62812736796717, 6.13874061136951], [-75.6281255728707, 6.138747540716415], [-75.6281240027875, 6.138754307132317], [-75.62812361940004, 6.138755881164506], [-75.62812327147662, 6.138757319414451], [-75.62812220871076, 6.138761444406485], [-75.62812140657175, 6.138765116995481], [-75.62812122889159, 6.1387662750565894], [-75.62812106145284, 6.138767495447051], [-75.62812057880787, 6.1387724050193295], [-75.628120198266, 6.138778426979525], [-75.62812008662837, 6.138780343216853], [-75.62811996558725, 6.138782367986753], [-75.62811953800816, 6.138790586123401], [-75.62811958036141, 6.138799037909146], [-75.62811977706704, 6.138801206670528], [-75.62812003574068, 6.138803302803203], [-75.62812163617842, 6.138810276943433], [-75.62812318904933, 6.138816392466764], [-75.62812342880471, 6.138817946260421], [-75.62812358695926, 6.138819437171249], [-75.62812346547695, 6.138824318751572], [-75.62812250203324, 6.138828804876969], [-75.62812212694529, 6.138830045272747], [-75.6281217057395, 6.138831275046468], [-75.62811980451491, 6.138835718768487], [-75.6281178142038, 6.138840967535573], [-75.62811734038843, 6.138842704741642], [-75.62811690332285, 6.138844568334617], [-75.62811561635527, 6.138852336858783], [-75.6281142042051, 6.138860548984086], [-75.6281136953481, 6.138862692282237], [-75.62811312386246, 6.138864773508402], [-75.62811064292482, 6.138871830984429], [-75.62810730674349, 6.138886466820524], [-75.62810620678219, 6.138893321332192], [-75.62810502971386, 6.13890139759865], [-75.62810011285576, 6.13894071462243], [-75.62809568178788, 6.138979262622499], [-75.62809479948751, 6.138986849252069], [-75.62809407776676, 6.1389931061344], [-75.62809271048154, 6.139004572631227], [-75.62809233908744, 6.139007302888686], [-75.62809213595101, 6.139008795574617], [-75.62809176433967, 6.139011481534543], [-75.62809134796152, 6.139014248175137], [-75.62809122364918, 6.1390150533933205], [-75.62809108131661, 6.139015867740558], [-75.62809052120359, 6.139018978627591], [-75.62809000728822, 6.139022116409252], [-75.62808989218551, 6.1390229577443085], [-75.62808978606631, 6.1390237890906425], [-75.62808952309189, 6.139026709570678], [-75.62808923436724, 6.139029720582537], [-75.62808911045394, 6.139030607163553], [-75.62808896860464, 6.139031520050225], [-75.62808831921647, 6.139035029159324], [-75.62808769710689, 6.1390385752006065], [-75.62808756438301, 6.139039507027565], [-75.62808745870718, 6.139040428777046], [-75.62808723301468, 6.139043584127754], [-75.62808714201275, 6.139046576991176], [-75.62808710896635, 6.139047389897426], [-75.62808708405345, 6.139048203667766], [-75.6280869753537, 6.139051087227696], [-75.62808610062311, 6.139064269005809], [-75.62808558908735, 6.139071575365423], [-75.6280849642693, 6.139080462566722], [-75.62808173596898, 6.139125750703507], [-75.62807849801229, 6.139170911416372], [-75.62807786376781, 6.1391797182033105], [-75.6280773426593, 6.139186914315522], [-75.62807641279342, 6.1391995358516365], [-75.62807623851101, 6.139201570827788], [-75.62807619497367, 6.1392020863520615], [-75.62807615134322, 6.139202582891673], [-75.62807599321883, 6.139204229045534], [-75.62807589926354, 6.139205883020596], [-75.62807588183115, 6.139206380335542], [-75.62807588349955, 6.139206904678244], [-75.62807592517741, 6.139208956674392], [-75.62807593121387, 6.139211108291517], [-75.62807589701474, 6.139211686149581], [-75.62807585378776, 6.139212264956054], [-75.62807558014583, 6.139214299516351], [-75.62807528638771, 6.139216100025665], [-75.62807522524122, 6.139216524327082], [-75.62807518108312, 6.139216913286947], [-75.62807508473801, 6.139218079989042], [-75.62807521951001, 6.1392302731973825], [-75.62807532244068, 6.139237631685268], [-75.62807543830748, 6.139246706906765], [-75.62807675998552, 6.139341228222634], [-75.62807687655813, 6.139350447185077], [-75.62807697946866, 6.139357985579613], [-75.62807711722877, 6.139371156054774], [-75.62807707508401, 6.139373244624897], [-75.62807706099412, 6.139373686776163], [-75.62807704446944, 6.1393741849907], [-75.62807695932494, 6.139375793719821], [-75.62807686457175, 6.1393772849692105], [-75.6280768118363, 6.1393781350383945], [-75.62807673541815, 6.139379681344952], [-75.628076668254, 6.139381272808696], [-75.62807665958347, 6.139381714933351], [-75.62807664369154, 6.139382157997523], [-75.62807659382175, 6.139383776497911], [-75.62807658893604, 6.139385358615121], [-75.62807659097568, 6.139385774469602], [-75.6280766001968, 6.1393861812482635], [-75.628076659541, 6.139387599416253], [-75.62807673543463, 6.139388892743587], [-75.62807674524862, 6.139389236235613], [-75.62807675497392, 6.139389561646991], [-75.62807678571812, 6.139390673481461], [-75.62807677907081, 6.13939171227131], [-75.62807678100978, 6.139392291759936], [-75.62807676528584, 6.1393933215538645], [-75.62807672332836, 6.139394343340208], [-75.62807670659399, 6.139394614638404], [-75.62807668900074, 6.139394894981354], [-75.62807657456328, 6.139395871921168], [-75.62807727828688, 6.139408045156893], [-75.62807776865941, 6.139415392700526], [-75.62807838212234, 6.139424448300014], [-75.62808167942455, 6.139471498015672], [-75.62808504874927, 6.139518682985089], [-75.62808571689911, 6.139527838665642], [-75.62808626199839, 6.139535294426637], [-75.62808729295823, 6.139548072673964], [-75.62808753269834, 6.1395498072782315], [-75.62808759746436, 6.139550305093339], [-75.62808764416134, 6.1395508020931935], [-75.62808780227965, 6.13955265372137], [-75.62808795196294, 6.13955444301134], [-75.62808800751928, 6.139554904709579], [-75.62808807205914, 6.139555356419074], [-75.62808832049323, 6.139556837845718], [-75.62808864918613, 6.139558292660455], [-75.62808875965763, 6.139558717022677], [-75.62808886927027, 6.139559150429635], [-75.62808935248758, 6.139560803376817], [-75.62808987227749, 6.139562546549619], [-75.62809000925303, 6.139563034065348], [-75.62809013719627, 6.1395635216254405], [-75.62809058503825, 6.139565328435481], [-75.62809108692456, 6.1395672886690305], [-75.62809126051702, 6.1395678754506955], [-75.62809143334371, 6.139568490261759], [-75.62809216307696, 6.139570865240255], [-75.62809293795527, 6.139573420807569], [-75.62809314838637, 6.1395741520567295], [-75.62809333980974, 6.139574875262805], [-75.62809402503031, 6.139577566878646], [-75.62809407364668, 6.139591161792494], [-75.62809387884813, 6.139598773973951], [-75.62809359826826, 6.139608049130831], [-75.62809179379437, 6.139655421346981], [-75.62808994402299, 6.139702765760117], [-75.62808961814484, 6.139712013113929], [-75.62808937805242, 6.13971959839636], [-75.62808919116551, 6.139733058859415], [-75.62808852671277, 6.139737363609693], [-75.62808798098969, 6.139739172589603], [-75.62808727302374, 6.139741235501644], [-75.62808341766122, 6.139750936856082], [-75.62807913584618, 6.139760061711918], [-75.62807816601634, 6.139761772425868], [-75.62807728478451, 6.139763131027765], [-75.62807487901658, 6.139765073002707], [-75.62807194415555, 6.139765216703356], [-75.62807071586708, 6.1397654279588725], [-75.62806932634399, 6.139765730411985], [-75.6280628196654, 6.13976745748365], [-75.62805533688581, 6.139768880165279], [-75.62805332315452, 6.1397689858897415], [-75.62805133589487, 6.139768964012609], [-75.62804437000061, 6.139767854613218], [-75.62802689632046, 6.1397654018908385], [-75.62801828678073, 6.139764532004959], [-75.62800804292222, 6.139763593304747], [-75.62795740023029, 6.139759518956117], [-75.62790777102512, 6.1397558211332335], [-75.6278981507016, 6.139755126173667], [-75.62789032848292, 6.139754560699368], [-75.62787696872624, 6.139753687028889], [-75.62787011344307, 6.139753398868077], [-75.62786639108266, 6.139753201992466], [-75.62786186552074, 6.139752962052416], [-75.62783894014495, 6.13975168154477], [-75.6278088334804, 6.139749942706012], [-75.62779979207008, 6.1397494175744765], [-75.62779044346856, 6.139748874966935], [-75.62775413941073, 6.139746729915859], [-75.62772326540632, 6.139744893588068], [-75.62771734823656, 6.139744531204091], [-75.62771257947938, 6.139744246350818], [-75.62770483710322, 6.139743753709725], [-75.62770413366034, 6.139743792423814], [-75.62770379877945, 6.139743838367713], [-75.62770340162004, 6.139743893658106], [-75.62770146121063, 6.139744215993846], [-75.62769780573487, 6.139744949059482], [-75.6276963250737, 6.139745270040505], [-75.62769464682252, 6.139745636290913], [-75.6276869208166, 6.139747376581359], [-75.62766758224774, 6.139752910376853], [-75.62765858583361, 6.139755666736202], [-75.62764802039351, 6.1397589596752535], [-75.62759668745404, 6.139775298596132], [-75.6275467096621, 6.13979132528577], [-75.62753699143474, 6.139794426921961], [-75.6275290605889, 6.139796944799025], [-75.62751527271206, 6.1398012335611725], [-75.62751194284563, 6.139802056335621], [-75.6275105887248, 6.139802394775666], [-75.62750905508294, 6.139802779300326], [-75.62750197975906, 6.139804589620439], [-75.62749456790254, 6.139805740730526], [-75.62749282451837, 6.13980571855732], [-75.62749121681256, 6.139805551069007], [-75.62748652434495, 6.13980369368976], [-75.62747732527622, 6.139802147746865], [-75.62747288233331, 6.139802178613853], [-75.62746760839353, 6.13980239256577], [-75.62744169610897, 6.139804827006819], [-75.62741242440897, 6.139804821635857], [-75.62740502488518, 6.139803514562097], [-75.62739794773123, 6.1398016363507235], [-75.62739614403323, 6.139800734829207], [-75.62737493780055, 6.139790114213911], [-75.62735722683394, 6.139777402528036], [-75.62735347990188, 6.139774773864904], [-75.6273502316569, 6.139772532399173], [-75.62734270343253, 6.13976763595895], [-75.62733865090969, 6.139765316175104], [-75.62733760099869, 6.1397646957273935], [-75.62733657908338, 6.139764074238104], [-75.62733315872059, 6.1397619149825635], [-75.62732804032899, 6.139759588681764], [-75.62732594307818, 6.139758872124849], [-75.62732355665196, 6.139758128058713], [-75.62731251158563, 6.1397551591592885], [-75.6272934153317, 6.1397506133607225], [-75.62728595944237, 6.139748863575373], [-75.62727756320551, 6.139746916805058], [-75.62723939826574, 6.139738105325371], [-75.62720174804305, 6.13972926600061], [-75.62719367774368, 6.139727291410143], [-75.627186627316, 6.13972552155041], [-75.62716966204212, 6.139720834191287], [-75.62715165090218, 6.139716719714599], [-75.62714393385306, 6.13971531384611], [-75.62713504197127, 6.139713784468431], [-75.62709308199588, 6.139707270737116], [-75.62704900686546, 6.139700257504704], [-75.62703878747733, 6.139698415514495], [-75.62702941550947, 6.1396966082361155], [-75.62700271937744, 6.139690420925109], [-75.62698047900643, 6.139682395483066], [-75.62697391404986, 6.139679422651769], [-75.62696717587954, 6.139676124307596], [-75.62694138504187, 6.1396615103786845], [-75.626911131549, 6.13964327502799], [-75.62690157846927, 6.139637688786121], [-75.62689150939184, 6.1396318691201355], [-75.62685091945653, 6.139608918357188], [-75.62681528750981, 6.139589107429557], [-75.6268083497777, 6.139585267630062], [-75.6268026773768, 6.139582139435187], [-75.62679278221925, 6.139576789020445], [-75.62679063900983, 6.13957590995678], [-75.6267898516841, 6.13957560463693], [-75.62678898474118, 6.139575272586461], [-75.62678516878277, 6.139573855689141], [-75.6267689733976, 6.139566653070167], [-75.62676029987878, 6.139562682570055], [-75.62674981020855, 6.1395578494807435], [-75.62669679697544, 6.1395332438173265], [-75.62663725545251, 6.13950577361587], [-75.6266226408221, 6.139499136398395], [-75.62660885017407, 6.139492911903016], [-75.62656582461071, 6.139473917458495], [-75.62653026752184, 6.1394583190292344], [-75.62652118787894, 6.139454232990978], [-75.62651244382187, 6.139450244750569], [-75.62648359444302, 6.139436706264415], [-75.62646123065547, 6.139426718696818], [-75.62645655678782, 6.13942496970079], [-75.62645255172389, 6.139423670351851], [-75.62644359020042, 6.13942267469385], [-75.62643376644559, 6.139426915032533], [-75.62642922120592, 6.139428926271071], [-75.62642387200447, 6.1394312922304355], [-75.62639796733606, 6.139442837638637], [-75.62637146806821, 6.139454883195653], [-75.62636575008821, 6.13945756648047], [-75.626360735214, 6.139459957919442], [-75.62634845292186, 6.139466248972051], [-75.62633711313647, 6.139477047532614], [-75.6263326848722, 6.139482284766801], [-75.6263276995356, 6.139488491170612], [-75.62630503768109, 6.139519047384864], [-75.62628328744363, 6.139549283607976], [-75.62627887920733, 6.13955529009426], [-75.62627516416082, 6.139560271595232], [-75.62626755912237, 6.139569740034285], [-75.62626429032194, 6.139572886825545], [-75.62626330889968, 6.139573892432876], [-75.62626229067097, 6.139574944327722], [-75.62625832911037, 6.139579203795461], [-75.62625217463204, 6.13958386819856], [-75.62624977654725, 6.139585168251259], [-75.62624707049635, 6.139586477048534], [-75.62623480152965, 6.139591249223197], [-75.62622170672161, 6.139594676603185], [-75.62621848437381, 6.139595138124139], [-75.62621544160861, 6.139595381790205], [-75.62620591066981, 6.139594496507599], [-75.62619710864328, 6.139592687318228], [-75.62619452455748, 6.1395923429046535], [-75.62619187763546, 6.139592078356397], [-75.62618178908205, 6.139591683096662], [-75.62617199335588, 6.139589848952106], [-75.626169533408, 6.1395886631581], [-75.62616718137743, 6.139587196577241], [-75.62615959937645, 6.139579435429572], [-75.62615299863364, 6.139570450798109], [-75.62615126688935, 6.13956819645215], [-75.62614958083829, 6.139566050368385], [-75.62614381679575, 6.139559151802843], [-75.62614018280092, 6.139548603958901], [-75.62613984482627, 6.139544148628943], [-75.62613978542939, 6.139539032875367], [-75.62614194667631, 6.139515026845622], [-75.62614521552794, 6.13948995944189], [-75.62614584925178, 6.139484173092874], [-75.62614636708501, 6.139478883638866], [-75.62614726311622, 6.139463956913619], [-75.62614752155294, 6.139453289608121], [-75.6261476315917, 6.139450677254008], [-75.62614776861724, 6.139448226593168], [-75.62614841506414, 6.139440613087275], [-75.62614816466743, 6.139432279836977], [-75.62614773215606, 6.139429360960012], [-75.6261471538474, 6.139426181527084], [-75.626143736703, 6.139412514533611], [-75.62613887660038, 6.139396356721695], [-75.62613737289182, 6.139391606969035], [-75.62613580537679, 6.139386739098476], [-75.62612959209523, 6.139368163255465], [-75.62612469545617, 6.139342522993135], [-75.62612396422448, 6.139333205779768], [-75.6261235001686, 6.139322928956688], [-75.62612406565134, 6.139277784923143], [-75.62612554197166, 6.139232529739243], [-75.62612565653693, 6.1392221786549825], [-75.6261256393268, 6.139212769338588], [-75.62612450702936, 6.139186675743741], [-75.62612311336748, 6.139160700055069], [-75.62612292394674, 6.139151353963885], [-75.6261228303097, 6.139141094307231], [-75.62612321588455, 6.139096284752941], [-75.62612480631786, 6.139046482517851], [-75.62612546316687, 6.139033065834011], [-75.62612621926989, 6.1390198122967785], [-75.62612855061677, 6.138989044007411], [-75.62612975148639, 6.138973284959308], [-75.62613396666254, 6.138931754595418], [-75.6261351482944, 6.138921654119949], [-75.62613634007617, 6.1389121502707535], [-75.62614070736531, 6.138882859156388], [-75.62614507295238, 6.138855801065495], [-75.62614625899602, 6.138847706665769], [-75.62614744552144, 6.138839341951349], [-75.62615163331596, 6.13880696889216], [-75.62615574156679, 6.138772372249196], [-75.62615686974138, 6.138762606536634], [-75.62615799665836, 6.138752768505874], [-75.62616204725776, 6.13871654484782], [-75.6261636333825, 6.138681159594651], [-75.62616320925818, 6.138671841777442], [-75.626162414917, 6.13866273190216], [-75.62615644601145, 6.138631536061371], [-75.6261471771633, 6.138599527402096], [-75.62614431364854, 6.13858989971661], [-75.62614132204278, 6.138579938159667], [-75.62612941625171, 6.138541220797837], [-75.62612020454574, 6.138503914095707], [-75.62611889554367, 6.138494842908587], [-75.6261181393545, 6.1384863295215775], [-75.6261199060698, 6.138460146657532], [-75.62612507365372, 6.13843251598009], [-75.62612646459155, 6.138423101558971], [-75.62612783456268, 6.138412910657813], [-75.62613261425757, 6.138369715871345], [-75.62613439517283, 6.138326338722015], [-75.62613385873912, 6.1383160360360804], [-75.62613289237964, 6.138306474977321], [-75.62612571179304, 6.1382781391821135], [-75.62611421017093, 6.138257752253349], [-75.62611051167482, 6.138253207644643], [-75.62610659874743, 6.1382491423334224], [-75.62609064558644, 6.1382384587772], [-75.62606609436386, 6.138224636057316], [-75.62605675682555, 6.138218605740823], [-75.6260463324759, 6.138211612516257], [-75.62599951766491, 6.138178375109543], [-75.62595463496567, 6.138145149005805], [-75.62594543007812, 6.138138170585687], [-75.62593761002739, 6.138132145474159], [-75.62592098868511, 6.138118372418051], [-75.62591394848461, 6.138110574242827], [-75.62591217153822, 6.138108310170845], [-75.6259104666286, 6.138106000542519], [-75.62590495036277, 6.138097311625467], [-75.62590228783709, 6.138088514679513], [-75.62590239903126, 6.138086137373537], [-75.62590286176274, 6.138083795408359], [-75.62590756972948, 6.138075546305123], [-75.6259133945362, 6.138068858447152], [-75.62591455487598, 6.138067499381726], [-75.62591551842314, 6.138066348310781], [-75.62591739909848, 6.138063974072367], [-75.62591807334692, 6.138062770178113], [-75.62591827905626, 6.138062354207251], [-75.62591850359608, 6.13806191011826], [-75.62591937404727, 6.138060009138759], [-75.62592052394952, 6.138057810257635], [-75.62592092906812, 6.138057167294296], [-75.6259213603759, 6.138056523298359], [-75.62592321364872, 6.138054086814654], [-75.62592526572027, 6.1380516674362795], [-75.62592638233333, 6.138050417072077], [-75.6259283447247, 6.138048313649004], [-75.62593065984407, 6.138046119897265], [-75.62593144328228, 6.138045447955375], [-75.62593228169338, 6.138044750430115], [-75.62593580440077, 6.138041992045223], [-75.62594097289015, 6.138036480871826], [-75.62594284426724, 6.138034052435753], [-75.62594490428533, 6.138031227097752], [-75.62595395109497, 6.138017741205791], [-75.6259624476447, 6.138004771517872], [-75.6259641659819, 6.138002263372109], [-75.62596561388301, 6.1380002338946795], [-75.62596855709269, 6.137996817490082], [-75.62596948088988, 6.137996218087684], [-75.62596963826782, 6.1379958927595535], [-75.62596958177416, 6.137994870550866], [-75.62597017998957, 6.137992527920775], [-75.6259706824699, 6.137991477654896], [-75.62597132948845, 6.137990246772667], [-75.62597487016046, 6.13798433405238], [-75.62597905167601, 6.137977958022718], [-75.62598010372963, 6.137976435854899], [-75.62598110208123, 6.137975014300748], [-75.62598430487398, 6.137970747714592], [-75.62598715824787, 6.137967431196998], [-75.62598794184055, 6.137966606469073], [-75.62598870758572, 6.137965826127445], [-75.62599145479656, 6.137963332820797], [-75.62599545325827, 6.137959415814613], [-75.62599701940748, 6.137957739242198], [-75.62599879382095, 6.137955799471677], [-75.62600682307603, 6.137946637244106], [-75.6260144195172, 6.13793781164124], [-75.62601590505311, 6.13793608935772], [-75.62601712022351, 6.137934675779888], [-75.6260192992507, 6.137932174413422], [-75.62601975737645, 6.137931657757602], [-75.6260201353364, 6.137931186697982], [-75.62602050290907, 6.137930623475784], [-75.6260209264283, 6.137929864703124], [-75.6260215202327, 6.137929202732567], [-75.62602175522656, 6.137929048793855], [-75.62602201645386, 6.13792890286289], [-75.62602321663005, 6.137928484722946], [-75.6260256886785, 6.137927717703368], [-75.62602675372047, 6.137927371647053], [-75.6260279800814, 6.137926951570468], [-75.62603378167232, 6.137924927844913], [-75.62603951056644, 6.137922814974706], [-75.62604069244772, 6.137922349913698], [-75.62604169390936, 6.13792193184505], [-75.62604385808032, 6.137920822795801], [-75.62604592286485, 6.137919523478832], [-75.62604686052026, 6.1379189872922115], [-75.62604796935042, 6.13791836076395], [-75.62605328969157, 6.137915452522733], [-75.62605878979669, 6.137912363492246], [-75.62606000648258, 6.137911627947995], [-75.62606108880459, 6.137910937361955], [-75.62606390962883, 6.137908904761768], [-75.62606663025194, 6.137906699978963], [-75.62606765794175, 6.1379059201596595], [-75.62606880264808, 6.137905057496991], [-75.6260739210626, 6.137901309475936], [-75.6260796716695, 6.137897360363746], [-75.62608121318465, 6.137896370993786], [-75.62608272786872, 6.13789543599882], [-75.62608802053667, 6.137892410366146], [-75.6260937300938, 6.137889853699654], [-75.62609551621603, 6.137889197629265], [-75.62609739284261, 6.13788857818086], [-75.62610488330421, 6.1378865127149345], [-75.62611250987442, 6.1378845740525305], [-75.62611446719826, 6.137884017491813], [-75.62611636215068, 6.137883451292626], [-75.62612266012137, 6.1378813446690685], [-75.6261323693986, 6.1378782620987575], [-75.62613641198995, 6.1378770841612935], [-75.62614105000709, 6.137875759556415], [-75.62616270783481, 6.137869803108686], [-75.62618514066898, 6.137863113283915], [-75.62619026507704, 6.137861326127353], [-75.62619492897197, 6.137859568352912], [-75.6262078264122, 6.1378534740948165], [-75.62621691610491, 6.137848557525717], [-75.6262191801217, 6.137847548335979], [-75.62622131838653, 6.137846682604159], [-75.62622811351679, 6.137844836619177], [-75.62623397239666, 6.13784399782653], [-75.6262355248536, 6.137843766904414], [-75.62623705026245, 6.137843546059683], [-75.62624229511152, 6.137842743731078], [-75.6262468807375, 6.137841971760061], [-75.62624799074588, 6.137841770131432], [-75.62624902939488, 6.137841567949035], [-75.6262522061899, 6.137840844480116], [-75.62625480509215, 6.13784015910605], [-75.62625548253438, 6.137839975873771], [-75.62625614105752, 6.137839802678943], [-75.62625836989791, 6.137839172460651], [-75.6262605539313, 6.13783861478666], [-75.6262611855747, 6.13783848602246], [-75.62626183528708, 6.1378383580736156], [-75.62626425500123, 6.137837971013091], [-75.62627774350825, 6.137833421593862], [-75.62628536703679, 6.137830678335921], [-75.62629466924696, 6.137827288574993], [-75.62634229428254, 6.1378096598754714], [-75.62639029922211, 6.13779195788776], [-75.6263998351446, 6.137788521775532], [-75.62640774739825, 6.137785714719261], [-75.62642276185416, 6.137780871221252], [-75.62642817561142, 6.137779147734565], [-75.62643002497556, 6.137778310542014], [-75.62643202623198, 6.137777318914559], [-75.62644053793882, 6.137772422357454], [-75.62646015048055, 6.13776160851203], [-75.62646914982798, 6.13775687319467], [-75.62647970001399, 6.137751392555515], [-75.62653071599516, 6.137725319602764], [-75.6265918444251, 6.137692546778333], [-75.62660877699986, 6.137682834568091], [-75.62662571813594, 6.13767284205871], [-75.62668691215916, 6.137634472810137], [-75.62673378715067, 6.137604064443148], [-75.62673745623123, 6.137601685944126], [-75.6267476790756, 6.137595210641387], [-75.62675627079793, 6.137589870702229], [-75.62677365427828, 6.137580013435057], [-75.62677915774624, 6.137577981223197], [-75.62678024058074, 6.137577579931202], [-75.62678114308453, 6.13757724371241], [-75.62678283900986, 6.1375766143008965], [-75.62678332574204, 6.137576405786885], [-75.62678361415426, 6.137576277803327], [-75.62678416461678, 6.137575987611549], [-75.62678513879825, 6.137575532609724], [-75.62678555344066, 6.137575358803711], [-75.62678603118488, 6.137575159374371], [-75.6267882595525, 6.137574248900082], [-75.62679096570416, 6.137573147132737], [-75.62679174179608, 6.1375728196710515], [-75.62679252601261, 6.137572491265409], [-75.62679544900448, 6.137571217567212], [-75.62680264703287, 6.137568277501645], [-75.62680612046118, 6.137566892614482], [-75.6268102430296, 6.137565263157815], [-75.6268304954932, 6.137557303878618], [-75.62685667572671, 6.137547266908706], [-75.62686454210184, 6.137544315424724], [-75.62687267100556, 6.137541299367937], [-75.62690422919215, 6.137529791313698], [-75.62693193662356, 6.13752008405527], [-75.62693762958179, 6.137518197368697], [-75.62694247521749, 6.1375166638071486], [-75.62695284420217, 6.137514021878177], [-75.62695587102345, 6.137511265020855], [-75.62695609260497, 6.137509664661206], [-75.62695604144186, 6.13750770311498], [-75.62695360895611, 6.137497558914149], [-75.62694915207835, 6.13748331663071], [-75.6269478209639, 6.137478764925337], [-75.62694645152791, 6.137473950328346], [-75.6269411392108, 6.137454350299679], [-75.62693714366188, 6.137438954889915], [-75.62693618895257, 6.137435273748602], [-75.62693504692294, 6.137430784398522], [-75.62693400593186, 6.137426638092951], [-75.62693104442928, 6.137414524746901], [-75.62692748450647, 6.137401762515816], [-75.62692606302136, 6.137397201309313], [-75.62692445055113, 6.137392189917464], [-75.62691703566537, 6.137370416919962], [-75.62690832689927, 6.1373415525453865], [-75.62690588870709, 6.137332086412213], [-75.62690344822829, 6.137321969371236], [-75.62689456637561, 6.137280087465589], [-75.62688578139833, 6.137237329959116], [-75.62688340320648, 6.137226652098286], [-75.62688105283047, 6.137216489411719], [-75.6268727490249, 6.137183999597278], [-75.62686191051992, 6.137152392830237], [-75.62685795418493, 6.137142785884315], [-75.62685359052966, 6.137132819316307], [-75.62683436748134, 6.137093716610117], [-75.62681740303364, 6.137058213606655], [-75.62681445502476, 6.137050511072182], [-75.6268122585112, 6.137043728791852], [-75.62681065692485, 6.137026929382165], [-75.6268179489302, 6.13700648817644], [-75.62682136388958, 6.136997411884415], [-75.62682537950298, 6.136986859939366], [-75.62684493158379, 6.1369364361607275], [-75.62686610061861, 6.136883276913444], [-75.6268711321289, 6.1368710140313025], [-75.62687581385036, 6.136859809705714], [-75.62688972966365, 6.136828186283368], [-75.62690201947916, 6.136799296566967], [-75.62690566724216, 6.136789804171769], [-75.62690942204874, 6.136779668468605], [-75.62692386882487, 6.136737693732518], [-75.62692864992641, 6.136723360892128], [-75.62693661877854, 6.136699482767834], [-75.62693929675224, 6.136691710124481], [-75.62694161675121, 6.136685168752155], [-75.62694691514142, 6.1366717021685675], [-75.62694944644878, 6.136666071949545], [-75.62695001938994, 6.136664470769171], [-75.62695052991553, 6.136662850910067], [-75.62695191212488, 6.136656817699693], [-75.62695341829894, 6.13664658997362], [-75.62695401068737, 6.136642321738062], [-75.62695467408346, 6.136637429356582], [-75.6269577233775, 6.13661455989861], [-75.62696090621792, 6.13659074143231], [-75.62696165787163, 6.136585242901332], [-75.6269623567766, 6.136580223777993], [-75.62696442093811, 6.136566080566531], [-75.62696540575102, 6.136556920375797], [-75.62696542729043, 6.136555048878001], [-75.62696533188074, 6.136553458211112], [-75.62696406713559, 6.136550099530376], [-75.62696111696789, 6.136548038304727], [-75.62695994979583, 6.136547264739802], [-75.62695863766038, 6.1365464005770445], [-75.62695265658914, 6.136542575955775], [-75.62693576742575, 6.136536071022895], [-75.6269275869485, 6.13653353643478], [-75.62691787927243, 6.136530672131312], [-75.62687012860532, 6.13651765762248], [-75.62682315700715, 6.136505292011242], [-75.6268139291794, 6.136502842118974], [-75.62680634546516, 6.1365008027330505], [-75.62679262531319, 6.136496964567404], [-75.62678996733288, 6.136495914446901], [-75.62678936987123, 6.136495645259334], [-75.62678882750629, 6.136495375801329], [-75.62678734358121, 6.13649447631907], [-75.62677803378268, 6.136488754151958], [-75.62677255111241, 6.136485443296319], [-75.6267658111251, 6.136481395479733], [-75.62673099900002, 6.136460543481032], [-75.62669094541604, 6.136435836101369], [-75.62668091112063, 6.136429357178167], [-75.62667132829193, 6.136423030631954], [-75.62664051498592, 6.136401470106789], [-75.62661350621694, 6.136381028205417], [-75.62660631955302, 6.136375408619464], [-75.62659925852603, 6.136369806497796], [-75.62657483379314, 6.136349701779039], [-75.6265544628803, 6.136332188070849], [-75.62654996330924, 6.136328214234825], [-75.6265459515865, 6.13632462855582], [-75.62653560112001, 6.136314823355637], [-75.62652894388296, 6.136308307059582], [-75.62652726817292, 6.136306793760462], [-75.62652566619987, 6.136305397626525], [-75.62652047904501, 6.136301380153941], [-75.62651685029586, 6.136298715634488], [-75.6265162252635, 6.136298165420868], [-75.62651577229559, 6.136297706576277], [-75.62651551731452, 6.136296730544861], [-75.62652090313573, 6.136288570333005], [-75.62652401385913, 6.13628358095778], [-75.6265278160741, 6.136277404781406], [-75.62654739265722, 6.1362452491195105], [-75.626569226505, 6.1362094173423705], [-75.62657366771762, 6.1362022173524045], [-75.62657445893993, 6.136200922479308], [-75.62657933043585, 6.136193054089368], [-75.62659398452371, 6.1361697886497755], [-75.626604278649, 6.136153714664884], [-75.6266064093359, 6.136150381807327], [-75.62660821724937, 6.1361475378193], [-75.62661214552003, 6.136141280563583], [-75.6266164359917, 6.136119536886511], [-75.62661847698627, 6.13610693067928], [-75.62662088880253, 6.136091474880709], [-75.62663267887477, 6.136011831298456], [-75.62664476803437, 6.135929076302265], [-75.6266473634902, 6.135911649668361], [-75.62664964177675, 6.135896593213632], [-75.62665515931084, 6.1358620366809635], [-75.62665779859438, 6.135843968857613], [-75.62665826349028, 6.135839303463472], [-75.62665861171563, 6.135834791427146], [-75.62665888396482, 6.135819749338415], [-75.62665515554046, 6.135807800669582], [-75.62665298970354, 6.135805249209247], [-75.626650319647, 6.135803023875054], [-75.62663654072294, 6.135797694296002], [-75.6266222092872, 6.135795186269745], [-75.62661919204135, 6.135794734585884], [-75.62661658083009, 6.135794380355232], [-75.62661055518097, 6.135793991350979], [-75.62659543417926, 6.135792931877911], [-75.62658708716944, 6.135792170043032], [-75.62657692359494, 6.135791195629967], [-75.62652520438375, 6.135785975403711], [-75.6264476127848, 6.1357629059218], [-75.62642115188903, 6.1357506710242165], [-75.62639252528678, 6.1357359108797125], [-75.62627113772054, 6.135661515227984], [-75.62616206128311, 6.135588014711564], [-75.62614119449076, 6.135573811338773], [-75.62612437197265, 6.1355622803955585], [-75.62609733029207, 6.135542851144217], [-75.62609689150972, 6.135537727306595], [-75.62609684754318, 6.135535205209485], [-75.62609683921399, 6.135532213733108], [-75.62609707658898, 6.135517424040332], [-75.62608879749327, 6.135508951179049], [-75.6260834271388, 6.1355099430598985], [-75.62607671439078, 6.1355123753582195], [-75.62604131701862, 6.135533195842258], [-75.62599944826778, 6.135561285940073], [-75.6259886581015, 6.135568294680065], [-75.62597820054258, 6.135574978136378], [-75.62594331072825, 6.135596340367946], [-75.62591544153227, 6.135615611427585], [-75.62590940610205, 6.1356209713475005], [-75.62590410233177, 6.135626337622183], [-75.62589102652802, 6.135645800987415], [-75.6258786003806, 6.135664756702614], [-75.62587370241842, 6.135669805471099], [-75.62586816276419, 6.13567477511895], [-75.62584291544776, 6.135691969356246], [-75.62581389653586, 6.13570739297273], [-75.62580598758662, 6.135711239655757], [-75.62579814097741, 6.135714905221833], [-75.62577024099365, 6.1357266013528085], [-75.62574654399451, 6.1357335396139385], [-75.62574133553001, 6.135734206142535], [-75.62573671146049, 6.135734318330399], [-75.62572492296003, 6.135730212088965], [-75.6257173840022, 6.135721448100182], [-75.62571544269078, 6.135718633356501], [-75.62571356471136, 6.135715655572174], [-75.62570730700935, 6.13570347972174], [-75.62569681458547, 6.135691794755486], [-75.62569226449727, 6.13568912299432], [-75.62568700114974, 6.135686697923183], [-75.62566205488491, 6.1356799720923], [-75.62563019501575, 6.135671369005027], [-75.62562056681611, 6.135667762049216], [-75.62561058370729, 6.135663615305289], [-75.62557163840994, 6.1356442389945], [-75.62553777109797, 6.135625218375863], [-75.6255309866298, 6.13562130636156], [-75.62552533231167, 6.13561798638346], [-75.62551429320861, 6.135610867763637], [-75.62550994872058, 6.135607573001658], [-75.6255085098719, 6.135606655211655], [-75.62550698074067, 6.13560574600104], [-75.62550061377452, 6.135602428614471], [-75.62548607525721, 6.135596921009834], [-75.62547939440674, 6.13559461680048], [-75.62547155664156, 6.135591972917236], [-75.62543366192304, 6.135579625892246], [-75.62539425612523, 6.1355665512793225], [-75.62538547854727, 6.135563449128289], [-75.62537762156708, 6.135560570283135], [-75.62535692438479, 6.135552042601691], [-75.62533653077715, 6.1355453766880474], [-75.62532886651914, 6.135543672168529], [-75.62532032819689, 6.135542024371581], [-75.62528220002937, 6.135536602637958], [-75.62524166180147, 6.135528557401361], [-75.62523160969084, 6.135525259894454], [-75.625222062036, 6.135521499748746], [-75.62519179283427, 6.135504050780236], [-75.62516701298853, 6.1354861156243174], [-75.62516093229453, 6.135482048270161], [-75.62515518683344, 6.135478376151966], [-75.62513721278056, 6.135468339794819], [-75.62511999116556, 6.135459232731501], [-75.62511471646084, 6.1354561477478535], [-75.62510921560958, 6.135452809833741], [-75.62508750935828, 6.135438717201545], [-75.62506342973103, 6.135422298321011], [-75.62505643409115, 6.13541750135942], [-75.62504929429875, 6.135412594809908], [-75.6250223089744, 6.135393970721426], [-75.62499925273302, 6.135378290854775], [-75.62499459244759, 6.1353752489627285], [-75.62499067465124, 6.135372764847599], [-75.6249827420803, 6.135368466998038], [-75.62497429553568, 6.135370805628888], [-75.62497005590907, 6.135372508869317], [-75.62496498570938, 6.135374665498829], [-75.62493982205673, 6.135386263185277], [-75.62490721005125, 6.135398560977093], [-75.6248974541972, 6.135401165492341], [-75.62488738138724, 6.1354034180761365], [-75.62484836413397, 6.135408637784837], [-75.62481479212768, 6.135411003804413], [-75.62480814645461, 6.135411456781804], [-75.62480265647936, 6.135411816398011], [-75.6247923802958, 6.135412379393456], [-75.6247880374061, 6.135412916003306], [-75.62478627778707, 6.135413265461709], [-75.62478428277169, 6.135413686590848], [-75.62477505087085, 6.135415936857026], [-75.62475777770881, 6.13542047042438], [-75.62475071166523, 6.135422325845004], [-75.62474265249034, 6.1354244555445305], [-75.62470529106373, 6.135434325723107], [-75.62466745067394, 6.135443962289894], [-75.62465908454806, 6.135445938900149], [-75.62465163825951, 6.135447614469205], [-75.62463237577974, 6.135451150670604], [-75.62461886899197, 6.135452699557462], [-75.62461505934044, 6.1354531178320455], [-75.62461120362002, 6.135453535428463], [-75.62459701995385, 6.135455013501543], [-75.62457441010994, 6.135456533798338], [-75.62456525340416, 6.135456985525692], [-75.62455483307383, 6.135457440737199], [-75.62450671933141, 6.135459179212487], [-75.62445292253528, 6.1354600306460405], [-75.62443891357879, 6.135459926664596], [-75.62442528507937, 6.1354596770723075], [-75.62437930042046, 6.135457568282773], [-75.6243421545831, 6.135454465986675], [-75.62433409606793, 6.135453594211643], [-75.62432702207654, 6.135452719417194], [-75.62430951051587, 6.135449516325326], [-75.62429751188141, 6.13544455222213], [-75.62429389278122, 6.135442564771065], [-75.62429015678511, 6.135440315716861], [-75.62427562268765, 6.135429989431542], [-75.62426320327246, 6.135420253974295], [-75.62426080497336, 6.135418371736006], [-75.62425884922223, 6.135416849854307], [-75.62425556428182, 6.135414300249644], [-75.62425515119074, 6.135413868328155], [-75.62425500186724, 6.135413624965157], [-75.62425462050966, 6.135412848442715], [-75.62425421125891, 6.135411909326931], [-75.62425407530678, 6.1354116297361205], [-75.62425394838692, 6.135411350101041], [-75.62425341206526, 6.135410285040442], [-75.62424703818691, 6.135401678940366], [-75.62424322168492, 6.135396637651074], [-75.6242385161967, 6.135390449857061], [-75.62421409331093, 6.135358520814349], [-75.62418761611377, 6.135321725362588], [-75.624181611194, 6.1353124692435745], [-75.62417618456261, 6.13530362525091], [-75.6241613723327, 6.1352750401972465], [-75.62415229685713, 6.135253516624798], [-75.62415047788038, 6.135249120077167], [-75.62414897740304, 6.13524539096957], [-75.62414606500118, 6.135237570697668], [-75.62414532256379, 6.135233885788489], [-75.6241451753156, 6.135232774521323], [-75.62414507209976, 6.135231616931406], [-75.62414490537807, 6.13522708029086], [-75.62414586337084, 6.1352211024949], [-75.62414645384358, 6.135219021174796], [-75.62414716050041, 6.135216871480871], [-75.62415106172998, 6.135207112052823], [-75.62415515048636, 6.135196912334113], [-75.6241560283811, 6.13519431610097], [-75.62415680650014, 6.135191818899111], [-75.62415868849938, 6.13518362344351], [-75.62416313795555, 6.135169979310576], [-75.62416552237401, 6.135164042436238], [-75.6241684107109, 6.135157163776978], [-75.62418301105913, 6.135124553405738], [-75.62419807304984, 6.135092329515644], [-75.62420125979025, 6.135085703433294], [-75.6242040069624, 6.135080064023203], [-75.62421037535148, 6.1350679862524515], [-75.62421455574066, 6.135061191664344], [-75.62421614634093, 6.135058604593853], [-75.6242185278914, 6.135054665697824], [-75.62422124261407, 6.135050147476453], [-75.62423388935443, 6.13502900378755], [-75.62424964566159, 6.1349998611336956], [-75.62425434177422, 6.134990292181212], [-75.62425917023788, 6.134980082508137], [-75.62427778886632, 6.134937823336392], [-75.62429441174885, 6.134895651698746], [-75.62429799491365, 6.134885498758562], [-75.62430112788981, 6.134876007986515], [-75.62430231627819, 6.134871520754142], [-75.62430873952539, 6.134847213548723], [-75.62431306720123, 6.134822713204946], [-75.62431412237234, 6.134815921282811], [-75.62431512335004, 6.134809129626362], [-75.6243182322986, 6.134784578302358], [-75.62431928471673, 6.134779992290545], [-75.62432469871526, 6.134756357227096], [-75.62432781543617, 6.134747236294007], [-75.62433149849788, 6.134737562918231], [-75.62434959175245, 6.134697953401484], [-75.62436718205831, 6.134662621632007], [-75.62437054871121, 6.1346556610717915], [-75.6243732601243, 6.134649913351016], [-75.62437762779194, 6.134639306345438], [-75.6243776175019, 6.134635727238085], [-75.6243775766757, 6.134634398475874], [-75.62437750081912, 6.134632925236469], [-75.62437709408226, 6.134626408986644], [-75.62437654936598, 6.134619567953132], [-75.62437640022954, 6.134617886236039], [-75.62437625158421, 6.13461630486677], [-75.6243756954291, 6.134611371447539], [-75.62437806949632, 6.13460461193396], [-75.62437976771655, 6.134601867934524], [-75.62438191758955, 6.134598761002414], [-75.62439344583392, 6.134584391467645], [-75.62441699048847, 6.1345502003551955], [-75.62442672688707, 6.13453457844737], [-75.62443785485156, 6.134516304449263], [-75.62448962969685, 6.134428075114279], [-75.62454134764957, 6.134323240361093], [-75.62455243698354, 6.134294490353495], [-75.62456211689965, 6.134265852126731], [-75.62458539351702, 6.134163423288563], [-75.6245944541539, 6.134073580803426], [-75.6245951802122, 6.134052878884275], [-75.62459511670181, 6.134033995276299], [-75.624588434751, 6.133980890342581], [-75.62457162164498, 6.133935091029433], [-75.6245651766616, 6.133920809613123], [-75.62455796237093, 6.1339058421734665], [-75.62452541395368, 6.133846032998718], [-75.62449435068628, 6.133788296770965], [-75.62448806145362, 6.133774648331749], [-75.62448276887382, 6.133761999412655], [-75.62447202308006, 6.133724732660249], [-75.62446497244164, 6.133691154422265], [-75.62446201618745, 6.133680830130002], [-75.62445862602588, 6.133670064977321], [-75.6244427707233, 6.133627472162584], [-75.62442778318754, 6.1335885193422675], [-75.62442494082617, 6.13358005775038], [-75.62442267060266, 6.1335725977600735], [-75.62441922140968, 6.133554013715283], [-75.62441455711603, 6.133537042134302], [-75.62441152229394, 6.1335305966264455], [-75.62440773587998, 6.133523393587623], [-75.62438777407898, 6.133491062948105], [-75.62435679816096, 6.133463537110366], [-75.62434607522039, 6.133459365017755], [-75.62433440752564, 6.133456677495604], [-75.6242844906426, 6.133459434544725], [-75.62423512073411, 6.133470235008154], [-75.62422379398026, 6.133472617567386], [-75.62421347670586, 6.133474744754894], [-75.6241847100621, 6.133480251328068], [-75.62416492358304, 6.133483752082292], [-75.62416027524658, 6.133484624678649], [-75.6241559789011, 6.133485441306366], [-75.62414348709532, 6.133488035699416], [-75.6241276437823, 6.133487394628983], [-75.62412124646494, 6.133486174770751], [-75.62411397979025, 6.133484496296669], [-75.62408046396183, 6.133474694252055], [-75.62404951387083, 6.13345909186123], [-75.62404386331768, 6.13345376573436], [-75.62403947516516, 6.1334480021852675], [-75.62403418445966, 6.1334235480794215], [-75.62403622413632, 6.133400870679028], [-75.62403646334164, 6.133396223561316], [-75.62403655159012, 6.133392291387958], [-75.62403571443575, 6.1333840143352285], [-75.62404116827592, 6.133364825227976], [-75.6240452278391, 6.133354011803452], [-75.62405040119292, 6.133340817060222], [-75.62407827551448, 6.133273293897727], [-75.6240949268557, 6.133200378802601], [-75.6240930192874, 6.133183778830034], [-75.62408827952876, 6.133168733250008], [-75.62404763623492, 6.13312735941439], [-75.62398855117954, 6.133094979099529], [-75.6239721954803, 6.133085607346216], [-75.62395583975605, 6.133076045740427], [-75.62389676145071, 6.133040058192491], [-75.62384680732106, 6.133007869065901], [-75.62383619263551, 6.133000713040671], [-75.62382698984379, 6.132994321256378], [-75.62380536556839, 6.1329775701870375], [-75.62379253164579, 6.132964880457077], [-75.62378885382427, 6.132961039966542], [-75.62378512110199, 6.132957055095946], [-75.6237712227475, 6.132941511050392], [-75.62375959724783, 6.132928058702045], [-75.62375731348342, 6.132925398406048], [-75.62375541950466, 6.132923207213443], [-75.62375193915855, 6.132919113522964], [-75.6237510158237, 6.132918329710239], [-75.62375073619339, 6.132918221689651], [-75.62375044680894, 6.132918150783182], [-75.62374930849742, 6.132918289257462], [-75.62374535777691, 6.132919963944335], [-75.62374328382128, 6.132920864602833], [-75.62374079440498, 6.132921956244984], [-75.62372827456927, 6.132927497985324], [-75.62371391527995, 6.132933686098966], [-75.62371026087864, 6.1329351875629055], [-75.62370674333353, 6.132936599758684], [-75.62369524105792, 6.132940953102308], [-75.62368305334303, 6.132942561472527], [-75.62367911457108, 6.132942247176069], [-75.62367494022878, 6.13294159953298], [-75.62365781155187, 6.132936514069375], [-75.6236229263089, 6.132927792707342], [-75.62360754597097, 6.132924853945873], [-75.62358969058312, 6.132921696777016], [-75.62350455093264, 6.132908401216155], [-75.62341310539037, 6.132897619076017], [-75.62339128081693, 6.132896055309779], [-75.62337096759369, 6.132895091663918], [-75.62331020914144, 6.132896749951671], [-75.62326799100424, 6.132901066635268], [-75.6232593686017, 6.132901795962202], [-75.62325207293509, 6.132902314472118], [-75.62323680995652, 6.132902503160623], [-75.62323053134509, 6.132901544882829], [-75.62322889552429, 6.132901350388363], [-75.62322731493708, 6.13290118364904], [-75.62322200384847, 6.132900810076117], [-75.6232024126209, 6.132900278642002], [-75.6231918190287, 6.132900020450308], [-75.62317899324066, 6.132899704485931], [-75.62311402615796, 6.132898138710008], [-75.62305108198368, 6.132880431022629], [-75.62303952789603, 6.132869942703515], [-75.62303052262021, 6.132857024449266], [-75.62301921237925, 6.132790192291955], [-75.62302220968306, 6.132720624884637], [-75.62302222117415, 6.132705980912413], [-75.62302188665427, 6.132693354682375], [-75.62301773121476, 6.132664431652278], [-75.62300971634927, 6.132644586179423], [-75.62300695202437, 6.132637669219414], [-75.62300394985618, 6.132630138665678], [-75.62299114016875, 6.132597832555901], [-75.62297859648552, 6.132563401512032], [-75.62297577113452, 6.13255453299122], [-75.62297322629787, 6.132545953298594], [-75.62296636096137, 6.132517363576864], [-75.62295560471189, 6.132491966154378], [-75.62295060928959, 6.132485400047692], [-75.6229447296747, 6.132479035356458], [-75.6229162012838, 6.132457712782225], [-75.62288544087214, 6.132441909558612], [-75.62287816200835, 6.132439028723746], [-75.62287140925214, 6.132436788096409], [-75.62285148764839, 6.132434080386627], [-75.62283487544863, 6.132435790866614], [-75.62283019838138, 6.1324363290880735], [-75.62282550342208, 6.132436902655371], [-75.62280828816189, 6.1324392299433], [-75.62279122440084, 6.13244132233788], [-75.62278661991964, 6.132441742676024], [-75.62278206024142, 6.132442089566059], [-75.62276605011172, 6.132442796303784], [-75.62274858555759, 6.132443461345692], [-75.62274310445693, 6.132443784722734], [-75.62273736172718, 6.132444171761133], [-75.62271429227407, 6.132446072979032], [-75.62269163713228, 6.132447548163906], [-75.62268613695474, 6.132447664604711], [-75.62268098028113, 6.132447651890949], [-75.62266517275226, 6.13244656760002], [-75.62264704276993, 6.132445254204223], [-75.6226404312387, 6.1324451111989235], [-75.62263312465608, 6.132445059291317], [-75.6226009747738, 6.132445640755648], [-75.62257061531888, 6.132446632931828], [-75.62256443815376, 6.132446840380598], [-75.62255923724673, 6.132447017734357], [-75.62254847242616, 6.1324473923007075], [-75.62254381262075, 6.1324473970414175], [-75.62254244839025, 6.132447328686111], [-75.62254105787352, 6.132447241474315], [-75.62253575394823, 6.132446669868807], [-75.62252403271528, 6.132446884580337], [-75.62251858809587, 6.132447280101063], [-75.62251219488503, 6.132447822204526], [-75.62250123141958, 6.132448949918588], [-75.62248117325859, 6.1324510126701846], [-75.62245103569276, 6.132454344357829], [-75.62244519480029, 6.132454975969469], [-75.6224404461954, 6.132455477471736], [-75.62243926259407, 6.132455589947098], [-75.62243232892335, 6.13245625131993], [-75.62243134418256, 6.1324562091316155], [-75.62243094664598, 6.132456186668946], [-75.62242991681485, 6.1324561591663675], [-75.62242688273173, 6.132456140575323], [-75.62242527493635, 6.132456135792495], [-75.62242333290494, 6.13245612360598], [-75.62241354343246, 6.132456097415918], [-75.62240227341546, 6.132453273186003], [-75.62239939609677, 6.132451509900167], [-75.62239661695853, 6.132449321226464], [-75.6223874715067, 6.132437841089601], [-75.62238449694132, 6.132430227219716], [-75.62238174922535, 6.132423195355942], [-75.62238099370299, 6.132421263468831], [-75.62237990322798, 6.132415851696602], [-75.62237911903227, 6.132410086746071], [-75.62237883386672, 6.132386304197736], [-75.62238200710543, 6.132362313956652], [-75.6223833990759, 6.1323564163011675], [-75.62238501749513, 6.132350833956847], [-75.62239274334574, 6.132333365893021], [-75.62240040855919, 6.132319938359197], [-75.62240198886028, 6.132316905643721], [-75.6224033357779, 6.132314171506111], [-75.62240626760298, 6.132306760149917], [-75.62240813899182, 6.132301005699956], [-75.62240881989406, 6.132299313586043], [-75.62240958276847, 6.132297575867813], [-75.62241291400476, 6.13229094004508], [-75.6224169376502, 6.132283118324291], [-75.622418123137, 6.132280620032222], [-75.6224193431865, 6.132277985962265], [-75.62242400947301, 6.132267297040255], [-75.62242999585085, 6.132254299019106], [-75.62243204337, 6.132250207172439], [-75.62243426058582, 6.1322459074655695], [-75.62243863642233, 6.132237886031536], [-75.62244370336249, 6.132228596436639], [-75.62245407060549, 6.132209529721137], [-75.62245687223701, 6.132204125106257], [-75.62245963837773, 6.132198666421752], [-75.6224694147602, 6.132178462583571], [-75.62247813368771, 6.132160710303551], [-75.62248023529185, 6.132156780922475], [-75.62248220353415, 6.132153286142068], [-75.62248821008161, 6.132144229713002], [-75.62249028257003, 6.132139333133069], [-75.62248976439503, 6.132138467775558], [-75.6224887793108, 6.132137800885085], [-75.62248130805433, 6.132137135925071], [-75.62247133887755, 6.132137671129277], [-75.62246879216691, 6.132137759541877], [-75.62246632751679, 6.132137820430887], [-75.62245818124721, 6.132137835011192], [-75.6224504942987, 6.132137577028802], [-75.62244832692025, 6.132137474635657], [-75.62244614139344, 6.132137355154265], [-75.62243821904796, 6.132136799081452], [-75.62242825383487, 6.132135743124304], [-75.62242492959338, 6.132135310086987], [-75.62242135127293, 6.132134822242333], [-75.62240627238168, 6.132132570849382], [-75.62239233963751, 6.132130305706696], [-75.62238947487454, 6.132129817079633], [-75.62238704392257, 6.132129380571617], [-75.62238187481489, 6.132128302030748], [-75.62237975129106, 6.132127747393782], [-75.62237924585605, 6.132127640477957], [-75.62237877577924, 6.132127560510712], [-75.62237738418763, 6.132127438045159], [-75.62237426744649, 6.132127139599967], [-75.62237271382489, 6.13212694560327], [-75.6223708708987, 6.132126696971726], [-75.62236170023841, 6.132125394834833], [-75.62234824653954, 6.132123381385109], [-75.62234369352646, 6.132122689475625], [-75.62233877796396, 6.13212192611283], [-75.62231805087607, 6.132118705200541], [-75.62229809119592, 6.13211522829737], [-75.62229367170211, 6.132114318759755], [-75.62228972287902, 6.132113425902501], [-75.62227945439713, 6.132110382500639], [-75.62227216630464, 6.132107275684999], [-75.62227010411057, 6.132106332906489], [-75.6222680237151, 6.132105362191307], [-75.62226033665372, 6.132101570245354], [-75.62225284812418, 6.132097741164767], [-75.62225188013772, 6.132097245960914], [-75.6222503425717, 6.132096456111223], [-75.62224773717003, 6.132095070292153], [-75.62223336532212, 6.132087420015456], [-75.62222207692099, 6.1320813873675535], [-75.62221966972685, 6.132080082846959], [-75.622217563162, 6.132078932352177], [-75.62221255085976, 6.132076117250836], [-75.62220677528074, 6.132071261812643], [-75.62220420359638, 6.132068828025351], [-75.62220120600382, 6.132065926213593], [-75.62218684987873, 6.132051513506806], [-75.62217046819507, 6.132036076475623], [-75.62216619477039, 6.132032527277019], [-75.6221620312346, 6.132029284919889], [-75.62214792509185, 6.132020186846288], [-75.62213520662526, 6.132013182103388], [-75.62213191393182, 6.132011257214166], [-75.62212872971322, 6.132009349874909], [-75.62211803527406, 6.132002501567412], [-75.62210964683892, 6.131996767520246], [-75.62210790933823, 6.1319955428930815], [-75.62210641560364, 6.131994480706765], [-75.62210313913849, 6.131991995222005], [-75.62210154651102, 6.131990843114117], [-75.62210112183573, 6.1319906273155915], [-75.62210070546615, 6.131990447638712], [-75.62209924998646, 6.131990189876415], [-75.62209761637682, 6.131990447395153], [-75.62209709325565, 6.131990602742327], [-75.62209653418239, 6.1319907944278365], [-75.6220942248327, 6.1319917676527425], [-75.62209134886473, 6.131993421695312], [-75.62209042872492, 6.131994030111236], [-75.62208945559996, 6.131994701166589], [-75.62208549059578, 6.131997704875329], [-75.62208095816908, 6.13200122486715], [-75.62207963351972, 6.132002232145039], [-75.6220782727857, 6.132003248640192], [-75.62207309944603, 6.132007033042831], [-75.62206811757908, 6.132011368887216], [-75.62206687508369, 6.132012737385942], [-75.6220657052436, 6.132014186894099], [-75.62206196438244, 6.13201999118024], [-75.62205628699887, 6.132027095038687], [-75.62205388181947, 6.132029344358217], [-75.62205112503793, 6.1320317291998485], [-75.6220381843316, 6.132041348452379], [-75.62202461827277, 6.1320505350108645], [-75.62202147259539, 6.132052632458116], [-75.62201858787992, 6.1320545297349005], [-75.62201034805031, 6.132059796437551], [-75.62200423754078, 6.132064216460948], [-75.62200267977246, 6.132065576558658], [-75.62200119371649, 6.132067009533933], [-75.62199632405999, 6.132072681930172], [-75.62198720720984, 6.132080726576124], [-75.62198303406147, 6.13208364903448], [-75.6219781578545, 6.132086872370191], [-75.62195459010908, 6.132101032301486], [-75.62192995760799, 6.132115041947584], [-75.62192440267934, 6.13211818633693], [-75.621919398887, 6.1321209935264], [-75.62190590938, 6.132128471943454], [-75.62189590113644, 6.132133951620781], [-75.62189310597071, 6.132135505820889], [-75.62189028288905, 6.132137077334755], [-75.62187999532955, 6.132142882936248], [-75.62187060989498, 6.132148459914398], [-75.62186835600333, 6.132149876759674], [-75.62186626447051, 6.13215124760712], [-75.62185997375602, 6.13215575891788], [-75.62185404251328, 6.1321595271411535], [-75.62185217539134, 6.132160426779731], [-75.62185021768664, 6.132161273522411], [-75.62184232300477, 6.132163791102035], [-75.62183355287691, 6.13216663662053], [-75.6218310451307, 6.1321676750042755], [-75.62182849189017, 6.132168830234244], [-75.621818960368, 6.132173901654705], [-75.62181073009114, 6.132178906132298], [-75.62180899048477, 6.132180023024439], [-75.62180749327048, 6.132181021202293], [-75.6218040600872, 6.132183617288421], [-75.62180028459444, 6.132186402190478], [-75.62179857118582, 6.132187519858397], [-75.62179656127135, 6.132188772778586], [-75.62178690489299, 6.132194540934665], [-75.62177331451537, 6.132201340896265], [-75.6217729314284, 6.132201502790098], [-75.62176883108322, 6.132203243287484], [-75.62176404063979, 6.1322051643588775], [-75.62174412045466, 6.132212173409781], [-75.62172349926722, 6.132220458805824], [-75.6217182592986, 6.132223178552854], [-75.62171321890452, 6.1322260745181145], [-75.62170190719483, 6.132234309815335], [-75.62169672656178, 6.13223808159526], [-75.62168396383089, 6.1322501138074585], [-75.62168128105148, 6.132253040720843], [-75.62167895868137, 6.132255785962183], [-75.62167362739993, 6.1322642179945746], [-75.62166702096319, 6.132271956528999], [-75.6216638844233, 6.132274260959819], [-75.62166018819542, 6.132276631414811], [-75.6216421528102, 6.132285804591475], [-75.62161923451218, 6.132296645250828], [-75.62161246248513, 6.132300072238847], [-75.62160550979404, 6.13230368092292], [-75.62157885496885, 6.1323182573610175], [-75.62155560100302, 6.132331386025005], [-75.62155078631238, 6.132334075663378], [-75.62154667419946, 6.13233636588471], [-75.62153771154712, 6.132341218447641], [-75.62153394139669, 6.13234306400632], [-75.62153310238827, 6.13234345505066], [-75.62153235430041, 6.132343783269881], [-75.62153040518015, 6.132344538659971], [-75.62152885383037, 6.132344994667622], [-75.62152835685772, 6.13234514084584], [-75.62152782560686, 6.1323452962324705], [-75.62152567716376, 6.132345926934272], [-75.62152289757644, 6.132346603216646], [-75.6215219771652, 6.1323467867261225], [-75.62152099352843, 6.132346970545124], [-75.62151688529336, 6.132347651523888], [-75.62150572141366, 6.132350096507305], [-75.6215002884778, 6.13235140505906], [-75.62149383531478, 6.13235298801469], [-75.62146208553861, 6.132360961741537], [-75.62143102314093, 6.132368753098362], [-75.62142500385248, 6.132370216401753], [-75.62142010221103, 6.132371378606694], [-75.62141173562847, 6.1323730748952325], [-75.62141049731319, 6.132372526769628], [-75.62141008957789, 6.132372265684719], [-75.62140964554145, 6.13237196951926], [-75.62140784465728, 6.132370528225987], [-75.6214040236174, 6.13236695058801], [-75.62140232111577, 6.132365309920281], [-75.62140033720179, 6.132363381331527], [-75.62139083651081, 6.132354061797983], [-75.62138107787253, 6.1323429715727755], [-75.62137892865483, 6.132339931801486], [-75.6213770233512, 6.132336899876722], [-75.62137213354434, 6.132326066074641], [-75.6213694796149, 6.13231715239551], [-75.62136897757222, 6.132315336792072], [-75.62136857625333, 6.132313800953606], [-75.62136797081152, 6.132310603551294], [-75.62136833334768, 6.132307899546529], [-75.62136854686683, 6.132306678022688], [-75.62136880453546, 6.132305249253386], [-75.62137012134028, 6.132298384621547], [-75.62137082115778, 6.132290580981389], [-75.62137069840841, 6.132288566436484], [-75.62137042150854, 6.132286614122161], [-75.62136826250956, 6.13228009377441], [-75.62136457320504, 6.132272421011154], [-75.62136333801746, 6.132269740196644], [-75.62136201045156, 6.132266823875156], [-75.62135642946168, 6.132254284785938], [-75.62135052441437, 6.132239015218876], [-75.62134899331991, 6.132234374046404], [-75.62134750744605, 6.132229559977418], [-75.62134252242389, 6.132210700411337], [-75.621338729889, 6.132192252682569], [-75.62133800405554, 6.132187707918576], [-75.6213374130474, 6.132183397549723], [-75.62133644460083, 6.1321698685383375], [-75.62133761039001, 6.132148179898538], [-75.6213383781325, 6.13213874952496], [-75.62133933084444, 6.132127800332143], [-75.62134436559614, 6.132075871894348], [-75.62134942377232, 6.132026149244288], [-75.6213503995454, 6.13201659218842], [-75.62135118918546, 6.132008870377852], [-75.6213521931505, 6.13199916763062], [-75.62135249935388, 6.131996210765346], [-75.62135259231009, 6.131995455421691], [-75.62135265725111, 6.131994881930873], [-75.6213526843961, 6.13199452198282], [-75.62135271020288, 6.131994257871482], [-75.62135268244575, 6.131993937970739], [-75.62135254540979, 6.131993435985142], [-75.6213523822753, 6.13199276868465], [-75.62135227065531, 6.13199210746039], [-75.62135159875649, 6.131978451333283], [-75.62135119552839, 6.131970054605965], [-75.62135107089561, 6.1319674696094495], [-75.62135070477729, 6.131959643161216], [-75.62135037609791, 6.13195263922272], [-75.6213481471561, 6.131905368790865], [-75.62134511568198, 6.131850056168582], [-75.62134431649844, 6.13183900254397], [-75.62134353987872, 6.131829793991792], [-75.62134090536752, 6.131811912862224], [-75.62133659346696, 6.131797714939948], [-75.62133476689769, 6.131790831340483], [-75.62133266575987, 6.131782657185679], [-75.62132277856254, 6.131742478604575], [-75.62130943427874, 6.1317090621228845], [-75.62130515096457, 6.13170515133895], [-75.62130062162402, 6.131703573325488], [-75.6212821191462, 6.13171715876729], [-75.62126533613711, 6.1317410348249695], [-75.62126189072671, 6.131745935412069], [-75.62125895834104, 6.13175009306433], [-75.62125269780222, 6.131758932851696], [-75.62124382306143, 6.131766064107582], [-75.62123924424954, 6.1317691503728335], [-75.62123374553713, 6.131772709442858], [-75.62120623026759, 6.131789574622715], [-75.62117866173463, 6.131806630818906], [-75.62117313649884, 6.131810307546044], [-75.62117065200117, 6.131812037417406], [-75.62116851228429, 6.131813529641986], [-75.6211593955708, 6.131821420586647], [-75.62115513674111, 6.131826034048153], [-75.62115357799831, 6.131827195255952], [-75.62115185641073, 6.131828303017263], [-75.62114424436304, 6.131831914017274], [-75.62113682912462, 6.131835135308814], [-75.62113619131371, 6.131835480164654], [-75.6211352147751, 6.131836007490049], [-75.62113380004183, 6.131836879598338], [-75.62113030496998, 6.131839935245181], [-75.62112352816736, 6.131845343041285], [-75.62112004049337, 6.131847694390413], [-75.6211158663228, 6.131850408914801], [-75.62109496953641, 6.13186329548307], [-75.62107197637927, 6.131876008787567], [-75.62106647388572, 6.131878609573311], [-75.62106135065662, 6.131880820661698], [-75.62104594803793, 6.131885520306755], [-75.62103307825635, 6.131888585674044], [-75.62102954152938, 6.131889771027501], [-75.62102602357348, 6.1318911009384145], [-75.62101339674885, 6.131897121387484], [-75.62099592345932, 6.131907278118441], [-75.6209893417765, 6.131911211343435], [-75.62098200281652, 6.131915625617588], [-75.62094920445604, 6.131935632937175], [-75.62091771330803, 6.131954761441545], [-75.6209111944518, 6.131958612993288], [-75.62090563186632, 6.1319618559537545], [-75.62089349512249, 6.131968354057809], [-75.62088668318744, 6.1319708238341475], [-75.62088448179824, 6.131971525308769], [-75.62088213499482, 6.131972228399098], [-75.62087252447998, 6.131974814934538], [-75.62086167691155, 6.131977666084857], [-75.62085856410334, 6.131978542887024], [-75.62085538738721, 6.13197946520487], [-75.6208435128996, 6.131983069941231], [-75.62082846498765, 6.131988825594673], [-75.62082329690382, 6.131991100185243], [-75.62081768675144, 6.131993666238026], [-75.6207937961918, 6.132005359629068], [-75.62076554246218, 6.132019723264423], [-75.62075718291285, 6.1320239689523], [-75.62074859722443, 6.132028332370377], [-75.62071562750752, 6.132045068732298], [-75.62068654879413, 6.132061586254216], [-75.62068041110226, 6.132065807507169], [-75.62067509374103, 6.1320698819042665], [-75.62066279593438, 6.132083349278211], [-75.62065675797662, 6.132094304376529], [-75.62065538456571, 6.132096794547056], [-75.6206541445822, 6.132099048105302], [-75.62065073885384, 6.132105232260938], [-75.62064743279535, 6.132108152276757], [-75.62064624146116, 6.132108346151105], [-75.62064493142303, 6.132108277525274], [-75.62063924346376, 6.1321058255276855], [-75.62063358861087, 6.132102199899758], [-75.62063230479757, 6.1321013979538845], [-75.62063115506736, 6.132100678525253], [-75.62062799808321, 6.132098799067567], [-75.62062558783875, 6.132096130328451], [-75.62062489817339, 6.13209492045662], [-75.62062419846455, 6.132093503604497], [-75.6206215871291, 6.132086650057341], [-75.62061881038336, 6.1320788480579225], [-75.62061800926018, 6.13207682507862], [-75.62061719038611, 6.132074866374364], [-75.62061410979284, 6.1320682854370805], [-75.62060518150273, 6.132056876512712], [-75.62060067877606, 6.132051871980708], [-75.62059528876394, 6.132046066274296], [-75.62056847651263, 6.132018437453433], [-75.62054196297404, 6.131991124492935], [-75.62053675457902, 6.131985516789595], [-75.62053246892032, 6.131980756194214], [-75.6205247175324, 6.131970636120244], [-75.62052321345011, 6.131965606064552], [-75.62052286538001, 6.131964060923143], [-75.6205225540373, 6.131962453221955], [-75.6205216684092, 6.131956073996264], [-75.62052022454537, 6.131943586064484], [-75.62051954930756, 6.131938118004604], [-75.62051875418288, 6.131931775402419], [-75.62051491903942, 6.131901639286582], [-75.62051123725287, 6.131871278213481], [-75.62051054176366, 6.131864807651339], [-75.62050999304604, 6.131859168105127], [-75.62050917789084, 6.13184576580528], [-75.62050933523234, 6.131837665572127], [-75.62050940079014, 6.131835368941848], [-75.62050946617573, 6.131833037054127], [-75.6205097664234, 6.131824421712205], [-75.62050992184658, 6.1318157437948395], [-75.62050990666445, 6.131813375234943], [-75.62050985458274, 6.131811033977359], [-75.62050945158958, 6.1318026824455565], [-75.62050859641579, 6.131794586262861], [-75.62050826598497, 6.131792399153267], [-75.62050789775574, 6.131790240254457], [-75.6205062148929, 6.131782633601441], [-75.62050345403347, 6.13176809718782], [-75.6205024059752, 6.131761564162569], [-75.62050122802223, 6.131753956846933], [-75.62049593000793, 6.131717425343131], [-75.62049076843431, 6.131681273780067], [-75.62048967295985, 6.131673909252508], [-75.62048873299265, 6.131667684886288], [-75.62048652910963, 6.131654745930936], [-75.62048529303769, 6.1316491088437175], [-75.62048495455487, 6.131647492234561], [-75.62048460690296, 6.131645847644456], [-75.62048338723771, 6.131639686122787], [-75.62048217819482, 6.131633480250231], [-75.62048184752754, 6.131631799414666], [-75.62048151780763, 6.131630127615035], [-75.62048036368861, 6.131624255975496], [-75.62047920837698, 6.131618510005969], [-75.62047888813088, 6.131616928565861], [-75.6204785579979, 6.131615357118776], [-75.62047738596671, 6.131609701636922], [-75.62047536553627, 6.131594747540459], [-75.62047451358353, 6.131587310400458], [-75.62047353000987, 6.131578445491438], [-75.62046891572182, 6.1315345091100655], [-75.62046449162602, 6.131491231760655], [-75.62046362745903, 6.131482773093698], [-75.62046293062866, 6.131475842371558], [-75.62046171174235, 6.131463552230478], [-75.62046176917201, 6.131461255639901], [-75.62046187541951, 6.131460632223459], [-75.62046200880339, 6.131460016810776], [-75.62046283365036, 6.131457835801039], [-75.62046391038804, 6.13145544652935], [-75.6204642424344, 6.131454635771958], [-75.62050450244602, 6.131369337912176], [-75.62051487744029, 6.131353136136414], [-75.62059850722778, 6.131268150425411], [-75.62068434805036, 6.1311984984824335], [-75.62074304389614, 6.131142565555339], [-75.6207664233572, 6.13110076320027], [-75.6207752872447, 6.1309737963167805], [-75.62077832884783, 6.130853671813432], [-75.62080676705092, 6.130761875579633], [-75.6208357604535, 6.130650047212208], [-75.62082866144499, 6.13064034071552], [-75.62075767022571, 6.130619790751573], [-75.62070294042434, 6.130588220294946], [-75.62068569543007, 6.1305707695454394], [-75.6206501961444, 6.1304494178397215], [-75.62064423128352, 6.130405427496063], [-75.62044467176705, 6.130464380186789], [-75.62034083595422, 6.130495053889911], [-75.6202282071742, 6.130669291778343], [-75.62022530709234, 6.1306737774413715], [-75.62020947159787, 6.130730222086637], [-75.62019212159892, 6.1307920786068335], [-75.62015243211694, 6.130933554602584], [-75.62012682211233, 6.131024851536929], [-75.62007341549086, 6.131086133175582], [-75.62006486651676, 6.131095425329868], [-75.61985950423721, 6.131318654012844], [-75.61977094614205, 6.131414914786921], [-75.619769854502, 6.131416102636457], [-75.61975183192995, 6.131429387350355], [-75.61973337465477, 6.131442992419315], [-75.61971546458165, 6.131456194313037], [-75.61968147881741, 6.1314918268063625], [-75.61966173799053, 6.131511898561864], [-75.61964170430551, 6.1315450625309165], [-75.61963822064915, 6.131550828485276], [-75.6196310379895, 6.131599466760623], [-75.61963148826669, 6.131605481073935], [-75.61963434688444, 6.1316435587330345], [-75.6196843442971, 6.131749037590243], [-75.61972181545465, 6.131818610611364], [-75.61973930264153, 6.131896565282017], [-75.61972734229118, 6.13194862528778], [-75.61972583872162, 6.131955167184505], [-75.61972035749531, 6.131966565257531], [-75.61969021510069, 6.132029221188274], [-75.61966611328978, 6.132059628699687], [-75.61965070582824, 6.132079066312666], [-75.61964991762837, 6.132080059209503], [-75.61961551506296, 6.132096931809084], [-75.61959023753941, 6.132114086134944], [-75.61958560175877, 6.1321238220275305], [-75.61958173758383, 6.132131941303444], [-75.61958090742314, 6.132137844352674], [-75.61958941919002, 6.132170686974702], [-75.61960494000252, 6.132200727982514], [-75.61960968201545, 6.132290065640023], [-75.61960942533587, 6.132299651734269], [-75.61960796377195, 6.1323541944640345], [-75.61961175801312, 6.132445879175033], [-75.61961825704805, 6.132496043474713], [-75.61963718934507, 6.132582479288575], [-75.61964037521496, 6.132591752913259], [-75.6196681435108, 6.132672545749935], [-75.61968640083695, 6.132706399338195], [-75.61975008099907, 6.1328089588890595], [-75.61977665859978, 6.132852155897434], [-75.61978646983546, 6.132868098895071], [-75.6198120213886, 6.132950139307594], [-75.61982420799055, 6.133052041296436], [-75.61983929296528, 6.133157425098009], [-75.61985362894546, 6.133191013077504], [-75.61988167500272, 6.1332567175750015], [-75.61989525964012, 6.133274063282878], [-75.61989640026988, 6.133277172185545], [-75.61996423212977, 6.133368500109747], [-75.62000422753077, 6.13344184146766], [-75.62001528540702, 6.13346446929463], [-75.6200182909813, 6.133469558904337], [-75.62003167394903, 6.133492214226714], [-75.62005302258241, 6.13352835438665], [-75.62008836805838, 6.133588189239311], [-75.62013390749043, 6.133649669307494], [-75.6201369506123, 6.133660225577013], [-75.620161547402, 6.133745559571908], [-75.6201653246353, 6.1338370490376946], [-75.62016663430153, 6.133846654583573], [-75.62017534646502, 6.133910510836429], [-75.62016871718009, 6.133991785643351], [-75.6201664690346, 6.133998448712978], [-75.6201558863473, 6.134029827962378], [-75.62015523281406, 6.134031762231132], [-75.62015196610842, 6.13404144532296], [-75.62014043311234, 6.134070217397324], [-75.62013678686847, 6.134079310188179], [-75.62011593262, 6.134167666502535], [-75.62010886486588, 6.134215951631655], [-75.62013302718606, 6.134302196323474], [-75.620140073636, 6.1343179548417455], [-75.62015193643845, 6.13434448425053], [-75.62016986334282, 6.134372060711117], [-75.62018606650904, 6.134396978633437], [-75.6202043444945, 6.134414144037581], [-75.62026501672834, 6.13447112009662], [-75.62033169689703, 6.134522267195981], [-75.62040524264077, 6.134549379718443], [-75.62043943939263, 6.134578728028374], [-75.62044604635794, 6.134584398488091], [-75.62048046396646, 6.134629552276301], [-75.62049004295947, 6.134674293359163], [-75.62049322242866, 6.1347314152133094], [-75.62049390590522, 6.134743741420986], [-75.62048773299801, 6.134780500837179], [-75.62047991098864, 6.134850392136971], [-75.62047763396252, 6.134870736470708], [-75.62047898540038, 6.134911066245604], [-75.6204580444918, 6.135076488573725], [-75.62045543029487, 6.135097149171166], [-75.62043419258912, 6.135173190469927], [-75.62045056850387, 6.135255440219489], [-75.62046948471962, 6.135460665685835], [-75.62047612237878, 6.1355326776310966], [-75.62047657362821, 6.135537590789269], [-75.6204845689089, 6.135576158568708], [-75.62048929601248, 6.135598971948201], [-75.62049210636606, 6.135612533534433], [-75.62050060124024, 6.135653522647968], [-75.62050065857474, 6.135653795392993], [-75.62048468971004, 6.135719521808185], [-75.62048424203853, 6.135729940565207], [-75.62048332725846, 6.135751236532222], [-75.62046607988003, 6.135770307119273], [-75.62044195618856, 6.135796981059012], [-75.62043122454564, 6.135803607015731], [-75.6204231179609, 6.135808613606861], [-75.62042463020535, 6.135817710978726], [-75.62043039340087, 6.135852364264127], [-75.62046215177297, 6.135920024020967], [-75.62047242228235, 6.135935476531774], [-75.62049661672383, 6.135971879325361], [-75.6205343798716, 6.136007559328972], [-75.62055935126064, 6.136022925386343], [-75.6205951010333, 6.136044923272608], [-75.62063334251575, 6.136072391165293], [-75.62064989669001, 6.136084280741812], [-75.62065779402485, 6.136098738649353], [-75.62066261899723, 6.136107569371956], [-75.62066981273445, 6.136120740632859], [-75.62066774853108, 6.136131955643777], [-75.62065294695071, 6.136212331134646], [-75.62065169091562, 6.136218323057675], [-75.62063656542323, 6.136290456025379], [-75.62062373132439, 6.136351655840551], [-75.62060813348931, 6.136414931348626], [-75.6206062660868, 6.136485437179488], [-75.62058738881542, 6.136568722910756], [-75.62059336323355, 6.136651934854338], [-75.62060590618188, 6.13669303612272], [-75.62063661825677, 6.13673695495735], [-75.62100361738631, 6.137125096847761], [-75.6210781476441, 6.137210306307061], [-75.62110014714003, 6.137239655471107], [-75.62110861743729, 6.13727670206478], [-75.62110638849786, 6.137332913766674], [-75.62106508484044, 6.137511212875339], [-75.62103918230355, 6.137644025693796], [-75.62103938237641, 6.137713384067793], [-75.62105390612955, 6.137777918731519], [-75.62108297024302, 6.137912965605003], [-75.62108911159854, 6.137971542903302], [-75.62108328292962, 6.1380217846640415], [-75.62107143087505, 6.138055302831221], [-75.62104531481823, 6.1381139748831295], [-75.62098863293927, 6.138242702995677], [-75.62098042775166, 6.138297735255725], [-75.62098294469074, 6.138341973868158], [-75.62098786193278, 6.138389794352315], [-75.62100004107467, 6.138469881260916], [-75.62101461152912, 6.138551156136594], [-75.62101965261816, 6.138642025459796], [-75.62102102395124, 6.138703009226174], [-75.62100707807132, 6.138839376099303], [-75.62098701271147, 6.138976309969507], [-75.62100808819854, 6.138985881031054], [-75.62101397967398, 6.138988558010106], [-75.62102152944937, 6.138995466896977], [-75.62104118368644, 6.139013444526113], [-75.62105268425704, 6.138995968779018], [-75.62105971443124, 6.138985287237231], [-75.62107645737578, 6.138959847267216], [-75.62109335005788, 6.138934181453124], [-75.62110938117915, 6.138948433127774], [-75.6211356454754, 6.138971774686853], [-75.62116403174427, 6.13899700888814], [-75.62115643134396, 6.139008557504337], [-75.62115394779302, 6.1390123323643415], [-75.6211463877327, 6.139023818402873], [-75.62114117315568, 6.13903174090352], [-75.62114094901895, 6.139032083735818], [-75.62111310805417, 6.139074382723502], [-75.62114791610288, 6.139094925035993], [-75.62115074422641, 6.139096593629908], [-75.62120825707014, 6.139125379079463], [-75.62122023554888, 6.139131373049973], [-75.62128187342113, 6.139151451179793], [-75.62131144260698, 6.139167194191848], [-75.62133256514169, 6.139178441128007], [-75.62138347091076, 6.139196563019075], [-75.62141848439038, 6.1392181059956235], [-75.6214496501648, 6.139237281112787], [-75.62145196061796, 6.139233942856133], [-75.62146746108351, 6.139211542986372], [-75.62148407103234, 6.139187540208797], [-75.62149599484441, 6.13917645136004], [-75.62150481653978, 6.139168247194425], [-75.62153578756492, 6.1391828794658325], [-75.62159021601921, 6.13918272210002], [-75.6216085448383, 6.139201733202956], [-75.621613748946, 6.139203857546408], [-75.62162207008659, 6.139207253991051], [-75.62165454866572, 6.1392109976242635], [-75.62171407776758, 6.13923224955136], [-75.6217234961952, 6.1392356116858915], [-75.621725315808, 6.139236259113195], [-75.6217265550091, 6.139236984422127], [-75.62191947291022, 6.13927387995999], [-75.62199953463951, 6.139289191892398], [-75.62208560592596, 6.139305653242261], [-75.62213135793999, 6.139314403536789], [-75.62210950982514, 6.139436372168909], [-75.6221072660419, 6.13944890346103], [-75.62216678152856, 6.1394533399165505], [-75.62218585077785, 6.139454762535524], [-75.6221860697683, 6.139451153368633], [-75.62224239880068, 6.139451022769672], [-75.62225439027661, 6.139450995622886], [-75.62226235057058, 6.139450977390329], [-75.6223146091135, 6.1394339653871866], [-75.62232469324685, 6.1394306839429715], [-75.62232471668224, 6.139430673883445], [-75.62239932036204, 6.139398431964101], [-75.62241515622544, 6.139379054508839], [-75.62255491439139, 6.13920804129145], [-75.62256632805355, 6.1392139765179286], [-75.62287525211326, 6.13937459536423], [-75.62292952134604, 6.139402811557032], [-75.6230181905897, 6.139518216252818], [-75.62355032515845, 6.140210805013281], [-75.62358001877378, 6.140336049264341], [-75.62370504309108, 6.140863393065883], [-75.62385844222662, 6.141114759992345], [-75.62392926994058, 6.141172800008895], [-75.6239603148271, 6.141198239690619], [-75.62384225460731, 6.141389815357443], [-75.62356646727315, 6.141667088417842], [-75.62351620642347, 6.141717619557172], [-75.62342091313987, 6.141832407783291], [-75.62332497866703, 6.141947966699227], [-75.6229048594953, 6.142454030525867], [-75.62266677464375, 6.142740815479608], [-75.62252169883917, 6.142915569035648], [-75.62252673181248, 6.14293530612954], [-75.62254622380402, 6.143011775101481], [-75.62255586249535, 6.143049585205834], [-75.62256139647788, 6.143071288876676], [-75.62256646082177, 6.143091159615423], [-75.6225759097939, 6.143128223897747], [-75.62258520037841, 6.143164669677274], [-75.62260251474144, 6.143180297242725], [-75.62279096860321, 6.143350384939595], [-75.62295495755515, 6.143356684359656], [-75.62309743465656, 6.143421296982107], [-75.62373318859039, 6.143805527828755], [-75.62365493379721, 6.143927954131828], [-75.62363310041907, 6.143962108065468], [-75.62363247475534, 6.14396309022964], [-75.62360084294797, 6.1440125753329795], [-75.62355061103911, 6.144091158386255], [-75.62354955792605, 6.144092282777381], [-75.62366759738337, 6.144203317235634], [-75.62384793300605, 6.144372954113857], [-75.62402118066395, 6.144536472677845], [-75.62399546535073, 6.1446681707306094], [-75.62398926034601, 6.144699951644587], [-75.62397120133701, 6.1447924474974815], [-75.62395346476136, 6.144883278305844], [-75.62394992349614, 6.144901425633652], [-75.62399076799421, 6.144937333082432], [-75.62399824302612, 6.144940758913581], [-75.62410011777453, 6.144987435035788], [-75.62419647204275, 6.145031582473826], [-75.62440118846314, 6.145125380057151], [-75.62446865565958, 6.145156291074779], [-75.62452375470889, 6.14518153653621], [-75.62450116009975, 6.145218672200369], [-75.62462780621301, 6.1452828944771944], [-75.6247420902752, 6.145340849947441], [-75.62476260560484, 6.145351252495199], [-75.62488473405331, 6.145401743480306], [-75.62488817433002, 6.145403165837235], [-75.62498019472709, 6.145441212100346], [-75.62500244835113, 6.14545040912686], [-75.62517098409198, 6.145483286165867], [-75.6252863706702, 6.145505792579954], [-75.62532100618012, 6.145467096107917], [-75.62538402834817, 6.145396687855726], [-75.62537356786491, 6.145305931441402], [-75.6253723857683, 6.145295673512244], [-75.625374508968, 6.145297623976333], [-75.62550584073385, 6.145418279393956], [-75.62553970916305, 6.145460759063881], [-75.62561140952758, 6.145550684777613], [-75.62567060136077, 6.145624922397327], [-75.62565031032804, 6.145710152426023], [-75.62562743416761, 6.145806249241834], [-75.62560536159486, 6.145898967274322], [-75.62557584241, 6.1460229669413975], [-75.62555131563312, 6.146125989703451], [-75.62554736222737, 6.1461425985376], [-75.62565601571505, 6.146104649391812], [-75.62587522675787, 6.146024896751078], [-75.62593712482352, 6.146005963599228], [-75.62601463980678, 6.145996687644515], [-75.62600777633928, 6.146043354319138], [-75.62607644831077, 6.146048977238721], [-75.62618887249602, 6.146058089918076], [-75.62621720799964, 6.146037316506786], [-75.626324111193, 6.146038465357928], [-75.62639611020195, 6.146032927604328], [-75.6264854122881, 6.146018407084206], [-75.6265199740813, 6.146007413852483], [-75.62655944746211, 6.146002054949916], [-75.6266099378284, 6.145995201728566], [-75.62668374443224, 6.145997433535197], [-75.62675635410884, 6.146003141879024], [-75.62687924837016, 6.1460178614128065], [-75.62693830772665, 6.146035804009741], [-75.62701817307752, 6.146052324383852], [-75.62709124626122, 6.1460553010600565], [-75.62716710848662, 6.146051422133599], [-75.62720598414792, 6.146107028273036], [-75.62730916251819, 6.146063890278409], [-75.62739807874765, 6.146046225404412], [-75.62762146335491, 6.146020602632706], [-75.62765937607672, 6.146009401198351], [-75.62781468164184, 6.145963513395807], [-75.62786371467469, 6.14595807032181], [-75.62791592779433, 6.14596103014662], [-75.62794918918975, 6.145949560467356], [-75.6279937126649, 6.145944022035112], [-75.6280343743552, 6.145938966372946], [-75.62807242094917, 6.14594234211292], [-75.6281721772658, 6.145951196641585], [-75.62822739104156, 6.145961153510824], [-75.62827106258037, 6.145957608163243], [-75.62831936972258, 6.145957755667124], [-75.6283465103857, 6.145957463047065], [-75.62835664307893, 6.145956524519313], [-75.62834997481107, 6.145963434451602], [-75.62834075388191, 6.1459679440234565], [-75.62832550821823, 6.145975400610071], [-75.62829947020167, 6.14598337135137], [-75.62827250942749, 6.145987187987188], [-75.6282452837142, 6.145986716193675], [-75.62812036372847, 6.145974610624693], [-75.62807838575249, 6.14597170806081], [-75.62807612024525, 6.145971682137752], [-75.62806189758149, 6.145971517039303], [-75.62805366492614, 6.1459710820002], [-75.62804628653154, 6.145971337072036], [-75.62803262392494, 6.145971179162736], [-75.62798691078898, 6.145973392918461], [-75.62797441355646, 6.1459743729031135], [-75.62790811433194, 6.145982504581084], [-75.62784277826788, 6.145996398470399], [-75.62777174117588, 6.146014782798232], [-75.62776187063045, 6.146016683747321], [-75.62775487246812, 6.146018586842743], [-75.62774038121886, 6.146021853939499], [-75.62770863937465, 6.146026940752149], [-75.62763744931296, 6.146036063790911], [-75.62761442595016, 6.146074126465586], [-75.6276124610241, 6.146076634932366], [-75.62761069969795, 6.14607866596173], [-75.62760820002931, 6.146080988111108], [-75.62760617623763, 6.146082729326029], [-75.62760326467827, 6.1460846828391], [-75.62760109544288, 6.1460860522992595], [-75.62759759601626, 6.146087669683277], [-75.62759558161022, 6.146088562849902], [-75.62758975642413, 6.146090208848512], [-75.6275046176477, 6.146101617209673], [-75.62752062447991, 6.146144698007024], [-75.62754301698648, 6.146136363712715], [-75.62756127649547, 6.146185503243812], [-75.62753888489989, 6.14619383934323], [-75.62769439300835, 6.14661841358878], [-75.6275893808461, 6.146669617632421]]]}, "properties": {"SE_ANNO_CAD_DATA": null, "SHAPE.AREA": 0, "SHAPE.LEN": 0, "OBJECTID": 8, "VEREDA": "0003", "PK_VEREDA": "63120013030003", "NOM_VEREDA": "Z.E. PAN DE AZUCAR", "MUNICIPIO": "631", "SECTOR": "2", "CORREGIMIENTO": "001", "BARRIO": "303", "nombre_barrio_estandarizado": "Z.E. PAN DE AZUCAR", "municipio_estandarizado": "sabaneta"}}]}