{"type": "FeatureCollection", "name": "caldas_Barrios", "features": [{"type": "Feature", "geometry": {"type": "Polygon", "coordinates": [[[-75.63291939930137, 6.097447520378813], [-75.63295034083457, 6.09729123407836], [-75.63301591897448, 6.096960004610333], [-75.63298069490364, 6.096955144878079], [-75.63282615490503, 6.09692119751444], [-75.63268338005454, 6.0968714087560905], [-75.63252757796214, 6.096939390191994], [-75.63243171933959, 6.0969812154931144], [-75.63271741016987, 6.09727888264605], [-75.63289013423906, 6.097428201056929], [-75.63291939930137, 6.097447520378813]]]}, "properties": {"OBJECTID": 1, "SE_ANNO_CAD_DATA": null, "SHAPE.AREA": 0, "SHAPE.LEN": 0, "NOM_BARRIO": "CABECERA MUNICIPAL", "BARRIO": "010", "PK_BARRIO": "1292001010", "MUNICIPIO": "129", "SECTOR": "2", "CORREGIMIE": "001", "nombre_barrio_estandarizado": "CABECERA MUNICIPAL", "municipio_estandarizado": "caldas"}}, {"type": "Feature", "geometry": {"type": "MultiPolygon", "coordinates": [[[[-75.62843491352568, 6.09370449713452], [-75.62838389525187, 6.093705460206014], [-75.62833787409377, 6.0937295842736265], [-75.62833376783199, 6.093792199214558], [-75.62822196112243, 6.093808862976712], [-75.62819973458133, 6.093755360967007], [-75.62820430131134, 6.093724065642716], [-75.62813619811085, 6.09370971507487], [-75.62811367487677, 6.093710478563415], [-75.6280812448812, 6.093720920358838], [-75.62798892202818, 6.093753295527255], [-75.62796343737809, 6.093796567634283], [-75.62796500437716, 6.093761684279107], [-75.62787820129824, 6.093792121341441], [-75.62783946370183, 6.093814289644047], [-75.62783245472342, 6.093818299859516], [-75.62783111183283, 6.0938190685269245], [-75.62781385148628, 6.0938289454262], [-75.62780510488547, 6.093827777554283], [-75.62779635828902, 6.093826610586242], [-75.62779111499918, 6.093829875385572], [-75.62778606169798, 6.093833020827146], [-75.62778225191428, 6.093835392661671], [-75.62778089728803, 6.093835976959073], [-75.62778060166569, 6.09383610406442], [-75.62778014200403, 6.0938363006779355], [-75.62776026868461, 6.093844860455029], [-75.62774201767692, 6.0938527216220075], [-75.62773135908962, 6.093857312861562], [-75.62771552489264, 6.093865528383622], [-75.6276961663716, 6.0938755710105825], [-75.62768621278825, 6.093868395251007], [-75.62765372724314, 6.093844976831592], [-75.62766010565933, 6.093835369073546], [-75.62760903288188, 6.093801390624836], [-75.62761263452873, 6.09379596590918], [-75.6275941129096, 6.093781443993767], [-75.62759002943818, 6.0937782436638335], [-75.62757126846832, 6.093763533966853], [-75.62757701473939, 6.09375208592442], [-75.62757697239358, 6.0937519215929505], [-75.62755534771779, 6.093718521869029], [-75.6275392372462, 6.093738634286385], [-75.62751645832351, 6.093720824286164], [-75.6274779422283, 6.093690709991802], [-75.62747637371331, 6.09369262700429], [-75.62746255060941, 6.093709508926836], [-75.62743976956986, 6.09369311920236], [-75.62741913385183, 6.093678272181778], [-75.62739668271911, 6.093662118612131], [-75.62739243907417, 6.093666834062026], [-75.62734967605552, 6.0936316660015075], [-75.62733094059554, 6.093616257332196], [-75.62731188373078, 6.093640962246203], [-75.62726780479264, 6.093578140123883], [-75.62726675798784, 6.093576649920836], [-75.62723521445034, 6.093531694987831], [-75.62722558304571, 6.093517968668457], [-75.62716368202922, 6.093558204397771], [-75.62715917257292, 6.09354949953986], [-75.62714177174378, 6.093557979434854], [-75.6271437066512, 6.093562497509262], [-75.62709281645337, 6.0935933162512175], [-75.62702689917963, 6.093616698267194], [-75.62702863548715, 6.093621607862431], [-75.62699232463504, 6.093634488675428], [-75.62697286230963, 6.093641392000711], [-75.62697020379115, 6.093632941196424], [-75.62697014781028, 6.093632758850175], [-75.62691649341578, 6.093651788616745], [-75.62692090860595, 6.093665993305947], [-75.62692480442587, 6.09367851808014], [-75.62692030465203, 6.0936788564369975], [-75.62688981262966, 6.093690373587772], [-75.62688976934872, 6.093690388263652], [-75.62688975466953, 6.0936903413243355], [-75.62688973450106, 6.093690279946903], [-75.62688918729111, 6.093688632713702], [-75.62688822574623, 6.093685731767613], [-75.62686258478573, 6.0936954162526495], [-75.62682414039885, 6.0937130772554715], [-75.62679267368712, 6.0937275319097886], [-75.62677155230993, 6.093737237753496], [-75.62678429463581, 6.093652290257002], [-75.62678586346561, 6.093621293398124], [-75.62678811940263, 6.09357670252492], [-75.62677760567266, 6.093503030772248], [-75.62678143059485, 6.0934284013378965], [-75.62674701903548, 6.093430313008711], [-75.62674223827726, 6.093515467597373], [-75.62674797422267, 6.09360157894086], [-75.62674892087608, 6.093624994785864], [-75.62675083946395, 6.093672381442483], [-75.62674032306579, 6.093723092358933], [-75.62673363188067, 6.09376327769593], [-75.62676899952376, 6.093808247477414], [-75.62680412414488, 6.0938331547377675], [-75.62682599354234, 6.093845391188659], [-75.62684951895844, 6.0938540178082405], [-75.62685165064192, 6.093854614036884], [-75.62686171883536, 6.0938567599981734], [-75.6268719535516, 6.093857861867532], [-75.62688423369356, 6.093857795669713], [-75.62689641261852, 6.09385623194545], [-75.62690830978374, 6.093853189656058], [-75.62693172453342, 6.0938542932627735], [-75.62694759785938, 6.0938498456705075], [-75.62702469864432, 6.093916188136944], [-75.6270964773265, 6.093972752959458], [-75.62709938792277, 6.093984376670092], [-75.62711404593914, 6.094042920520007], [-75.62712376725261, 6.0941198470870335], [-75.62712461549249, 6.094126560984795], [-75.62713432656257, 6.09420342250813], [-75.62711798373019, 6.094240193274427], [-75.62710419508443, 6.0942712126446725], [-75.62709590081437, 6.09428987210389], [-75.62709565255835, 6.0942897105844605], [-75.62709330002588, 6.09428808933191], [-75.62709097943062, 6.094286349492372], [-75.62708868185541, 6.09428451461479], [-75.62708667131024, 6.094282828410779], [-75.62708640286368, 6.094282600993775], [-75.62708413082443, 6.094280631287419], [-75.62708185859162, 6.094278621803562], [-75.6270795790456, 6.09427659427424], [-75.6270772859655, 6.094274569523073], [-75.62707496857506, 6.094272560259352], [-75.62707262249488, 6.0942705945301645], [-75.62707023786069, 6.094268686848466], [-75.62706780574652, 6.094266858955116], [-75.62706478528904, 6.0942647681382836], [-75.62706169243725, 6.094262834075949], [-75.62705853262766, 6.094261060357855], [-75.62705531405463, 6.094259460504848], [-75.62705290923245, 6.094258415390111], [-75.62705204305786, 6.094258038102247], [-75.62704872873921, 6.094256807570549], [-75.6270453738346, 6.094255774320752], [-75.62704199013778, 6.094254949144015], [-75.62703963610399, 6.094254504074219], [-75.62703727081751, 6.094254159409403], [-75.62703489697026, 6.094253911520228], [-75.62703251455338, 6.094253758598613], [-75.62703012266374, 6.094253700648979], [-75.62702772397122, 6.0942537295218075], [-75.62702532208402, 6.094253844295454], [-75.62702291519584, 6.094254044978707], [-75.62702050327589, 6.094254325243344], [-75.62701808993674, 6.094254685071749], [-75.62701567605959, 6.0942551199393575], [-75.62701325891736, 6.0942556262432195], [-75.6270108457353, 6.094256203948156], [-75.62700843287439, 6.094256847647521], [-75.62700602485039, 6.094257557319347], [-75.62700361983937, 6.094258329356263], [-75.62700121871812, 6.094259158329706], [-75.62699882418731, 6.094260042418366], [-75.62699643805323, 6.094260981613438], [-75.62699405758441, 6.094261971407987], [-75.6269916881822, 6.094263008159431], [-75.62698932893464, 6.094264090064125], [-75.62698697984172, 6.094265217122069], [-75.62698561123314, 6.094265898220373], [-75.62698464266575, 6.094266380284101], [-75.6269823219225, 6.094267579528219], [-75.62698001220186, 6.094268816688911], [-75.62697771977312, 6.094270080886929], [-75.62697544464945, 6.094271374834407], [-75.62697318501137, 6.0942726958280184], [-75.62697094535264, 6.094274039325588], [-75.62696872565124, 6.094275400806951], [-75.62696652681917, 6.094276782075788], [-75.62696426058051, 6.094278231477411], [-75.626962014264, 6.094279691630556], [-75.62695978601054, 6.094281151695623], [-75.62695756855094, 6.094282602667504], [-75.62695536366067, 6.094284038209166], [-75.62695316318059, 6.094285452031998], [-75.6269509688774, 6.094286835990867], [-75.62694877076798, 6.094288180189876], [-75.62694657153544, 6.094289479191587], [-75.62694436391496, 6.094290724894918], [-75.62694214514427, 6.094291906464696], [-75.62693991430702, 6.0942930211932245], [-75.6269376659315, 6.0942940582584875], [-75.62693539636989, 6.094295010445856], [-75.62693310286876, 6.094295868728202], [-75.6269307808903, 6.094296628607346], [-75.62692711149748, 6.094297599372628], [-75.62692337320668, 6.094298331803226], [-75.62691957152042, 6.094298843049363], [-75.62691764771792, 6.094299020583582], [-75.62691571195444, 6.094299152973342], [-75.62691376331362, 6.094299237510963], [-75.62691180274267, 6.094299283232369], [-75.62690983203464, 6.094299287416635], [-75.6269078502996, 6.0942992527802975], [-75.6269058584671, 6.094299184743127], [-75.62690386014974, 6.0942990832875115], [-75.6269018517613, 6.094298953855292], [-75.62689983691882, 6.094298797332884], [-75.62689781562668, 6.0942986146242895], [-75.62689578699933, 6.094298409350089], [-75.62689375647328, 6.094298185099959], [-75.62689171954158, 6.094297943704015], [-75.62688967803251, 6.094297689673591], [-75.62688763645744, 6.094297422082659], [-75.626885591217, 6.094297143660928], [-75.62688354595453, 6.094296860719008], [-75.62688150066568, 6.094296572352886], [-75.62687945536362, 6.094296281274658], [-75.62687741187668, 6.094295991995679], [-75.6268753684029, 6.09429570542879], [-75.62687332947132, 6.094295424264067], [-75.62687129329758, 6.094295153030514], [-75.62686926078045, 6.094294890819681], [-75.62686723375703, 6.094294643950984], [-75.62686433024325, 6.094294312758293], [-75.62686143954079, 6.0942940158572165], [-75.62685855982136, 6.094293748736415], [-75.62685568747233, 6.094293511413489], [-75.62685282429558, 6.09429330297558], [-75.62684997028677, 6.094293122518692], [-75.62684712182443, 6.094292968252339], [-75.62684428161364, 6.094292839259279], [-75.62684144422668, 6.094292733757885], [-75.6268386150869, 6.09429265262577], [-75.62683578696024, 6.094292594090061], [-75.62683296344612, 6.094292555421084], [-75.62683014094073, 6.094292538444497], [-75.62682732123717, 6.094292540439399], [-75.62682449981088, 6.094292559619726], [-75.62682167937572, 6.094292596876332], [-75.62681916335619, 6.09429264349738], [-75.62681038209088, 6.094292892435318], [-75.62680755115217, 6.094292998451253], [-75.62680471213785, 6.094293115355226], [-75.62680186956369, 6.094293243125186], [-75.6267990197995, 6.094293378162636], [-75.6267961619377, 6.094293519567943], [-75.62679329508394, 6.094293669153577], [-75.62679042102695, 6.094293823294587], [-75.62678753705724, 6.094293982004196], [-75.62678464046977, 6.094294146199631], [-75.6267817339432, 6.094294309539455], [-75.62677881659197, 6.094294475644201], [-75.62677588568903, 6.094294640910949], [-75.62677321121578, 6.094294791366646], [-75.62677052681664, 6.094294943678831], [-75.62676783520988, 6.094295099642376], [-75.62676513820176, 6.094295259248456], [-75.62676243762502, 6.094295427912463], [-75.62675973258528, 6.094295607446895], [-75.62675702850149, 6.094295797825317], [-75.62675432628558, 6.09429600085139], [-75.62675162596395, 6.0942962219493255], [-75.6267489293341, 6.094296459302254], [-75.62674624003505, 6.0942967183167385], [-75.62674356077626, 6.094296998979604], [-75.62674088976023, 6.094297303107722], [-75.6267382315203, 6.094297634295188], [-75.6267355860697, 6.094297995254119], [-75.62673295521029, 6.094298385071676], [-75.62673034529938, 6.094298810949312], [-75.62672775089607, 6.094299268393269], [-75.62672518106262, 6.094299763687741], [-75.62672263038017, 6.094300296859182], [-75.62672010429841, 6.0943008742093845], [-75.62671760732432, 6.094301493908267], [-75.62671513585407, 6.0943021577815255], [-75.62671269441225, 6.094302867615192], [-75.62671028754099, 6.09430362881148], [-75.62670791253085, 6.094304441383583], [-75.62670557301203, 6.094305308930018], [-75.62670326898015, 6.0943062305467715], [-75.62670100497296, 6.094307210731988], [-75.62669878099045, 6.094308249485654], [-75.62669660066724, 6.094309351310352], [-75.62669446401654, 6.094310518918182], [-75.62669257094907, 6.094311630191071], [-75.62669071517044, 6.0943127946214455], [-75.62668889667626, 6.094314011305253], [-75.626687113647, 6.094315277539207], [-75.62668536791098, 6.094316597834659], [-75.626683659433, 6.0943179649593535], [-75.6266819836973, 6.094319378935306], [-75.6266803443297, 6.094320842457], [-75.62667873950187, 6.094322351013065], [-75.62667716740754, 6.094323904612324], [-75.62667563166367, 6.094325504141196], [-75.62667412773256, 6.094327145101503], [-75.62667265923997, 6.094328830187779], [-75.62667122074502, 6.094330554906231], [-75.62666981676786, 6.094332320138892], [-75.62666844369149, 6.094334124999361], [-75.62666710240585, 6.0943359667711015], [-75.62666579202099, 6.094337848170634], [-75.62666451341366, 6.094339763769358], [-75.62666326569392, 6.0943417162837585], [-75.62666204704226, 6.094343703010561], [-75.62666085925619, 6.0943457221328785], [-75.62665969963064, 6.094347774567954], [-75.62665856815244, 6.094349857603703], [-75.62665746843417, 6.0943519712225], [-75.62665639504372, 6.094354112738648], [-75.62665534980502, 6.094356285759505], [-75.62665433268286, 6.094358483052778], [-75.62665334279608, 6.094360709143047], [-75.62665238012268, 6.0943629595101525], [-75.6266514419532, 6.094365234167286], [-75.62665053099272, 6.094367532197205], [-75.62664964542611, 6.094369851800668], [-75.6266487852578, 6.094372193881676], [-75.62664795047456, 6.0943745557281614], [-75.62664714107203, 6.094376936436078], [-75.62664635345077, 6.094379338735134], [-75.62664559209134, 6.094381755371037], [-75.62664485159242, 6.094384189986371], [-75.62664413645223, 6.094386638942939], [-75.62664344396565, 6.094389103158033], [-75.62664277231758, 6.094391580832343], [-75.62664212329678, 6.094394068340969], [-75.62664149511889, 6.09439657021286], [-75.6266408904714, 6.094399081914645], [-75.62664030483855, 6.094401603468341], [-75.62663973911465, 6.094404133061478], [-75.62663919419411, 6.094406668881573], [-75.6266386700901, 6.094409213640755], [-75.62663816497432, 6.094411762827634], [-75.62663767612852, 6.094414314647356], [-75.62663749577666, 6.094415300947093], [-75.62663720808605, 6.094416872694051], [-75.62663675811547, 6.094419432460751], [-75.62663632621238, 6.0944219930434205], [-75.6266359114736, 6.094424554446464], [-75.62663551389477, 6.094427115765849], [-75.62663513346706, 6.09442967519351], [-75.62663476657788, 6.094432232747059], [-75.6266337678392, 6.094439878693165], [-75.62663346317086, 6.094442416054153], [-75.62663317562732, 6.094444946099205], [-75.62663290069271, 6.094447468850336], [-75.62663264793227, 6.0944499083202635], [-75.62663240595691, 6.094452336888947], [-75.62663217749807, 6.094454759063339], [-75.62663196253814, 6.094457171227311], [-75.62663175838969, 6.094459577914249], [-75.62663156683261, 6.094461973691137], [-75.62663138788892, 6.094464363078138], [-75.62663121884032, 6.094466744280393], [-75.62663106149753, 6.094469118193131], [-75.62663091675934, 6.094471483907933], [-75.62663078374014, 6.094473845045314], [-75.62663066060287, 6.094476195285854], [-75.62663054647955, 6.094478541866232], [-75.62663044676711, 6.094480880239833], [-75.6266303542491, 6.09448321225], [-75.62663027254698, 6.09448553968713], [-75.6266302016475, 6.094487859839163], [-75.6266301415639, 6.094490175418196], [-75.62663009047223, 6.094492482816888], [-75.62663004748698, 6.094494785655771], [-75.62663003994969, 6.094495278402762], [-75.62662997283594, 6.0945039450058385], [-75.62662997578842, 6.094506222307214], [-75.62662998775043, 6.094508495044379], [-75.6266300069201, 6.094510764130187], [-75.62663003510372, 6.094513029555817], [-75.6266300704818, 6.094515288617994], [-75.62663011669332, 6.094517546723298], [-75.62663016649987, 6.094519801194861], [-75.62663022710908, 6.09452204838129], [-75.62663029133091, 6.094524295550123], [-75.6266303645667, 6.0945265390587755], [-75.62663044501014, 6.094528778916074], [-75.62663053265682, 6.094531014217981], [-75.62663062481487, 6.094533248593824], [-75.62663072599567, 6.094535481117587], [-75.62663083258661, 6.094537711806847], [-75.62663094367575, 6.0945399388579435], [-75.62663106198131, 6.094542164065766], [-75.6266311857058, 6.094544389247168], [-75.62663131212219, 6.094546610799212], [-75.6266314475613, 6.09454883049916], [-75.6266315875162, 6.09455105017709], [-75.62663173107492, 6.094553268029324], [-75.62663188005257, 6.094555485855157], [-75.62663203264285, 6.094557703663374], [-75.62663219064325, 6.094559919637106], [-75.6266323522563, 6.0945621355932085], [-75.62663251928826, 6.094564351522907], [-75.62663269082721, 6.0945665656225065], [-75.62663286418126, 6.094568781521382], [-75.6266330402448, 6.094570997407045], [-75.62663322172725, 6.094573213266271], [-75.62663340502043, 6.094575430020741], [-75.62663359282938, 6.094577646753192], [-75.62663378336539, 6.094579867088561], [-75.62663397570333, 6.0945820865110925], [-75.62663416985636, 6.09458430773288], [-75.62663436582453, 6.094586530753927], [-75.62663456721161, 6.094588753748569], [-75.62663476680999, 6.09459098036813], [-75.62663497003419, 6.094593209682191], [-75.62663532288825, 6.0945970483895575], [-75.62663550113919, 6.094598971350564], [-75.62663568029329, 6.094600894307166], [-75.6266358612713, 6.094602820871089], [-75.62663604405563, 6.094604747426224], [-75.62663622413929, 6.0946066758026145], [-75.62663640875192, 6.0946086068691026], [-75.626636592457, 6.094610537035962], [-75.62663677708285, 6.094612470814546], [-75.62663696532131, 6.094614404575516], [-75.62663715085031, 6.094616338349712], [-75.62663734182026, 6.094618276617634], [-75.62663752916876, 6.09462021309512], [-75.62663771923995, 6.094622152271476], [-75.62663791022749, 6.094624094155542], [-75.62663810030749, 6.094626035139977], [-75.62663829400888, 6.094627977914864], [-75.62663848681596, 6.094629922502235], [-75.62663868052617, 6.0946318670851864], [-75.62663887424519, 6.0946338134762], [-75.62663906977052, 6.094635759858424], [-75.62663926621222, 6.094637708948342], [-75.6266394626495, 6.094639657134209], [-75.62663965910441, 6.0946416089362225], [-75.62663985736121, 6.094643559825395], [-75.62664005652557, 6.094645511614197], [-75.62664025479559, 6.094647465215466], [-75.62664045396878, 6.094649418812332], [-75.62664065315074, 6.094651374217277], [-75.6266408550422, 6.094653329608996], [-75.62664105603929, 6.0946552868131985], [-75.62664125704079, 6.094657244921416], [-75.62664145894104, 6.094659202121214], [-75.62664165994696, 6.0946611611334784], [-75.62664186275917, 6.094663120136921], [-75.62664206648334, 6.094665080944039], [-75.62664226930438, 6.09466704175556], [-75.6266424721298, 6.094669003471112], [-75.62664267586278, 6.094670966086293], [-75.62664288049893, 6.09467292869707], [-75.62664308333758, 6.094674893124717], [-75.62664328887689, 6.094676855731106], [-75.62664349352184, 6.094678820149944], [-75.62664369727686, 6.094680787285285], [-75.62664390192182, 6.0946827517041395], [-75.62664431213692, 6.094686685057587], [-75.62664433959094, 6.094686944387651], [-75.62664513256718, 6.094694551764474], [-75.62664554369869, 6.094698487825606], [-75.62664574926885, 6.094700456760211], [-75.62664595393146, 6.09470242479517], [-75.62664615860285, 6.094704394638211], [-75.62664636416864, 6.094706362668781], [-75.62664656884006, 6.09470833251182], [-75.62664677350267, 6.094710300546775], [-75.62664697546465, 6.094712270403022], [-75.6266471819468, 6.094714241141284], [-75.62664738480312, 6.09471620918506], [-75.62664758857142, 6.094718179032481], [-75.62664797150862, 6.094721889217203], [-75.62664835174957, 6.09472560212723], [-75.62664911581773, 6.094733022505433], [-75.62664949604114, 6.094736731799321], [-75.62664987987276, 6.0947404401715435], [-75.62665026188931, 6.094744146744505], [-75.62665064481342, 6.094747854217092], [-75.62665102952188, 6.0947515571607065], [-75.62665141785175, 6.09475526189477], [-75.6266518052653, 6.094758963921136], [-75.62665219898773, 6.094762663204561], [-75.62665259089509, 6.094766360688725], [-75.62665298821699, 6.0947700572424335], [-75.62665338912952, 6.094773749258361], [-75.62665379094524, 6.094777441269883], [-75.62665419906104, 6.094781128730399], [-75.62665461167944, 6.094784813456798], [-75.62665502699414, 6.094788495457867], [-75.62665544771458, 6.094792174720434], [-75.62665587384075, 6.09479585124446], [-75.6266563053639, 6.094799523221901], [-75.62665674229716, 6.094803193364837], [-75.62665718462739, 6.094806858961185], [-75.62665763506844, 6.09481052090177], [-75.62665808999449, 6.094814176492089], [-75.62665855213699, 6.094817830239095], [-75.62665902328905, 6.094821479421918], [-75.62665949983807, 6.094825124058136], [-75.6266599844847, 6.094828762326477], [-75.62666047995162, 6.094832396925842], [-75.62666097991232, 6.094836026983006], [-75.62666128023797, 6.094838165417977], [-75.62666158416303, 6.094840301123237], [-75.62666188990322, 6.094842438627752], [-75.62666220015478, 6.0948445752062], [-75.6266625113227, 6.094846714492357], [-75.62666282793155, 6.094848858272271], [-75.62666314816624, 6.0948510047466495], [-75.62666346932608, 6.094853155736803], [-75.62666379503248, 6.0948553130331815], [-75.62666412528546, 6.094857476635784], [-75.62666445919066, 6.0948596483570645], [-75.62666479584054, 6.094861827297409], [-75.62666513616023, 6.094864017972577], [-75.62666547832583, 6.0948662167752445], [-75.62666582777825, 6.094868428199154], [-75.6266661790942, 6.094870651366712], [-75.62666653407994, 6.094872886269075], [-75.62666689276192, 6.094875138330489], [-75.62666725692881, 6.0948774039259686], [-75.62666762478311, 6.094879684872433], [-75.62666799633803, 6.094881983881949], [-75.62666837159796, 6.094884301858565], [-75.62666875235603, 6.094886636081358], [-75.62666913412723, 6.094888992900608], [-75.6266695223129, 6.094891368673745], [-75.62666991601867, 6.094893765213242], [-75.62667031255712, 6.094896187052484], [-75.62667071191063, 6.09489863057531], [-75.626671117705, 6.094901098476252], [-75.62667152814275, 6.094903592572133], [-75.62667236204956, 6.094908660257262], [-75.62667321547696, 6.094913841758184], [-75.6266736473692, 6.094916475878055], [-75.62667408484316, 6.094919143420754], [-75.62667452968753, 6.0949218407613595], [-75.626674976501, 6.094924571542392], [-75.62667542980373, 6.094927336645912], [-75.62667588779384, 6.094930136984712], [-75.62667634956814, 6.094932972563246], [-75.6266768178405, 6.094935844272281], [-75.62667729262415, 6.09493875482397], [-75.62667777120079, 6.09494170242344], [-75.62667825449118, 6.094944690682415], [-75.62667874159219, 6.094947719605285], [-75.62667923792712, 6.094950790069693], [-75.62667973807704, 6.09495390210206], [-75.62668024204639, 6.094957056606384], [-75.62668075346534, 6.094960257181216], [-75.6266812705232, 6.094963502931329], [-75.62668179140927, 6.094966792961483], [-75.62668231885061, 6.094970130874611], [-75.62668285194844, 6.094973517579149], [-75.62668339159715, 6.09497695126263], [-75.62668393601243, 6.094980436454006], [-75.6266844860886, 6.0949839713408425], [-75.62668504183448, 6.094987557731186], [-75.62668560688032, 6.0949911992235695], [-75.62668617579394, 6.0949948931322995], [-75.62668675039046, 6.094998641256635], [-75.62668732976235, 6.095002442696963], [-75.62668762271932, 6.095004366002557], [-75.62668791664984, 6.095006303768299], [-75.62668821335585, 6.095008255081331], [-75.62668851193854, 6.095010220850092], [-75.62668904580207, 6.0950137648565015], [-75.62668951436382, 6.095016881563094], [-75.62668997362569, 6.09501994316764], [-75.62671604604665, 6.095078305714072], [-75.62672410620557, 6.095096351137226], [-75.6267796444746, 6.095169497761997], [-75.62683688984633, 6.095244888051868], [-75.62695003081568, 6.095393899610312], [-75.62704053657941, 6.095574300913187], [-75.6271039242432, 6.0957006526045685], [-75.62712327926104, 6.095739230067408], [-75.62716609619652, 6.0958245773926745], [-75.62718081359029, 6.09585391542507], [-75.62718366301107, 6.0958616863452715], [-75.62718775239806, 6.09586888075877], [-75.62719297150994, 6.0958753021192695], [-75.62719917406719, 6.095880772137278], [-75.62720619679752, 6.095885146960309], [-75.62721384128913, 6.095888300084374], [-75.62722190122186, 6.095890150246779], [-75.62723015595704, 6.095890643376346], [-75.62723837874078, 6.095889767922316], [-75.62724634480158, 6.095887548486519], [-75.62725383765911, 6.095884043080364], [-75.62726064735328, 6.095879350365884], [-75.62727817984276, 6.095855603921888], [-75.62728224931617, 6.095834774534871], [-75.62728332002058, 6.0958292988756755], [-75.62727755866302, 6.095787186262104], [-75.62739461467949, 6.095744640935621], [-75.62740400296266, 6.095777242372382], [-75.62743151384116, 6.095796741539119], [-75.62764702317585, 6.095731524083302], [-75.6277436041825, 6.095700868355286], [-75.62780257895204, 6.095766537764296], [-75.62793011728708, 6.0959855501719105], [-75.62794310428842, 6.096007851309465], [-75.62826386337007, 6.096558661590646], [-75.62807483777581, 6.096768145737455], [-75.62801019215367, 6.096839787471851], [-75.62816368095231, 6.097077305595908], [-75.6281772368934, 6.097098284919993], [-75.62844197366903, 6.097507954172882], [-75.6284657502848, 6.097544747029163], [-75.62855153616395, 6.097677498158941], [-75.628614666611, 6.097775189440711], [-75.6286589525708, 6.097792869903713], [-75.62868316730487, 6.097707512968371], [-75.62870419601751, 6.097621310928726], [-75.62872200589706, 6.097534387800127], [-75.6287380759228, 6.09743423510509], [-75.6287422065981, 6.097410411201583], [-75.62875513412531, 6.097339849068066], [-75.62874564230974, 6.097257291997483], [-75.62874252135195, 6.097190642297143], [-75.62874604168483, 6.097157405652186], [-75.62875501958854, 6.0971252118627595], [-75.62876920109731, 6.097094952661759], [-75.62878819829639, 6.097067462576251], [-75.62881148294278, 6.097043507205967], [-75.62883841336624, 6.097023743313595], [-75.62886824170347, 6.097008720597709], [-75.62890014628402, 6.096998855317155], [-75.62892205857402, 6.096992053832745], [-75.62894471629417, 6.096988467140182], [-75.62896765557458, 6.096988169827975], [-75.62899039956207, 6.096991166935936], [-75.62901418836567, 6.096998023771936], [-75.62902987748754, 6.097004884889501], [-75.62904474367804, 6.097013386361029], [-75.62906348699246, 6.0970227693418515], [-75.62908355615323, 6.097028811699139], [-75.62910435872884, 6.097031339130601], [-75.62912528921619, 6.097030275035659], [-75.6291457300054, 6.097025653167476], [-75.62921586609718, 6.097007444850609], [-75.62923463335667, 6.0970019090154866], [-75.62924779548368, 6.096997854263286], [-75.62927916847023, 6.096997893657085], [-75.62931007448624, 6.0970033026945964], [-75.62933959874094, 6.097013922208218], [-75.62936687627572, 6.097029440002214], [-75.62939142211073, 6.097045969206661], [-75.62941789101046, 6.097059202785651], [-75.62944584021177, 6.097068913271326], [-75.62951523344496, 6.0970878696577495], [-75.62953475695433, 6.097092402177997], [-75.62962563460005, 6.097109054985265], [-75.62968325584934, 6.097108930924359], [-75.62974079406165, 6.097105853720961], [-75.62975479620238, 6.097105147988226], [-75.6297685732182, 6.0971025412265725], [-75.6297818679341, 6.09709808079868], [-75.62982692142107, 6.097052734072619], [-75.62987000855655, 6.09700550838137], [-75.62990440341443, 6.096971235919634], [-75.62990865615372, 6.096967092669797], [-75.62998068931819, 6.096899876232702], [-75.62998314117752, 6.096897041805547], [-75.62998603691403, 6.096894663565626], [-75.62998929014645, 6.096892807930618], [-75.62999280991596, 6.096891528683864], [-75.62999649433782, 6.0968908615809685], [-75.630000099424, 6.096891706442126], [-75.63000379379443, 6.096891968657089], [-75.63000748347682, 6.096891639644258], [-75.63001107460022, 6.096890731614728], [-75.63001447512646, 6.096889262194989], [-75.6300175994584, 6.096887273389516], [-75.63002037016257, 6.096884814395311], [-75.63002495910771, 6.096880717418153], [-75.63003011434526, 6.096877361711087], [-75.63003571339415, 6.096874819292438], [-75.63004163464561, 6.096873155847855], [-75.630047736454, 6.096872402806871], [-75.63006985975052, 6.096868319644778], [-75.63009102554832, 6.096860689133925], [-75.6301106694719, 6.096849719250853], [-75.63012827359466, 6.09683569730191], [-75.63017091754944, 6.0967764941641525], [-75.63020957623857, 6.096714606467812], [-75.6302102614064, 6.0967134242366745], [-75.63021570270608, 6.096703904203517], [-75.63029482470422, 6.096591266067582], [-75.6303058703234, 6.096578989328772], [-75.63031484988716, 6.096565129739162], [-75.63032154378396, 6.096550029199281], [-75.63032578404521, 6.096534062807325], [-75.63032746693209, 6.09651762704505], [-75.63032499264219, 6.096511412013345], [-75.63032341019341, 6.0965049096575], [-75.63032274732377, 6.096498251833789], [-75.63032302090696, 6.096491565027218], [-75.63032422255472, 6.0964849812704545], [-75.63032671071744, 6.096477736696436], [-75.6303303202995, 6.09647098116253], [-75.63033469923776, 6.0964690124470104], [-75.63033878646957, 6.09646649187581], [-75.63034355992572, 6.096462450048587], [-75.63034758461272, 6.0964576597062745], [-75.63035074379465, 6.096452259739063], [-75.63035294879514, 6.096446401556903], [-75.63035764476494, 6.096429612963931], [-75.63035994780289, 6.096422744476045], [-75.63036859405706, 6.096401466049859], [-75.63037921099551, 6.09638110465346], [-75.63038573376673, 6.096370549623402], [-75.6303963418325, 6.096355594505959], [-75.6304209002145, 6.096328195679646], [-75.63044932128938, 6.096304834472923], [-75.63048270535414, 6.0962851872847885], [-75.63048640961034, 6.096282105358929], [-75.63050772276658, 6.096267284193229], [-75.63053095745913, 6.0962557118481975], [-75.63055562896763, 6.096247632072913], [-75.63058121159942, 6.096243221012617], [-75.63060716208345, 6.09624256901349], [-75.63063293136409, 6.096245691413659], [-75.63064627127125, 6.096248841070121], [-75.63069179936385, 6.096244744835035], [-75.6307366578834, 6.096235951697792], [-75.63078036772124, 6.09622255982878], [-75.63082245720565, 6.0962047107566795], [-75.63082865064392, 6.0962016356562385], [-75.63083667581782, 6.096197468553813], [-75.63088329015922, 6.096186279228253], [-75.6309308576472, 6.096180338692014], [-75.63097878976592, 6.096179719431054], [-75.63099815955786, 6.096178667422565], [-75.63101746679985, 6.096180532191695], [-75.6310362786611, 6.096185270650068], [-75.63105416831112, 6.096192773684163], [-75.63107073304018, 6.096202877819662], [-75.6310735565948, 6.0962049623320524], [-75.63108308888266, 6.096212963640451], [-75.63109180899498, 6.0962218458467365], [-75.63109232818243, 6.096224596149619], [-75.63109327670264, 6.096227227732478], [-75.63109463255812, 6.096229674706943], [-75.63109636202364, 6.096231873954075], [-75.63109841786633, 6.096233770557458], [-75.63110074835959, 6.096235314142817], [-75.63110329641516, 6.096236466114777], [-75.63110599505862, 6.096237197870855], [-75.63110877555327, 6.096237489857685], [-75.63111156561153, 6.096237335195972], [-75.63111463885632, 6.096230057027292], [-75.6311188457677, 6.096223371803202], [-75.63112407701595, 6.096217455443891], [-75.63113019426903, 6.096212463218019], [-75.63113703921096, 6.096208526986524], [-75.63114442900395, 6.096205750704507], [-75.63115217072571, 6.096204207638533], [-75.6311600613562, 6.096203937654602], [-75.63116835431188, 6.096205048905013], [-75.63117633620263, 6.096207565667948], [-75.63118377004956, 6.096211416776892], [-75.63118721213174, 6.096214952886849], [-75.63119116168376, 6.096217909732389], [-75.63119552261423, 6.096220214554708], [-75.63120018720542, 6.096221818157134], [-75.63120504414458, 6.096222674976805], [-75.63120997592468, 6.0962227656986245], [-75.63121486061553, 6.096222090014186], [-75.6312279031641, 6.096222788414155], [-75.63124065178758, 6.096225629045195], [-75.6312527565953, 6.096230537676203], [-75.63126388724864, 6.096237374888856], [-75.63133730717288, 6.096240502227906], [-75.63141079351652, 6.096240211011305], [-75.63148418370606, 6.0962365011298925], [-75.63151137174124, 6.0962342275004415], [-75.63153834868325, 6.096230153125576], [-75.63155936457981, 6.09622569020247], [-75.63160238969535, 6.096212840435956], [-75.63163967185807, 6.09619357826146], [-75.63167352469462, 6.096168766594147], [-75.63170312833752, 6.096139005210968], [-75.63170606066485, 6.096134872927351], [-75.63170963505665, 6.096131277225491], [-75.63171374996358, 6.0961283225675205], [-75.63171829556686, 6.0961260845263], [-75.6317231475355, 6.096124626088893], [-75.631728172388, 6.09612398587767], [-75.63173709770516, 6.0961262376550716], [-75.63174624985055, 6.0961272199392935], [-75.63175703676899, 6.0961267260554965], [-75.6317675974216, 6.096124468567978], [-75.63178276886558, 6.09610926422696], [-75.63180029950882, 6.0960968599592675], [-75.63181968172752, 6.096087618057624], [-75.63184035054535, 6.096081807977587], [-75.63184920588779, 6.096078045439015], [-75.63185842105862, 6.096075283735484], [-75.63186208405132, 6.096074484736285], [-75.63187490978599, 6.096072952077447], [-75.6318764855502, 6.096072895558933], [-75.63187757195527, 6.096072872169365], [-75.63188552925112, 6.096073124391859], [-75.63188751618432, 6.0960732991095385], [-75.63190221072327, 6.0960717943845575], [-75.63197235142373, 6.096064604358146], [-75.6320720018402, 6.096050253775062], [-75.63208178663197, 6.096049471869887], [-75.63216551621542, 6.096042783159859], [-75.63225658686267, 6.096075179579393], [-75.63232765823423, 6.096087704128866], [-75.63240678664867, 6.09611167254989], [-75.63241186638832, 6.096113212636176], [-75.63246020226964, 6.096118910591334], [-75.63257745206057, 6.096132735443894], [-75.63265310697425, 6.096140988500427], [-75.63266263980682, 6.096141508745461], [-75.63267656865935, 6.0961422696779], [-75.63280825371234, 6.096139955314161], [-75.6328881995254, 6.096138567354657], [-75.63289270778941, 6.096138489265837], [-75.63293227790754, 6.096137801318575], [-75.63308569413164, 6.0961528731372425], [-75.63323696009407, 6.096166506227603], [-75.63332734924106, 6.09616325904318], [-75.63333704311593, 6.096162911503829], [-75.63337675412147, 6.096161484225089], [-75.6335423577505, 6.096147131853454], [-75.63369935954947, 6.096138521533357], [-75.63376961365859, 6.096127758821114], [-75.63383346552926, 6.096111519029473], [-75.63385299768906, 6.096106549781514], [-75.63385707587898, 6.096105513686457], [-75.6339524240601, 6.096063173622491], [-75.63399603889025, 6.096035168928852], [-75.63402841461676, 6.0960143783694445], [-75.63410225401032, 6.095993567654207], [-75.6342148081828, 6.095959122561582], [-75.63433739754325, 6.09593616133663], [-75.63442342528184, 6.095932571889616], [-75.6345044347431, 6.095948359064926], [-75.63451555395672, 6.095949521530357], [-75.63460049826001, 6.095958406008087], [-75.63472954086988, 6.095964147450505], [-75.63475089720788, 6.095960061549574], [-75.63475428003544, 6.09595941307144], [-75.63484209206904, 6.095942618417015], [-75.63492624902717, 6.095929723619474], [-75.63504282328037, 6.09592898518414], [-75.63511498540339, 6.095908920260881], [-75.63513315243183, 6.095903869056161], [-75.63519162173394, 6.095962451986545], [-75.63519490368274, 6.095965744750439], [-75.63523130386318, 6.095994338937274], [-75.63528037212436, 6.096024450513961], [-75.63536281457239, 6.096078269306705], [-75.63538135318127, 6.096095859090346], [-75.6354316372681, 6.096143569246022], [-75.63548837562438, 6.09621314116897], [-75.63554193968518, 6.096285186721849], [-75.63559222309773, 6.096359566298655], [-75.63569689018186, 6.0965504457884006], [-75.63572341073366, 6.096599403146261], [-75.63574723387138, 6.096649727967098], [-75.63575339096833, 6.096663999888152], [-75.6357829183657, 6.096742760767374], [-75.63579111033641, 6.0967938319826525], [-75.63579589765423, 6.0968453357227546], [-75.63579725661342, 6.096897041571742], [-75.63579951145076, 6.096937454177476], [-75.63579601354614, 6.096977778316633], [-75.63578683657718, 6.097017196368864], [-75.63577216632704, 6.097054913670174], [-75.63574731133058, 6.097102130842939], [-75.63571806869518, 6.097146755885475], [-75.63568470560269, 6.09718838699601], [-75.63564565026967, 6.097220314782768], [-75.63560994034323, 6.097255951781428], [-75.63557792998353, 6.0972949518167034], [-75.63554992799466, 6.0973369282528855], [-75.63550653559426, 6.097416374194122], [-75.63546820266346, 6.09749838728414], [-75.63543253281455, 6.097580324059242], [-75.63539355893835, 6.097660739219172], [-75.63535134811603, 6.097739498636121], [-75.63531597291828, 6.097818895405035], [-75.6353067406296, 6.097842925918362], [-75.6352811474632, 6.09792097660062], [-75.63526156793982, 6.098000753516561], [-75.63524811359018, 6.098081791438625], [-75.63522957185657, 6.098229618297971], [-75.63521800613103, 6.098378157761904], [-75.6352101756611, 6.09845859861211], [-75.63520945685164, 6.098539418709682], [-75.63521585384417, 6.09861998610258], [-75.63525194152474, 6.098698448189644], [-75.63529328002674, 6.0987742682494], [-75.63537372542206, 6.098890434435523], [-75.63545888589013, 6.099003180096258], [-75.63549052429327, 6.099095813192831], [-75.63551583904832, 6.09919037303137], [-75.63552340756206, 6.099224915853939], [-75.63555549481357, 6.099330658160905], [-75.63557704621147, 6.099410276208711], [-75.63559653194173, 6.099490426002435], [-75.63560664761904, 6.099560493608702], [-75.63561016418505, 6.0996311983321965], [-75.63561015258641, 6.099638250874775], [-75.63559231216627, 6.099699439275606], [-75.63559149615976, 6.0997997086280416], [-75.6355958260174, 6.099899884981058], [-75.63560528962287, 6.099999706218436], [-75.63561986131675, 6.100098911194223], [-75.63563950277756, 6.1001972352081415], [-75.63565817604407, 6.1002726436074335], [-75.63568837866724, 6.100373977911207], [-75.6357264461427, 6.1004671707044364], [-75.63576756450774, 6.1005590557587235], [-75.63581168721593, 6.100649533855462], [-75.63582649327412, 6.10070483071624], [-75.63585805126411, 6.100835832843189], [-75.63588494853747, 6.100967874842691], [-75.63590715445645, 6.101100786905721], [-75.63590773447542, 6.101104703115966], [-75.63591062066202, 6.1011245798591975], [-75.63592375929706, 6.101261683197698], [-75.63595015444817, 6.101488862483493], [-75.63595159706242, 6.1014999951047395], [-75.63597514317505, 6.101668516481606], [-75.63599292724113, 6.101805861934199], [-75.63601444878826, 6.1019426719573], [-75.63603969375869, 6.102078841748505], [-75.63604833764515, 6.102121231826902], [-75.63605669282573, 6.102160545033536], [-75.63608521406469, 6.102235838215013], [-75.63610854975322, 6.1023128979936505], [-75.6361265924873, 6.102391370510111], [-75.63614249539144, 6.102484947500824], [-75.63615618992208, 6.1025788725183405], [-75.63615646283888, 6.102580936027911], [-75.63617097869027, 6.102623395868034], [-75.63618306206091, 6.1026685824823526], [-75.63619197884975, 6.1027145024249805], [-75.63619768641433, 6.1027609317013125], [-75.63619879855051, 6.102788330672544], [-75.63619760888551, 6.102839084356563], [-75.6361922063394, 6.1028895639629255], [-75.63618155718311, 6.102943917811061], [-75.6361736912362, 6.102982491417642], [-75.63616063487794, 6.103019624994012], [-75.63614263309886, 6.103054626646752], [-75.63612002318014, 6.103086838383886], [-75.63610256289267, 6.103106241643447], [-75.63606335708457, 6.103181693068677], [-75.63605952466541, 6.103186451772973], [-75.63602764170957, 6.103226042588053], [-75.63599807579024, 6.103330165693924], [-75.63595658426127, 6.103441499163727], [-75.63591515373858, 6.103574358640074], [-75.63590974485494, 6.103632777642962], [-75.63590895742036, 6.103641302159526], [-75.63590586043767, 6.1036747372996825], [-75.63590009299689, 6.103737035524625], [-75.63586593099025, 6.103904551358727], [-75.63583874676182, 6.104006275220011], [-75.63583301192165, 6.104026853250857], [-75.63583048492922, 6.104035926912882], [-75.6357867187443, 6.104192977541073], [-75.63569192975179, 6.104464706352362], [-75.63567771719194, 6.10451419401238], [-75.63567149633634, 6.104535860190199], [-75.6356517156166, 6.104604735340341], [-75.63559947306437, 6.104717294988013], [-75.63556161775658, 6.104846556054646], [-75.63554559873049, 6.104880883536338], [-75.63552362242149, 6.104927981874462], [-75.63550055699731, 6.105048421091032], [-75.63549904119247, 6.105080870312739], [-75.63549949657433, 6.10508700024482], [-75.63550643081685, 6.105180353609926], [-75.63553071426803, 6.105315413421889], [-75.63555016923985, 6.105432548807996], [-75.63557191842929, 6.10551739117105], [-75.63562144225692, 6.1056217622808395], [-75.63564447179422, 6.105671625231367], [-75.63566261207386, 6.105710901321227], [-75.6356777052161, 6.105743574706797], [-75.6357470207354, 6.1059170103166345], [-75.63580634205238, 6.106104931637573], [-75.63582771180498, 6.106173301341827], [-75.63582903838078, 6.10617861245332], [-75.63583030808363, 6.106183929267871], [-75.63583151641537, 6.1061892554237165], [-75.63583266335834, 6.10619458730474], [-75.63583374530428, 6.106199925832693], [-75.63583475955252, 6.10620527282891], [-75.63583570336701, 6.106210622882502], [-75.63583657496798, 6.106215981426496], [-75.6358373707339, 6.106221346670548], [-75.63583809065592, 6.106226716806594], [-75.63583872932388, 6.106232093669264], [-75.63583928492703, 6.106237476363373], [-75.63583975566343, 6.106242865801817], [-75.63584002431078, 6.106246639791946], [-75.63584057889288, 6.106257167431641], [-75.6358406729097, 6.106260138578553], [-75.635840738946, 6.106263113478808], [-75.63584078149998, 6.1062660884941655], [-75.6358407987697, 6.106269064537526], [-75.63584079165392, 6.1062720407004], [-75.63584076106906, 6.106275019690456], [-75.63584070429235, 6.106277998808915], [-75.6358406222358, 6.106280979859367], [-75.635840519402, 6.1062839601076355], [-75.63584039219595, 6.106286943187512], [-75.63584024421262, 6.106289925465188], [-75.63584007184821, 6.106292908766424], [-75.63583987780778, 6.106295892173892], [-75.63583966299451, 6.106298875683204], [-75.63583942561091, 6.106301861111246], [-75.6358391683488, 6.1063048448286334], [-75.63583888851633, 6.106307830464751], [-75.63583858791101, 6.106310816202695], [-75.63583827013667, 6.1063138002167054], [-75.63583793159835, 6.106316786140591], [-75.63583757318591, 6.106319771257851], [-75.6358371958114, 6.106322757372107], [-75.63583679945266, 6.106325739963232], [-75.6358363859426, 6.106328724446525], [-75.63583595255842, 6.106331708123194], [-75.63583550381598, 6.106334690971082], [-75.63583503520829, 6.106337674820412], [-75.63583455123349, 6.106340656032928], [-75.63583404829215, 6.106343637338401], [-75.63583353360524, 6.106346617797418], [-75.63583299814104, 6.106349597454221], [-75.63583245093125, 6.106352576264552], [-75.6358318847461, 6.106355553359806], [-75.63583130681533, 6.106358529608589], [-75.63583071171998, 6.106361505037465], [-75.63583010306824, 6.106364478724698], [-75.63582617372182, 6.106382288758248], [-75.63582547378827, 6.1063852502362685], [-75.63582476211353, 6.1063882117718284], [-75.63582404048624, 6.106391169739988], [-75.63582330891526, 6.106394125948797], [-75.63582256558543, 6.10639707859906], [-75.63582181232073, 6.106400031298008], [-75.63582104820033, 6.106402980433982], [-75.63582027594258, 6.106405927801753], [-75.6358194946399, 6.106408872501721], [-75.63581870338024, 6.106411812730247], [-75.63581790308004, 6.106414751194997], [-75.63581709554568, 6.106417687887115], [-75.63581628168029, 6.106420622802175], [-75.63581545785794, 6.106423553245793], [-75.63581462859446, 6.106426479195849], [-75.63581378939614, 6.106429405194589], [-75.6358129465586, 6.106432325786906], [-75.6358120955837, 6.106435244611002], [-75.63581124278035, 6.10643815892381], [-75.6358103107318, 6.106441305965575], [-75.63580937324213, 6.106444448513778], [-75.6358084303113, 6.106447586568402], [-75.63580748104503, 6.106450721941944], [-75.63580652543007, 6.10645385192231], [-75.63580556258533, 6.1064569810340705], [-75.63580459610137, 6.10646010473939], [-75.63580362328197, 6.10646322576361], [-75.6358026459202, 6.106466341385816], [-75.63580166132864, 6.106469456139417], [-75.6358006731023, 6.106472566390585], [-75.63579967853607, 6.106475673056646], [-75.63579867764327, 6.106478778849675], [-75.63579767309797, 6.106481876524168], [-75.63579666314251, 6.10648497603328], [-75.63579564864025, 6.106488069236335], [-75.63579462781138, 6.106491161566374], [-75.63579360334774, 6.106494249393981], [-75.63579257346063, 6.10649733634413], [-75.6357915408375, 6.106500417883392], [-75.63579050368966, 6.106503497636744], [-75.63578946111839, 6.106506576512635], [-75.635788413106, 6.106509650894966], [-75.63578736237525, 6.106512723482514], [-75.63578630711983, 6.1065157942841655], [-75.63578525004036, 6.106518861478556], [-75.63578418844062, 6.106521927791044], [-75.6357831232061, 6.106524989601133], [-75.63578205254369, 6.106528049629721], [-75.63578098007055, 6.106531108763139], [-75.63577990307714, 6.106534167014672], [-75.63577882334766, 6.106537219855319], [-75.63577773909351, 6.106540270910071], [-75.63577665393618, 6.106543321969237], [-75.63577556425415, 6.106546371242491], [-75.63577447275253, 6.106549417812525], [-75.63577337673063, 6.106552463500657], [-75.6357722797967, 6.106555507385184], [-75.63577118013558, 6.106558547666876], [-75.63577007776495, 6.106561587961854], [-75.63576897178164, 6.106564628274542], [-75.63576786487305, 6.106567664071535], [-75.63576675526377, 6.106570701689861], [-75.6357656438305, 6.106573735700928], [-75.63576452968326, 6.106576768821269], [-75.63576341372084, 6.1065798001424], [-75.63576229685525, 6.1065828314679615], [-75.63576117908649, 6.10658586279797], [-75.63576005859052, 6.106588890525143], [-75.63575893628821, 6.106591918261158], [-75.63575781127639, 6.106594946010474], [-75.63575668715889, 6.106597971947314], [-75.63575556214263, 6.10660099879261], [-75.6357544326061, 6.106604024756002], [-75.63575330577024, 6.106607048898081], [-75.63575217622486, 6.106610073053444], [-75.63575104758263, 6.106613097204367], [-75.63574991622204, 6.106616119560524], [-75.63574878576463, 6.106619141912271], [-75.6357476525977, 6.106622164277288], [-75.63574538896448, 6.106628207186012], [-75.63574312352934, 6.106634251007612], [-75.63573702027178, 6.106647828998332], [-75.63573549422935, 6.106651223045103], [-75.63573397090526, 6.106654618886663], [-75.63573244757674, 6.106658013824201], [-75.63573092425264, 6.106661409665768], [-75.6357294018317, 6.106664805502911], [-75.6357278785164, 6.106668203152537], [-75.63572635971252, 6.106671599876004], [-75.63572484001432, 6.106674998411953], [-75.63572332212242, 6.106678396939051], [-75.63572180512926, 6.1066817945577], [-75.63572029085445, 6.1066851939711215], [-75.63571877658848, 6.1066885951925975], [-75.63571726503639, 6.106691997304838], [-75.6357157561894, 6.106695398499759], [-75.63571424826326, 6.106698803306374], [-75.63571274303774, 6.106702206291644], [-75.63571123962741, 6.10670561107613], [-75.63570973803226, 6.106709017659816], [-75.63570824095292, 6.10671242422137], [-75.63570674298369, 6.106715833499432], [-75.6357052495347, 6.106719243659386], [-75.63570376060153, 6.106722653797224], [-75.6357022716772, 6.106726065743101], [-75.63570078637882, 6.106729480383364], [-75.63569930379434, 6.1067328959143765], [-75.63569782573454, 6.106736313231306], [-75.63569635038864, 6.106739731438984], [-75.63569487775668, 6.106743150537409], [-75.6356934078519, 6.1067465732386745], [-75.63569194427369, 6.106749996812963], [-75.63569048250181, 6.106753420378415], [-75.63568902526347, 6.106756847537838], [-75.63568757073905, 6.106760275588009], [-75.63568612164688, 6.106763706323696], [-75.63568467527749, 6.106767139758199], [-75.63568323523911, 6.106770574969765], [-75.63568179701147, 6.1067740110765065], [-75.63568036511926, 6.106777449864338], [-75.63567893775175, 6.106780890438087], [-75.63567751310256, 6.106784332806626], [-75.63567609479767, 6.106787779664306], [-75.63567468100418, 6.1067912255958285], [-75.63567327356381, 6.106794677824542], [-75.6356718697317, 6.106798129131541], [-75.63567047043752, 6.106801584936536], [-75.6356690783731, 6.1068050416101425], [-75.63566769084663, 6.106808502781743], [-75.63566631054994, 6.106811964821973], [-75.63566493297597, 6.106815429561001], [-75.63566356354382, 6.106818896972264], [-75.63566219684768, 6.106822369794403], [-75.6356608391788, 6.106825841668264], [-75.63565948785863, 6.106829318935292], [-75.63565814106754, 6.106832798892279], [-75.63565680241825, 6.106836281521486], [-75.63565546829805, 6.106839766840653], [-75.63565414052213, 6.106843256648962], [-75.63565281907725, 6.106846748234352], [-75.63565150578297, 6.106850244300026], [-75.63565020062606, 6.106853742133912], [-75.63564908276376, 6.106856754479604], [-75.63564796761541, 6.106859767716026], [-75.63564685700942, 6.106862786354483], [-75.6356457527256, 6.106865804961954], [-75.63564465025695, 6.1068688253686245], [-75.63564355412376, 6.1068718484564], [-75.63564245889815, 6.106874872443759], [-75.63564136638203, 6.106877896417856], [-75.63564027839944, 6.106880923985923], [-75.63563919132002, 6.106883951549547], [-75.63563810514376, 6.106886979108765], [-75.6356370234922, 6.106890008453901], [-75.63563594094185, 6.10689303870749], [-75.63563486109659, 6.106896068043794], [-75.63563269960859, 6.106902128533278], [-75.63563054082564, 6.106908188105468], [-75.63562945917401, 6.106911217450623], [-75.63560722028409, 6.10697147282612], [-75.635606051707, 6.106974457394986], [-75.63560487678117, 6.106977436570691], [-75.63560369370914, 6.106980412170144], [-75.63560250068456, 6.106983384202179], [-75.6356013013201, 6.1069863526491055], [-75.63560009109105, 6.1069893157249915], [-75.63559887270694, 6.106992273416572], [-75.6355976425551, 6.106995225741538], [-75.63559640426146, 6.106998175394278], [-75.6355951577995, 6.107001116950617], [-75.63559389686912, 6.107004054961693], [-75.63559262778368, 6.107006987588447], [-75.63559134692166, 6.107009913040552], [-75.63559005520392, 6.107012834929668], [-75.63558874900006, 6.107015749657402], [-75.63558743283039, 6.107018658105659], [-75.63558610308223, 6.107021560292131], [-75.63558476065873, 6.107024456212409], [-75.63558340555105, 6.107027344058406], [-75.6355820368737, 6.107030227450688], [-75.63558065460902, 6.10703310277315], [-75.63557925966015, 6.107035970021332], [-75.63557784843212, 6.1070388328290806], [-75.63557642270472, 6.107041685763385], [-75.63557498159247, 6.107044532444743], [-75.63557369597739, 6.1070470402496335], [-75.63557239949331, 6.107049541779475], [-75.63557109214022, 6.107052037034248], [-75.63556977122191, 6.107054528739329], [-75.6355684385226, 6.107057012365721], [-75.63556709767262, 6.107059491511812], [-75.63556574325743, 6.107061967108215], [-75.63556438159034, 6.107064437315881], [-75.63556300814223, 6.10706689944484], [-75.63556162473712, 6.1070693571023895], [-75.63556023227822, 6.10707181028405], [-75.63555882896803, 6.107074260806781], [-75.6355574165863, 6.107076703237539], [-75.63555599606279, 6.1070791429960485], [-75.6355545655867, 6.107081579187158], [-75.63555312785432, 6.107084009085507], [-75.63555168107695, 6.107086436316036], [-75.6355502243426, 6.107088859075123], [-75.63554876126395, 6.1070912773450905], [-75.63554729184096, 6.107093691125889], [-75.63554581156228, 6.107096101343728], [-75.63554432675447, 6.107098508871613], [-75.63554283289282, 6.107100911923643], [-75.63554133358564, 6.107103309578068], [-75.63553982614991, 6.107105707272338], [-75.63553831507937, 6.107108100464192], [-75.63553679586705, 6.107110490983797], [-75.63553526940724, 6.107112877018694], [-75.63553373842717, 6.107115262171703], [-75.63553220290468, 6.107117641922678], [-75.63553066286192, 6.107120020791767], [-75.63552911376092, 6.1071223942809745], [-75.6355275637656, 6.107124769582661], [-75.63552600651394, 6.107127138591571], [-75.63552444564961, 6.1071295076181915], [-75.63552288115929, 6.107131873950445], [-75.63552131304746, 6.107134238492358], [-75.63551973950777, 6.107136601252766], [-75.63551816235096, 6.107138963126875], [-75.6355165851676, 6.107141319576816], [-75.63551500257846, 6.107143678765398], [-75.63551341635456, 6.107146033451562], [-75.63551182832427, 6.107148388146581], [-75.6355102384788, 6.107150741042388], [-75.63550864501181, 6.10715309214787], [-75.63550705154479, 6.107155443253336], [-75.63550545446067, 6.107157793472487], [-75.6355038573721, 6.107160142787629], [-75.63550225846393, 6.107162489399518], [-75.635500659569, 6.107164838723517], [-75.63549905885448, 6.107167185344279], [-75.635497456338, 6.107169532877921], [-75.63549104986258, 6.107178918474648], [-75.63548944733722, 6.107181264200243], [-75.63548784661818, 6.107183609916986], [-75.6354862477143, 6.107185957432929], [-75.63548464881043, 6.1071883049488696], [-75.63548305171287, 6.107190652455959], [-75.63548145913998, 6.107193001748963], [-75.63547986476519, 6.107195351954867], [-75.6354782731043, 6.107197703051497], [-75.6354760483882, 6.107200993845865], [-75.63547383091067, 6.107204287316892], [-75.63547161705465, 6.1072075825782655], [-75.63546941043724, 6.107210880516317], [-75.63546720745458, 6.107214182956789], [-75.6354650117017, 6.107217486265873], [-75.63546282319625, 6.107220794059686], [-75.63546064012748, 6.107224105443041], [-75.63545846429733, 6.107227419503058], [-75.63545629572788, 6.107230740759882], [-75.63545413438376, 6.107234061981291], [-75.63545198210228, 6.10723738948661], [-75.63544983888343, 6.107240723275873], [-75.63544770290318, 6.10724405974178], [-75.63544557507798, 6.107247401592018], [-75.63544345992365, 6.107250748804447], [-75.63544135021486, 6.107254101414472], [-75.6354392522738, 6.107257459391115], [-75.63543716520611, 6.107260824546842], [-75.63543508899414, 6.1072641932655625], [-75.6354333525003, 6.107267032354522], [-75.63543302365997, 6.1072675700674095], [-75.63543096829605, 6.107270954052765], [-75.63541692942354, 6.107294835515798], [-75.63541497640949, 6.107298278666722], [-75.63541303789039, 6.1073017307870705], [-75.63541111294975, 6.107305189169213], [-75.63540931979311, 6.107308446206531], [-75.63540753932064, 6.107311711318104], [-75.63540577422854, 6.107314981778591], [-75.63540402001873, 6.107318261226227], [-75.63540227758104, 6.107321546944511], [-75.63540054963384, 6.107324840728193], [-75.63539883436643, 6.107328141682123], [-75.63539713358504, 6.107331449797442], [-75.63539544366381, 6.107334762379768], [-75.6353937664356, 6.107338084844433], [-75.63539210188713, 6.107341414479327], [-75.63539045091272, 6.107344749471971], [-75.63538881351238, 6.107348089822398], [-75.63538718699428, 6.107351439159962], [-75.63538557494459, 6.107354792042797], [-75.63538397558347, 6.107358153903928], [-75.6353823861749, 6.107361519332485], [-75.63538081034925, 6.10736489192686], [-75.63537924900083, 6.1073682698745575], [-75.6353776985258, 6.10737165500134], [-75.63537616162486, 6.107375045485905], [-75.6353746364828, 6.107378439529008], [-75.63537312583124, 6.107381841637545], [-75.63537162513666, 6.107385248217515], [-75.63537013800729, 6.107388658347185], [-75.63536866175133, 6.107392075655953], [-75.63536720087136, 6.107395497409595], [-75.63536574994835, 6.107398923634686], [-75.63536431169625, 6.107402355221972], [-75.63536427331995, 6.107402449431162], [-75.63536288521189, 6.107405792175863], [-75.6353614741035, 6.107409233574625], [-75.63536007294324, 6.107412677636784], [-75.63535836769432, 6.107416918752568], [-75.63535667872898, 6.1074211652128385], [-75.63535615863859, 6.107422487673625], [-75.63535500784914, 6.1074254161047], [-75.63535335055663, 6.107429675066392], [-75.63535171044201, 6.10743393756011], [-75.63535008119638, 6.1074382063288715], [-75.63534846641915, 6.10744247864294], [-75.63534686069129, 6.107446754528829], [-75.63534526672674, 6.107451034877316], [-75.63534368090839, 6.107455318802084], [-75.63534210233308, 6.107459606307527], [-75.63534115222592, 6.107462201064937], [-75.63534053189512, 6.1074638955811995], [-75.6353389696034, 6.1074681884311355], [-75.63533740911797, 6.10747248127224], [-75.63533585497242, 6.107476777698445], [-75.63533430173888, 6.107481075928298], [-75.63532810416731, 6.107498270580555], [-75.63532655003056, 6.107502568814862], [-75.63532499318426, 6.1075068670624395], [-75.63532343452276, 6.107511163510843], [-75.63532186772387, 6.1075154581910445], [-75.63532029640471, 6.107519751989345], [-75.63531871785133, 6.107524044015016], [-75.63531712933654, 6.107528330665238], [-75.63531553360079, 6.107532618254908], [-75.63531392700045, 6.107536900473538], [-75.63531230683486, 6.107541179142479], [-75.63531067490594, 6.107545453348832], [-75.63530903213012, 6.107549725800264], [-75.63530710541482, 6.1075546677357], [-75.63530516242477, 6.107559606134712], [-75.63530319681563, 6.107564536508163], [-75.63530121400645, 6.107569458829505], [-75.63529920857818, 6.107574373125284], [-75.63529718414793, 6.1075792802818185], [-75.6352951352967, 6.107584180325671], [-75.63529306832454, 6.107589068705723], [-75.6352909805485, 6.107593950859426], [-75.63528886833377, 6.107598822284327], [-75.63528673529746, 6.10760368386676], [-75.63528458234272, 6.107608535602314], [-75.63528240494931, 6.107613376609068], [-75.63528020401596, 6.107618205978581], [-75.635277982261, 6.107623025505627], [-75.63527573606294, 6.107627833399862], [-75.63527346812685, 6.107632628743977], [-75.63527117664638, 6.107637411546811], [-75.6352688607228, 6.107642182716834], [-75.63526652125928, 6.107646942249619], [-75.63526415733052, 6.107651685629461], [-75.63526176895422, 6.107656416472451], [-75.6352593570247, 6.107661132966106], [-75.63525691792928, 6.107665835128154], [-75.63525445708699, 6.10767052293203], [-75.63525196727245, 6.107675196413136], [-75.63524945570218, 6.107679853728018], [-75.63524691695275, 6.107684493999199], [-75.63524435104182, 6.107689120842778], [-75.63524175974482, 6.107693727921741], [-75.63523914308381, 6.107698319756198], [-75.63523649834046, 6.107702894551377], [-75.63523460573617, 6.107706132187463], [-75.63523270045214, 6.107709362653326], [-75.63523078429021, 6.107712585036084], [-75.63522885907446, 6.107715802942955], [-75.63522692660237, 6.107719014557064], [-75.63522498870239, 6.107722224389687], [-75.63522304626001, 6.107725428820277], [-75.63522110110367, 6.107728632360142], [-75.63521720537635, 6.107735040370435], [-75.63521525842246, 6.107738245727214], [-75.63521331600211, 6.107741454677946], [-75.63521137720326, 6.10774466541904], [-75.63520944564743, 6.107747879740841], [-75.6352075204536, 6.107751102167885], [-75.63520560432242, 6.107754330878843], [-75.63520369906023, 6.107757565864891], [-75.63520180648219, 6.107760808925194], [-75.63519992479526, 6.107764062780703], [-75.63519806122038, 6.107767326491987], [-75.6351962121537, 6.107770601884777], [-75.63519438121675, 6.107773890749448], [-75.63519257021588, 6.10777719307713], [-75.63519078095742, 6.107780508858984], [-75.63518901345907, 6.107783841711099], [-75.63518727133354, 6.107787191615781], [-75.63518555187567, 6.107790559490338], [-75.6351838604957, 6.107793943500156], [-75.63518219992523, 6.107797348152067], [-75.63518056656042, 6.107800775271864], [-75.63517896491716, 6.107804224837411], [-75.63517739860808, 6.107807696830966], [-75.63517550856146, 6.107812011177013], [-75.63517365568633, 6.107816354270448], [-75.63517182997265, 6.107820710791463], [-75.63517001241846, 6.1078250736008375], [-75.63516819212376, 6.107829430095318], [-75.63516635278286, 6.107833770410277], [-75.63516448350462, 6.107838083750509], [-75.63516256708017, 6.107842360255831], [-75.6351605917152, 6.1078465891354865], [-75.63515854200716, 6.107850760520416], [-75.63515640254025, 6.1078548618295025], [-75.63515416152455, 6.10785888317598], [-75.6351518035664, 6.107862816498893], [-75.6351493168538, 6.1078666473913295], [-75.63514668328794, 6.107870368709623], [-75.6351438919733, 6.1078739687545465], [-75.63514174133036, 6.107876524194547], [-75.63513950184938, 6.1078790131703755], [-75.63513718347853, 6.107881438345406], [-75.63513479077346, 6.107883807833773], [-75.6351323264525, 6.107886123430227], [-75.6351298004771, 6.107888390510257], [-75.6351272173852, 6.10789061357184], [-75.63512458262238, 6.107892798012584], [-75.6351240671092, 6.10789321007371], [-75.63512190341399, 6.107894943797072], [-75.6351191825226, 6.107897061760351], [-75.63511642808122, 6.107899152766618], [-75.63511364732842, 6.107901219492515], [-75.63511084663067, 6.107903270947347], [-75.6351080277943, 6.10790530712224], [-75.63510519898763, 6.107907336113602], [-75.63510236744932, 6.107909360598111], [-75.63509953681415, 6.107911385078184], [-75.6350967134176, 6.107913412234915], [-75.63509390362609, 6.107915451077587], [-75.63509377763775, 6.107915544812191], [-75.63509111556812, 6.107917501566357], [-75.6350883510766, 6.107919569116561], [-75.63508562011738, 6.107921660007647], [-75.6350829263164, 6.107923776934022], [-75.63508027421604, 6.107925925297723], [-75.63507767196694, 6.107928109579017], [-75.63507512319067, 6.1079303315682685], [-75.63507263696314, 6.107932600261464], [-75.63507021960653, 6.10793491562765], [-75.63506787387904, 6.1079372875978155], [-75.63506560428323, 6.107939713437747], [-75.63506342260014, 6.107942201226161], [-75.63506132886516, 6.107944758195265], [-75.63505841974634, 6.1079486481132905], [-75.63505570642886, 6.1079526835275315], [-75.63505317710516, 6.107956850935117], [-75.63505081640366, 6.107961146795206], [-75.63504861430987, 6.1079655548840135], [-75.63504655454017, 6.1079700698570365], [-75.63504462529586, 6.107974680019509], [-75.63504281570795, 6.10797937909632], [-75.63504110944857, 6.107984152702727], [-75.63503949474999, 6.107988995472143], [-75.63503796070782, 6.107993893897268], [-75.63503648832008, 6.107998840838829], [-75.63503507212354, 6.108003827283131], [-75.63503369308968, 6.108008840666759], [-75.6350323394463, 6.108013874719067], [-75.63503100210865, 6.108018918636014], [-75.63503435472053, 6.108018541487068], [-75.63508320233801, 6.108013055853861], [-75.63518069175643, 6.1080021090895125], [-75.63520326739565, 6.108001625957023], [-75.63520927570823, 6.108001497963171], [-75.63521875190874, 6.1080012942065505], [-75.6352510746898, 6.108000604179065], [-75.63529843856055, 6.107999591803016], [-75.63530075409986, 6.10799954157783], [-75.63535064935225, 6.107998475201821], [-75.63535438095234, 6.107998395433336], [-75.6353699169441, 6.107998063426214], [-75.6353730194058, 6.107998062681916], [-75.63540025877717, 6.107998062041707], [-75.63540647454731, 6.107998062307645], [-75.63541065813504, 6.107998062591422], [-75.63541424200425, 6.107998063103052], [-75.6354526421271, 6.107998063797247], [-75.63545904936029, 6.1079980613158495], [-75.63548877161182, 6.1079980620597345], [-75.63550080122708, 6.107998061847782], [-75.63552265396756, 6.107998063200004], [-75.63552389043005, 6.107998061658423], [-75.6355258928032, 6.107998060882177], [-75.63554542072943, 6.1079980627824035], [-75.63554971992251, 6.10799806249833], [-75.63557111925289, 6.107998062455271], [-75.63562147661199, 6.1079923171447845], [-75.6356434226805, 6.107992749265836], [-75.63568001090074, 6.1079934694094895], [-75.63570077909708, 6.10799387927757], [-75.63574773605083, 6.107994802617474], [-75.6357484657966, 6.107997933376128], [-75.63575465020648, 6.107996693437084], [-75.63579443654079, 6.1079887217381374], [-75.63581415826842, 6.107984770178117], [-75.63582100768149, 6.107983397698926], [-75.63583024369686, 6.107981547028843], [-75.63583130300114, 6.1079813339037905], [-75.63585108698888, 6.107977370284743], [-75.63585919241551, 6.10797574664957], [-75.63587040899532, 6.107973499335116], [-75.63587628481629, 6.107972321479219], [-75.63588988979544, 6.107969594156505], [-75.63590093494054, 6.1079673820359535], [-75.63590389000007, 6.10796679076367], [-75.63596763717469, 6.107949422414311], [-75.63598293444718, 6.107995357144457], [-75.636080436041, 6.108410605693624], [-75.6362372035002, 6.108902394932518], [-75.63643602771134, 6.1090707895402865], [-75.63659088145498, 6.1091856034405945], [-75.63675720838002, 6.109432455031532], [-75.63685279732047, 6.1096027634058], [-75.63692709979105, 6.109614633328991], [-75.63700250161587, 6.109631332693389], [-75.63709628168337, 6.109652100486462], [-75.63708120613475, 6.109594307274184], [-75.63704963633147, 6.109469723490293], [-75.63692332155532, 6.10928482451188], [-75.63677438540257, 6.108963772922972], [-75.63677252051293, 6.108959756346308], [-75.63672862683083, 6.108894759983943], [-75.63686460733385, 6.108773820202523], [-75.63690336884598, 6.108739347654568], [-75.63694296487876, 6.108704132404933], [-75.63719836031272, 6.108467075806064], [-75.63723394459603, 6.108449253314792], [-75.63748361837335, 6.10832421271858], [-75.63710121888282, 6.108215937835984], [-75.63698071964868, 6.108181820750024], [-75.63694510627575, 6.1079024123469905], [-75.6369346174993, 6.107820128548245], [-75.63691645584821, 6.107731146322647], [-75.63692038920144, 6.107679296161752], [-75.6369279250965, 6.1075799730545], [-75.63690852761265, 6.10747284993392], [-75.63689286350838, 6.107418407253848], [-75.63688562775337, 6.10739325416207], [-75.63690343704923, 6.107377242011949], [-75.63691362004204, 6.1073821263609736], [-75.63691640569415, 6.107383461537656], [-75.63697557065149, 6.107415499194466], [-75.63699608392065, 6.10742103712654], [-75.6370057581204, 6.107423646672401], [-75.63701325457406, 6.107425671132162], [-75.63706026541992, 6.107438360293654], [-75.63706985759849, 6.107441742297135], [-75.63708548717995, 6.107447251744598], [-75.63717400540536, 6.107478465548391], [-75.63721807597824, 6.107527231573284], [-75.63726029002382, 6.10754749123027], [-75.63737667064751, 6.107598784620287], [-75.63740311712232, 6.107610439140085], [-75.63743718310927, 6.107625454592475], [-75.63745159932401, 6.1076318071258315], [-75.63747314593061, 6.107643264187216], [-75.63756149208663, 6.107690239004841], [-75.63759781213165, 6.1077046376726045], [-75.63763076193699, 6.107722451186057], [-75.63765230315627, 6.107734098113393], [-75.63772278288585, 6.107749813616585], [-75.63774400882566, 6.107762922122041], [-75.63778012035918, 6.107777898578405], [-75.63781668261032, 6.107793064477945], [-75.63782052536193, 6.107794658442961], [-75.63784471495867, 6.1078046903933005], [-75.63786332069985, 6.107818342424087], [-75.6379323253349, 6.107859836799998], [-75.63794143627435, 6.107864909903605], [-75.63809675783962, 6.107951385544612], [-75.63815115269614, 6.107981672682974], [-75.63815490574383, 6.107983760694414], [-75.6381808257366, 6.107998192264029], [-75.63836110374304, 6.108098564372301], [-75.63837811838442, 6.10810803754372], [-75.63840706599979, 6.108124152941542], [-75.63852793726251, 6.108191449975221], [-75.63858579223627, 6.108149091674383], [-75.63866735759919, 6.108089374109908], [-75.63871456419633, 6.108054811229518], [-75.63886360754944, 6.108085936410761], [-75.63891655427393, 6.107991355536749], [-75.63892694216018, 6.107972798715142], [-75.638966185676, 6.107971493191438], [-75.63901625665386, 6.107969824424796], [-75.63911610357479, 6.1079538325833], [-75.63914685594065, 6.1079384656112445], [-75.63918279345815, 6.107920506595621], [-75.63921531173506, 6.107904254931158], [-75.6392639098626, 6.107879969621163], [-75.63941151929912, 6.10779727959258], [-75.6394980151843, 6.107713642013413], [-75.6395666979923, 6.107671767502274], [-75.63963624997716, 6.107646730189398], [-75.63965384633066, 6.1076180678073015], [-75.63966524391525, 6.107599504219443], [-75.63968951216162, 6.107559976801935], [-75.63969678791774, 6.107521575182088], [-75.63970441585849, 6.107481318539418], [-75.63968847610502, 6.107405880046846], [-75.63967808565428, 6.107372853833434], [-75.63967340742234, 6.107357982647471], [-75.63965925412656, 6.107339114184439], [-75.63965872865424, 6.107338414320744], [-75.63964423624581, 6.107319091882685], [-75.63963635592818, 6.107308585781624], [-75.63963197601446, 6.107304274193675], [-75.63956520767952, 6.10730534783675], [-75.63956518110993, 6.107312459192324], [-75.63956504738871, 6.107318715846536], [-75.63948559414683, 6.10731673279883], [-75.63947007645528, 6.107313780426964], [-75.63945352513821, 6.107310750860802], [-75.63941587901216, 6.107303861516486], [-75.63940687971103, 6.107302216034199], [-75.63934316859071, 6.107290557425026], [-75.63932618154853, 6.107287448629195], [-75.63931148433993, 6.107284759821839], [-75.63925906506786, 6.107275167564995], [-75.63923224161692, 6.1072702591816235], [-75.63922611973017, 6.107269137478404], [-75.63920486762811, 6.107265249533874], [-75.63915155972782, 6.107255495282513], [-75.63909914045496, 6.10724590300759], [-75.6390458307478, 6.10723614875294], [-75.6389925246442, 6.107226392666367], [-75.63894188173171, 6.107217126151714], [-75.63893077610761, 6.1072150941223065], [-75.63876442314584, 6.107184651387438], [-75.63870426739047, 6.1071690218454044], [-75.63865635019918, 6.107159919115132], [-75.6385094336514, 6.107124640982075], [-75.63850426766456, 6.1071234015724265], [-75.63820372774882, 6.107051236317197], [-75.63810694456838, 6.107030725561318], [-75.63799756797073, 6.107000940479193], [-75.63794799416112, 6.107000471315178], [-75.63796674426509, 6.106903806302144], [-75.63796740304151, 6.106902955977924], [-75.63797208984253, 6.106895979053368], [-75.6379758953078, 6.106888484817706], [-75.63804577840875, 6.10677095666428], [-75.63804702897198, 6.106768855851749], [-75.6380984296964, 6.10668241272847], [-75.63809874233381, 6.106681886847327], [-75.638145886151, 6.106602602062357], [-75.63818856037747, 6.106529464126212], [-75.63820739004295, 6.106497189479268], [-75.6382096454614, 6.106495377551932], [-75.63826528242001, 6.1064018078416105], [-75.63827577750597, 6.106388353853826], [-75.63830449889312, 6.106368071674893], [-75.6383455210085, 6.106348941468736], [-75.63842097812231, 6.106327431003741], [-75.63843416430379, 6.106323670560842], [-75.63843524572054, 6.106323363303106], [-75.63843609172986, 6.106323122291788], [-75.6386919190485, 6.106250191452511], [-75.63870898463551, 6.1062435262513555], [-75.63872475738836, 6.106234203168782], [-75.63873882571615, 6.106222460180822], [-75.63875082261968, 6.106208603752258], [-75.63876043826946, 6.106192995214105], [-75.63876741907131, 6.106176044439902], [-75.63877158291848, 6.106158188977737], [-75.63877283214208, 6.1061414317698555], [-75.63877159848569, 6.106124670472941], [-75.63876790997435, 6.10610827922463], [-75.63876184509967, 6.106092609313691], [-75.63875353651198, 6.106078005434835], [-75.63874116987199, 6.106062656645194], [-75.63851357826444, 6.105785208577816], [-75.63846004293407, 6.105719944123127], [-75.6384514974617, 6.105709528036189], [-75.63844136463473, 6.105697174228179], [-75.63840221741593, 6.10566702376712], [-75.63824355064347, 6.105544821961312], [-75.63818205115761, 6.105499127553641], [-75.63815002166542, 6.105494924455579], [-75.63811673744667, 6.1054949231924205], [-75.63808959350952, 6.105460880654269], [-75.63813407071866, 6.105434832046992], [-75.63814253819518, 6.10542987339919], [-75.63816700579478, 6.1054155444693], [-75.63816700574063, 6.105405387501945], [-75.6382184193502, 6.105391686691995], [-75.63826320409208, 6.10537975235864], [-75.63829566829747, 6.105371102293692], [-75.6382943702557, 6.105358156381871], [-75.63847620860845, 6.10534081519057], [-75.6384973454202, 6.105337958671804], [-75.63856605676408, 6.105328675124787], [-75.63857638912135, 6.105328657882791], [-75.63883489319743, 6.105328243891786], [-75.63886117839164, 6.105328201708564], [-75.6389156334944, 6.105325488163869], [-75.63907020588469, 6.10531007510242], [-75.63907277323251, 6.1053092542869525], [-75.6390751778558, 6.105308033777459], [-75.63907735669251, 6.105306446429056], [-75.63907925665524, 6.105304533184331], [-75.6390808273971, 6.105302341300755], [-75.63908203216732, 6.1052999279135705], [-75.6390828369468, 6.105297354664875], [-75.63908322307904, 6.1052946849294525], [-75.63908318096576, 6.10529198746192], [-75.63908271094786, 6.105289331872149], [-75.63908182598847, 6.105286783187905], [-75.63906985114694, 6.10525497974022], [-75.63903346804922, 6.10515832586602], [-75.63902827205214, 6.105147265945553], [-75.63891045532235, 6.104896465789231], [-75.63890555045145, 6.10488601918854], [-75.63888323645925, 6.104832365025931], [-75.6388299180908, 6.104717132870311], [-75.63883242221104, 6.104716680314173], [-75.63882248297531, 6.10464388643346], [-75.63881918217497, 6.104619792610789], [-75.63881262752301, 6.104571969969407], [-75.63879711210491, 6.104573892150303], [-75.63878904434097, 6.104574891827611], [-75.63878691061863, 6.104564480446956], [-75.63877236590506, 6.104482246499692], [-75.63877193801865, 6.10448229199307], [-75.63876068640523, 6.104483450128115], [-75.638756229279, 6.104456167979495], [-75.63875584376365, 6.104453799460651], [-75.63875332609767, 6.104438388777277], [-75.63876609016664, 6.1044364159094515], [-75.63876327326733, 6.104414860985652], [-75.63875739819069, 6.104369880040874], [-75.63875655743703, 6.104363446449762], [-75.63874845290735, 6.1043015978917365], [-75.6387448620414, 6.104302006055303], [-75.63874233941773, 6.104284290980971], [-75.63873670672686, 6.104244725892547], [-75.63873328000672, 6.104244901814729], [-75.63872966998899, 6.104245087676535], [-75.63872425947376, 6.104245365543014], [-75.63872313608559, 6.104230274379755], [-75.63872005368135, 6.104188801898159], [-75.63871616680069, 6.104136498364067], [-75.63870759658853, 6.104136886654514], [-75.6387066409725, 6.104118983082941], [-75.6387048500627, 6.104085430041679], [-75.63868756418918, 6.104080664625022], [-75.63862290293477, 6.104062841206256], [-75.63854535392498, 6.10404146480618], [-75.6384858386195, 6.104033154723237], [-75.63843014710137, 6.104017036610629], [-75.63840366617643, 6.104009371802193], [-75.63828555119815, 6.103975184182415], [-75.63820942511006, 6.10395315163817], [-75.63804437111865, 6.103905375797045], [-75.63796686301451, 6.103882943166075], [-75.63796544209868, 6.103882531560197], [-75.63793306678157, 6.103873160761443], [-75.6379310905324, 6.103872590054228], [-75.63791693565703, 6.10386849271284], [-75.63791878763867, 6.103862496126728], [-75.63785609571191, 6.103840504319054], [-75.63783857477267, 6.103834397510945], [-75.6377689424519, 6.103810122649608], [-75.63777383273757, 6.103791944496939], [-75.63777489984929, 6.103787976825195], [-75.63778195438151, 6.103759877894154], [-75.63778291914332, 6.103756035482836], [-75.63781067564292, 6.103645464583562], [-75.63781868161414, 6.103633869795246], [-75.63782145997332, 6.103629844010204], [-75.63786416773706, 6.103567989424135], [-75.63786665553756, 6.103564387253909], [-75.63790357875739, 6.103510909004504], [-75.63790598584809, 6.1035074247562076], [-75.6379216713157, 6.103484703269357], [-75.63792264617197, 6.103483292695839], [-75.63794919491868, 6.103444843571536], [-75.63795773539046, 6.103432474106437], [-75.63795773448055, 6.103417893638259], [-75.6379577349336, 6.103417432571976], [-75.63795773414415, 6.103377778355081], [-75.63788123689103, 6.103271764267389], [-75.63788397515746, 6.103222450434008], [-75.63788435291478, 6.103215668227638], [-75.63788444587533, 6.103213993476381], [-75.63788469745232, 6.10320948014318], [-75.63788609788662, 6.103109182798052], [-75.63788697670542, 6.103109371955244], [-75.63806573608244, 6.103148077347271], [-75.63807326847095, 6.103149707475376], [-75.63809942567507, 6.103154166348705], [-75.63812595706992, 6.103154621169405], [-75.63814150919201, 6.103153007124335], [-75.63816909520582, 6.103146573357469], [-75.6381952870218, 6.103135775358933], [-75.63821939597021, 6.103120891336455], [-75.63823091874274, 6.10310390926449], [-75.63823641648898, 6.103095805549397], [-75.63831867733781, 6.102974556399324], [-75.63832805934149, 6.1029560524661735], [-75.63834138585207, 6.102935767202691], [-75.63838065709493, 6.102875979853249], [-75.63842185072579, 6.102877543449086], [-75.63843140894222, 6.102872160892042], [-75.63846606011778, 6.102844055014069], [-75.63847419558816, 6.102834749542312], [-75.63848278731025, 6.102824920198076], [-75.63850907367143, 6.102795615892108], [-75.63852878827994, 6.1027657164055515], [-75.63855746472386, 6.102734622118555], [-75.63853052293872, 6.102706227045441], [-75.63852377242905, 6.102701217376715], [-75.6385230535953, 6.102700683898053], [-75.63851290651829, 6.102693151418267], [-75.63841732786699, 6.102622204938497], [-75.63836418564962, 6.10264030056572], [-75.63835716427742, 6.102642690941906], [-75.63834113423457, 6.102648148625542], [-75.63827472830937, 6.102670759004664], [-75.63825248964065, 6.102605318316679], [-75.63824914391905, 6.1025954679532655], [-75.63824682824972, 6.102588657369285], [-75.63824087913946, 6.102571154356635], [-75.63824085531222, 6.1025710839578045], [-75.63821686083062, 6.102503050930637], [-75.638234434868, 6.102497502509096], [-75.63823077479883, 6.10248542882677], [-75.63822928855643, 6.102480526234936], [-75.6382133070097, 6.102427791977769], [-75.6381949276578, 6.102367149119379], [-75.63819330189334, 6.1023617888594], [-75.63819180735551, 6.10235685195403], [-75.6381776912156, 6.1023102750511935], [-75.63817019023939, 6.10228553099492], [-75.6381507941315, 6.102231021650705], [-75.63814655317724, 6.102219102694045], [-75.6381404798361, 6.102201865171827], [-75.6381326402369, 6.102179718292929], [-75.63812149898335, 6.102148234329801], [-75.63811509078947, 6.102129935288907], [-75.63809929702778, 6.102082900114903], [-75.63808949431933, 6.1020414542201875], [-75.63808838394908, 6.1020367658513175], [-75.6380790663687, 6.101997374284456], [-75.63804094637717, 6.101875104366965], [-75.6380348995096, 6.101855706941857], [-75.63803472531208, 6.1018020155315025], [-75.63806036292434, 6.101656179145973], [-75.63806126185024, 6.101651064160754], [-75.63807119310924, 6.101594557731824], [-75.63808646001029, 6.10150770792686], [-75.6380879969183, 6.10149897000961], [-75.63809954836765, 6.101419919553423], [-75.63810210892511, 6.10140239199242], [-75.63810667429772, 6.1013711546736875], [-75.63811194942451, 6.101293369010414], [-75.63811647597606, 6.101220968809541], [-75.63811679178136, 6.101215921774548], [-75.63812080484387, 6.101151729222662], [-75.63812318204364, 6.101113707813187], [-75.63812565963597, 6.101087898684013], [-75.63812734913547, 6.10104259945036], [-75.63812851611276, 6.101012707740786], [-75.6381286812383, 6.101008429884499], [-75.63812968858565, 6.100982646947474], [-75.6381317361911, 6.100940761448535], [-75.63813241600344, 6.100926858391988], [-75.63814350490267, 6.100899654597779], [-75.638159192987, 6.100856431146242], [-75.63818587755891, 6.10079111493306], [-75.63824673435859, 6.100820971109937], [-75.63825799784439, 6.10082649929123], [-75.63834087821637, 6.100867158436897], [-75.63842403870056, 6.100890121281246], [-75.63853159160574, 6.100917942207053], [-75.63853454331691, 6.100918706120452], [-75.63855164767737, 6.100923130746498], [-75.63868929297956, 6.100941786236928], [-75.63883554242047, 6.10100206339226], [-75.63884604297368, 6.100997676098586], [-75.6388550202761, 6.100993926394062], [-75.63894961177252, 6.100954405061876], [-75.63910766315578, 6.100890141589389], [-75.63913710774841, 6.100878166853079], [-75.63913970464353, 6.100877112657385], [-75.6391619516975, 6.100868067066813], [-75.63918444932773, 6.100858918089662], [-75.6391978907594, 6.100853452307687], [-75.63945314451607, 6.100749663633717], [-75.6394554899202, 6.100748711019487], [-75.63946849056823, 6.100743424587767], [-75.63947794426865, 6.100739579423368], [-75.6396015058485, 6.100689337697444], [-75.63991455061603, 6.100562052258511], [-75.63991619203026, 6.100561384254163], [-75.64032346159003, 6.1003957831917734], [-75.64032386347553, 6.100392457044854], [-75.64032426447118, 6.100389133614432], [-75.64032466816742, 6.100385808362676], [-75.64032507547186, 6.10038248218916], [-75.64032548638893, 6.100379155997944], [-75.64032590364135, 6.100375832487781], [-75.6403263253963, 6.100372506243384], [-75.64032675437646, 6.100369179963562], [-75.64032725344458, 6.10036541126165], [-75.64032777149666, 6.100361646082807], [-75.64032832026925, 6.100357883465383], [-75.64032891063563, 6.1003541305884434], [-75.64032955071976, 6.100350386508075], [-75.64033025318348, 6.100346654778327], [-75.64033102435774, 6.10034293717628], [-75.6403318769088, 6.100339238159989], [-75.64033324986461, 6.100333914733188], [-75.64033470329849, 6.100328610800599], [-75.64033612237711, 6.100323299804193], [-75.64033739591956, 6.100317963304404], [-75.64033831949783, 6.100313275817932], [-75.640339090297, 6.100308559247427], [-75.6403397535102, 6.10030382060353], [-75.64034034890719, 6.100299066019496], [-75.64034091988361, 6.1002943043228886], [-75.64034150984398, 6.1002895461493365], [-75.64034216034665, 6.100284794007127], [-75.64034291662458, 6.100280063043138], [-75.64034352793126, 6.100276713267833], [-75.64034416094906, 6.100273370618396], [-75.64034476143118, 6.100270023608343], [-75.64034527967759, 6.1002666670571895], [-75.64034575308173, 6.100262452786786], [-75.64034607014729, 6.10025822029833], [-75.6403462868964, 6.100253974741291], [-75.64034646208272, 6.100249725771942], [-75.64034663142473, 6.100245758893479], [-75.64034680890403, 6.100241793783187], [-75.64034699813317, 6.1002378304233655], [-75.64034719641157, 6.100233870635312], [-75.6403474019152, 6.100229910811834], [-75.64034761104031, 6.10022595277868], [-75.64034782558436, 6.100221994718927], [-75.6403480410227, 6.100218034846718], [-75.64034821593327, 6.100214836379659], [-75.6403483890331, 6.100211637017423], [-75.64034855490327, 6.100208436786607], [-75.64034871625768, 6.100205236577944], [-75.64034886676983, 6.1002020355184206], [-75.64034900191508, 6.100198831822148], [-75.64034912261873, 6.100195630004803], [-75.64034922344415, 6.100192426476882], [-75.64034933214741, 6.100187880402701], [-75.64034941283519, 6.1001833308497515], [-75.6403494754599, 6.10017878138541], [-75.64034953628277, 6.100174232833949], [-75.64034960613276, 6.100169683334164], [-75.64034970129319, 6.10016513823046], [-75.6403498325842, 6.100160593853549], [-75.64035001626704, 6.100156051027746], [-75.64035031980501, 6.100150531244824], [-75.64035069561743, 6.1001450156276125], [-75.64035113014815, 6.1001395024345015], [-75.6403515926678, 6.100133987296012], [-75.64035189878417, 6.100130469961314], [-75.64035220939861, 6.100126948988379], [-75.64035253176293, 6.100123429765913], [-75.64035286678022, 6.100119912289451], [-75.64035321626127, 6.100116397454174], [-75.64035358289783, 6.100112881630718], [-75.64035396852276, 6.100109370234341], [-75.64035437403034, 6.100105861452566], [-75.64035480394078, 6.100102356167283], [-75.64035526187998, 6.10009885707282], [-75.6403568155535, 6.100088385124521], [-75.64035740093918, 6.100084906197967], [-75.6403580270066, 6.100081435208255], [-75.6403586928482, 6.10007797125581], [-75.64035945845325, 6.1000742229436975], [-75.64036025299463, 6.100070481722014], [-75.64036105658082, 6.1000667431680995], [-75.64036184569441, 6.100063000164958], [-75.64036255820788, 6.100059476316585], [-75.64036324179388, 6.10005594718583], [-75.64036389645241, 6.10005241277271], [-75.64036452309547, 6.100048874880825], [-75.64036512713315, 6.100045331675562], [-75.64036570585597, 6.100041783170214], [-75.64036626288981, 6.10003823205911], [-75.64036680003215, 6.100034676525345], [-75.64036731637985, 6.100031116573365], [-75.6403678155632, 6.100027555801539], [-75.64036829847207, 6.1000239914933685], [-75.64036876690837, 6.100020422735955], [-75.6403692236081, 6.1000168549401765], [-75.64036966673841, 6.100013282690706], [-75.64037010082832, 6.100009708677512], [-75.64037052769744, 6.100006135603783], [-75.64037121685632, 6.100000239654535], [-75.64037189878997, 6.099994343740749], [-75.64037258254322, 6.099988450530174], [-75.64037328437283, 6.099982559943066], [-75.64037400971542, 6.099976675568951], [-75.64037477303029, 6.099970799144974], [-75.6403755842743, 6.099964935142549], [-75.64037645609153, 6.099959083499636], [-75.64037721411869, 6.099954340774709], [-75.6403780164446, 6.099949606872949], [-75.64037886035987, 6.099944881807644], [-75.64037974494802, 6.099940162871142], [-75.64038066297938, 6.099935449194879], [-75.64038161626915, 6.09993074257804], [-75.64038260118257, 6.099926038518216], [-75.64038361320829, 6.099921337941582], [-75.64038465233746, 6.099916639040094], [-75.64038571494419, 6.099911939119421], [-75.64038679833229, 6.099907240904888], [-75.64038790068662, 6.099902542597343], [-75.64038901747368, 6.099897840602815], [-75.64039014779478, 6.099893135829775], [-75.64039128802843, 6.099888426487896], [-75.64039243546074, 6.099883711686432], [-75.64039316412399, 6.099880719337718], [-75.64039387560959, 6.099877723457091], [-75.6403945572823, 6.099874725914617], [-75.64039518566013, 6.099871726825478], [-75.64039574989191, 6.0998687235307525], [-75.64039622740329, 6.099865717045233], [-75.64039660283622, 6.0998627065402085], [-75.6403968617491, 6.099859693894588], [-75.64039699639031, 6.099856387139703], [-75.64039701534382, 6.099853063775435], [-75.64039696460847, 6.0998497109195], [-75.64039688928884, 6.0998463175020925], [-75.64039679898822, 6.099842446822156], [-75.64039655437234, 6.099838602212427], [-75.64039598070305, 6.099834881262893], [-75.6403948887917, 6.099831381634445], [-75.64039273666756, 6.099827536436821], [-75.64038988254944, 6.099824013810619], [-75.6403866292639, 6.099820682991912], [-75.64038328503433, 6.099817408670088], [-75.64038013132587, 6.099814124373257], [-75.64037712009436, 6.099810794175226], [-75.64037417923804, 6.099807449167243], [-75.64037123754055, 6.099804116820003], [-75.64036812470016, 6.099800694003591], [-75.64036495425714, 6.099797312151734], [-75.64036173336594, 6.099793956764621], [-75.64035848095294, 6.0997906196130005], [-75.64035520690857, 6.099787291607886], [-75.64035192744973, 6.099783964533354], [-75.64034865606178, 6.099780625666606], [-75.64034540445472, 6.099777268621864], [-75.64034136993494, 6.099773017700072], [-75.64033738218004, 6.099768725866776], [-75.64033343581535, 6.099764402188796], [-75.64032952543523, 6.099760049404811], [-75.64032564203471, 6.0997556729832585], [-75.64032178203657, 6.099751280174038], [-75.64031793554153, 6.099746878258072], [-75.64031409713067, 6.099742467261942], [-75.64031026324452, 6.099738058051651], [-75.6403064248825, 6.099733656999691], [-75.64030257572252, 6.099729264137016], [-75.6402987067862, 6.0997248903562635], [-75.64029481628488, 6.099720539282365], [-75.64028293439945, 6.099707682366096], [-75.64027979887041, 6.099704421484125], [-75.6402766363486, 6.099701181527578], [-75.64027344955674, 6.099697965195216], [-75.64027024209422, 6.099694769757251], [-75.64026701934449, 6.0996915879549105], [-75.6402637795057, 6.09968842070109], [-75.64026052797021, 6.099685262545061], [-75.64025726924496, 6.099682111656613], [-75.64025400603494, 6.099678967118451], [-75.64025073650731, 6.0996758235153], [-75.64024747148665, 6.099672678081902], [-75.64024421095523, 6.099669527202167], [-75.64024095491749, 6.099666371780135], [-75.64023771055881, 6.099663203644149], [-75.64023447879121, 6.099660024597826], [-75.64023126230202, 6.099656830107747], [-75.64022814455305, 6.099653695704398], [-75.64022504296794, 6.099650542236791], [-75.64022196027385, 6.099647373307696], [-75.64021889557205, 6.099644189825615], [-75.64021584613096, 6.099640987283676], [-75.64021281378342, 6.099637771097187], [-75.64020979670988, 6.099634538562941], [-75.64020679853178, 6.099631291471246], [-75.64020381291819, 6.099628028045067], [-75.64020084260072, 6.099624752791242], [-75.64019788936797, 6.0996214620848255], [-75.64019494781428, 6.099618158664444], [-75.64019202156113, 6.099614844320441], [-75.64018910968765, 6.099611515441157], [-75.64018621039641, 6.099608173843478], [-75.64018332279309, 6.099604821339915], [-75.64018044869285, 6.0996014597296195], [-75.64017758897229, 6.099598083584042], [-75.64017473824347, 6.099594699257919], [-75.64017190191646, 6.099591304916647], [-75.64016907456791, 6.099587899682744], [-75.64016625710984, 6.099584485359845], [-75.6401634522517, 6.09958106193466], [-75.6401606554777, 6.099577629429338], [-75.64015787131692, 6.099574190533814], [-75.64015509433273, 6.09957074165856], [-75.64015232454724, 6.099567287323691], [-75.64014956737495, 6.099563826598602], [-75.64014681467864, 6.099560357715135], [-75.64014407279366, 6.099556883354332], [-75.64014133540235, 6.09955340445124], [-75.6401386070028, 6.099549917367604], [-75.6401353095743, 6.099545686332947], [-75.64013202023443, 6.09954144712218], [-75.64012874080275, 6.099537202438492], [-75.64012547037167, 6.099532951382311], [-75.64012220893235, 6.099528692145573], [-75.64011895470063, 6.099524429257251], [-75.6401157076632, 6.099520160005293], [-75.64011247143267, 6.099515884371966], [-75.6401092405946, 6.099511603287868], [-75.64010601876596, 6.099507317639322], [-75.64010279961589, 6.099503025649288], [-75.64009959038725, 6.0994987308984046], [-75.64009638655548, 6.0994944316007915], [-75.64009318631426, 6.099490127765289], [-75.64008999598565, 6.099485819360909], [-75.6400868056438, 6.099481508244405], [-75.64008362341713, 6.099477194375925], [-75.640080444781, 6.099472875969576], [-75.640077271555, 6.099468555728565], [-75.64007410011322, 6.099464230958524], [-75.6400709322797, 6.099459905266701], [-75.64006776985188, 6.099455576836195], [-75.64005829515979, 6.099442580634114], [-75.64005514172833, 6.099438244926952], [-75.64005198830135, 6.099433910123772], [-75.64004883667188, 6.099429573503649], [-75.64003623916841, 6.099412223362361], [-75.64002994133347, 6.099403550999108], [-75.64002678970441, 6.099399214378698], [-75.64002363809308, 6.099394881374336], [-75.64002048467111, 6.099390547474769], [-75.64001732945174, 6.099386215392082], [-75.64001417244825, 6.099381887838325], [-75.64001101183219, 6.0993775603022256], [-75.64000784941874, 6.099373234583005], [-75.64000468250285, 6.099368911597975], [-75.6400015128997, 6.099364593146304], [-75.63999834149472, 6.099360275607454], [-75.63999516468859, 6.099355961711263], [-75.6399919806794, 6.099351652370559], [-75.6399887939741, 6.099347345755184], [-75.6399856027752, 6.099343043682044], [-75.639982406184, 6.099338747059572], [-75.63997920418721, 6.099334453175701], [-75.6399759949874, 6.099330163847348], [-75.63997278039969, 6.099325880873689], [-75.63996955860452, 6.099321601551527], [-75.63996632961515, 6.099317328592911], [-75.63996309343159, 6.0993130619978615], [-75.63995985185132, 6.0993087999494735], [-75.63995660036736, 6.0993045442779215], [-75.6399533407905, 6.099300295878367], [-75.63995007221315, 6.099296053851252], [-75.6399467946353, 6.0992918181965425], [-75.63994350986768, 6.09928758980942], [-75.63994021339454, 6.099283368712012], [-75.6399369070266, 6.099279155799516], [-75.63993359165816, 6.099274949259425], [-75.63993141600669, 6.099272200780527], [-75.63992923585276, 6.099269455035841], [-75.63992705120077, 6.0992667129293885], [-75.63992486385266, 6.099263973548254], [-75.63992267020016, 6.099261237814211], [-75.63992047655655, 6.099258503888195], [-75.63991827659977, 6.099255771801223], [-75.63991607574869, 6.099253041526691], [-75.63991387310018, 6.099250313069059], [-75.63991166504606, 6.09924758735005], [-75.63990945609764, 6.099244863443496], [-75.63990724625054, 6.099242140445374], [-75.63990503279969, 6.099239419272994], [-75.6399028193533, 6.099236699004635], [-75.6399006032019, 6.099233979653548], [-75.63989838615177, 6.099231261210912], [-75.63989659434334, 6.099229065029593], [-75.63989617000927, 6.09922854366785], [-75.63989394934659, 6.099225825242874], [-75.63988951255037, 6.099220391082821], [-75.63988507574538, 6.099214955114631], [-75.63988285688029, 6.099212234872673], [-75.6398806362089, 6.099209514639537], [-75.6398784209609, 6.099206795283848], [-75.63987620299018, 6.099204073229344], [-75.6398739895397, 6.099201352056713], [-75.63987177606707, 6.099198626363934], [-75.63986956351093, 6.099195903378777], [-75.63986735363771, 6.099193174956176], [-75.63986514555754, 6.099190443812615], [-75.63986294199316, 6.099187712646892], [-75.63985923451732, 6.0991831102484015], [-75.63985553333264, 6.099178501490682], [-75.63984813546595, 6.0991692812408855], [-75.63984443609219, 6.09916467337817], [-75.63984073401348, 6.0991600664327095], [-75.63983702564816, 6.099155466750413], [-75.63983331009752, 6.099150875239696], [-75.63982958374893, 6.099146291918273], [-75.63982584481822, 6.099141721315148], [-75.63982209060919, 6.099137166155677], [-75.63981832112187, 6.09913262643984], [-75.63981453094172, 6.099128103098251], [-75.63981072008649, 6.099123599746999], [-75.63980688676753, 6.099119120011031], [-75.63980302646912, 6.099114663912507], [-75.63979980674242, 6.099110991192861], [-75.63979656631845, 6.099107333943469], [-75.63979331062059, 6.09910369304175], [-75.63979003243244, 6.099100070331196], [-75.63978674078997, 6.09909646667154], [-75.63978342845024, 6.0990928784821055], [-75.63978009993346, 6.099089306644788], [-75.6397767543276, 6.09908574935597], [-75.63977339345671, 6.099082210222869], [-75.63977001459358, 6.099078685642694], [-75.63976662044769, 6.099075175602146], [-75.63976320831844, 6.099071681922569], [-75.63975978180073, 6.099068200970142], [-75.63975634000913, 6.099064736365402], [-75.63975288383348, 6.0990612853918345], [-75.63974941508452, 6.0990578489446206], [-75.6397459283345, 6.099054425242254], [-75.63974243081307, 6.099051015153378], [-75.63973891709686, 6.09904761780049], [-75.63973539260041, 6.099044232253032], [-75.6397318519136, 6.099040860345601], [-75.63972830044652, 6.099037500243582], [-75.63972473458657, 6.099034151964703], [-75.63972115975264, 6.099030815482361], [-75.63971757052585, 6.099027490823161], [-75.63971396960675, 6.099024176165754], [-75.63971035881055, 6.099020873309328], [-75.63970673722523, 6.099017580450266], [-75.63970310304448, 6.099014297597426], [-75.63969945897777, 6.099011024737522], [-75.63969580501181, 6.099007759158484], [-75.63969214207631, 6.099004506280021], [-75.639688469246, 6.099001261586448], [-75.63968478652086, 6.098998025077764], [-75.6396810948129, 6.098994798557569], [-75.63967739500758, 6.098991578405378], [-75.63967368710934, 6.098988365525178], [-75.63966996932069, 6.09898516173389], [-75.63966624524541, 6.098981965205738], [-75.63966251578665, 6.098978775936326], [-75.6396587746135, 6.098975592148573], [-75.6396550307796, 6.098972418318327], [-75.63965127792746, 6.098969247244387], [-75.63964752059502, 6.098966083424743], [-75.63964375606395, 6.098962925064615], [-75.63963998523737, 6.098959772159594], [-75.63963620992163, 6.098956624700821], [-75.63963243010787, 6.098953480880235], [-75.63962864399862, 6.098950342514755], [-75.63962485519765, 6.098947207778586], [-75.63962106009235, 6.098944076689494], [-75.63961726320733, 6.098940951033351], [-75.63961346181543, 6.098937827207347], [-75.63960965863497, 6.098934707006245], [-75.63960585095205, 6.0989315895393235], [-75.63960203966543, 6.098928473898096], [-75.6395982274978, 6.098925362781398], [-75.63959441262077, 6.098922251677923], [-75.63959059595514, 6.098919144199347], [-75.63958677837758, 6.098916034917126], [-75.63958295991459, 6.098912929255377], [-75.63957914054849, 6.09890982359801], [-75.63957149640635, 6.0989036141177335], [-75.63957028316085, 6.098903002602641], [-75.63956906721032, 6.098902392004851], [-75.6395678539825, 6.098901784105841], [-75.63956663802756, 6.0989011726040205], [-75.63956542119158, 6.098900565626739], [-75.63956420436003, 6.098899959553475], [-75.63956298662974, 6.098899354388659], [-75.6395617716222, 6.098898751922641], [-75.63956055029699, 6.098898150391636], [-75.63955933079137, 6.098897551563843], [-75.6395581104003, 6.098896956356564], [-75.6395568873219, 6.0988963656826956], [-75.63955566334477, 6.098895775917275], [-75.63955443848218, 6.09889518977237], [-75.63955321274298, 6.098894609056044], [-75.63955198431645, 6.098894032873113], [-75.63955075500003, 6.098893459406691], [-75.63954952119883, 6.098892892290566], [-75.63954828651659, 6.098892329698995], [-75.6395470509489, 6.098891770727942], [-75.63954581180842, 6.098891219910802], [-75.63954456998059, 6.09889067362709], [-75.639543327285, 6.098890134579986], [-75.63954208100778, 6.09888960187875], [-75.63954083205206, 6.098889075518989], [-75.6395395804267, 6.098888557308714], [-75.63953832520642, 6.098888042732239], [-75.63953706913608, 6.098887539008497], [-75.6395358085898, 6.098887043443097], [-75.63953454266, 6.09888655513646], [-75.6395332749637, 6.0988860749749], [-75.63953200370347, 6.098885604775315], [-75.63953068271675, 6.098885123970975], [-75.63952935726738, 6.098884654037061], [-75.63952802824963, 6.098884193161101], [-75.63951893682506, 6.098881224548535], [-75.6395186564099, 6.098881136422777], [-75.6395173113389, 6.098880717211609], [-75.63951596537362, 6.09888029981291], [-75.63951462032031, 6.098879884217825], [-75.63951327075125, 6.098879468644893], [-75.6395119247948, 6.098879053054227], [-75.63951057794407, 6.098878639276049], [-75.63950923108003, 6.098878222785779], [-75.63950788601346, 6.0988778044786045], [-75.63950654454625, 6.0988773834416445], [-75.63950520125945, 6.098876959701468], [-75.63950385976568, 6.098876533240345], [-75.63950252184914, 6.098876099529322], [-75.63950118662436, 6.098875662188903], [-75.63949985227619, 6.098875219419898], [-75.63949852150523, 6.098874769400991], [-75.63949719250519, 6.098874312141042], [-75.63949586978741, 6.098873846713853], [-75.63949454702983, 6.098873373150453], [-75.6394932314532, 6.0988728905113625], [-75.63949191854184, 6.098872398818753], [-75.63949061189058, 6.0988718944387905], [-75.63948930789572, 6.098871379197264], [-75.63948755947544, 6.0988706663403995], [-75.6394858163635, 6.098869930856352], [-75.63948408399649, 6.098869176334646], [-75.6394823596738, 6.098868404596611], [-75.63948064337333, 6.098867611122133], [-75.63947893423615, 6.098866804955885], [-75.639477230425, 6.098865979778546], [-75.639475535579, 6.098865140996561], [-75.63947384517358, 6.098864286824004], [-75.63947216102831, 6.098863419964089], [-75.63947048043812, 6.098862541334155], [-75.6394688070068, 6.098861649108413], [-75.63946713534199, 6.098860748737584], [-75.63946546904744, 6.098859838395928], [-75.63946380723326, 6.098858920799907], [-75.63946214627357, 6.098857993255197], [-75.63946048889554, 6.098857059364592], [-75.63945883421368, 6.098856122748626], [-75.63945718039518, 6.098855177992], [-75.63945552837859, 6.098854232322472], [-75.6394538790493, 6.0988532821195545], [-75.63945222700616, 6.098852331025872], [-75.63944892742678, 6.098850427008302], [-75.63944727718997, 6.098849475905743], [-75.63944562334939, 6.098848526628949], [-75.63944397042522, 6.098847580059788], [-75.63944231481815, 6.098846638928043], [-75.63944065741806, 6.098845700517213], [-75.63943899734387, 6.098844769351877], [-75.63943733278492, 6.098843844536817], [-75.6394356646576, 6.098842928779725], [-75.639433616242, 6.0988418178049395], [-75.639431561553, 6.098840716805407], [-75.63942950151143, 6.098839629392792], [-75.63942743610404, 6.098838552855042], [-75.63942536802702, 6.098837484466771], [-75.63942329369429, 6.098836429669863], [-75.63942121577992, 6.098835381218814], [-75.63941913159213, 6.098834342743017], [-75.63941704652333, 6.09883330879177], [-75.63941495879372, 6.098832284798046], [-75.63941286838123, 6.09883126624175], [-75.63941077347508, 6.098830252227713], [-75.63940867769233, 6.098829243642229], [-75.63940658102854, 6.0988282395812945], [-75.63940448166856, 6.0988272382457005], [-75.63940238142757, 6.0988262414346375], [-75.63940028028786, 6.098825245532031], [-75.63939817824942, 6.098824250537846], [-75.63939397509782, 6.098822265065162], [-75.63939187486127, 6.098821269158082], [-75.63938977372158, 6.0988202732554], [-75.63938767619007, 6.098819276430972], [-75.63938557774658, 6.098818277802931], [-75.63938348199042, 6.098817274641448], [-75.63938138711973, 6.09881626785945], [-75.63937929673385, 6.098815254727123], [-75.63937720813658, 6.09881423796982], [-75.63937512220897, 6.098813213063016], [-75.6393730389687, 6.098812183622784], [-75.63937096020437, 6.09881114602418], [-75.63936888591601, 6.098810100267199], [-75.63936684146265, 6.098809060692291], [-75.63936479967008, 6.098808011159802], [-75.6393627641642, 6.0988069543641075], [-75.63936073132798, 6.09880588941891], [-75.63935870208225, 6.098804819935859], [-75.6393566755106, 6.098803743207313], [-75.6393546516086, 6.098802658329265], [-75.63935263130595, 6.098801570721409], [-75.63935061188434, 6.098800478588999], [-75.63934859695638, 6.098799381914308], [-75.63934658019558, 6.098798279824321], [-75.6393445679417, 6.098797175904141], [-75.63934255656886, 6.09879606745939], [-75.63934054699791, 6.098794958101748], [-75.63933853741368, 6.098793846032027], [-75.63933652782507, 6.0987927330582545], [-75.63933452093704, 6.098791618263159], [-75.63933251314587, 6.09879050347248], [-75.639328495744, 6.098788271187839], [-75.63932648705855, 6.098787158209602], [-75.63932447746996, 6.098786045235778], [-75.63932246969652, 6.098784934061135], [-75.63932045741174, 6.098783823812643], [-75.63931844424594, 6.098782718088682], [-75.63931642837954, 6.098781614186056], [-75.6393146597549, 6.098780648294493], [-75.63931441252642, 6.098780512995487], [-75.63931239489796, 6.098779418141925], [-75.63931037457772, 6.098778326917742], [-75.63930835157016, 6.098777240226965], [-75.63930632407782, 6.098776159886474], [-75.63930429480571, 6.098775084978966], [-75.63930227733209, 6.098774021766223], [-75.63930025719768, 6.098772968511024], [-75.63929823166646, 6.098771919802493], [-75.63929620525423, 6.098770875618511], [-75.63929417436162, 6.098769838688841], [-75.63929214077724, 6.098768805388551], [-75.6392901063207, 6.0987677784208385], [-75.63928807008438, 6.098766756886127], [-75.63928602754812, 6.098765739902511], [-75.63928398594156, 6.098764728338613], [-75.63928193984135, 6.098763721316974], [-75.63927989195697, 6.098762718824294], [-75.63927784318713, 6.098761719952122], [-75.63927578992366, 6.09876072562221], [-75.63927373758546, 6.098759735807973], [-75.63927168074476, 6.098758748727933], [-75.63926962302304, 6.098757766172442], [-75.63926756441586, 6.098756787237459], [-75.63926550401565, 6.0987558110234055], [-75.63926344091483, 6.098754836630654], [-75.63926137784497, 6.098753868566087], [-75.63925931206568, 6.098752900514774], [-75.63925724631294, 6.098751937887604], [-75.6392551796526, 6.098750974360828], [-75.63925311030052, 6.098750014463417], [-75.63925104186485, 6.0987490572736345], [-75.63924989676761, 6.098748529499741], [-75.63924897073743, 6.098748103713234], [-75.6392468996056, 6.0987471492487995], [-75.63924482757945, 6.098746196596827], [-75.63924275646974, 6.098745246652485], [-75.63924068446573, 6.098744298520606], [-75.63923860974784, 6.098743349497974], [-75.63923747735666, 6.098742834318418], [-75.63923634766167, 6.098742316413489], [-75.63923521436733, 6.098741801238334], [-75.63923408286603, 6.09874128334227], [-75.63923403218335, 6.098741261893597], [-75.6392329486774, 6.098740769979584], [-75.63923181628623, 6.09874025480001], [-75.63923068480263, 6.098739740520012], [-75.63922955241145, 6.098739225340431], [-75.6392284182184, 6.098738711073708], [-75.63922728493293, 6.098738197706595], [-75.63922615255503, 6.098737685239073], [-75.6392250183664, 6.098737171876364], [-75.63922388419105, 6.098736661225736], [-75.63922275091443, 6.098736149666657], [-75.6392216167435, 6.098735639920045], [-75.63922048346245, 6.098735127456935], [-75.63921934749408, 6.09873461952722], [-75.63921821331873, 6.0987341088765765], [-75.63921707735035, 6.098733600946854], [-75.63921594228954, 6.0987330939167235], [-75.63921480632115, 6.098732585987011], [-75.63921366855533, 6.098732079874179], [-75.63921253260023, 6.09873157465653], [-75.63921139574195, 6.098731069443288], [-75.63921025798496, 6.09873056513851], [-75.63920912204313, 6.098730062632903], [-75.63920798519372, 6.098729559227714], [-75.63920684474499, 6.0987290585523], [-75.63920570789557, 6.098728555147105], [-75.63920456835883, 6.098728056275303], [-75.6391931578015, 6.098723101081295], [-75.63919201289009, 6.09872261127627], [-75.6391908679831, 6.098722122375264], [-75.63918972397482, 6.098721632565805], [-75.63918857817795, 6.0987211463813065], [-75.63918743238551, 6.098720661100811], [-75.63918628749622, 6.098720175815901], [-75.63918513899874, 6.098719691452703], [-75.63918399232084, 6.098719209792735], [-75.63918284473536, 6.098718727233166], [-75.63918169626442, 6.098718248294115], [-75.63918054598275, 6.098717768459892], [-75.63917939751624, 6.098717290424857], [-75.63917824815101, 6.098716813298269], [-75.639177096094, 6.0987163398010695], [-75.63917594583003, 6.098715863582942], [-75.63917479378188, 6.098715391893766], [-75.63917364082614, 6.098714919305006], [-75.63917248787926, 6.09871444852429], [-75.63917133313934, 6.0987139804644945], [-75.63917017750514, 6.098713514217186], [-75.63916902187533, 6.098713048873881], [-75.63916786623668, 6.098712581722526], [-75.63916670971702, 6.098712119095728], [-75.63916555230303, 6.0987116582814], [-75.63916434963855, 6.098711178703908], [-75.639163141564, 6.098710700961024], [-75.63916193710648, 6.098710224104468], [-75.63916073175024, 6.09870974815634], [-75.6391595236934, 6.098709274029554], [-75.63915831743842, 6.09870879898987], [-75.63915590403862, 6.0987078516270055], [-75.63915469597292, 6.098707375692158], [-75.63915348972237, 6.098706901556484], [-75.63915228346742, 6.098706426516798], [-75.63915107721246, 6.0987059514770925], [-75.63914987275054, 6.09870547371646], [-75.63914866738546, 6.098704995960266], [-75.63914746472099, 6.098704516382725], [-75.63914626204327, 6.098704034093094], [-75.63914506026869, 6.098703551799049], [-75.63914385937515, 6.098703064980455], [-75.63914266028792, 6.098702578152988], [-75.63914146117858, 6.0987020868054005], [-75.63914026658057, 6.098701594531634], [-75.63913907106172, 6.098701098646215], [-75.63912723857463, 6.098695928547418], [-75.63912577572361, 6.0986952495469104], [-75.63912432096117, 6.098694562370327], [-75.63912286707091, 6.098693868861132], [-75.63912141945849, 6.098693166280708], [-75.63911997452016, 6.0986924564547955], [-75.63911853316787, 6.098691741187012], [-75.63911709539285, 6.098691018669312], [-75.63911565939758, 6.098690290718612], [-75.63911422607639, 6.098689555522423], [-75.63911279544696, 6.098688816696853], [-75.63911136658845, 6.098688070630221], [-75.63910994132488, 6.098687320929766], [-75.63910851603477, 6.098686565805182], [-75.63910709433956, 6.098685807046757], [-75.63910567442856, 6.0986850437593745], [-75.639104251786, 6.098684275965133], [-75.63910283275162, 6.098683507249138], [-75.63910141369513, 6.098682734013037], [-75.63909999551967, 6.0986819562523555], [-75.63909857733982, 6.098681177587661], [-75.63909715915109, 6.098680397114915], [-75.63909574095354, 6.098679614834099], [-75.6390943227383, 6.098678828937184], [-75.63909290452305, 6.098678043040265], [-75.63909006266483, 6.098676469464925], [-75.63908863992499, 6.098675681782078], [-75.63908721718516, 6.098674894099226], [-75.63908579083272, 6.098674106434059], [-75.63908436267397, 6.098673318777756], [-75.63908293270893, 6.098672531130304], [-75.63908150005211, 6.098671747112219], [-75.63908113691063, 6.098671549097993], [-75.63908032820197, 6.098671104655063], [-75.63907915455879, 6.098670464918828], [-75.63907798181434, 6.098669824274138], [-75.63907680636484, 6.0986691845467496], [-75.6390756336027, 6.098668540285943], [-75.63907445994182, 6.098667896933582], [-75.63907328897271, 6.098667249951861], [-75.63907211889351, 6.098666600253606], [-75.63907095240036, 6.098665945113515], [-75.63906978861225, 6.098665289056099], [-75.6390686311064, 6.098664624831464], [-75.63906747358729, 6.098663957894773], [-75.6390663241656, 6.098663284590036], [-75.63906517922871, 6.098662604935], [-75.63906403877662, 6.098661918929643], [-75.63906290640425, 6.0986612229401675], [-75.63906178122613, 6.098660520587107], [-75.6390606632246, 6.098659808254357], [-75.6390595524129, 6.098659088653982], [-75.63905845148282, 6.098658358156594], [-75.63905735862802, 6.098657616771079], [-75.6390562765624, 6.098656865388164], [-75.63905520347083, 6.098656102208638], [-75.63905414205388, 6.098655325411192], [-75.63905309232042, 6.098654536803872], [-75.63905205517801, 6.098653737286274], [-75.63905103060014, 6.098652921434241], [-75.63905001678934, 6.098652091064692], [-75.63904901735822, 6.098651246159902], [-75.63904803410864, 6.098650385807008], [-75.63904706343243, 6.098649510927728], [-75.6390461089201, 6.098648616984235], [-75.63904525590578, 6.098647793058869], [-75.63904441727115, 6.098646954598262], [-75.63904358760612, 6.098646103437039], [-75.63904277053658, 6.098645242269546], [-75.63904196333537, 6.098644367493006], [-75.63904116512587, 6.098643484535948], [-75.63904037499611, 6.098642591594791], [-75.63903959474796, 6.098641687756619], [-75.63903882079534, 6.098640778463318], [-75.63903805401927, 6.098639859190326], [-75.63903729082486, 6.098638933571443], [-75.63903653483356, 6.098638003397025], [-75.63903578242392, 6.0986370668767185], [-75.63903503361362, 6.09863612762663], [-75.63903428929697, 6.09863518383429], [-75.63903354405947, 6.0986342364302635], [-75.63903280242134, 6.098633286296441], [-75.63903206259835, 6.098632337961825], [-75.63903132365638, 6.098631385102665], [-75.63903058201825, 6.098630434968852], [-75.63902983857824, 6.098629485747897], [-75.6390290933275, 6.0986285356317875], [-75.63902834629256, 6.098627590044664], [-75.63902759656145, 6.098626647182871], [-75.6390268396184, 6.098625707068579], [-75.6390260809044, 6.098624774195325], [-75.63902531588163, 6.098623844065144], [-75.6390245436646, 6.098622920298557], [-75.63902376606846, 6.098622004694738], [-75.63902298037492, 6.098621095458939], [-75.6390221838922, 6.098620196220535], [-75.63902137931206, 6.098619303350134], [-75.63902024163427, 6.0986180767112055], [-75.63901908596863, 6.098616865529226], [-75.639017914117, 6.098615668891331], [-75.63901673149391, 6.098614485866923], [-75.63901553809491, 6.098613315551974], [-75.63901433389788, 6.098612153426372], [-75.63901312160345, 6.098610997668786], [-75.63901190663054, 6.098609848252655], [-75.63901068715955, 6.098608702474732], [-75.63900946678099, 6.098607555797223], [-75.63900824821317, 6.09860641001488], [-75.63900703053524, 6.098605261516016], [-75.6390058218623, 6.09860410754874], [-75.639004616771, 6.098602947235587], [-75.63900342156576, 6.098601776929444], [-75.63900223805284, 6.098600596621489], [-75.63900121325052, 6.098599550238504], [-75.63900019563363, 6.098598495683905], [-75.63899918610088, 6.098597432049196], [-75.6389981855687, 6.098596362042033], [-75.63899719311182, 6.098595281146746], [-75.63899620785806, 6.098594195695906], [-75.6389952270935, 6.098593104798772], [-75.63899425532512, 6.098592006625178], [-75.63899328625735, 6.098590906630254], [-75.63899232256425, 6.098589797568498], [-75.63899136158061, 6.098588688493474], [-75.63899040508622, 6.098587573972157], [-75.63898945220002, 6.098586458529106], [-75.6389884984018, 6.098585341282431], [-75.6389875472998, 6.098584221310383], [-75.63898659710097, 6.098583101333924], [-75.63898493306756, 6.098582652946752], [-75.63898327083605, 6.098582203646697], [-75.63898160860896, 6.098581755250659], [-75.63897995088438, 6.098581304120393], [-75.63897829315093, 6.098580851182091], [-75.6389766399377, 6.098580399125655], [-75.6389749912225, 6.098579943431003], [-75.63897334430037, 6.098579485015386], [-75.63897170277944, 6.098579022957125], [-75.6389700693692, 6.0985785572429085], [-75.63896844047915, 6.098578092410589], [-75.63896681696819, 6.09857761941546], [-75.6389652024755, 6.098577143663987], [-75.63896359517707, 6.09857666154893], [-75.63896199780005, 6.0985761766730855], [-75.6389604085337, 6.0985756881413], [-75.63895883096855, 6.0985751914157325], [-75.6389572615008, 6.098574688322155], [-75.63895570465506, 6.098574180646463], [-75.63895415951934, 6.098573666585037], [-75.6389526260804, 6.098573143425822], [-75.6389511034483, 6.098572613885285], [-75.6389495979363, 6.098572076124421], [-75.63894810593622, 6.098571531064965], [-75.63894662924992, 6.098570977794004], [-75.63894516606668, 6.098570415416401], [-75.63894371910035, 6.098569844822869], [-75.6389422910516, 6.098569264192111], [-75.63894087830779, 6.09856867354182], [-75.6389394826708, 6.098568071959101], [-75.63893810776207, 6.098567461234328], [-75.6389367517665, 6.098566839568291], [-75.63893541467961, 6.09856620605695], [-75.63893409830332, 6.0985655597874455], [-75.63893280355845, 6.09856490437146], [-75.6389315304229, 6.098564235288827], [-75.63893027619164, 6.098563553456901], [-75.6389290480943, 6.098562859744258], [-75.63892784521447, 6.098562151443271], [-75.63892666124335, 6.098561431296997], [-75.63892565195648, 6.098560787138486], [-75.63892113949748, 6.098557607122847], [-75.63892011584964, 6.098556796690111], [-75.63891912192621, 6.098555969838853], [-75.63891815501773, 6.098555126582353], [-75.63891721873685, 6.0985542669028865], [-75.63891631217155, 6.098553388996835], [-75.6389154380401, 6.098552494658963], [-75.63891459362866, 6.098551582998548], [-75.63891378163783, 6.098550652194225], [-75.63891300206319, 6.098549701342009], [-75.63891225673315, 6.098548734953144], [-75.63891154562118, 6.098547747603491], [-75.63891086783299, 6.0985467411055225], [-75.6389102269723, 6.098545713633486], [-75.6389096212417, 6.098544667004299], [-75.63890905062787, 6.098543598505841], [-75.63890851875232, 6.098542509928501], [-75.63890802560617, 6.098541399464219], [-75.63890756758566, 6.098540268938744], [-75.63890715009202, 6.09853911470941], [-75.63890668131967, 6.098537632562492], [-75.6389062710886, 6.098536116678919], [-75.63890591849122, 6.098534566159101], [-75.63890562084903, 6.098532987344461], [-75.63890537453615, 6.098531377540669], [-75.638905180469, 6.098529739455338], [-75.63890502872175, 6.098528074945239], [-75.63890492291145, 6.098526384896693], [-75.63890485853116, 6.0985246711398595], [-75.63890483106955, 6.098522934600914], [-75.63890484053549, 6.098521177087902], [-75.63890488242643, 6.098519401335014], [-75.63890495492726, 6.098517605543086], [-75.63890505625378, 6.098515794241091], [-75.63890518279338, 6.0985139674467], [-75.63890533184545, 6.098512126981293], [-75.63890550071379, 6.098510275570186], [-75.63890558851907, 6.098509392790326], [-75.63890568577698, 6.098508411423054], [-75.63890588704825, 6.098506537251969], [-75.63890609913521, 6.098504658507647], [-75.63890632110822, 6.098502769770341], [-75.63890655028877, 6.098500877381546], [-75.63890678124909, 6.098498979559723], [-75.63890701672074, 6.098497080811761], [-75.63890724767663, 6.098495182085917], [-75.63890747682179, 6.0984932824649185], [-75.63890769695755, 6.098491387408306], [-75.63890790807064, 6.098489494204006], [-75.63890810836801, 6.098487605572944], [-75.6389082942459, 6.0984857233409056], [-75.63890846120184, 6.098483850242061], [-75.63890860833706, 6.0984819871848766], [-75.63890870619055, 6.0984805736804], [-75.638908792334, 6.098479166561652], [-75.6389088640624, 6.0984777667459324], [-75.6389089249751, 6.098476371503468], [-75.6389089750721, 6.098474980834222], [-75.63890901254264, 6.09847359384306], [-75.63890903921516, 6.098472215041245], [-75.63890905867574, 6.09847083898693], [-75.63890906550988, 6.098469466610665], [-75.63890906514534, 6.09846809969397], [-75.63890905575813, 6.098466734629588], [-75.63890616128472, 6.098417479179754], [-75.63890611412923, 6.098416886356293], [-75.63890599095478, 6.098415339232197], [-75.63890586327784, 6.098413794842303], [-75.6389057550835, 6.0984125405558975], [-75.63890564688916, 6.0984112862694735], [-75.63890553238161, 6.098410033822099], [-75.63890541697975, 6.098408783187199], [-75.63890529795644, 6.09840753076194], [-75.63890517713567, 6.098406280153599], [-75.63890505450861, 6.09840502955411], [-75.63890492736577, 6.098403778976736], [-75.63890479932866, 6.098402530211852], [-75.63890467129151, 6.098401281446969], [-75.63890453783547, 6.0984000327086445], [-75.63890440347187, 6.0983987830707225], [-75.63890426821837, 6.098397536149297], [-75.63890412934342, 6.098396287437531], [-75.63890399138047, 6.098395040529384], [-75.63890385069924, 6.098393791826471], [-75.63890370822052, 6.098392544940473], [-75.63890356574183, 6.098391298054458], [-75.63890341965494, 6.098390052090172], [-75.63890327356363, 6.098388805221863], [-75.63890312838433, 6.098387560157175], [-75.6389029786804, 6.098386313306587], [-75.63890283077839, 6.098385065543106], [-75.63890268288078, 6.098383818683649], [-75.638902532287, 6.09838257454954], [-75.63890238077236, 6.098381326803765], [-75.63890222927101, 6.098380081770076], [-75.63890207866396, 6.098378834923897], [-75.63890192806575, 6.0983775898857635], [-75.63890177564798, 6.098376342144412], [-75.63890162415105, 6.0983750980147455], [-75.63890147263643, 6.098373850268969], [-75.63890127026873, 6.098372176966472], [-75.63890106519158, 6.0983705036772555], [-75.63890086190746, 6.098368827667114], [-75.638900655024, 6.09836715438675], [-75.63890044452793, 6.09836548112409], [-75.63890023132242, 6.098363807874709], [-75.63890001541188, 6.098362135542631], [-75.63889979589317, 6.0983604641322815], [-75.63889956824606, 6.098358792761787], [-75.63889933428577, 6.098357123230307], [-75.63889909490655, 6.098355453725403], [-75.63889884650025, 6.098353785168769], [-75.63889858997885, 6.09835211936406], [-75.63889832533353, 6.098350454503213], [-75.63889804985479, 6.098348790599506], [-75.63889776445023, 6.098347128552538], [-75.63889741439667, 6.098345174815373], [-75.63889704719207, 6.098343222970358], [-75.63889666554147, 6.098341272100188], [-75.63889627036569, 6.098339325816532], [-75.6388958616515, 6.098337381407336], [-75.63889544030646, 6.09833543977218], [-75.63889500723371, 6.098333500906636], [-75.63889456062253, 6.0983315639155355], [-75.63889410229251, 6.098329631502112], [-75.63889363403224, 6.0983277000414], [-75.638893154943, 6.098325770441852], [-75.63889266413048, 6.098323844515956], [-75.63889216521171, 6.098321923150015], [-75.63889165726586, 6.09832000273236], [-75.63889114120049, 6.098318084162587], [-75.63889061702444, 6.098316169248744], [-75.63889017024323, 6.098314566755718], [-75.63888972076585, 6.098312966988055], [-75.63888926677714, 6.098311368146531], [-75.63888880647521, 6.098309771144054], [-75.63888834347266, 6.098308175962901], [-75.63888787684867, 6.098306578991406], [-75.63888740392474, 6.098304986571012], [-75.63888693007999, 6.098303390538931], [-75.63888645264473, 6.098301799044706], [-75.63888597249559, 6.098300206659719], [-75.63888548873828, 6.098298615196458], [-75.63888500406897, 6.098297021929575], [-75.63888451579591, 6.098295430488443], [-75.63888402661087, 6.09829383724369], [-75.6388835347252, 6.098292245820261], [-75.63888304372944, 6.098290651680334], [-75.63887225568459, 6.0982604452085285], [-75.63887177915393, 6.098259407890399], [-75.63887129452587, 6.0982583769402865], [-75.63887080177828, 6.098257347838056], [-75.63887029642194, 6.098256326029984], [-75.63886980758767, 6.098255358383741], [-75.63886930973074, 6.098254392589825], [-75.63886880287767, 6.09825343407236], [-75.63886828790505, 6.098252477402777], [-75.63886776483064, 6.098251526197188], [-75.6388672345487, 6.098250578643104], [-75.63886669525291, 6.098249634749393], [-75.63886615145908, 6.098248694493889], [-75.63886559955456, 6.098247757894349], [-75.63886503953937, 6.098246824950722], [-75.63886447592485, 6.098245894736885], [-75.63886390419522, 6.0982449672749555], [-75.63886332707321, 6.09824404526374], [-75.6388627445323, 6.098243123279082], [-75.63886215750216, 6.098242206740695], [-75.63886156505313, 6.098241290228864], [-75.63886096810603, 6.098240377355275], [-75.6388603684539, 6.0982394653989855], [-75.6388597625018, 6.098238557993798], [-75.63885915294595, 6.098237652414361], [-75.63885853977752, 6.098236746852627], [-75.63885792481602, 6.098235844011832], [-75.6388573062552, 6.0982349439008114], [-75.63885668589691, 6.098234045606688], [-75.63885606373235, 6.098233147321417], [-75.63885543795958, 6.0982322499578725], [-75.63885481129692, 6.09823135531084], [-75.63885418373998, 6.098230462476263], [-75.63885355436345, 6.098229566938482], [-75.6388529222996, 6.098228675934079], [-75.63885229203319, 6.098227783112793], [-75.63885166087249, 6.098226892103978], [-75.63885103880963, 6.098226014611266], [-75.63885041856635, 6.098225139821771], [-75.63884979741108, 6.098224263228669], [-75.63884917626022, 6.098223387539573], [-75.63884855421065, 6.098222512758942], [-75.63884793216107, 6.098221637978293], [-75.6388473101115, 6.098220763197641], [-75.63884668626447, 6.0982198902339055], [-75.63884606422374, 6.098219017261315], [-75.63884544038115, 6.098218145201582], [-75.63884481473666, 6.098217274054741], [-75.63884419089848, 6.098216402899044], [-75.63884356346097, 6.098215534473122], [-75.63884293781649, 6.098214663326276], [-75.6388423103834, 6.098213795804375], [-75.63884168294588, 6.098212927378448], [-75.63884105371534, 6.098212061673442], [-75.63884042448481, 6.098211195968452], [-75.63883979344796, 6.0982103302722965], [-75.63883916060924, 6.098209465489033], [-75.63883852597749, 6.098208603426672], [-75.63883789134574, 6.098207741364328], [-75.63883725491651, 6.09820688111888], [-75.6388366184829, 6.098206019969409], [-75.63883598025623, 6.098205161540858], [-75.63883534022769, 6.098204304025183], [-75.63883469839726, 6.098203447422381], [-75.63883405476938, 6.098202592636493], [-75.63883340933077, 6.098201736955416], [-75.63883276390986, 6.098200884890449], [-75.63883211307004, 6.098200032852039], [-75.6388230600686, 6.09818848372568], [-75.63882184330632, 6.098186968178387], [-75.63882062112957, 6.098185453561654], [-75.63881939806295, 6.0981839416614285], [-75.63881817230013, 6.098182432486546], [-75.63881694383231, 6.098180924228959], [-75.63881571536447, 6.0981794159713845], [-75.63881448419163, 6.098177908631089], [-75.63881325212448, 6.098176403103278], [-75.6388120209649, 6.098174898475041], [-75.63881091701157, 6.098173549623472], [-75.63880981394813, 6.098172198055385], [-75.63880871089795, 6.098170849199364], [-75.63880760783894, 6.09816949853529], [-75.63880650747612, 6.098168145145864], [-75.63880541073034, 6.09816679264275], [-75.63880431216941, 6.098165438340438], [-75.63880321901857, 6.098164082203516], [-75.63880212765635, 6.098162722441627], [-75.63880103899913, 6.09816136176243], [-75.6387999548356, 6.09815999654098], [-75.63879887427584, 6.098158629493758], [-75.63879779731984, 6.098157260620796], [-75.63879672394992, 6.098155886305966], [-75.63879565778312, 6.098154507435588], [-75.6387945961188, 6.098153125831002], [-75.63879375438798, 6.098152023403028], [-75.63879291444137, 6.0981509164460785], [-75.63879207900608, 6.098149808562972], [-75.6387912471613, 6.098148696142042], [-75.63879041621523, 6.098147582812642], [-75.63878958977611, 6.09814646765306], [-75.638788762425, 6.0981453506898555], [-75.63878793959404, 6.09814423460854], [-75.638787116741, 6.0981431140070885], [-75.63878629479112, 6.0981419934012235], [-75.63878547555068, 6.098140872782079], [-75.63878465811213, 6.098139751250038], [-75.63878138293023, 6.09813526334039], [-75.63878056368983, 6.098134142721211], [-75.63877974353743, 6.098133020298425], [-75.63877892430145, 6.098131900583264], [-75.63877810236045, 6.098130781785419], [-75.63877727951629, 6.098129662991998], [-75.63877645487469, 6.098128546015474], [-75.63877562753689, 6.098127431764294], [-75.63877479930036, 6.098126318421563], [-75.63877396655693, 6.098125206909006], [-75.6387731347255, 6.098124097200084], [-75.63877229658527, 6.098122990234213], [-75.63877145756402, 6.098121887792883], [-75.63877061401816, 6.09812078356565], [-75.63876976780264, 6.0981196874879045], [-75.6387689161638, 6.098118590532673], [-75.63876806184204, 6.098117499014892], [-75.6387673838681, 6.098116638972868], [-75.63876670229483, 6.098115781660618], [-75.63876602073482, 6.098114927060435], [-75.63876533376032, 6.0981140733908505], [-75.6387646449928, 6.098113222442184], [-75.63876395262152, 6.098112373319269], [-75.63876326026349, 6.098111526908422], [-75.63876256429728, 6.098110681419302], [-75.63876186473175, 6.09810983865997], [-75.63876116337318, 6.09810899862156], [-75.63876046201018, 6.098108157679125], [-75.63875975525039, 6.098107321283362], [-75.63875904849058, 6.098106484887598], [-75.63875833903904, 6.098105652121221], [-75.63875762778561, 6.098104820267717], [-75.63875691382272, 6.098103988427473], [-75.63875619717248, 6.098103161120658], [-75.63875547780839, 6.0981023329230775], [-75.63875475845755, 6.0981015074375655], [-75.63875403731367, 6.098100684672993], [-75.63875331256163, 6.098099862830145], [-75.63875258600328, 6.09809904099613], [-75.63875185945818, 6.098098221874202], [-75.63875113021692, 6.098097405477637], [-75.6387503991649, 6.098096588185881], [-75.63874966721862, 6.098095772706597], [-75.63874893347045, 6.098094958140203], [-75.6387481970305, 6.098094147203165], [-75.63874745968297, 6.098093335366541], [-75.638746720538, 6.098092525346816], [-75.63874597959115, 6.098091716239965], [-75.63874523865314, 6.098090908941158], [-75.63874449591327, 6.098090102555243], [-75.63874374956961, 6.09808929799506], [-75.63874300502786, 6.098088492521999], [-75.63874225778991, 6.0980876897743], [-75.63874151055197, 6.098086887026602], [-75.63874076152098, 6.098086086999823], [-75.63874000976729, 6.098085284274233], [-75.63873925983316, 6.098084484251877], [-75.63873850629527, 6.098083686055269], [-75.63873775185864, 6.0980828887671095], [-75.63873699832519, 6.098082091474539], [-75.63873624298985, 6.098081295094825], [-75.63873548765008, 6.098080497811084], [-75.63873473051287, 6.098079702344259], [-75.63873397158261, 6.098078909598336], [-75.6387332126391, 6.0980781141403595], [-75.63873245370885, 6.098077321394432], [-75.63873169477418, 6.098076527744499], [-75.63873093404206, 6.09807573591146], [-75.63873017421751, 6.098074944978001], [-75.6387294116791, 6.098074153153812], [-75.6387286491451, 6.098073362233643], [-75.63872788842181, 6.098072572208644], [-75.63872712588781, 6.098071781288472], [-75.63872636244625, 6.098070989468684], [-75.63872559811922, 6.098070201269446], [-75.63872483377894, 6.098069410358103], [-75.63872407125379, 6.09806862124597], [-75.63872254169218, 6.098067043947866], [-75.63872101393245, 6.098065465736863], [-75.63871768208959, 6.09806213437987], [-75.63871601752511, 6.0980604691467315], [-75.63871435114106, 6.098058801210365], [-75.63871268838292, 6.098057135968355], [-75.63871102560266, 6.098055466206218], [-75.63870936282683, 6.098053797348095], [-75.63870770185291, 6.09805212757707], [-75.63870604357517, 6.098050455080702], [-75.63870438710376, 6.098048782575457], [-75.63870273242539, 6.098047107349296], [-75.63870108044321, 6.098045429397743], [-75.63869943115725, 6.098043748720849], [-75.63869778366875, 6.0980420662270465], [-75.63869614068717, 6.09804038190304], [-75.63869450130052, 6.0980386939452265], [-75.63869286370694, 6.098037003266463], [-75.63869122971269, 6.098035309857933], [-75.63868959930895, 6.098033611911555], [-75.63868797431087, 6.098031911226524], [-75.63868635290329, 6.098030206003663], [-75.63868473689695, 6.098028497138141], [-75.6386831262874, 6.0980267837259365], [-75.63868151747093, 6.0980250675927845], [-75.63867991585757, 6.09802334690408], [-75.63867831963215, 6.098021619860645], [-75.63867672879914, 6.098019887366505], [-75.63867514336737, 6.098018151229687], [-75.63867356423997, 6.098016411445786], [-75.63867199320114, 6.098014663485795], [-75.63867042484969, 6.098012910992418], [-75.63866886550322, 6.098011153030614], [-75.63866737782409, 6.098009459808956], [-75.63866589374872, 6.098007764761537], [-75.63866441596006, 6.098006062450942], [-75.63866294266948, 6.098004356502096], [-75.63866147386372, 6.098002644202949], [-75.63866000867057, 6.098000931886072], [-75.63865854797108, 6.09799921502694], [-75.63865708906462, 6.097997495446878], [-75.63865563376194, 6.097995774041057], [-75.63865418024791, 6.097994049010265], [-75.63865272854902, 6.097992325778661], [-75.63865127772675, 6.097990597118479], [-75.63864837790626, 6.097987143405355], [-75.63864692709288, 6.097985416553199], [-75.63864547538078, 6.097983690609482], [-75.63864402457183, 6.097981964661333], [-75.6386425692383, 6.097980236927258], [-75.63864111302816, 6.097978514621741], [-75.63863965410856, 6.097976792329511], [-75.63863819069091, 6.097975073675498], [-75.63863672457268, 6.0979733568428], [-75.63863525667465, 6.097971645443104], [-75.63863378065713, 6.097969935891262], [-75.63863230013712, 6.097968229073646], [-75.63863081603546, 6.097966528601875], [-75.63862932563387, 6.0979648326812095], [-75.63862782713046, 6.097963142224527], [-75.63862632233152, 6.097961457222959], [-75.63862480942191, 6.0979597758773245], [-75.63862328932689, 6.097958102703319], [-75.63862176205089, 6.097956438604947], [-75.63862033108374, 6.0979548915607085], [-75.63861889112047, 6.097953351792926], [-75.6386174430642, 6.097951819297173], [-75.63861598600296, 6.097950292269814], [-75.6386145244702, 6.097948774304828], [-75.63861305123184, 6.0979472636295755], [-75.63861157170679, 6.097945760217502], [-75.63861008319004, 6.097944264985889], [-75.63860404736964, 6.097938373056611], [-75.63860251572717, 6.097936924142686], [-75.63860097600055, 6.097935484308836], [-75.6385994272822, 6.097934052655467], [-75.63859787050183, 6.097932634602293], [-75.63859630202472, 6.097931225646898], [-75.63859472727862, 6.097929827570775], [-75.63859314264649, 6.097928439487604], [-75.63859154724287, 6.097927065017922], [-75.63858994467152, 6.097925702335963], [-75.63858833040786, 6.097924349655789], [-75.63858670808658, 6.097923011479849], [-75.63858507497613, 6.097921683301303], [-75.63858343290934, 6.097920370535409], [-75.63858178006221, 6.097919069574955], [-75.6385801182499, 6.097917782219137], [-75.63857844657367, 6.097916509376372], [-75.63857676411712, 6.097915248339049], [-75.63857507180991, 6.097914004526881], [-75.63857336692048, 6.097912773433014], [-75.63857165487661, 6.0979115568389375], [-75.63856908837111, 6.097909773978353], [-75.63856650126559, 6.09790802647653], [-75.63856389081522, 6.0979063071145205], [-75.63856126245658, 6.097904619481884], [-75.6385586152688, 6.097902959966967], [-75.63855595013743, 6.097901324949214], [-75.63855326707125, 6.097899716236676], [-75.63855056877529, 6.097898132912066], [-75.63854785705146, 6.097896574062492], [-75.63854513277637, 6.0978950342594045], [-75.6385423959633, 6.097893516214841], [-75.63853964749768, 6.097892016308296], [-75.63853689190414, 6.097890536325707], [-75.63853412373722, 6.097889070869452], [-75.638531351143, 6.097887623515795], [-75.63852856867601, 6.097886188867164], [-75.63852669170366, 6.097885228926313], [-75.63852481386353, 6.097884276222085], [-75.63852293424362, 6.097883328950859], [-75.6385210519408, 6.097882387117042], [-75.63851916513991, 6.097881448921439], [-75.63851727836555, 6.097880516149984], [-75.63851538800512, 6.097879588820382], [-75.63851349856112, 6.097878664198415], [-75.63851160462788, 6.09787774502271], [-75.63850970891046, 6.097876830375981], [-75.6385078141006, 6.0978759166288405], [-75.63850591661225, 6.0978750092231335], [-75.63850401732644, 6.097874103634333], [-75.63850211625201, 6.097873201670468], [-75.63850021429214, 6.097872303327114], [-75.63849831143793, 6.097871406796241], [-75.63849640498884, 6.097870513899155], [-75.63849450034603, 6.097869620993208], [-75.6384925939102, 6.097868730808174], [-75.63849068568575, 6.097867844248094], [-75.6384887783733, 6.097866959491625], [-75.63848687015329, 6.097866073835532], [-75.63848495923266, 6.09786519000077], [-75.63848305102148, 6.097864306152723], [-75.63848113921541, 6.0978634259384625], [-75.63847922740933, 6.09786254572421], [-75.63847540648453, 6.097860780762248], [-75.63847158286354, 6.097859018525594], [-75.6384696692512, 6.097858138320128], [-75.6384449068616, 6.097846853295092], [-75.63844414927927, 6.097846520701741], [-75.63844198972683, 6.097845583842226], [-75.63843982389216, 6.097844655149905], [-75.63843765540106, 6.097843737319169], [-75.63843708614729, 6.097843500536019], [-75.63846017947883, 6.097728650260544], [-75.63846081697011, 6.097725480260416], [-75.63846719809361, 6.097705577137573], [-75.63855101863149, 6.097721046907459], [-75.63890294318176, 6.097785992165706], [-75.63908698612678, 6.097795013902045], [-75.6391448545161, 6.097797850143851], [-75.63922414135061, 6.097801735867086], [-75.63936699151905, 6.097808735448704], [-75.6394184415657, 6.097800045792672], [-75.63953362387417, 6.0977695572588315], [-75.63966291429301, 6.097715560343013], [-75.63968016306282, 6.0977155589594325], [-75.63970688430607, 6.09771555905387], [-75.63977784602308, 6.097731517458465], [-75.63987948521981, 6.097754376109205], [-75.63994301436624, 6.097768228337429], [-75.64012425576529, 6.097807750583468], [-75.64028144224052, 6.097533928246744], [-75.64028958893822, 6.097519736371777], [-75.64030423453525, 6.097494221101801], [-75.64047929563357, 6.097360313441964], [-75.6406604222, 6.097221766291648], [-75.64068799724191, 6.097196924418408], [-75.6403213541022, 6.097115856443512], [-75.64027348907759, 6.097108165348935], [-75.64026624357135, 6.0971070021074], [-75.64019408493142, 6.097095407106656], [-75.64001655544891, 6.097066882385341], [-75.6397642324346, 6.097022448682479], [-75.63973397526232, 6.097009884299302], [-75.639540039639, 6.096897715192276], [-75.63951171645202, 6.09688133256563], [-75.63945398773677, 6.09684794249001], [-75.63932721682342, 6.096774620929299], [-75.63904562634107, 6.096611752776932], [-75.63904417535396, 6.096610912795268], [-75.63895010689814, 6.0965565062371505], [-75.6389331671669, 6.096546560650038], [-75.63890651032976, 6.096530911128986], [-75.63886014755084, 6.096503694148519], [-75.63880116104043, 6.096469064354154], [-75.63871333253496, 6.096411499158721], [-75.63865577687629, 6.096373773201696], [-75.63864778891978, 6.096368536318667], [-75.63851795574801, 6.096283437988828], [-75.63851200374583, 6.096279536350635], [-75.63841872525147, 6.096218397863445], [-75.6383984201308, 6.096205087600449], [-75.63832662647471, 6.0961580310526875], [-75.63831282548124, 6.096150343739298], [-75.63830754291457, 6.096147403436692], [-75.63830860446873, 6.096144699656199], [-75.63843095292894, 6.095832784511638], [-75.63863167930725, 6.095323770291455], [-75.63880946565824, 6.0947917927224795], [-75.63884473353039, 6.094783126452291], [-75.63886433955034, 6.094791267186082], [-75.63886850890877, 6.094792998805798], [-75.63891856561375, 6.094813781735557], [-75.63893858704078, 6.094822096719937], [-75.63894668682826, 6.09482545897087], [-75.63895371838079, 6.094817411057016], [-75.63896452482595, 6.094805043197702], [-75.63899322403114, 6.094772192397489], [-75.63900508740096, 6.094761162774054], [-75.63904404364077, 6.094724939357294], [-75.63904881301808, 6.094720270098446], [-75.63909866852241, 6.09467145416315], [-75.63911496416571, 6.0946793561632], [-75.63911510067476, 6.094679198190394], [-75.63913249432393, 6.094659156156194], [-75.6391635347174, 6.094623390088197], [-75.63921126631604, 6.094572616445708], [-75.63921853693569, 6.094564883776554], [-75.63933121655269, 6.094420355145738], [-75.63935900565116, 6.094376857327686], [-75.63936868398433, 6.09436171053145], [-75.63937498498869, 6.094354611828646], [-75.6394148821329, 6.0943096778318475], [-75.63945575691967, 6.094264830354068], [-75.63947338951738, 6.0942301208056255], [-75.63948079374997, 6.094215543851224], [-75.63942463859438, 6.094181576389135], [-75.63942264563279, 6.094180534746479], [-75.63945056952004, 6.09412359943075], [-75.63946756386403, 6.094088948157713], [-75.63948055135695, 6.094037588945087], [-75.63948210016447, 6.094031468196457], [-75.63953873424151, 6.094040921904816], [-75.6395488466273, 6.094046020003816], [-75.63958068038696, 6.094062064557979], [-75.639600101801, 6.094041876983087], [-75.63963898147685, 6.094001465490662], [-75.639639698717, 6.09400001369478], [-75.63964457187342, 6.093990157413977], [-75.63966133235706, 6.093956260357994], [-75.63967474963349, 6.093961216601245], [-75.6397054169823, 6.0939771755543894], [-75.63970781866895, 6.093985891449585], [-75.63972295859695, 6.093977613056259], [-75.6398271690364, 6.093920641197257], [-75.63983856544378, 6.093882462642684], [-75.63984475284653, 6.093861738713577], [-75.63988575495912, 6.093861782822464], [-75.64004634208727, 6.093919187632402], [-75.6401132499054, 6.09381585461284], [-75.6403655935993, 6.0936857283078], [-75.64039044722814, 6.093645541022149], [-75.64039612036511, 6.09358338087508], [-75.64049648711115, 6.093609212143367], [-75.64055527245976, 6.093557545349876], [-75.6407818090524, 6.093510180583743], [-75.64080772872659, 6.093462679767861], [-75.64082816832895, 6.0934252172082815], [-75.6408323142004, 6.093424919347882], [-75.64083828611273, 6.093418865521805], [-75.64088256425575, 6.093413989971505], [-75.64095016938835, 6.093406545607483], [-75.64105139516936, 6.093409150355274], [-75.64107468437312, 6.093409750403324], [-75.64117177584112, 6.093412247921186], [-75.64117799533369, 6.093389048567797], [-75.64128277407083, 6.092998212627788], [-75.64129361045626, 6.092968721095268], [-75.64129382882922, 6.092968127875424], [-75.64132034126473, 6.0928959581944175], [-75.64134116993618, 6.092839264694529], [-75.6413591821023, 6.092790235029217], [-75.641381620663, 6.092795485131748], [-75.64140233129635, 6.092800329649939], [-75.64154826674978, 6.092849021289582], [-75.64159695714005, 6.092865267875849], [-75.64165583366076, 6.092775235644511], [-75.64169801689802, 6.092715268793056], [-75.64172877689744, 6.092671539435436], [-75.64174825988486, 6.092643844348473], [-75.64183463116298, 6.092551381067113], [-75.64183864857702, 6.092548642911139], [-75.64188695569227, 6.0925157248903385], [-75.64192082333001, 6.0924926467588065], [-75.64201045580852, 6.092446873138677], [-75.64212939306643, 6.092394255066693], [-75.6422277347019, 6.092341102408138], [-75.6422371919863, 6.092335992489837], [-75.6422786733065, 6.092309975037344], [-75.64230951732002, 6.0922906282439815], [-75.64231394637001, 6.092287849194241], [-75.64235006671827, 6.092265194850291], [-75.64239995897763, 6.092209423836742], [-75.64241320851106, 6.092187309236421], [-75.64241682710546, 6.092177082123057], [-75.64242048740732, 6.092161350983757], [-75.64242719000016, 6.092139620155626], [-75.64242846766524, 6.092123130452433], [-75.64242800551088, 6.092099374435109], [-75.64242619766648, 6.092082451453626], [-75.64242438238745, 6.092073791473102], [-75.64240748964022, 6.0919451338688555], [-75.64236651861813, 6.091794500364811], [-75.64236376453579, 6.091784646222874], [-75.64234563507442, 6.091719787652528], [-75.64238773032648, 6.0917212383981], [-75.64241927047496, 6.091721238365145], [-75.64243198515948, 6.091721238410375], [-75.64243884993694, 6.091721763454976], [-75.64246547425937, 6.091723808962218], [-75.64249054636197, 6.091725733703719], [-75.64255501192353, 6.09173068099418], [-75.64262174912649, 6.091740467335572], [-75.64261712533859, 6.0917176601789045], [-75.64265413522324, 6.091721762988365], [-75.64268175979878, 6.091724825150179], [-75.6426796480818, 6.091712801772997], [-75.64266706879992, 6.09164117365554], [-75.64266242074874, 6.0916146998157155], [-75.64266125108283, 6.09160804003323], [-75.64272709044363, 6.091567976355474], [-75.64277123815796, 6.0915411077777515], [-75.6428085186116, 6.091503794094805], [-75.64284137551373, 6.091498251221063], [-75.64284612548433, 6.091509561930802], [-75.6428526519566, 6.091519947229361], [-75.6428607792802, 6.0915291331485655], [-75.64287029037975, 6.091536870332489], [-75.64288093589255, 6.091542955689841], [-75.6428924251106, 6.091547227013991], [-75.64289587942709, 6.091548095135661], [-75.6428991672812, 6.091549459489605], [-75.64290221899863, 6.091551293296101], [-75.64290497114742, 6.091553553472103], [-75.64290736118988, 6.091556195122015], [-75.64291092706655, 6.091565833730751], [-75.64291586357639, 6.091574844540612], [-75.64292206230371, 6.091583035521754], [-75.64292939234726, 6.091590233739569], [-75.642937694866, 6.0915962781489945], [-75.64294678952943, 6.091601045780197], [-75.6429822587943, 6.091605740136004], [-75.6430170381294, 6.091614142643999], [-75.6430507405237, 6.091626159373113], [-75.6430756737566, 6.09163311396504], [-75.64309917380915, 6.091643971108113], [-75.64312063779863, 6.0916584489849335], [-75.64312121825228, 6.091662267531585], [-75.643122374275, 6.091665953977504], [-75.6431240819384, 6.091669417131622], [-75.64312629570507, 6.091672579469467], [-75.6431403520862, 6.091681173087342], [-75.64314706853742, 6.091681656360126], [-75.64315363461765, 6.091683155611358], [-75.64315989842729, 6.09168563632819], [-75.64316571064778, 6.091689037767901], [-75.64317094175442, 6.091693283721949], [-75.64317546752626, 6.091698274450656], [-75.6431791844437, 6.091703895648129], [-75.6431887435883, 6.091776253633004], [-75.643195238378, 6.091813563308557], [-75.6432056331381, 6.091849976031484], [-75.6432198120915, 6.091885087357466], [-75.64322218527947, 6.0918924038973055], [-75.64322565449294, 6.0918992675604065], [-75.64323013584237, 6.091905515126239], [-75.64323552473239, 6.09191099703649], [-75.64324168958849, 6.091915587370261], [-75.64324848896361, 6.091919172911717], [-75.64327318192382, 6.091918552780006], [-75.64329767328832, 6.091921768588986], [-75.64332137109083, 6.091928739165631], [-75.64334362873748, 6.091939847379301], [-75.64336743427468, 6.091947055188408], [-75.64339211113695, 6.091950157981125], [-75.643416958055, 6.091949070600711], [-75.64343912442766, 6.091948358887571], [-75.64346097396009, 6.091944545146098], [-75.64348207531943, 6.091937706527624], [-75.64354431961969, 6.09192947729705], [-75.64360568936416, 6.091916206883308], [-75.64362127079826, 6.091911989939586], [-75.64367322338619, 6.091886930877805], [-75.64372760979788, 6.091867737964826], [-75.64377371848745, 6.091852181031417], [-75.64381789593635, 6.091831769815486], [-75.64385963662593, 6.091806740040736], [-75.64392654446495, 6.091787004742336], [-75.64397198245797, 6.091772076685137], [-75.6440191250564, 6.091764045344661], [-75.64406693718671, 6.091763083949389], [-75.64407994736227, 6.091763488420956], [-75.64409269218113, 6.0917661416450395], [-75.64410478559678, 6.09177096234343], [-75.64411586382683, 6.091777804941721], [-75.64412559349451, 6.091786462241427], [-75.64413367798609, 6.091796672621198], [-75.64413987737295, 6.091808130787558], [-75.64414400390028, 6.091820488701077], [-75.6442085401997, 6.091762791583579], [-75.64421644985038, 6.09173876851944], [-75.64430270285325, 6.091785159423228], [-75.64436656630322, 6.091819508010473], [-75.64448700526319, 6.091875956776321], [-75.64454111361509, 6.091882989630283], [-75.64463420814408, 6.091895090904708], [-75.64490280295796, 6.09187499142771], [-75.64494486190607, 6.091929527516264], [-75.6449531416823, 6.091930556366639], [-75.64495314308903, 6.091936006831703], [-75.64500692114648, 6.0919432790175625], [-75.64502384774846, 6.0919393266488555], [-75.64502653068362, 6.091938702349653], [-75.6450289014656, 6.09193814738552], [-75.64504794807796, 6.0919337027576255], [-75.64507100554074, 6.091928320842572], [-75.64508426900018, 6.091928254846788], [-75.64509401385267, 6.091928208830832], [-75.64511529355195, 6.09192810349349], [-75.64514851091845, 6.091927941376668], [-75.64514851144871, 6.09189449090434], [-75.64516338919218, 6.091828852220273], [-75.64517118195504, 6.091831129228175], [-75.6451827616494, 6.091834510471277], [-75.64518788447046, 6.091836007737087], [-75.64522962131764, 6.091848199129732], [-75.6452362553298, 6.091850107549891], [-75.64525151128626, 6.091854494124477], [-75.64525929482318, 6.0918567313981855], [-75.64530816273894, 6.091865733581558], [-75.645365884177, 6.091876367496058], [-75.64537390576996, 6.0918752089210795], [-75.64544456130966, 6.091865004456361], [-75.6455366209827, 6.091851707065051], [-75.64562164822607, 6.09175241011987], [-75.64557675452276, 6.0917005124553265], [-75.64547593579324, 6.091583957353773], [-75.64548685626092, 6.091565968464425], [-75.6455264401043, 6.091500753669937], [-75.64552816386752, 6.09149791374984], [-75.64556920806984, 6.0914302942694], [-75.6455407561716, 6.09141430670782], [-75.64549629954794, 6.091365524012578], [-75.64547696916704, 6.0913382128482825], [-75.64543947428004, 6.091288178231234], [-75.64540939504325, 6.091266503178821], [-75.64540748262655, 6.0912651239556315], [-75.64538335452549, 6.091247737399796], [-75.64532981562267, 6.0912232619352675], [-75.64528235612138, 6.091214695797972], [-75.64522845736555, 6.091211160609074], [-75.64521659059254, 6.091210383507798], [-75.6451627488931, 6.09121038464552], [-75.64510099955393, 6.091206780386478], [-75.64509155710392, 6.091201444052857], [-75.64508561920367, 6.091209631268822], [-75.64509116697566, 6.091215651185081], [-75.6451068041967, 6.09122504791201], [-75.6451297784787, 6.091227767539205], [-75.64518107706816, 6.091229646635114], [-75.64524543435245, 6.091264154522824], [-75.64529636286026, 6.0913038786298035], [-75.64531087178018, 6.091328342228611], [-75.64530815084294, 6.091347206670062], [-75.645288052965, 6.091379123067642], [-75.64527264316418, 6.091399195202194], [-75.64524171317343, 6.091439482851778], [-75.64523136938479, 6.0914529586416934], [-75.6451813218415, 6.091480254097863], [-75.64515975758353, 6.091485505731535], [-75.6451565199889, 6.091494218506825], [-75.64514694525577, 6.091491563311274], [-75.64513153351692, 6.0915412988920385], [-75.64506988996776, 6.0915010306875885], [-75.64504317151341, 6.091440474338475], [-75.64487048364312, 6.091387436260888], [-75.64486933788699, 6.091390458672801], [-75.644859737726, 6.091415807217107], [-75.64484167066114, 6.091463511789077], [-75.6446864422505, 6.091433637242639], [-75.64458423734929, 6.091427559980281], [-75.64449134852147, 6.091422037276336], [-75.64443766725131, 6.0914188453880715], [-75.6444435301461, 6.091400870470318], [-75.64445174128429, 6.091375708644249], [-75.64451522167481, 6.091181140107975], [-75.6445193672861, 6.091168436953503], [-75.64453866179599, 6.091109300165575], [-75.64442390473394, 6.091103195829492], [-75.64423952227573, 6.091093386515091], [-75.64416888599229, 6.091089628652864], [-75.64399761823579, 6.091081844164309], [-75.64397764136717, 6.091193662900548], [-75.64392247744269, 6.091216920582076], [-75.6438626794471, 6.091204946918339], [-75.64383613965988, 6.091178647384017], [-75.64380684817556, 6.091149625708264], [-75.64379852039656, 6.0911413719554925], [-75.64378757250145, 6.0911305237921045], [-75.64365814702235, 6.091204465624414], [-75.64366137582576, 6.091038034383482], [-75.6436518178439, 6.09097680157953], [-75.64361071316634, 6.090846677164354], [-75.64361262245757, 6.0907433437715905], [-75.64366615012548, 6.090636181755399], [-75.64363407691994, 6.090621175519356], [-75.64362097222315, 6.090621936800557], [-75.64356943376124, 6.090624930595182], [-75.64353338727021, 6.09062702573776], [-75.64350086749627, 6.090628913735179], [-75.64344093964252, 6.090637268048932], [-75.64341319135673, 6.090640470628762], [-75.64343636838214, 6.0905761047948745], [-75.64342943579723, 6.090525917359407], [-75.64343973880797, 6.090530673638972], [-75.64344501796297, 6.090533113983758], [-75.64346464844935, 6.090499047385287], [-75.643482700997, 6.09046772416029], [-75.64349759583668, 6.090441882266551], [-75.64351880699068, 6.090405077706675], [-75.64348556674328, 6.090388742808336], [-75.64347097366596, 6.090381572071174], [-75.64345232740479, 6.090372408806639], [-75.6434316522942, 6.090362249288741], [-75.64341811333529, 6.090385742155886], [-75.64340392584045, 6.090378769221431], [-75.64337082230064, 6.090362501446761], [-75.64334893153764, 6.090401988018003], [-75.64334163364192, 6.090398402201969], [-75.6433357668826, 6.090408583377848], [-75.64332358108463, 6.090429725424847], [-75.6433173136068, 6.090476876719231], [-75.64331560856937, 6.090476163652497], [-75.64330594312224, 6.090472131998709], [-75.64328558618037, 6.090475499025425], [-75.64326940838473, 6.090478176568414], [-75.64326879128078, 6.090473696441401], [-75.64325943311376, 6.0904752439418175], [-75.6432435919262, 6.090477866495096], [-75.64322913685294, 6.090480257144939], [-75.6432282495951, 6.090475016233454], [-75.64319238081117, 6.090461194787817], [-75.64315620527252, 6.090447253701088], [-75.64313266977415, 6.090438184006711], [-75.64309063071866, 6.090421982622835], [-75.64306935491508, 6.090414019244309], [-75.64302997921533, 6.090399282908287], [-75.64291491400368, 6.090356217851292], [-75.64292832835943, 6.0901704677901884], [-75.64290787865333, 6.09016133503756], [-75.64288569289961, 6.090151426988018], [-75.642798008902, 6.090112268729343], [-75.64247709184716, 6.089994086615332], [-75.64247950606067, 6.089987639795518], [-75.64249625936397, 6.089942906032917], [-75.64249435272795, 6.089941783514351], [-75.64244897281228, 6.089915031959734], [-75.64242792638565, 6.0899026276572155], [-75.64240700948396, 6.089890299562422], [-75.64240668594489, 6.0898902568499285], [-75.64234589647569, 6.08988217518963], [-75.64221458239962, 6.089864717952626], [-75.64209603642236, 6.089848958285877], [-75.64207599227285, 6.089846293749866], [-75.64205305336773, 6.0898413850949105], [-75.64203216948658, 6.089836915678764], [-75.64193643038558, 6.089816428159403], [-75.64194486764062, 6.0897937052393605], [-75.64194582947485, 6.089791114054493], [-75.64195383010943, 6.089750950636387], [-75.64196098008162, 6.089715057573637], [-75.64198579209429, 6.089590499672053], [-75.64198753136537, 6.089581777063303], [-75.64202313312175, 6.089403052897059], [-75.64202919794526, 6.089372606598674], [-75.64199956494767, 6.089243973349762], [-75.64199087734457, 6.089206266628387], [-75.6419850096005, 6.089180791374807], [-75.6419628167329, 6.089084458434601], [-75.6419151918832, 6.088977589596488], [-75.64190820424399, 6.088961905206093], [-75.64189435057715, 6.088891313848174], [-75.64186835292867, 6.088758810620277], [-75.64186633837738, 6.088748546021215], [-75.64184761172835, 6.088653103738173], [-75.6418324298463, 6.088575737638197], [-75.64179052794381, 6.0883621869384275], [-75.64178852078278, 6.088351954847078], [-75.64177550538994, 6.0882856291688165], [-75.6417500237807, 6.088155756862756], [-75.64174982189482, 6.088154734472912], [-75.64172876681451, 6.088047430750654], [-75.64171191687649, 6.087986691858967], [-75.64166857573647, 6.087830456466953], [-75.6415942496312, 6.087883451298515], [-75.64150472454679, 6.087953673918138], [-75.6413476214947, 6.088054688402133], [-75.6412970579701, 6.088105415210267], [-75.64121520712244, 6.088202659205939], [-75.6410806761367, 6.088040097186469], [-75.64107430559105, 6.088032398795956], [-75.64106112840294, 6.088016473475404], [-75.64102145276152, 6.0879643488529895], [-75.64103843508963, 6.087951846820379], [-75.64104710219064, 6.087945467020029], [-75.64110785647644, 6.087900744718687], [-75.64114059905147, 6.08787664344874], [-75.64116606578912, 6.0878578963069625], [-75.64122545596273, 6.087815139746827], [-75.64130305228024, 6.087775416595632], [-75.64137260623562, 6.087739807356157], [-75.64142021974678, 6.0877171086511], [-75.64146501204574, 6.0876957536108], [-75.64146908030199, 6.087693813494642], [-75.64147498401401, 6.087691000122158], [-75.64154021492023, 6.087659902434195], [-75.6415695703523, 6.087645906883532], [-75.64160422307668, 6.08762938570283], [-75.64163953717247, 6.087612549386021], [-75.64166864030398, 6.087598674401755], [-75.64173428026058, 6.087567382134697], [-75.6417939308964, 6.087538943434734], [-75.64179992109678, 6.087536087146394], [-75.64183212924506, 6.087520731491714], [-75.64186637647984, 6.08750440484857], [-75.64193079368007, 6.087473696241002], [-75.64199209951738, 6.087444467421668], [-75.64200603069273, 6.087437824969255], [-75.6420286408124, 6.087427045585717], [-75.64206370257904, 6.087410329822153], [-75.64207873825153, 6.087400904733218], [-75.6420790606002, 6.087400704264394], [-75.64212493833396, 6.08737194246119], [-75.64216661585019, 6.087329397374567], [-75.64218374535614, 6.087311911510835], [-75.64219108319612, 6.087301325365929], [-75.64221798624762, 6.087262519457469], [-75.6422217206261, 6.087248078037735], [-75.64221782983871, 6.087232743708647], [-75.64218939382371, 6.0872341685549225], [-75.64216354647742, 6.0872260349125495], [-75.64215992197177, 6.087234316538553], [-75.64213535638727, 6.0872306552529185], [-75.6421442174729, 6.087207430336152], [-75.64208398421377, 6.0871946393337435], [-75.64207161273454, 6.087190370462847], [-75.64201482333188, 6.087170771398546], [-75.64199952756327, 6.087169667444835], [-75.6419928039221, 6.087169180552226], [-75.64191498702293, 6.087163561556229], [-75.64190351744928, 6.087162732673638], [-75.64185539584017, 6.087159256359602], [-75.64180763652234, 6.087155806291959], [-75.64178637098662, 6.087164325294124], [-75.64175287271675, 6.087177744463823], [-75.64169192086645, 6.0872021592839145], [-75.64162102196428, 6.087175078690851], [-75.6415432350647, 6.0871286662691375], [-75.6414919710381, 6.087096293044217], [-75.64146783385212, 6.087081052424209], [-75.64132322933996, 6.087063534085672], [-75.64118711337885, 6.087089041049233], [-75.64111068107063, 6.08712428432607], [-75.64109352370492, 6.087132197368238], [-75.64107838934947, 6.087139175666243], [-75.64104784400728, 6.087153262894456], [-75.6410241958614, 6.087155484204788], [-75.64097576261852, 6.087163648016018], [-75.64089244455815, 6.0871709664755365], [-75.64080972661648, 6.0871811460012655], [-75.64075915639638, 6.087192431078663], [-75.6407164476709, 6.0872019599776515], [-75.64068818076372, 6.087211200296161], [-75.64067340979796, 6.087216028794438], [-75.64063285253734, 6.087229287192281], [-75.64060051941348, 6.0872438442178005], [-75.64056657850165, 6.087257441784161], [-75.64056064375517, 6.087259819548588], [-75.64045042998595, 6.087303977491839], [-75.64043069112512, 6.087312762000227], [-75.64026495419081, 6.0873865126385684], [-75.64013924918734, 6.087442449245885], [-75.64011984465039, 6.0874510838471085], [-75.64010237234862, 6.087366249613322], [-75.64009481615717, 6.087329560631835], [-75.64006239891884, 6.087172155823763], [-75.64006200392818, 6.087170242987441], [-75.64002250981589, 6.08697848831489], [-75.63995788464325, 6.086664699187859], [-75.63960115745923, 6.086643675550514], [-75.63952378893116, 6.086622613761299], [-75.63949844617554, 6.086615715131593], [-75.63947544207983, 6.086609452354692], [-75.63935607256232, 6.0865769555406795], [-75.6393350833733, 6.086571241598801], [-75.63925058038956, 6.086548237517745], [-75.63912070126231, 6.086505089952126], [-75.63905266811763, 6.086507597918869], [-75.63902004544941, 6.086507256669734], [-75.63903881603613, 6.086810503292328], [-75.63904103594908, 6.086846379474568], [-75.63904437250042, 6.086900266942715], [-75.63904558447972, 6.086919862556364], [-75.63905267434639, 6.087034377833297], [-75.63906897362568, 6.087087102557839], [-75.63912446144228, 6.087279416539502], [-75.63912746833225, 6.087289832718625], [-75.63914256354848, 6.087342150176151], [-75.63915866287337, 6.08742401691031], [-75.63916060689587, 6.087433907613816], [-75.63919391142456, 6.087603267872773], [-75.63921316785344, 6.087716499513643], [-75.63921663902276, 6.087736912174713], [-75.63921822911705, 6.087746269413249], [-75.63924980156813, 6.087931922719503], [-75.63920983419116, 6.087957992118526], [-75.63914494403623, 6.087989016509011], [-75.6391276456414, 6.0879972873008725], [-75.63907213633344, 6.088023827816124], [-75.63902077577748, 6.088044565743601], [-75.63886668774896, 6.088106778633689], [-75.63884117331699, 6.088117081236478], [-75.63882789059267, 6.088122443943708], [-75.63881448615072, 6.08812988384214], [-75.63877864309416, 6.088149778292141], [-75.63873802445026, 6.088172325075811], [-75.63867662990609, 6.088206404280443], [-75.63855260797654, 6.088263094544043], [-75.63852988705301, 6.088271745336791], [-75.63845081091092, 6.0883018455338025], [-75.63839093541901, 6.088327043160014], [-75.63839282207168, 6.088305392846815], [-75.63839486516578, 6.088281932769763], [-75.63827798082613, 6.088033587812497], [-75.6381392146856, 6.087738749786122], [-75.63800714905646, 6.087724730295566], [-75.63792327599286, 6.087751816256195], [-75.63772517339893, 6.0877080166957285], [-75.63749195542093, 6.088197200249811], [-75.63745157502689, 6.08828190270658], [-75.63740874725727, 6.0882955887989], [-75.63735105139972, 6.088314024239807], [-75.63733748544917, 6.088318358592967], [-75.63729196183715, 6.088322256173279], [-75.63729201854783, 6.088305933308634], [-75.63729076994966, 6.088301588231399], [-75.63725110497137, 6.0881577818094], [-75.63715678736536, 6.087959400344772], [-75.6371525216801, 6.087960865871786], [-75.63713311619796, 6.087898446732798], [-75.63706991713626, 6.087919785719837], [-75.63703610535863, 6.08793120373149], [-75.63702121327715, 6.0879075299108845], [-75.63700722960706, 6.087885302645157], [-75.63699173315278, 6.087860669870281], [-75.63694662094174, 6.087788957123209], [-75.63692328022924, 6.087751852475405], [-75.63688748893131, 6.087775527295665], [-75.63686262309095, 6.087791976884013], [-75.63682490023766, 6.087732419986664], [-75.63681329377215, 6.087714096522002], [-75.6367857266014, 6.087670575700765], [-75.63677508764418, 6.087653778962168], [-75.63676057956202, 6.087630873497997], [-75.63674655478223, 6.087608731399184], [-75.63668949607593, 6.0875139622973915], [-75.636672110604, 6.087486996347091], [-75.63667035127646, 6.0874842240942995], [-75.63667010827807, 6.087483843773728], [-75.63666801219264, 6.087480540682572], [-75.63665566784154, 6.08746110250888], [-75.63664890544474, 6.087450456041096], [-75.63663718455037, 6.087432000231587], [-75.63663334917933, 6.087425960046976], [-75.63662875383778, 6.0874187239049], [-75.63660427992843, 6.0873801837127015], [-75.63659458957589, 6.0873649246353745], [-75.63658659392952, 6.087352335969471], [-75.63655663548042, 6.087305160892266], [-75.63655607027177, 6.087304269551016], [-75.63653538078395, 6.087271691134084], [-75.63657625052397, 6.087245052458756], [-75.63659365860296, 6.087233705633065], [-75.63658594004922, 6.087222561185474], [-75.63654141874342, 6.087158276748424], [-75.6365388010296, 6.087154498867913], [-75.63653293979993, 6.087146034884672], [-75.63648391610747, 6.087080605317671], [-75.63648143297927, 6.0870768303949], [-75.63651146673848, 6.08705706121985], [-75.63651901366009, 6.087052092746468], [-75.63653055956522, 6.087044492930145], [-75.63651265648882, 6.087017871224829], [-75.63649463332314, 6.086991070199415], [-75.63649351523436, 6.086989407694606], [-75.63647256084072, 6.086958248111276], [-75.63642435430809, 6.086989976263503], [-75.63642430153821, 6.086989896965137], [-75.63638588904381, 6.086934092451741], [-75.63637563965295, 6.08691920314029], [-75.63636286975603, 6.086900652093128], [-75.63635876923347, 6.086903389704653], [-75.6363516726223, 6.086908283650782], [-75.63634051643793, 6.086915978291623], [-75.6363283791128, 6.086924349435816], [-75.63632489703893, 6.086883901231254], [-75.6363217222202, 6.086847008052599], [-75.63631874377216, 6.086812415622173], [-75.63632994479738, 6.086782251535376], [-75.6363430934333, 6.086751059971438], [-75.63634461836634, 6.086747439939826], [-75.63635760181312, 6.086716637020457], [-75.63638126599245, 6.086669727804209], [-75.63638680567219, 6.086658746371754], [-75.63640174751701, 6.0866291281303235], [-75.63643588584515, 6.086567829512596], [-75.63644023975333, 6.086560010813739], [-75.63644292570524, 6.086555189955725], [-75.63648380323112, 6.086485530306267], [-75.63651235219577, 6.086436879527132], [-75.63654476884287, 6.086381640124487], [-75.63658774563248, 6.086314089308179], [-75.63663167067025, 6.0862450457944615], [-75.63667432650014, 6.086162060824192], [-75.6366852497766, 6.08614568936144], [-75.63669566825304, 6.086130071630231], [-75.63673726777145, 6.086067719499846], [-75.6367600553373, 6.086032926114108], [-75.63678397159295, 6.085996414944379], [-75.63678521769151, 6.085994511256343], [-75.63683541058342, 6.085916025969278], [-75.63689536168495, 6.085850428113979], [-75.63692876208432, 6.085765250869522], [-75.63693735817, 6.0857281934993495], [-75.63695674591234, 6.085644636996673], [-75.6369570719918, 6.085634276816977], [-75.63696274330039, 6.085454574009657], [-75.63696169525896, 6.085403761670059], [-75.63696111443748, 6.0853755979782935], [-75.63695742270447, 6.085265313985164], [-75.63692890434763, 6.085223199043375], [-75.63691461832816, 6.085202100568139], [-75.63691374591987, 6.085200812042505], [-75.63687945291086, 6.085139644470348], [-75.6368612972774, 6.085109552443812], [-75.63685525512614, 6.085099540705445], [-75.63684172155816, 6.085008098155023], [-75.63683789054672, 6.08498220594386], [-75.63680413665416, 6.0849337963666335], [-75.6367708513588, 6.084881097496806], [-75.63675622109953, 6.084855522036472], [-75.63675085690372, 6.08484359311125], [-75.63673643525576, 6.084811531890064], [-75.63672956406815, 6.084785233244272], [-75.63672316775421, 6.0847607485111865], [-75.63672070215, 6.084754452108424], [-75.6366976366318, 6.084695576550921], [-75.63667151671885, 6.084654862881728], [-75.63666400043945, 6.084643144264202], [-75.636621894373, 6.084580315211796], [-75.63656889087157, 6.084530077646796], [-75.63656151325252, 6.0845230865231095], [-75.63653645960709, 6.084499335719198], [-75.6364987297195, 6.08447159128397], [-75.6364585298743, 6.084442027309052], [-75.63642002774807, 6.084426312294372], [-75.63634956356671, 6.084397546176411], [-75.63632515789641, 6.084387585263525], [-75.63626148003569, 6.084347155387242], [-75.63620136251309, 6.084321381724836], [-75.63614799570124, 6.084298499674633], [-75.63608336473212, 6.084270790776242], [-75.63607799963096, 6.084268489961677], [-75.63594097955297, 6.08420360756593], [-75.63590582177142, 6.084186956747181], [-75.63582722055432, 6.084149734929855], [-75.63581684286606, 6.084144820578885], [-75.63581197356733, 6.084142513722831], [-75.63577396971267, 6.084124515294724], [-75.63562428466204, 6.084040337139024], [-75.63556598674862, 6.083990416372624], [-75.63554306380294, 6.083970393331532], [-75.63552950576543, 6.083958549596349], [-75.63550497558003, 6.0839371195641165], [-75.63545952633154, 6.083887838476941], [-75.6354242274293, 6.08384055819979], [-75.63540177898713, 6.08379391851704], [-75.63538474541878, 6.083749970867073], [-75.63538264365256, 6.083740677556605], [-75.63537623417315, 6.083712361477788], [-75.63537027461993, 6.083675737698488], [-75.63536683743945, 6.083636307184881], [-75.6353617912644, 6.083528020361802], [-75.6353568013311, 6.083438685757638], [-75.63535687683033, 6.083414702762532], [-75.63535691878974, 6.083401073106628], [-75.63535715332263, 6.083326324240477], [-75.63537720156882, 6.083243685722781], [-75.63539699750946, 6.083210094933648], [-75.63540277325531, 6.083200292148818], [-75.63544112928362, 6.083134524211012], [-75.63548286189557, 6.083075183851882], [-75.6355098201973, 6.083036854322544], [-75.63557452539675, 6.082975675962455], [-75.63558737402671, 6.082963529699929], [-75.63559078986603, 6.08296077555922], [-75.63562737632896, 6.082931278589486], [-75.63565360550876, 6.0829101304621895], [-75.63578706702953, 6.082802532443385], [-75.6357999808784, 6.082792280748274], [-75.63590175958865, 6.0827114987478135], [-75.63605496863133, 6.082611554685666], [-75.63609574952974, 6.082588968565423], [-75.63611040601603, 6.082580852761576], [-75.63612990925051, 6.082570049959667], [-75.63614138732724, 6.082563925928532], [-75.63615961400927, 6.082553040763411], [-75.63616015370222, 6.082542769035177], [-75.63620920488196, 6.082501500127936], [-75.63624621684933, 6.082462221968043], [-75.63626034614867, 6.082453232713729], [-75.6362670556006, 6.082448962669269], [-75.63628474307015, 6.082480505343312], [-75.63633353661768, 6.082548885257339], [-75.63633701216878, 6.082570056476369], [-75.63633723834415, 6.082571433142218], [-75.63634185590138, 6.0825995473031425], [-75.63634377516996, 6.082611236321791], [-75.63634911038957, 6.082643727093982], [-75.63634945383149, 6.082645815577568], [-75.63635379307657, 6.0826722323892835], [-75.63636618906253, 6.082721016701449], [-75.6363735693781, 6.082750061194047], [-75.63637737529359, 6.082763225445458], [-75.63638439833211, 6.082787528138152], [-75.63639341216121, 6.0828026178898895], [-75.63639366439433, 6.082803040656825], [-75.63640293865147, 6.08281856669582], [-75.63640760166327, 6.0828283971483845], [-75.63644382530431, 6.082904756990612], [-75.63644993061926, 6.082898277685621], [-75.63644604570878, 6.0829081869548896], [-75.63648655245005, 6.082970723756354], [-75.63648868048976, 6.08297169515877], [-75.63656035121849, 6.083004384438006], [-75.63659826393067, 6.083021676312759], [-75.63660395468563, 6.083024272063767], [-75.63662199094588, 6.083032498495173], [-75.63662370194722, 6.083033143764357], [-75.63663580648279, 6.083037697995544], [-75.63665100456434, 6.083043416898121], [-75.63665414515661, 6.083044598516976], [-75.63669953400007, 6.08306167576403], [-75.63670743782282, 6.083063602555274], [-75.63676973523569, 6.083078787290334], [-75.63676977862991, 6.0830787961188335], [-75.63676976273503, 6.083078870328456], [-75.63676972308156, 6.083079073029054], [-75.63676776254172, 6.083089301971425], [-75.63677708648439, 6.083093897807527], [-75.63678448931772, 6.083097544736965], [-75.63678967592115, 6.083100100457886], [-75.63680300502953, 6.083106671962331], [-75.63683507325685, 6.083120029921174], [-75.63689162990582, 6.083132364192981], [-75.63692780156812, 6.0831402524936165], [-75.63699611708124, 6.083155151044683], [-75.63699912867962, 6.083155808943075], [-75.63706859784037, 6.083170959500672], [-75.63713641261057, 6.083170959049252], [-75.63716350916722, 6.083165458418424], [-75.63717637534182, 6.083162847042581], [-75.63749717066318, 6.08309773401024], [-75.63756811745391, 6.083111423570928], [-75.6375724331459, 6.083112255902828], [-75.63757762481923, 6.083113258435288], [-75.63761001603017, 6.083119508944398], [-75.63762470059596, 6.083122156560501], [-75.63763500859382, 6.083130563555807], [-75.63763531417345, 6.0831308133878315], [-75.63763856579473, 6.083133464439145], [-75.63765305757258, 6.083145285466519], [-75.63765655674423, 6.083148139622738], [-75.6376570744978, 6.083148561091021], [-75.63766100800909, 6.083151770223555], [-75.6376692739995, 6.083158512900042], [-75.6376726616325, 6.083161274484216], [-75.63768176364873, 6.083168698343101], [-75.63768412212298, 6.083170622383954], [-75.63771036817565, 6.083192029444993], [-75.63772641685193, 6.08320511937605], [-75.63776136919506, 6.083171331542614], [-75.63776881786352, 6.083164006706724], [-75.63779481401545, 6.0831384361389995], [-75.63779704223265, 6.083136244686121], [-75.63779934325477, 6.083133981457659], [-75.6378362710653, 6.083103956560344], [-75.63784283976361, 6.083097495774225], [-75.6378749164834, 6.0830659332938035], [-75.6379167617626, 6.083024764575005], [-75.63795131687918, 6.082994347162234], [-75.63796718773607, 6.0829815360847315], [-75.63797040203688, 6.082978942935468], [-75.63799252335393, 6.0829610856531735], [-75.63803399520961, 6.082932609778375], [-75.63808641644049, 6.082904239499964], [-75.63812825416595, 6.082881525137013], [-75.63812735972158, 6.082880347014383], [-75.63813696308692, 6.08287409107885], [-75.63817372004047, 6.082850151248826], [-75.63816160213466, 6.082833782123775], [-75.63818582146928, 6.082819261368545], [-75.63820858197971, 6.082805617436678], [-75.63820570077223, 6.082801695295971], [-75.63822182618837, 6.082789971444913], [-75.63822523431563, 6.0827874921617955], [-75.63824583429657, 6.0827725117584075], [-75.63824735626369, 6.0827745818207095], [-75.63825514891104, 6.082785194316327], [-75.63826393529499, 6.082797158929898], [-75.6382676351062, 6.082794858126355], [-75.63830927214782, 6.082768962489968], [-75.63831821129628, 6.082780769051302], [-75.63833919112776, 6.082767564146171], [-75.63834320411931, 6.082765034895668], [-75.63839006004572, 6.082735540047191], [-75.63837239418511, 6.082711596815635], [-75.6383716223111, 6.082710550989389], [-75.63838006992488, 6.0827045384655625], [-75.63839652233959, 6.082692828382587], [-75.63839944921989, 6.082690746519968], [-75.6384022608881, 6.08268874477664], [-75.63840241029547, 6.082688639176865], [-75.63840651800224, 6.082685716202684], [-75.63840816774336, 6.082684541917793], [-75.63841804639618, 6.082677511673999], [-75.6384247911685, 6.082672711664336], [-75.63848049988019, 6.082633064484391], [-75.63852694715005, 6.082621628166275], [-75.63854290154424, 6.082608359225903], [-75.63854607226881, 6.08260572108595], [-75.63862837093606, 6.0825372792979415], [-75.63861418193383, 6.082518836480785], [-75.63861160152341, 6.082515479710107], [-75.6385983223373, 6.082498218554761], [-75.63856715427667, 6.082452952475121], [-75.63857324432429, 6.08244668387665], [-75.63857802596564, 6.082441763279844], [-75.63858624216192, 6.082433301918611], [-75.63859939636214, 6.082419759179841], [-75.6386291609284, 6.082389120175413], [-75.63862553325032, 6.082384916007128], [-75.63862081018925, 6.08237944339052], [-75.63863594142052, 6.082365724643273], [-75.6386469193909, 6.082355772569097], [-75.6386482573494, 6.082354558221959], [-75.63866097701691, 6.082343028208172], [-75.63866231407222, 6.08234181386544], [-75.63868206703849, 6.082323905772801], [-75.63868775249792, 6.082318752938033], [-75.63872994698106, 6.082282173250901], [-75.63874959852853, 6.08226513715485], [-75.63874489493205, 6.082250510062727], [-75.63880078698531, 6.082215875826914], [-75.63881499118219, 6.08220707420204], [-75.63882308144952, 6.08220279196152], [-75.63884411646448, 6.082191649817051], [-75.63887960422774, 6.082172855683307], [-75.63892643531955, 6.0821325494450384], [-75.63894340905412, 6.082133846045829], [-75.63897619824945, 6.082136349078966], [-75.63898666508615, 6.08213714590767], [-75.63898666257992, 6.082117565166211], [-75.63898666307655, 6.082098414736421], [-75.63897582013398, 6.082091797683311], [-75.63901207128932, 6.0820408437669835], [-75.63901019138271, 6.082036491834308], [-75.63899007968351, 6.0819899359009915], [-75.63898814679195, 6.081985460372664], [-75.63897721356115, 6.0819601507801595], [-75.63897063753433, 6.081944925324916], [-75.63896610129508, 6.081934427104599], [-75.63894365969414, 6.081883469901878], [-75.6389476511261, 6.08188041098466], [-75.63895457254789, 6.0818755386912935], [-75.63897686149632, 6.081859846678359], [-75.63899483649513, 6.081847194365902], [-75.63899902625313, 6.081844245676833], [-75.63900384514261, 6.081840852737414], [-75.63901453869157, 6.081833324899274], [-75.63902375223063, 6.081827328519043], [-75.63905012523466, 6.081810162832993], [-75.63907334812912, 6.081795046651012], [-75.63907808423073, 6.081792641335268], [-75.63912157214793, 6.081770540866404], [-75.63915168507052, 6.081755966878657], [-75.63915529094834, 6.081754222521647], [-75.63916057707793, 6.081751819940921], [-75.63918436104119, 6.0817410069889], [-75.63919228483172, 6.081737406308127], [-75.63922673118257, 6.081721010272152], [-75.63925013298528, 6.081709616076409], [-75.63928411168422, 6.081693072252687], [-75.63929564905752, 6.081687455961742], [-75.63931782818891, 6.081676656276045], [-75.63932794106171, 6.081671731312179], [-75.63933381830952, 6.081668868392907], [-75.63928587473856, 6.081562592505312], [-75.63925843487279, 6.081501769483833], [-75.63923055198596, 6.081505267939696], [-75.63925502292255, 6.081494206634772], [-75.6392507454303, 6.081484725109278], [-75.6392023298693, 6.0813774019085916], [-75.63920073391682, 6.081373864942409], [-75.63915194679448, 6.0812657199579085], [-75.63911572372623, 6.081185424187948], [-75.63908279119559, 6.081112424258691], [-75.63907592845679, 6.081115068690612], [-75.63903005277336, 6.081132748263063], [-75.6390286870689, 6.08113327295731], [-75.63893151796836, 6.08117071889745], [-75.63881851469776, 6.081001667444858], [-75.63856326980147, 6.081001669071253], [-75.63847332759767, 6.080968369549231], [-75.63846162972277, 6.0809640393705875], [-75.63844745817714, 6.080958791918703], [-75.63843584521284, 6.080966317002172], [-75.63837703044256, 6.081004429747776], [-75.63835771810089, 6.081026201367445], [-75.63832186686699, 6.081026202071666], [-75.63828711559536, 6.0810450793351265], [-75.63827722205083, 6.081070905689648], [-75.63825084136033, 6.0810798309774805], [-75.63823641219633, 6.081077316810997], [-75.63820814049359, 6.081072387767685], [-75.63820515345056, 6.081071206308156], [-75.63820150855389, 6.081069764985192], [-75.63819961371019, 6.081069014843861], [-75.6381996130842, 6.0810688864721785], [-75.63820806385466, 6.081052041647471], [-75.63819907947581, 6.081049100382024], [-75.63818681326617, 6.08104508848682], [-75.63817158296914, 6.081032564097306], [-75.63818991633337, 6.081008759541175], [-75.63819015415342, 6.081008449194876], [-75.63817373805306, 6.080961480961156], [-75.63816978949178, 6.080947402535856], [-75.63816363367003, 6.080925920800774], [-75.63816174494406, 6.0809060518303255], [-75.63815434697642, 6.080861352084699], [-75.63815689824355, 6.080810949813249], [-75.63814434430468, 6.080774229973269], [-75.63813849637417, 6.080757175661563], [-75.6381152055094, 6.080694082965779], [-75.63808804334786, 6.080627568375021], [-75.63804743706405, 6.080574590676686], [-75.63803298228322, 6.080550334276225], [-75.63803202249704, 6.080529640792879], [-75.6380391591467, 6.080509821746753], [-75.63804724255026, 6.0805070972336495], [-75.63805201504577, 6.080504932228604], [-75.6380258749272, 6.080485952887178], [-75.6380172724503, 6.080477055690115], [-75.63801331077012, 6.080474176667564], [-75.63796596037362, 6.08042520067191], [-75.63796172403113, 6.080420817750948], [-75.63792484420671, 6.080382670811507], [-75.63790427635054, 6.080365699249862], [-75.63788899716371, 6.0803529590124965], [-75.63785502004453, 6.0803246285003985], [-75.63781376708857, 6.0802968307527365], [-75.6378089617744, 6.080295783833507], [-75.63779444999514, 6.080292621846517], [-75.63778446162077, 6.080288998395682], [-75.63778130678263, 6.080287854817145], [-75.63773028194842, 6.080269347780015], [-75.6376889867382, 6.080254371432842], [-75.63764111947188, 6.080237011566728], [-75.63761873353168, 6.080228548727828], [-75.63758189171595, 6.080220795658282], [-75.63757950225565, 6.080220292926041], [-75.63755365394245, 6.080214852051098], [-75.63748288592633, 6.080199956355276], [-75.63746863210683, 6.080197280379583], [-75.63747099848354, 6.080184524455361], [-75.63747402143716, 6.080184365947073], [-75.63747415742841, 6.080172614465373], [-75.63745133271863, 6.080122679647857], [-75.63744420483994, 6.080122624960248], [-75.63744414764336, 6.080122378434456], [-75.63743804781062, 6.080096438539337], [-75.63743221821204, 6.0800716499854595], [-75.63743042346175, 6.080064011407686], [-75.63742141757753, 6.080063324921476], [-75.63733619419607, 6.080056836928461], [-75.63733341780808, 6.08005662628388], [-75.63731813002795, 6.080055460592246], [-75.63724621600402, 6.080026680652478], [-75.63721774101136, 6.080013386459352], [-75.63719650923169, 6.079966365722838], [-75.63716138826163, 6.079933295376885], [-75.63716503639185, 6.079925024504195], [-75.63717388422332, 6.079904955721746], [-75.63717569129862, 6.079900855174264], [-75.63713335016024, 6.079870844124622], [-75.63721924330608, 6.0798717011918795], [-75.63716102395395, 6.079692129600536], [-75.63710857119761, 6.079530342292952], [-75.63700624761314, 6.079562742182339], [-75.63700262077259, 6.07956389176023], [-75.6369894533875, 6.079568060434113], [-75.6369794069712, 6.0795712420166526], [-75.63690103300063, 6.0795960593178755], [-75.63688793865576, 6.079600205032099], [-75.63687561519653, 6.079569239160169], [-75.63686221278732, 6.079535555561038], [-75.63666629064765, 6.079420710713605], [-75.63665299725147, 6.079412919429398], [-75.63658234396856, 6.079371504536312], [-75.63655091296987, 6.079353192781106], [-75.6365222679563, 6.079336505559149], [-75.63646778925666, 6.079304766369703], [-75.63632402548288, 6.079115930667998], [-75.63623471635252, 6.078942017123496], [-75.6362095093222, 6.07888595893118], [-75.63618610461178, 6.078833905916663], [-75.63599511452611, 6.078861395402739], [-75.63598873453469, 6.078829833635566], [-75.63597361753347, 6.078755064792065], [-75.63590608233169, 6.078764708797507], [-75.63589526839682, 6.078766253252369], [-75.6358663129936, 6.0787703859354805], [-75.6358700272988, 6.07872562912134], [-75.63587243672069, 6.078696666992327], [-75.63587390334833, 6.07867903448988], [-75.63587728462957, 6.0786384053822795], [-75.63585375834137, 6.078535230746854], [-75.63579992715509, 6.078456540994542], [-75.63578228601115, 6.078430749568578], [-75.63574831452095, 6.078381089557988], [-75.63571763038956, 6.078336233893543], [-75.63569320624555, 6.078300528302386], [-75.63568622144541, 6.078289050218217], [-75.63565250739528, 6.078233645511354], [-75.63559032888618, 6.078087884323909], [-75.63559556078405, 6.07807823880636], [-75.63559305871195, 6.078051639412305], [-75.63558979276965, 6.078016917243847], [-75.63558885271844, 6.078006925754705], [-75.63558496758998, 6.077965601621047], [-75.63558827635154, 6.07790394918905], [-75.63559123625113, 6.077848737100039], [-75.63559797816716, 6.077820350501989], [-75.63561333635768, 6.077755671289334], [-75.63561952692453, 6.07772960717291], [-75.63560781481803, 6.077702119733023], [-75.63559513520849, 6.077672356999604], [-75.6355751613966, 6.077619503359747], [-75.63556850271985, 6.0775956119816446], [-75.63555201684456, 6.0775364509454874], [-75.63553955616676, 6.077491736871759], [-75.63551913781316, 6.077441065056586], [-75.6355180737171, 6.077438427710709], [-75.63550702668424, 6.077411011151101], [-75.63550603112772, 6.077408538911854], [-75.63550483080336, 6.077405560499703], [-75.6354946732906, 6.077380354521423], [-75.63548396086077, 6.077353769861743], [-75.63548189660976, 6.077348643121739], [-75.63550792278632, 6.077271918748321], [-75.63551628918071, 6.077253120713977], [-75.63551958035764, 6.077245727614135], [-75.63539339482016, 6.077298859408215], [-75.63534430382569, 6.077273468160287], [-75.63528576487866, 6.07728810911223], [-75.63526515277246, 6.07729725648039], [-75.63524584380782, 6.077305828844301], [-75.63523977003337, 6.077295964549813], [-75.63522234490851, 6.077272603013263], [-75.6351291273775, 6.077189697965883], [-75.63509752512519, 6.077180883928856], [-75.63506482799755, 6.077181477348813], [-75.63504680151708, 6.077191539652727], [-75.63504603763114, 6.077209758176537], [-75.63489199251296, 6.077190461269295], [-75.63481982006235, 6.0771346581795855], [-75.63478470017787, 6.077100998993095], [-75.63476974485307, 6.077086665887464], [-75.63474099383917, 6.077059113232872], [-75.63473772577318, 6.077054741814638], [-75.6346865404552, 6.076986302594309], [-75.63466438130087, 6.076956672824871], [-75.63462035882152, 6.0768783996607985], [-75.63459835575509, 6.07682498084935], [-75.63457518817567, 6.076810645286857], [-75.63440756273747, 6.07666609132089], [-75.63438943108744, 6.076650458288545], [-75.63427895392365, 6.076680792623599], [-75.63399618716886, 6.076758435084368], [-75.63396848153745, 6.0767662355953345], [-75.63377911565942, 6.076819554792239], [-75.63375681062803, 6.076825834572677], [-75.6336028901428, 6.076890268015753], [-75.63335054483073, 6.076980054319708], [-75.63335054601232, 6.077112307956868], [-75.63340448170555, 6.077279415663755], [-75.63342192482655, 6.077372580797851], [-75.63342415756598, 6.077384497964554], [-75.63344283115954, 6.077484238588631], [-75.63346156409351, 6.077584292625285], [-75.63346156270617, 6.077705603627077], [-75.6334615629824, 6.0778203855636335], [-75.63349588798141, 6.0779473892821745], [-75.6334968351739, 6.077985587148638], [-75.63347717148815, 6.078028375012141], [-75.6334612192633, 6.078063086975628], [-75.63334424876145, 6.0781674386549165], [-75.6332094470512, 6.078358960888619], [-75.6331109295108, 6.078493392606954], [-75.63307409812501, 6.078543649359828], [-75.63304991083173, 6.078576656652941], [-75.63302281572868, 6.078613627921205], [-75.63301190162929, 6.078651211007653], [-75.63299450403525, 6.078711108757544], [-75.63292383214107, 6.078695161347444], [-75.63275236767107, 6.07858178107227], [-75.63271123227739, 6.078544490552656], [-75.63266488902678, 6.078597739960605], [-75.63261536135863, 6.078648035079486], [-75.63256283890777, 6.078695185133377], [-75.63254395580326, 6.0787118656117025], [-75.63252806978211, 6.078731423543891], [-75.63251561178483, 6.07875333067169], [-75.6325069212024, 6.078776990475107], [-75.63249778281569, 6.078801610756034], [-75.6324849612405, 6.078824526769969], [-75.63246875997056, 6.0788451891822435], [-75.63244957126976, 6.078863102468585], [-75.63241441651444, 6.078896561895677], [-75.63233487122504, 6.078967153720798], [-75.63230204655441, 6.0789983814388515], [-75.63227213101125, 6.079032414716283], [-75.63224536619991, 6.079068977544306], [-75.63222829235296, 6.079096485169557], [-75.6322130009061, 6.079125022863967], [-75.6321796055858, 6.079166123801611], [-75.63215022110704, 6.079210190371889], [-75.63212510927066, 6.079256828036729], [-75.63210546906888, 6.079302986105989], [-75.63208832760465, 6.079348717942392], [-75.63208380025127, 6.079360998047591], [-75.63202231258995, 6.079536920663075], [-75.63200311262055, 6.079584277171915], [-75.63198097055232, 6.079648604420383], [-75.63196280923701, 6.0797141661897625], [-75.63195531294348, 6.079739384190116], [-75.6319441521129, 6.079763206112676], [-75.63192957703887, 6.079785100058959], [-75.63191191141019, 6.079804583495589], [-75.6319099302476, 6.07980688221085], [-75.63189787092104, 6.079823862126072], [-75.63188874264874, 6.079842583425918], [-75.63188278865861, 6.0798625467923415], [-75.63188017161572, 6.079883215329642], [-75.63188071089037, 6.079901803629357], [-75.63188395374871, 6.079920115673692], [-75.63187660828474, 6.079944220956386], [-75.63186602804974, 6.079967088988014], [-75.63185241053674, 6.079988287573153], [-75.63183415421877, 6.0800415610311305], [-75.63181920206823, 6.080095856238573], [-75.63181543510962, 6.080112025489258], [-75.63180682170784, 6.0801554592598315], [-75.63180031532809, 6.080199259751647], [-75.63179945298151, 6.080204677418866], [-75.6317974458642, 6.080217051922515], [-75.63179422164693, 6.080236367342222], [-75.6317900783574, 6.080260207502182], [-75.63178023599941, 6.080313157892636], [-75.63175528884106, 6.08043024123135], [-75.63175256117167, 6.080441905950162], [-75.63174105282533, 6.080489166221239], [-75.63172786900773, 6.080552182344369], [-75.63171250527849, 6.080614701015547], [-75.63170814246196, 6.08063091566273], [-75.63170812295374, 6.080630989890085], [-75.63170779817393, 6.08063217668549], [-75.63170106664438, 6.080656054775577], [-75.6317007131316, 6.080657276065009], [-75.63168916476607, 6.080695566527278], [-75.63168876901294, 6.080696830513046], [-75.63168848084528, 6.080697745914365], [-75.63167860323671, 6.080736765036594], [-75.63167765905051, 6.080740582930822], [-75.63166972428023, 6.080773322981933], [-75.63166948972248, 6.080774305021836], [-75.63166434542366, 6.0807962226239605], [-75.63166431622727, 6.080796347525479], [-75.63166198563468, 6.080806463476609], [-75.6316618282287, 6.080807153131602], [-75.63164626258694, 6.080878108502609], [-75.63164222270755, 6.080897585205603], [-75.63163252418096, 6.080946498309055], [-75.63163020016016, 6.080958708013589], [-75.63161583663211, 6.081039322750881], [-75.63161406375272, 6.081050092326226], [-75.63161000846205, 6.081084039365964], [-75.63160823005792, 6.081118181432132], [-75.6316082302514, 6.081118221209489], [-75.63160815289591, 6.081124598771375], [-75.63160815144145, 6.081124671102641], [-75.63160814261532, 6.0811278696826605], [-75.63160814440569, 6.081129166084901], [-75.63161191042802, 6.081189670413348], [-75.63162280980718, 6.081249302819729], [-75.63164068492348, 6.081307223302321], [-75.63164414771614, 6.0813180152725765], [-75.63164727515723, 6.08132782074824], [-75.63168425756736, 6.081447798969914], [-75.63171906296455, 6.081568427862655], [-75.63172546899773, 6.081581420411646], [-75.63173932174954, 6.081613584152918], [-75.63175080550036, 6.081646668013746], [-75.63176379114721, 6.081699420343553], [-75.63177076370192, 6.081753303120317], [-75.63177163400984, 6.0818076269878345], [-75.63176873435435, 6.081860236165529], [-75.63176850959132, 6.08187826767739], [-75.63176851323591, 6.0818819869301795], [-75.63177089773565, 6.08194254047164], [-75.63177769160261, 6.082002759714824], [-75.63178885983449, 6.082062318466779], [-75.63179003912335, 6.082067469430967], [-75.63180221865112, 6.082113799680731], [-75.63183137224615, 6.0822203194257485], [-75.63183494629956, 6.082232257185999], [-75.63186249694003, 6.082318012334036], [-75.6318930212487, 6.0824027521927535], [-75.63191722011793, 6.082455613465855], [-75.63193622365596, 6.082505792431138], [-75.63193942296041, 6.082515328141669], [-75.63195543820079, 6.08257037914614], [-75.63195971563287, 6.082588032506665], [-75.63196801893318, 6.082628621021497], [-75.63197044387123, 6.082642906779963], [-75.63197427293886, 6.082664931609309], [-75.63197474748233, 6.082687282884856], [-75.63197185598875, 6.082709450777594], [-75.63196566554834, 6.082730931403553], [-75.63196271041089, 6.0827431758280825], [-75.63195950580445, 6.0827602048081495], [-75.63195593868738, 6.082801289667336], [-75.63195590929548, 6.082803601471601], [-75.63195841848429, 6.082844664839068], [-75.63196661838353, 6.08288497450411], [-75.63196772950307, 6.082888921601461], [-75.63197400180914, 6.0829163705809846], [-75.63197819780369, 6.082947909671163], [-75.63197928639651, 6.082979705295256], [-75.63197823182539, 6.083001482721254], [-75.63197794354146, 6.083004786628848], [-75.63197330959295, 6.083037104673749], [-75.63197529609226, 6.0830652236602765], [-75.63197551707387, 6.083067762064707], [-75.6319854179616, 6.083143401919991], [-75.63199587154892, 6.083194909027803], [-75.63199911616216, 6.083208370812289], [-75.63200285771727, 6.083221318479985], [-75.63200878504695, 6.083247657154799], [-75.63201258553984, 6.0832743849985516], [-75.63201421902824, 6.083300486052918], [-75.6320138287882, 6.083326635850218], [-75.63201378720423, 6.083327370143178], [-75.63200930535662, 6.0833664434267805], [-75.63200030571842, 6.08340472961545], [-75.63200022484456, 6.083404999417316], [-75.63199410674464, 6.083423527963699], [-75.63199212406329, 6.083428856170024], [-75.63198914418258, 6.083436386989584], [-75.63198758193445, 6.083440140999314], [-75.63198238854383, 6.083451778872689], [-75.63197304948662, 6.083460593719296], [-75.63196242100912, 6.083467796600784], [-75.63195077858532, 6.083473204459228], [-75.63193791516926, 6.083476771293477], [-75.63192463737029, 6.083478145109978], [-75.63191131620425, 6.083477288841349], [-75.63190246900214, 6.083475451556147], [-75.63187726285048, 6.0834808252062365], [-75.63185298849287, 6.083489485965109], [-75.63183006696144, 6.083501281707323], [-75.6318127383858, 6.0835130212463415], [-75.6318078629735, 6.083514467094276], [-75.6317626602369, 6.083528964305574], [-75.6317470496296, 6.083534429480982], [-75.63168839021287, 6.083557157704134], [-75.63163099091551, 6.0835829020251175], [-75.63162212211205, 6.083587205163611], [-75.63157244231992, 6.083613002245635], [-75.6315240081811, 6.083641069655079], [-75.63152186235521, 6.083642382857188], [-75.631456748719, 6.083685290244281], [-75.63143945654157, 6.0836970892671705], [-75.63143925312421, 6.083697232195215], [-75.63141473254797, 6.083715248371635], [-75.63140999526846, 6.08371891208817], [-75.6314090217563, 6.083719672622532], [-75.63139723535137, 6.083729088839796], [-75.63139669290456, 6.083729531758106], [-75.63138183078982, 6.0837420069158545], [-75.63138162303711, 6.083742186931164], [-75.63136545330369, 6.083756548893289], [-75.63136488055062, 6.083757074228132], [-75.63135259230842, 6.083768597525863], [-75.63135218687822, 6.083768986437029], [-75.63134564377923, 6.0837753494179], [-75.63134273070952, 6.083778237603608], [-75.63133279719567, 6.083788318305468], [-75.63133108351656, 6.083790093179159], [-75.63130549004671, 6.083818145046685], [-75.63128136137209, 6.083847471718755], [-75.63127814170842, 6.083850272802103], [-75.63124074429689, 6.083887109038709], [-75.63123969058732, 6.0838882785957], [-75.63120878882023, 6.08392663270824], [-75.63118218853168, 6.083968092062604], [-75.6311775437383, 6.083976471769766], [-75.63115571011262, 6.084022904583175], [-75.63115265753032, 6.084034800524437], [-75.63115126733709, 6.084047002066989], [-75.63115119126707, 6.08405234267621], [-75.63115237525749, 6.08406551166126], [-75.63115549406223, 6.084078362027058], [-75.63116047584252, 6.0840906075391175], [-75.631165487835, 6.0840994102716985], [-75.63116327363915, 6.08411971162208], [-75.63115827529289, 6.084139513045055], [-75.6311553336696, 6.084147670188357], [-75.6311472607711, 6.084164829591343], [-75.6311370497755, 6.084180807877643], [-75.63113343655293, 6.084188665437882], [-75.63110480881609, 6.084248530342722], [-75.63108557436591, 6.084286590713492], [-75.63107919817202, 6.084298858152732], [-75.6310753412954, 6.084306199783126], [-75.63105823076397, 6.084338073311904], [-75.63105603663855, 6.084342082634124], [-75.63103144804508, 6.084385849272893], [-75.63097828645797, 6.084474007693296], [-75.63096616835536, 6.084511592192925], [-75.63095616213734, 6.084549796521084], [-75.63095575701357, 6.084551547838175], [-75.6309468075479, 6.084597374506847], [-75.63094089236469, 6.0846436917475115], [-75.6309396317079, 6.084658756699306], [-75.63093919172884, 6.084677288308027], [-75.63094077995736, 6.08469520521674], [-75.63094596363592, 6.0847186871204615], [-75.63095454454162, 6.084741148961687], [-75.63096633515656, 6.084762103465904], [-75.63098107855761, 6.084781091722731], [-75.63100521293981, 6.084787265350756], [-75.63102824627606, 6.084796759506911], [-75.63104973056485, 6.0848093811002455], [-75.63106923652843, 6.084824887225707], [-75.63108638515654, 6.084842971449616], [-75.6311188069769, 6.084865863082992], [-75.63114854039945, 6.084892156211156], [-75.63116226028565, 6.0849064538008175], [-75.63118249010607, 6.084930769093261], [-75.63118834495921, 6.084938685356713], [-75.63120555048305, 6.084964932889915], [-75.63120620432358, 6.084966037165858], [-75.6312265847302, 6.084994384698531], [-75.63124148756401, 6.085020519602657], [-75.63124901254231, 6.085036453897947], [-75.63126251294727, 6.085073572644052], [-75.63127118114511, 6.085112109906479], [-75.63127487319247, 6.085151438975433], [-75.6312735308732, 6.0851909182581645], [-75.63126717362745, 6.08522990307091], [-75.63125979809473, 6.085249686255975], [-75.63125816266462, 6.085254178331443], [-75.63123796255213, 6.085313167720215], [-75.6312379016772, 6.085315876558194], [-75.63123482850922, 6.085322984740483], [-75.63121109613093, 6.085405166740914], [-75.63119145757527, 6.085488423586356], [-75.63119035678004, 6.085538000863726], [-75.63119443935004, 6.085587421775312], [-75.63120366291292, 6.085636144999588], [-75.63121792462127, 6.085683636742298], [-75.63123707019692, 6.08572937340452], [-75.63125864256307, 6.085783274479046], [-75.63128430637437, 6.08583534749137], [-75.63131391019687, 6.085885282185078], [-75.63134727917631, 6.0859327810747645], [-75.63136003420837, 6.085949053281413], [-75.63141701314733, 6.085990345502472], [-75.63147749206676, 6.0860263057187645], [-75.63154097548333, 6.086056635297106], [-75.63167428787591, 6.08608649043805], [-75.63176378908437, 6.086103753367131], [-75.6318536763597, 6.086118876312534], [-75.63195662056971, 6.0861358503226874], [-75.6319596323031, 6.086136345514761], [-75.6321567848749, 6.086168706987718], [-75.632254403823, 6.086167270588755], [-75.63235172656492, 6.0861595361858845], [-75.63238082646801, 6.086163649565941], [-75.6324090921153, 6.086171711392054], [-75.63243991358364, 6.08618568409083], [-75.63246815044265, 6.086204339729397], [-75.63249310228825, 6.086227213427044], [-75.63251414586188, 6.086253732344687], [-75.63252722715437, 6.0862759768854975], [-75.63253753900945, 6.086299631699508], [-75.63256470966938, 6.086334878260106], [-75.63258847440517, 6.086372510957572], [-75.63260862567698, 6.0864121972103415], [-75.63262498661615, 6.086453597054839], [-75.6326305615383, 6.086470971934144], [-75.63264090651438, 6.08651199431252], [-75.63264757481744, 6.086553775051195], [-75.63265050973953, 6.086595982640553], [-75.63265065679651, 6.086606334215459], [-75.632650298865, 6.08662648817202], [-75.63264613064827, 6.0866552003935785], [-75.63263921150451, 6.086683375473458], [-75.63263637433225, 6.086692389151598], [-75.63262761799126, 6.086715522262668], [-75.63262425311208, 6.086737461931272], [-75.63262171257767, 6.08675731283427], [-75.63261925924475, 6.086781530784152], [-75.63261667768984, 6.086823183991462], [-75.63261650454827, 6.086828244812261], [-75.63261617425933, 6.086842948108369], [-75.63261614579247, 6.0868639900440495], [-75.63261865075785, 6.0869202767164925], [-75.63261987822635, 6.0869262257124985], [-75.63263560303942, 6.086991846382575], [-75.63263680677056, 6.086996259510905], [-75.63265789336737, 6.0870646041337935], [-75.63268316271461, 6.087131508977724], [-75.63269002820556, 6.0871477583377], [-75.63269479487143, 6.087166071042054], [-75.6327006285339, 6.087187425191402], [-75.63270775462033, 6.087212117118228], [-75.63273778349149, 6.087303650394089], [-75.6327405637411, 6.08731131854767], [-75.63275463894185, 6.087348473254478], [-75.63275468976279, 6.087399507606645], [-75.63275482810008, 6.087402876330599], [-75.63276018687505, 6.087463197406046], [-75.63277092494914, 6.087522792487414], [-75.63277207180775, 6.087527766403814], [-75.63278057460029, 6.087560301483294], [-75.63279451443432, 6.087594694064928], [-75.63281044058182, 6.087628213580465], [-75.63281121927875, 6.087629732201633], [-75.63283689603894, 6.087674950456078], [-75.63286618347135, 6.087717909938657], [-75.63287903733138, 6.087734611916869], [-75.63288011361418, 6.087744007891346], [-75.63288864099447, 6.087819032346929], [-75.63288907706941, 6.087822894132961], [-75.63290015786929, 6.087921682668124], [-75.63290721477718, 6.087985370265077], [-75.6329257050962, 6.088155146690942], [-75.63292687253356, 6.088166011302635], [-75.63292366821027, 6.088220155201558], [-75.63269791192808, 6.088231568021814], [-75.63243133811143, 6.088174936758517], [-75.63202141647128, 6.088121109575845], [-75.63154321141641, 6.088064347083795], [-75.63151084897414, 6.088055927345147], [-75.63148551933419, 6.0880493383488306], [-75.63142172733575, 6.088032853217745], [-75.6314097696018, 6.088043821663722], [-75.63139615845851, 6.088038711470977], [-75.6313716361432, 6.0880295049141955], [-75.63136104888956, 6.088025529016981], [-75.6313504951226, 6.088021567420938], [-75.63134243129366, 6.088022597605701], [-75.63130539226616, 6.088002674906212], [-75.63124133873723, 6.087969203880954], [-75.63120171494168, 6.087940764047199], [-75.63119865290845, 6.08793884431369], [-75.63119247357885, 6.087934969858183], [-75.63118243115812, 6.087928999670574], [-75.63116920255536, 6.0879212098003705], [-75.63113689506238, 6.087902186133831], [-75.63113515974057, 6.087904711481643], [-75.63113155634329, 6.0879099499637555], [-75.6310947077414, 6.087889624914788], [-75.63108047090137, 6.087881771252062], [-75.63104085684769, 6.087869242676757], [-75.63100872191556, 6.087860061481466], [-75.63098068786842, 6.087853030005051], [-75.630916099043, 6.087837420191177], [-75.63090141139901, 6.0878328793617085], [-75.63081394705104, 6.087819445072479], [-75.63076916270023, 6.087813656995968], [-75.63075415536241, 6.087811718680752], [-75.63074317232628, 6.087810298647071], [-75.63072078060645, 6.08780740550789], [-75.63065543831391, 6.087778018855571], [-75.63058990083925, 6.087754733692802], [-75.63057506566031, 6.087732315022692], [-75.63054132812387, 6.087685014987074], [-75.63053440083476, 6.087689274316261], [-75.63051714874237, 6.087651443384132], [-75.63049781138024, 6.087642398624557], [-75.63046721891651, 6.087619457411156], [-75.6304554129021, 6.08762708824106], [-75.63035239453787, 6.087693674218627], [-75.63025305807734, 6.0876921055587765], [-75.63018631787725, 6.087604855400684], [-75.63016740627643, 6.087590133808304], [-75.6300644087405, 6.087509947505222], [-75.62990520658738, 6.087462241214012], [-75.62986324231521, 6.087449667935097], [-75.62980897241243, 6.087485526028021], [-75.6296786323059, 6.087412701743823], [-75.62966353011456, 6.0874042619013204], [-75.62965129816781, 6.087402503485088], [-75.62956756344002, 6.087390460186178], [-75.62941784991025, 6.087368925014965], [-75.62926667023685, 6.087324121174831], [-75.6292617011044, 6.08732264918826], [-75.629173839478, 6.0872966103888535], [-75.62908773200805, 6.0872915949318065], [-75.62906186535042, 6.08729008919394], [-75.62877058080522, 6.087273124044658], [-75.62849346266044, 6.08730302729324], [-75.62839884644565, 6.0873132376857235], [-75.62837100482038, 6.087316242825214], [-75.6282664770653, 6.0873275221720595], [-75.62826646246555, 6.087327491505331], [-75.62822030149904, 6.0873693969641325], [-75.62822434411835, 6.087371081408513], [-75.62822780572513, 6.087372522781117], [-75.62822371086689, 6.087376253878006], [-75.62818689223516, 6.087409807360979], [-75.62818607034511, 6.087409433470959], [-75.62817807112928, 6.08741725364597], [-75.628137317277, 6.087457094113454], [-75.62813170262181, 6.087454186006102], [-75.62813090129733, 6.087453769525241], [-75.62812864402842, 6.087452600732714], [-75.62811974583369, 6.0874590529329184], [-75.62807744633025, 6.087489724775741], [-75.62798919064348, 6.087553718881578], [-75.62798099173305, 6.08755966321116], [-75.62791941268348, 6.087512945165353], [-75.62791935912253, 6.08750694521494], [-75.62791832336544, 6.087501036839253], [-75.62791633326697, 6.08749537630405], [-75.627913442873, 6.087490119747464], [-75.6279097305483, 6.08748540962829], [-75.62786214624953, 6.08744746775275], [-75.62783322800011, 6.087426505292499], [-75.6278026564828, 6.0874080442675895], [-75.6278026577941, 6.087318783310858], [-75.62778351755516, 6.087320927859714], [-75.62776426155799, 6.0873208119306845], [-75.62774514722894, 6.087318440597909], [-75.62773753034503, 6.087316849502655], [-75.62771134699726, 6.087308355993081], [-75.62768694746808, 6.08729560473364], [-75.62766502078509, 6.087278949469407], [-75.62764618069197, 6.087258863647678], [-75.6276309609833, 6.087235909702714], [-75.62761978295184, 6.087210731077903], [-75.62758881403579, 6.087141178396189], [-75.6275613801836, 6.087070154768615], [-75.62754825912992, 6.08704992445682], [-75.62753206618468, 6.087032060555047], [-75.62751322356739, 6.087017025690611], [-75.62749221725122, 6.087005206239747], [-75.62746958973356, 6.086996911458815], [-75.62744592818534, 6.086992350940649], [-75.62742184193404, 6.0869916473809695], [-75.62739795242821, 6.086994815834072], [-75.62737488155376, 6.087001775522337], [-75.6273532227204, 6.0870123472649595], [-75.62733353454837, 6.087026255316676], [-75.62727830344441, 6.087064159246436], [-75.62721946440173, 6.087096160088779], [-75.62715764165429, 6.087121916684965], [-75.62709349499325, 6.087141156411302], [-75.62701797024015, 6.087161503867081], [-75.62694151644835, 6.087178016315714], [-75.62686432941193, 6.087190653928241], [-75.6268233691576, 6.0871958591597055], [-75.62681085451523, 6.087197075488289], [-75.62675648737358, 6.087200355275192], [-75.62670202317709, 6.087200390873869], [-75.62665148964977, 6.087194501130465], [-75.62660225630255, 6.087181658286583], [-75.62655527808585, 6.08716211082735], [-75.62651518890031, 6.087132279633349], [-75.62647851893394, 6.08709832646813], [-75.62644569094081, 6.08706063801784], [-75.62642947576484, 6.087022582992926], [-75.62641841429713, 6.086982721882947], [-75.62641270136811, 6.086941746246817], [-75.62641243892926, 6.086900377929408], [-75.626412013746, 6.086861203643791], [-75.62640601016012, 6.086822490465522], [-75.62639455305067, 6.086785031546972], [-75.62637787192456, 6.086749591505231], [-75.6263563126047, 6.086716895516673], [-75.62633031276167, 6.086687612259113], [-75.62630742616562, 6.086654248302533], [-75.62628877117913, 6.08661834142608], [-75.62627463036308, 6.086580422743723], [-75.62627461844215, 6.086580385735479], [-75.62627444129389, 6.086579801673719], [-75.62627438990096, 6.0865796337695155], [-75.62627437612541, 6.086579586825668], [-75.62627436875974, 6.086579557931735], [-75.62626873592107, 6.086558406036131], [-75.6262627162799, 6.086524376842203], [-75.6262602692002, 6.0864899035409605], [-75.62626142360722, 6.086455362983259], [-75.62626791765582, 6.086424012157612], [-75.62626957792652, 6.086417187492985], [-75.62628835448555, 6.086356735883469], [-75.62631378045384, 6.086298768795408], [-75.6263455360623, 6.086244020070638], [-75.62635495772103, 6.08622261678639], [-75.62636101656348, 6.086200027479178], [-75.62636357245024, 6.086176778991737], [-75.62636256387677, 6.086153410440655], [-75.62635801789006, 6.086130469551932], [-75.62635003641422, 6.086108486509894], [-75.62633880709699, 6.086087975712629], [-75.62632459055573, 6.086069413232589], [-75.62629654612199, 6.086041827784597], [-75.62626508809178, 6.086018218716406], [-75.6262299646507, 6.085998620703403], [-75.62619250805669, 6.085983982847049], [-75.62615340965169, 6.085974578423096], [-75.62611339911643, 6.0859705783626215], [-75.62606893663153, 6.085973774558467], [-75.6260253863692, 6.085983298319798], [-75.62598646399451, 6.0859976742231074], [-75.6259564870322, 6.086013082410413], [-75.6259893412505, 6.086069393458603], [-75.62594523181153, 6.086108270123465], [-75.62589717831688, 6.086142139432073], [-75.62584574603291, 6.08617060627138], [-75.6257915375276, 6.086193331398227], [-75.62573519186404, 6.0862100513325395], [-75.62568736603647, 6.086219211662949], [-75.62563891314176, 6.086224040091232], [-75.62556687869156, 6.086224038999367], [-75.62536876611115, 6.086207442752952], [-75.62535824593581, 6.086205927218916], [-75.62534762109902, 6.086205921064468], [-75.62533709932325, 6.086207423278773], [-75.62532689812059, 6.086210402969525], [-75.62531743030436, 6.086214688165201], [-75.62530835987211, 6.086220459504173], [-75.62530021126665, 6.086227470339108], [-75.62529314908674, 6.086235580644284], [-75.62528732242413, 6.086244618827536], [-75.62528285231605, 6.086254401680424], [-75.62528233782696, 6.086279942880741], [-75.62528612194875, 6.0863052064102465], [-75.62529409462063, 6.086329474079135], [-75.6253060312099, 6.086352054472781], [-75.62532158900923, 6.086372305570261], [-75.62534032807905, 6.086389649107803], [-75.62535520649367, 6.0864014894547065], [-75.62533258814429, 6.086461276306357], [-75.6252954827977, 6.08654704392492], [-75.62525727886921, 6.08663534734673], [-75.62527035480112, 6.086641469266849], [-75.62527732682496, 6.086644734239237], [-75.62529219239683, 6.086651697262318], [-75.62542073669935, 6.086711889355069], [-75.62553321241468, 6.086764557403617], [-75.62553965361074, 6.086750206702501], [-75.62554173008607, 6.086745579579468], [-75.62559778951046, 6.086620650902697], [-75.62560338009584, 6.086608194724309], [-75.62573979969311, 6.086730052955556], [-75.62586371742546, 6.086949253858356], [-75.62590841738285, 6.087039532283392], [-75.62582546792838, 6.087108648881484], [-75.6257109758907, 6.087177857546082], [-75.62560910030783, 6.087226469143968], [-75.62556867864289, 6.08715626793352], [-75.62553936658385, 6.087105354927618], [-75.62549470796291, 6.087127135856901], [-75.62548172053512, 6.087133472320214], [-75.62546196182407, 6.087098108685129], [-75.62539389283454, 6.087134134861542], [-75.6253794740738, 6.087141810868998], [-75.62536511566502, 6.08714945403646], [-75.62535027464028, 6.087121517693401], [-75.62530969373705, 6.087141428160233], [-75.62530445070942, 6.087143998597949], [-75.62530420924236, 6.087144118204611], [-75.62531445492436, 6.087163679133928], [-75.6253147639662, 6.087164269786869], [-75.62531718704824, 6.087168895803841], [-75.62531968033544, 6.087173657991621], [-75.62532566239055, 6.087185081465167], [-75.62533138006212, 6.08719599724146], [-75.62530502854315, 6.08720884919138], [-75.62529859159051, 6.087211989571665], [-75.62526967574009, 6.087226092559084], [-75.625233153403, 6.087243907557058], [-75.62520067667788, 6.087259747388991], [-75.62525028990078, 6.087359712463508], [-75.62525520516729, 6.087369616890246], [-75.62525584455938, 6.087370908387325], [-75.62526004291155, 6.087379366196428], [-75.62526697845999, 6.087393340797394], [-75.62518860897691, 6.087439811043666], [-75.62512706037423, 6.087473709872812], [-75.62508093935425, 6.087497697475194], [-75.62504582505294, 6.087596773091399], [-75.6248573835114, 6.087697620130226], [-75.62483522254004, 6.087718447157539], [-75.62474567507785, 6.087802604051376], [-75.62468177694939, 6.087862658718528], [-75.6246706846285, 6.087871287680389], [-75.6246612002771, 6.087881659071486], [-75.62465602566346, 6.087889206008396], [-75.62465170799322, 6.087897277648402], [-75.62464740605952, 6.087908589352388], [-75.62464478916971, 6.087920404552494], [-75.62464390940195, 6.087932474379551], [-75.62464472454465, 6.087944103819057], [-75.62464715434228, 6.087955504810902], [-75.62465115164123, 6.087966452474253], [-75.62470355275964, 6.087993852564731], [-75.62496153993922, 6.0881287497393295], [-75.624962102237, 6.0881290444371965], [-75.6251088122101, 6.088205755572548], [-75.62521348050778, 6.08826048575256], [-75.6252447156672, 6.088299722548588], [-75.62524652854468, 6.088301999178871], [-75.6252752365806, 6.088338061473334], [-75.6253512258408, 6.088433517028611], [-75.62536414409858, 6.088449744334755], [-75.62536761355726, 6.088454101270167], [-75.6254777235436, 6.088465902875472], [-75.62547806692324, 6.088465939174118], [-75.62552410402638, 6.088470957665764], [-75.62553855060152, 6.088472532714444], [-75.62555421619575, 6.088474241052486], [-75.62556313607816, 6.088475213784425], [-75.62557266230033, 6.088476251368383], [-75.62558189122521, 6.088477256949518], [-75.62558374494625, 6.088477529989983], [-75.62560446204057, 6.0884805580641626], [-75.62561014609732, 6.088481390147764], [-75.62561154881072, 6.088481595771609], [-75.62563505597386, 6.088485034262842], [-75.62564828050456, 6.088486968744156], [-75.62564790682495, 6.0884877598047], [-75.62568587692378, 6.088497255570005], [-75.62568729933248, 6.088497611171058], [-75.62569071836738, 6.088498467842625], [-75.62569219051053, 6.088498835858293], [-75.62570794462533, 6.0885027767793805], [-75.62571072885294, 6.088503472003343], [-75.62574429247485, 6.088511867284534], [-75.62575559587367, 6.088513595951313], [-75.62578747153988, 6.088518472724513], [-75.62584108902567, 6.08852667362052], [-75.62585047810032, 6.088528110555516], [-75.6258643004925, 6.088530223834916], [-75.62588917502433, 6.088534029030617], [-75.62589353422685, 6.088534693983095], [-75.62592054814566, 6.088538826876876], [-75.6259375218813, 6.088540423058036], [-75.62594224308481, 6.088540867465755], [-75.62595022079097, 6.088541618764294], [-75.62595762652519, 6.088542314988276], [-75.62597719715548, 6.088544157082788], [-75.62597837185821, 6.088536100743014], [-75.6259869802624, 6.088536911349734], [-75.62600593283787, 6.088538694072968], [-75.62601157116815, 6.088539223515668], [-75.6260122620489, 6.088533825648781], [-75.62601260401071, 6.088531154305993], [-75.62603508832834, 6.088531153304863], [-75.62605636510362, 6.088534309722414], [-75.62609852096261, 6.088540561207365], [-75.62609905717478, 6.08853790428771], [-75.6261151378951, 6.08854028862831], [-75.62614311685351, 6.088544144689762], [-75.62614119679692, 6.088558097295483], [-75.6261424088568, 6.088602326852557], [-75.62614280238935, 6.088616584611212], [-75.62614291961476, 6.088617475439551], [-75.62615205013059, 6.088686129285421], [-75.62615591136951, 6.088715159608246], [-75.62617178390012, 6.088773380358973], [-75.62617849945914, 6.088798014821034], [-75.62620168641672, 6.088849664526508], [-75.62623017180394, 6.088913112571982], [-75.62624709433342, 6.088950810651787], [-75.62626463132281, 6.088989871765829], [-75.62628632729533, 6.089038201796378], [-75.62629368925568, 6.089080244316897], [-75.62630368114752, 6.089137317517168], [-75.62625010483178, 6.089354798680758], [-75.6262324456226, 6.089551086519119], [-75.6264415694401, 6.089627968572493], [-75.62646626283458, 6.08963704795754], [-75.62655742354212, 6.089670563833521], [-75.62660816658675, 6.089689216827923], [-75.62668757685411, 6.089718411575827], [-75.62673208413959, 6.089734775126898], [-75.62674768263722, 6.0897405104030735], [-75.62678368131638, 6.089753743974052], [-75.62682144885636, 6.0897676288845055], [-75.62687817435364, 6.089788482099819], [-75.62693002398808, 6.089807547336506], [-75.6269407348291, 6.0898114838433015], [-75.62700684658358, 6.089835790002987], [-75.62701761895781, 6.089839750617442], [-75.6270576249366, 6.089854457234498], [-75.62706041810924, 6.089854761852267], [-75.62708303905532, 6.0898572191484925], [-75.62714373420174, 6.089863816827193], [-75.62729033165463, 6.0898797479522555], [-75.62729136994112, 6.089879860419921], [-75.6273196874797, 6.089882939961741], [-75.62742122913117, 6.089903807057069], [-75.62743087740502, 6.089918051341024], [-75.62748334263739, 6.0899955326405015], [-75.62753926819398, 6.090011793447847], [-75.62755348699336, 6.0900159261996984], [-75.62755954588053, 6.090017687604329], [-75.62763478226849, 6.0900395606814195], [-75.62768861738078, 6.090039561382444], [-75.62770545061845, 6.09003956160931], [-75.62774043662033, 6.090039561958616], [-75.62784655927037, 6.090060082070958], [-75.62790992461835, 6.090051917886294], [-75.6279139213432, 6.090051403887438], [-75.6280396456358, 6.09003520787467], [-75.62820950802337, 6.090007942597141], [-75.62829791748197, 6.090076118497796], [-75.62831035651637, 6.090085712254817], [-75.62839098052017, 6.090149211440159], [-75.62848855970235, 6.090170576761275], [-75.6285605087128, 6.0901705776540425], [-75.62866209300003, 6.090139327349669], [-75.62878883716932, 6.090088853500359], [-75.628872778036, 6.090013244091814], [-75.6288909567686, 6.089996869823768], [-75.62898042872331, 6.08991627560932], [-75.62904132992833, 6.0898286370950725], [-75.62908457985183, 6.089828637748942], [-75.62910540179459, 6.0898537629344585], [-75.62915025330511, 6.089851221709528], [-75.62916886124509, 6.089851223183548], [-75.62921412793214, 6.089851223032187], [-75.62930763566781, 6.089833643353755], [-75.62934072195849, 6.0897964700451], [-75.62935091265302, 6.0897850211355395], [-75.62936677760484, 6.0897671944813885], [-75.62938318870184, 6.089748755831656], [-75.62942150031637, 6.089636350627286], [-75.62948337195292, 6.089502431582987], [-75.62954600396152, 6.089364600612516], [-75.62956253546959, 6.08932822495565], [-75.62957917509063, 6.089291609197752], [-75.62958315973852, 6.089293626598296], [-75.62958826914104, 6.089296079691766], [-75.62959343223939, 6.089298431269301], [-75.62959864185244, 6.089300690406489], [-75.62960389616507, 6.089302855304045], [-75.62960919252505, 6.089304937727595], [-75.62961452461919, 6.0893069395160655], [-75.62961988887011, 6.089308867919299], [-75.62962528347592, 6.089310723850155], [-75.62963070125105, 6.08931251548014], [-75.62963614130999, 6.089314246429818], [-75.6296415973615, 6.089315923058213], [-75.62964706490747, 6.089317549003472], [-75.62965254217684, 6.089319131506699], [-75.6296600205493, 6.089321206904401], [-75.6296631414821, 6.089322051438754], [-75.62966845334972, 6.089323423199907], [-75.62967377839048, 6.089324718052221], [-75.6296791192434, 6.089325921517945], [-75.62968447856512, 6.0893270227354845], [-75.6296898580915, 6.089328007231542], [-75.62969526317539, 6.089328861419201], [-75.62970123416503, 6.0893296378104464], [-75.62970722872107, 6.089330245932763], [-75.62971324413407, 6.089330685799334], [-75.62971927139462, 6.089330961974392], [-75.6297253068989, 6.089331076283601], [-75.62973134435136, 6.089331034182015], [-75.62973737471171, 6.089330833905602], [-75.62974339260069, 6.089330483617085], [-75.62975007961, 6.089329922132857], [-75.6297567451077, 6.089329208872503], [-75.62976340012511, 6.089328383560572], [-75.62977004391313, 6.089327477842584], [-75.62977668297853, 6.089326529657053], [-75.62978332109674, 6.089325572435533], [-75.62978996478336, 6.089324645924597], [-75.62979661237293, 6.089323779062058], [-75.62980170962062, 6.089323178319991], [-75.62980681524739, 6.089322629068054], [-75.62981192379918, 6.089322124100429], [-75.62981703706909, 6.089321660696199], [-75.62982215229486, 6.089321228020197], [-75.62982726945451, 6.0893208215522545], [-75.62983238851284, 6.089320434060145], [-75.62983750855787, 6.089320063740178], [-75.6298424101302, 6.089319712566776], [-75.6298473135308, 6.089319365904677], [-75.62985221239366, 6.089319014744406], [-75.62985711301876, 6.0893186545349645], [-75.62986201357784, 6.08931828076501], [-75.62986691404006, 6.089317887106312], [-75.629871815291, 6.08931746993833], [-75.62987671368286, 6.0893170220464405], [-75.62988106308237, 6.08931660124156], [-75.62988541245105, 6.0893161741084185], [-75.62988976278886, 6.089315760531311], [-75.62989411240393, 6.089315384023886], [-75.62989846409371, 6.089315062653567], [-75.6299028179858, 6.089314822637267], [-75.62990717234874, 6.089314679352341], [-75.6299115282089, 6.089314658107268], [-75.62991874306664, 6.089314921255352], [-75.6299259452079, 6.08931554066235], [-75.62993312179508, 6.0893164766125265], [-75.62994025642638, 6.089317699352118], [-75.62995055870618, 6.089319901100189], [-75.62995604258961, 6.089321172573343], [-75.62996389660843, 6.08932304814645], [-75.62997176014815, 6.089324838691968], [-75.62997851350677, 6.089326218787779], [-75.62998529233481, 6.089327450494531], [-75.62999209308131, 6.089328546486272], [-75.629998916689, 6.089329514894937], [-75.63000576141765, 6.089330369289755], [-75.63001262370302, 6.089331119632731], [-75.63001950088857, 6.089331776785461], [-75.63002639301382, 6.089332348884219], [-75.6300332956379, 6.089332851319577], [-75.63004020880483, 6.089333293131855], [-75.6300471280385, 6.089333682479369], [-75.63005405341808, 6.089334035634678], [-75.63006098225618, 6.089334357131167], [-75.63006791372887, 6.0893346632458005], [-75.630074840655, 6.0893349630541405], [-75.63008176758991, 6.089335264670464], [-75.63008792763297, 6.0893355447138875], [-75.6300940868037, 6.089335831089854], [-75.63010024146746, 6.089336119295835], [-75.6301063915935, 6.0893364030036], [-75.63011254077674, 6.089336678579427], [-75.63011861671295, 6.089336935527346], [-75.63011868717571, 6.089336938799851], [-75.63012483078163, 6.089337181856828], [-75.6301309751542, 6.089337396884344], [-75.63013711668093, 6.0893375839000194], [-75.63014325624289, 6.089337738379283], [-75.63014939740424, 6.089337850360181], [-75.63015553653044, 6.089337915340185], [-75.63016167543218, 6.0893379342145], [-75.63016781585847, 6.089337895221907], [-75.63017395688861, 6.089337794750691], [-75.63018009941254, 6.089337630084342], [-75.63018515169303, 6.0893374399982205], [-75.63019020463456, 6.089337200185891], [-75.63019525369504, 6.0893369052452195], [-75.6302003024826, 6.089336554254539], [-75.63020534556082, 6.08933614362416], [-75.63021038382402, 6.08933567154162], [-75.63021541364644, 6.0893351353124325], [-75.63022043499721, 6.08933452860839], [-75.63022564555912, 6.089333828767934], [-75.63023084770222, 6.0893330693009995], [-75.63023604331201, 6.08933226647135], [-75.63024123699665, 6.089331439241606], [-75.63024642791902, 6.089330601176658], [-75.6302516197929, 6.08932977305161], [-75.63025681360507, 6.089328972038657], [-75.63026201303411, 6.0893282116806295], [-75.63026856123071, 6.089327336256882], [-75.63027511889881, 6.089326551192161], [-75.63028168691956, 6.0893258519619105], [-75.63028826526653, 6.08932523314193], [-75.63029485211145, 6.089324690220865], [-75.63030144473167, 6.089324220499854], [-75.6303080449071, 6.089323818545891], [-75.63031464900754, 6.089323480760459], [-75.63032126061918, 6.089323201701754], [-75.630327873398, 6.089322976880466], [-75.63033405567244, 6.089322814730711], [-75.63033449094335, 6.089322803566862], [-75.63034110961631, 6.08932267635437], [-75.63034772850047, 6.089322592535319], [-75.63035434756945, 6.089322546685498], [-75.63036096588931, 6.089322532481116], [-75.63036758164495, 6.08932254812291], [-75.63037241099694, 6.089322575191251], [-75.6303772395118, 6.089322615824436], [-75.63038206448448, 6.089322670939697], [-75.63038688951437, 6.08932273780732], [-75.63039171189203, 6.089322816440522], [-75.63039653614638, 6.089322909529382], [-75.63040135685418, 6.089323016196287], [-75.63040617942546, 6.089323134606742], [-75.63041100115518, 6.089323265678011], [-75.63041582385408, 6.089323410305297], [-75.63042064390953, 6.08932356850622], [-75.63042546491654, 6.08932373664704], [-75.63043028419207, 6.089323920165168], [-75.63043510713298, 6.089324114514004], [-75.6304399283336, 6.089324322432089], [-75.63044475140653, 6.089324543901766], [-75.63045234702615, 6.089324916383545], [-75.6304599428218, 6.089325325026459], [-75.63046753879789, 6.089325770734535], [-75.63047513320093, 6.0893262643649955], [-75.63048272331712, 6.089326805026992], [-75.63049031007156, 6.0893273972363025], [-75.63049789169327, 6.089328048233959], [-75.6305054645916, 6.089328762557768], [-75.6305130305817, 6.0893295420069595], [-75.63052058607299, 6.089330391119339], [-75.6305281338013, 6.08933131530585], [-75.63053566566478, 6.089332320030342], [-75.63054318800302, 6.089333408878092], [-75.6305506935997, 6.0893345836924215], [-75.63055818520387, 6.089335852596398], [-75.63056566102682, 6.0893372192149515], [-75.63057008167831, 6.089338077291757], [-75.63057449436877, 6.08933896976139], [-75.6305789027064, 6.089339895702148], [-75.6305833030874, 6.089340856939747], [-75.63058769640612, 6.089341851661722], [-75.63059208265376, 6.089342878059978], [-75.63059646003285, 6.08934393795144], [-75.63060083215154, 6.0893450304144014], [-75.63060519538408, 6.089346152754413], [-75.63060955154113, 6.089347305866711], [-75.6306139006271, 6.08934849065529], [-75.63061823810868, 6.089349703526096], [-75.63062257121982, 6.089350946251906], [-75.63062689182341, 6.089352217064349], [-75.63063120623708, 6.089353515028517], [-75.63063551086144, 6.089354842874143], [-75.6306405537489, 6.089356433813494], [-75.63064558683388, 6.089358051922196], [-75.63065061458805, 6.089359688137888], [-75.63065563876927, 6.089361332507428], [-75.63066066204297, 6.089362975977301], [-75.63066568798207, 6.089364610393566], [-75.63067071924323, 6.089366224894644], [-75.63067153786405, 6.089366483076052], [-75.63067576120122, 6.089367810413802], [-75.63068047734552, 6.089369257394302], [-75.63068520599295, 6.08937067538406], [-75.63068994355298, 6.089372068920867], [-75.63069468731616, 6.089373438017942], [-75.63069943370954, 6.0893747908291775], [-75.63070418725323, 6.08937612823657], [-75.63070894434348, 6.089377452065824], [-75.63071370411674, 6.0893787704576114], [-75.63072322454443, 6.0893814027164765], [-75.63072798341898, 6.08938272201656], [-75.63073274143, 6.089384049457266], [-75.63073749498695, 6.0893853895764005], [-75.63074224319108, 6.089386743282366], [-75.6307423897115, 6.089386785962038], [-75.63074698698075, 6.089388117803044], [-75.6307517227566, 6.089389515868151], [-75.63075961178782, 6.089391904759118], [-75.63076748040778, 6.089394367881841], [-75.63077532497746, 6.089396899829762], [-75.63078315178366, 6.089399493339798], [-75.63079095723141, 6.08940215204568], [-75.63079874218866, 6.089404868710763], [-75.63080650843968, 6.089407638806068], [-75.63081425779075, 6.0894104623228005], [-75.63081843251186, 6.089412006868968], [-75.63082260188897, 6.089413566810053], [-75.63082676591327, 6.089415140338012], [-75.63083092459355, 6.089416729260889], [-75.63083507613676, 6.0894183362996], [-75.63083922142842, 6.0894199578336226], [-75.63084335958739, 6.089421598387493], [-75.63084749060047, 6.089423255249158], [-75.63085161537082, 6.089424928414158], [-75.63085573120661, 6.089426621511883], [-75.63085983901097, 6.08942833453791], [-75.63086393877069, 6.089430064780149], [-75.63086803050341, 6.089431815854703], [-75.6308721142047, 6.089433586857576], [-75.63087618717395, 6.08943537961003], [-75.6308802503055, 6.089437192299598], [-75.6308853318808, 6.089439494536615], [-75.63089039916433, 6.089441829389206], [-75.63089545305922, 6.089444196852962], [-75.63090048904539, 6.089446596045852], [-75.63090551343159, 6.089449024224978], [-75.63091052168892, 6.089451478700248], [-75.63091551745637, 6.0894539648782295], [-75.63092049889683, 6.0894564764395325], [-75.6309253754627, 6.089458965911162], [-75.63093023859152, 6.089461478049619], [-75.63093509187824, 6.089464009221141], [-75.6309399380235, 6.089466557604431], [-75.63094477521221, 6.08946912140026], [-75.63094960613178, 6.089471696075246], [-75.63095443258409, 6.089474280716559], [-75.63095925726097, 6.0894768716948136], [-75.6309640774486, 6.089479468119249], [-75.6309688967287, 6.089482063643982], [-75.6309737169164, 6.089484660068274], [-75.63097853978711, 6.089487251055106], [-75.63098336624404, 6.089489836600053], [-75.63098819537959, 6.089492415803508], [-75.63099303257744, 6.089494981406763], [-75.63099787602246, 6.089497531610587], [-75.63100252017297, 6.089499958931611], [-75.63100717057945, 6.089502372661253], [-75.63101182635639, 6.089504776420071], [-75.63101648570189, 6.089507171120892], [-75.63102114863358, 6.089509560379832], [-75.63102581516027, 6.0895119460049685], [-75.6310304798719, 6.0895143298308], [-75.63103514459675, 6.089516716368664], [-75.63103980752416, 6.089519104723341], [-75.63104446866731, 6.089521497606938], [-75.6310491226382, 6.089523901374103], [-75.63105377484685, 6.089526314190335], [-75.63105841627065, 6.089528737907747], [-75.63106305416996, 6.089531179723367], [-75.63106767949574, 6.0895336360651156], [-75.63107229589579, 6.089536114147617], [-75.63107763598069, 6.089539014507415], [-75.63108296534678, 6.0895419393288295], [-75.63108828038148, 6.089544888629526], [-75.63109358376346, 6.089547856068058], [-75.63109888091591, 6.089550842522013], [-75.63110416908543, 6.089553838964304], [-75.6311094509858, 6.089556846285735], [-75.63111473200952, 6.089559859035689], [-75.63112528957215, 6.089565890885591], [-75.63113056878971, 6.089568903644127], [-75.63113585247899, 6.089571907340223], [-75.63114114064881, 6.08957490378197], [-75.63114643596896, 6.089577884819866], [-75.63115174114007, 6.089580848632595], [-75.63115705434706, 6.08958379342095], [-75.63116403091153, 6.089587609735166], [-75.63117102714267, 6.08959138436689], [-75.63117804845494, 6.089595116385595], [-75.63117729398154, 6.0896412231221255], [-75.63117729301104, 6.089691092463726], [-75.63117729277873, 6.089755020720028], [-75.63117729175976, 6.089833992411431], [-75.63117729135743, 6.08984262520944], [-75.63117729241642, 6.089881227336216], [-75.63117729201844, 6.090015953741559], [-75.63117729102542, 6.090018345868948], [-75.631177290893, 6.090033894666158], [-75.63117729098845, 6.090109383037733], [-75.63117729022204, 6.090175236927378], [-75.63117728988473, 6.090205206264643], [-75.63117729058477, 6.0903203111110935], [-75.63121742877703, 6.090411661361408], [-75.63122063352199, 6.09041895679128], [-75.63123845180087, 6.090459505169069], [-75.63134185057827, 6.09054105227851], [-75.63136425179229, 6.0905497646796105], [-75.6313861517634, 6.090639312641108], [-75.63138812009369, 6.090647352714142], [-75.63140050809945, 6.0906980023413855], [-75.63140245621781, 6.09070597199676], [-75.63136522541876, 6.090822298218552], [-75.63134738900396, 6.090862016219311], [-75.63132288977067, 6.090937667561591], [-75.63128795175092, 6.090943800326688], [-75.63128069491019, 6.090943821283887], [-75.6312825091828, 6.091040371537867], [-75.63119461410689, 6.091051537095375], [-75.63118974001588, 6.091052154848716], [-75.63117205612353, 6.091054402754475], [-75.63116609168466, 6.091055159629428], [-75.63116267835827, 6.091078281155833], [-75.6311578276922, 6.091111146341871], [-75.63114924538871, 6.091169276308558], [-75.63114870770254, 6.091172922264052], [-75.63114811227607, 6.091176951819572], [-75.63114304038605, 6.091211310676391], [-75.63113970925647, 6.091233877618074], [-75.63113960872862, 6.0912345624764], [-75.63113811182936, 6.091244687032927], [-75.63113762569803, 6.091247977444239], [-75.63113670334242, 6.091254235276566], [-75.63113630639002, 6.091256921345593], [-75.63113561129049, 6.091261625810764], [-75.6311298364464, 6.091300745222835], [-75.63112300434162, 6.091339194468748], [-75.63112131915314, 6.091348674451148], [-75.63111943351736, 6.091359278245025], [-75.6311185887115, 6.09136402773957], [-75.63111284758614, 6.091399130283081], [-75.63111086806936, 6.091411227125771], [-75.63111084352556, 6.0914113800304195], [-75.63111080224921, 6.091411620709842], [-75.6311079484082, 6.091429081946879], [-75.6311037160163, 6.091453522868997], [-75.63109955216727, 6.091477572906034], [-75.63109866059992, 6.091482734876848], [-75.63109709516947, 6.091491769481142], [-75.63109615353682, 6.09149703656642], [-75.63109446804023, 6.091506453266928], [-75.63109032773184, 6.091529588288288], [-75.6310897483344, 6.0915328294321425], [-75.63108685831699, 6.091548982682354], [-75.6310857645316, 6.0915550903750475], [-75.63108429037507, 6.091567843805463], [-75.63108342111416, 6.091575359819888], [-75.63108327292133, 6.091576642489544], [-75.63108268531796, 6.091581721611978], [-75.63108196083549, 6.091587995655781], [-75.63107985317771, 6.091606232544164], [-75.63107811811894, 6.091621233818393], [-75.63107790840566, 6.091623051083323], [-75.63107737281986, 6.0916276842540595], [-75.63107591076597, 6.091640326427059], [-75.6310677706688, 6.091740837120617], [-75.63106187961196, 6.091778347889715], [-75.63106182878859, 6.091778668172349], [-75.6310560699935, 6.091815333911123], [-75.63105210173981, 6.091840600753424], [-75.63105163919697, 6.091843542085667], [-75.63105057484927, 6.0918503159215955], [-75.631041538036, 6.091907843302874], [-75.63103143959407, 6.091972146315626], [-75.63102140851068, 6.09203600059028], [-75.63101967491716, 6.092047038492447], [-75.6310127931156, 6.092090858057492], [-75.63101157454037, 6.0920986026948425], [-75.63101116810776, 6.092101196597177], [-75.63100194166476, 6.092164477392275], [-75.63100157371517, 6.092166998782589], [-75.63100084946883, 6.092172023425284], [-75.63099853531777, 6.092188103350044], [-75.63099673735273, 6.0922005735857985], [-75.63099203823039, 6.092233212929031], [-75.63099166255333, 6.0922358166258626], [-75.63099113833158, 6.092239445339262], [-75.6309889447409, 6.09225468842716], [-75.63098649598933, 6.09227168933458], [-75.63098503969009, 6.0922818046541], [-75.63098366372759, 6.092291354548682], [-75.63098340159691, 6.092293164837249], [-75.63098283914309, 6.092297102923251], [-75.63098181365737, 6.092304252655806], [-75.63097613004885, 6.092343929429516], [-75.63097397608276, 6.092358963488102], [-75.63097087696066, 6.092383175580913], [-75.63096995119575, 6.0923904016712145], [-75.63096822414718, 6.0924038949485375], [-75.6309676620851, 6.092408284154874], [-75.63096737411519, 6.092410537555319], [-75.63096712703395, 6.092412470721594], [-75.63096611511253, 6.092420365327274], [-75.63096447438387, 6.092428774696335], [-75.63096327772875, 6.0924349009732275], [-75.63096091791004, 6.092446983401648], [-75.63095738430582, 6.092465066332106], [-75.63095366037874, 6.092484126568393], [-75.63095322419571, 6.09248636080326], [-75.63095206825405, 6.092491204031026], [-75.63095193108512, 6.092491783294222], [-75.63095124514359, 6.092494659721561], [-75.63094048946574, 6.092539738561489], [-75.63093821389505, 6.0925388971489225], [-75.63093801846271, 6.092538825778795], [-75.63093222324214, 6.092536687056146], [-75.63092042106358, 6.092532328375503], [-75.6308929975644, 6.092522202158254], [-75.63089299826765, 6.092564240595959], [-75.63089918648826, 6.09262794699131], [-75.63090166812742, 6.092654955197207], [-75.63090356725364, 6.0926736281706315], [-75.6309048460818, 6.092686220803019], [-75.63090675935497, 6.092705016658388], [-75.63090768240811, 6.0927141023998646], [-75.63091341185171, 6.092715345527096], [-75.63091536135876, 6.092737499760309], [-75.63091914950424, 6.0927805557509895], [-75.63091987140801, 6.0927887673514975], [-75.63093077572549, 6.092873548591828], [-75.63093161307143, 6.092880058201835], [-75.6309325546666, 6.0928873881825165], [-75.63093274891732, 6.092888885249095], [-75.63093445750161, 6.092902187272007], [-75.63091923411821, 6.092961965218729], [-75.63092265915228, 6.093008533416777], [-75.63091500852052, 6.093010782984653], [-75.63087558113877, 6.093022380999468], [-75.6308053906771, 6.093043022361805], [-75.63075425625274, 6.09305440630722], [-75.6306997127313, 6.093062159942884], [-75.63069414771164, 6.093062781072628], [-75.63068984486257, 6.093063307443547], [-75.63068300199691, 6.09306414274343], [-75.63067436108905, 6.093065198369113], [-75.63067359204656, 6.093065292528636], [-75.63063739734439, 6.093069711939454], [-75.63063263351073, 6.0930773925210095], [-75.63057983847361, 6.09306641377508], [-75.63052200939082, 6.0930606723646425], [-75.63046991631738, 6.093060672612896], [-75.63043263619166, 6.09306401967787], [-75.63039774816197, 6.093073587604367], [-75.63034756489746, 6.093103726874262], [-75.63033035901866, 6.093121427233084], [-75.63022436857814, 6.093213071306844], [-75.63021540977238, 6.0931878051680695], [-75.63020869909788, 6.093168870891386], [-75.63020054514249, 6.093154754124843], [-75.63017668534762, 6.093124754768877], [-75.63014355721106, 6.093145185330172], [-75.6301097780231, 6.093166015043324], [-75.63004344057744, 6.093215802273223], [-75.63003436828416, 6.093203577647607], [-75.6300333018613, 6.093202139983703], [-75.6300323208982, 6.093200817621496], [-75.63001657554302, 6.093179604018164], [-75.63000634228436, 6.093165815621524], [-75.62999552900774, 6.093151248049328], [-75.62998603399856, 6.093141055988339], [-75.62997686492905, 6.093131213108892], [-75.62995455531231, 6.09314114633589], [-75.62989429005997, 6.093167980744088], [-75.6298919027286, 6.093169042000894], [-75.62984404451771, 6.093190351757094], [-75.62984249532326, 6.093191040973732], [-75.62982685651296, 6.093198005277043], [-75.62982220262941, 6.093200077477912], [-75.6296895984691, 6.093259121025297], [-75.62966610072931, 6.093248195395538], [-75.62965805602556, 6.0932444548065785], [-75.62965397981961, 6.093242560817427], [-75.62959565660464, 6.093242558845346], [-75.62949179926851, 6.093275789669338], [-75.62939276365151, 6.093307476332823], [-75.62938428072597, 6.0933101892038035], [-75.62922609452131, 6.093371544403223], [-75.62921704196201, 6.093375054714939], [-75.629144658243, 6.093396776103587], [-75.62911368677081, 6.093406071720878], [-75.62910288887393, 6.093409313002389], [-75.62901610162987, 6.093435358226886], [-75.62901138041887, 6.093436774408329], [-75.6288917477328, 6.093449700219236], [-75.62893504083272, 6.0934848456451505], [-75.62909970626178, 6.093571077307581], [-75.62910736243268, 6.093587950276746], [-75.62911429459558, 6.093603222986911], [-75.62911701068, 6.093609208130961], [-75.62911781317852, 6.0936109761606625], [-75.6291182231134, 6.093611881830436], [-75.62911968567366, 6.093615101261971], [-75.62912503659078, 6.093626892943701], [-75.62912722859696, 6.09363282911367], [-75.62912786340328, 6.093633730974032], [-75.629126681698, 6.09363384341828], [-75.62912549631847, 6.093633943223688], [-75.62912430998736, 6.093634033089162], [-75.62912312179712, 6.093634112115047], [-75.629121930849, 6.093634181209794], [-75.62912073805495, 6.093634242177075], [-75.62911954250742, 6.09363429411725], [-75.62911834693789, 6.093634341537252], [-75.62911714771612, 6.093634380838585], [-75.62911594846352, 6.0936344138117], [-75.62911474918451, 6.093634441360612], [-75.6291135480904, 6.093634467110273], [-75.62911234697869, 6.093634489243809], [-75.62911114585376, 6.0936345086652315], [-75.62910994380806, 6.093634524474937], [-75.62910874266551, 6.093634540280233], [-75.62910513744038, 6.093634589512979], [-75.62910393812174, 6.093634608925591], [-75.62910220238858, 6.093634642708185], [-75.62910046668182, 6.093634681914976], [-75.62909873371093, 6.093634726532741], [-75.6290970034759, 6.0936347765614665], [-75.62909527508681, 6.093634834717666], [-75.62909354671972, 6.09363489739403], [-75.62909182199164, 6.093634965476947], [-75.62909009910508, 6.093635040783291], [-75.62908837625375, 6.093635123321909], [-75.62908665523511, 6.093635211275894], [-75.62908493606241, 6.093635307357353], [-75.6290832187136, 6.093635407046116], [-75.62908150321513, 6.093635515766385], [-75.62907978683552, 6.093635629011227], [-75.62907807410811, 6.0936357503747125], [-75.62907636231029, 6.093635877157988], [-75.62907465055648, 6.093636012981583], [-75.62907294063096, 6.093636153316513], [-75.62907123074069, 6.093636300883701], [-75.62906952269192, 6.093636455674334], [-75.62906781648468, 6.093636617688393], [-75.62906611031703, 6.09363678783876], [-75.62906440598653, 6.093636964308522], [-75.62906270077926, 6.093637146206872], [-75.62906236137493, 6.093637184929099], [-75.62896690739922, 6.0936721638181695], [-75.62894738065617, 6.093678068539646], [-75.62894672565807, 6.093678584333911], [-75.62894590875744, 6.093679237430251], [-75.62894509549587, 6.093679895933151], [-75.62894428677644, 6.093680559838203], [-75.62894348259918, 6.0936812291454405], [-75.6289426847704, 6.093681903846001], [-75.62894189238693, 6.093682583944323], [-75.62894110273491, 6.093683268549599], [-75.6289403212509, 6.093683961251509], [-75.62893954248511, 6.093684655748245], [-75.62893877007663, 6.093685357446415], [-75.62893800401659, 6.093686064537924], [-75.62893724249874, 6.0936867770315875], [-75.62893648733376, 6.093687495822636], [-75.62893573670654, 6.093688219111825], [-75.62893499333533, 6.093688948693977], [-75.6289342526824, 6.093689680070987], [-75.628933521105, 6.093690420444243], [-75.62893279588046, 6.093691167114884], [-75.62893207337858, 6.093691916484399], [-75.62893136083338, 6.0936926703256145], [-75.62893065104166, 6.093693433193918], [-75.62892994848393, 6.093694197835049], [-75.62892925408539, 6.093694968764754], [-75.62892856423342, 6.093695746000644], [-75.62892788072551, 6.093696527725841], [-75.62892723231286, 6.093697283062259], [-75.62892658752159, 6.093698040189111], [-75.62892595089832, 6.093698805412601], [-75.62892531880401, 6.093699573326151], [-75.62892469125627, 6.0937003475459015], [-75.62892407003937, 6.093701123542869], [-75.62892345515776, 6.093701902221082], [-75.62892284121011, 6.093702687223123], [-75.62892223270337, 6.09370347671888], [-75.62892162962434, 6.093704267996276], [-75.62892103107428, 6.093705061963732], [-75.62892043525127, 6.093705859534093], [-75.62891984306289, 6.093706661606999], [-75.6289192544915, 6.093707464566293], [-75.62891867045789, 6.093708272023727], [-75.62891808733184, 6.0937090803808], [-75.62891751054543, 6.093709892323138], [-75.6289169346754, 6.093710706973177], [-75.62891636061606, 6.093711522518434], [-75.62891579018692, 6.093712341662206], [-75.62891522066536, 6.093713161705585], [-75.62891465566395, 6.09371398263098], [-75.62891409067574, 6.0937148062684505], [-75.62891352569193, 6.093715630809969], [-75.62891296432953, 6.093716457141924], [-75.62891240567218, 6.093717282556629], [-75.62891184612488, 6.09371811068785], [-75.6289112865864, 6.093718940627116], [-75.6289107288498, 6.0937197696535375], [-75.62891017202075, 6.0937205995796], [-75.62890961609045, 6.0937214285972106], [-75.62890906106772, 6.093722258514461], [-75.62890805185938, 6.093727006105017], [-75.62890779200738, 6.093717786023233], [-75.62890603357154, 6.093710931929555], [-75.62888581380955, 6.093641102915475], [-75.62888564188505, 6.0936410368542955], [-75.6288361123702, 6.093622030287451], [-75.62883591393083, 6.093621341462427], [-75.62883512679379, 6.093621058717577], [-75.62883368912446, 6.09362053957222], [-75.62882408094289, 6.0936108470749275], [-75.6287830984923, 6.093617507385203], [-75.62876736324037, 6.0936215520447945], [-75.62876732651567, 6.093621429272607], [-75.62873141915485, 6.093630349364557], [-75.62869956935583, 6.093638261528659], [-75.62870225755947, 6.093649094350412], [-75.62870098873138, 6.09364949199583], [-75.62869322965027, 6.093651919263485], [-75.62865161271816, 6.093561843451486], [-75.62864023753606, 6.093537229116022], [-75.62854476246278, 6.0935814257732375], [-75.62852818146152, 6.0935891034252405], [-75.62852655219045, 6.093589856313704], [-75.62851721996819, 6.093594177109801], [-75.62850692387292, 6.093575641789862], [-75.62847713596715, 6.093592820382743], [-75.62843986792012, 6.093612769322981], [-75.62843986774503, 6.093652247563424], [-75.62844773068754, 6.0936813559153595], [-75.62845388475277, 6.093704141511306], [-75.62843491352568, 6.09370449713452]]], [[[-75.63481004081969, 6.072814323370521], [-75.634861384737, 6.072911412230855], [-75.63491216095198, 6.073057220394944], [-75.63491947827036, 6.073078228306756], [-75.63494762103025, 6.073159038886168], [-75.63500165223286, 6.073347368519744], [-75.63509081476606, 6.073598125114075], [-75.63509604913577, 6.073616463566368], [-75.63512851845893, 6.07373022824393], [-75.63523825496037, 6.0736771761347645], [-75.63530540374359, 6.073650777798169], [-75.63538503607579, 6.073626881578463], [-75.63547945777378, 6.073573398736631], [-75.63554666354189, 6.073535331533468], [-75.63560839964077, 6.0735003629536175], [-75.63579403055613, 6.073450028079399], [-75.6359094855096, 6.07337971049354], [-75.63597075299273, 6.073263855260567], [-75.63582868015123, 6.07326385638013], [-75.63582153837874, 6.073234015981632], [-75.63580387510143, 6.073184500521005], [-75.63579405800452, 6.073154980541481], [-75.63579367212007, 6.073153816198992], [-75.63576169758082, 6.073057665501606], [-75.63568843742372, 6.072837368571933], [-75.63568175675157, 6.072817279708729], [-75.6356443976111, 6.0727049402019855], [-75.63558770427187, 6.072634565090456], [-75.63550843259539, 6.0724483339504625], [-75.63538930583478, 6.072342325329822], [-75.63536215225733, 6.072342325687547], [-75.6353305078236, 6.07228429708274], [-75.63531744854582, 6.072260348264375], [-75.63532804017814, 6.0722068112434116], [-75.63536467662101, 6.072179327662654], [-75.63540506264714, 6.072157741003477], [-75.63545537399726, 6.072122581381283], [-75.63550229788218, 6.072083004808131], [-75.63554544934092, 6.072039335907202], [-75.63558087562214, 6.072006294697898], [-75.63561955489868, 6.07197713589434], [-75.63566106515074, 6.071952177970099], [-75.63570495073715, 6.071931697072321], [-75.63572104005091, 6.071922605272285], [-75.63573844206917, 6.071916391895513], [-75.63575664650695, 6.071913239335038], [-75.63577512277557, 6.071913240581956], [-75.63579332718115, 6.071916393766077], [-75.6358107282336, 6.0719226065528895], [-75.63582681748827, 6.071931696994728], [-75.63584585948922, 6.071880349989671], [-75.63586626616126, 6.071867997932261], [-75.6358950783033, 6.071843027764452], [-75.63590746220791, 6.071832295093113], [-75.63597148526102, 6.071776805245838], [-75.63605033007892, 6.071746850340974], [-75.63610669681957, 6.071700736640706], [-75.63617171498687, 6.071669730820555], [-75.63621726857826, 6.071657598798615], [-75.63627291850086, 6.071650898802448], [-75.63631050305473, 6.071616531661177], [-75.63633562989152, 6.07151423985307], [-75.6363396451923, 6.071497901286208], [-75.63635663670847, 6.071470247661859], [-75.63640133100054, 6.07139752050603], [-75.63645829542418, 6.071214205394431], [-75.63653495590498, 6.071047168406569], [-75.63607188338607, 6.071023765248902], [-75.63606795379636, 6.0710235647190425], [-75.6360414241611, 6.071022224048289], [-75.6360273083866, 6.071021510849617], [-75.6359821380836, 6.071019227706385], [-75.63593480493381, 6.070916898522579], [-75.63585631676767, 6.070747211271731], [-75.63585282740044, 6.070739664999562], [-75.63582745178311, 6.070684807090974], [-75.63581267563572, 6.070652858572701], [-75.63579770431919, 6.070623118693483], [-75.63578056897057, 6.070589079755069], [-75.6357435861564, 6.070515610682195], [-75.63573381372662, 6.070494137405159], [-75.6357186881389, 6.07046090050365], [-75.63571251244758, 6.0704473246521955], [-75.63570570689828, 6.070380002502494], [-75.63570169929004, 6.070340359566054], [-75.63569890602807, 6.070312712874849], [-75.63570147148026, 6.070301872570526], [-75.63570564668949, 6.0702842395291885], [-75.63573491273335, 6.070160590172999], [-75.6356719424027, 6.07017978171938], [-75.63566445609197, 6.070180838871669], [-75.63561734419238, 6.070187484482816], [-75.63560816325872, 6.070167482821444], [-75.63560543579862, 6.0701477941562505], [-75.63563980463275, 6.070143022358219], [-75.63582912204518, 6.070083784094354], [-75.63585072090774, 6.070077025938893], [-75.63588540875665, 6.070066171936356], [-75.63591823087599, 6.070055902903932], [-75.63591570436012, 6.070072891457897], [-75.63597504087711, 6.07006492510218], [-75.63597557861186, 6.07005590278013], [-75.63597606464083, 6.07004776215829], [-75.63600526072446, 6.070038427498954], [-75.63601383913401, 6.070033144917996], [-75.63605703649009, 6.069975732478406], [-75.63607733325094, 6.06994636496318], [-75.63609464854001, 6.069908962322658], [-75.63611606157382, 6.0698626990134725], [-75.63612565976432, 6.069838693120527], [-75.63614269746232, 6.069798809314583], [-75.6361614630155, 6.069754875987895], [-75.63617501386695, 6.06972931756478], [-75.63617628016765, 6.069726927415396], [-75.63618860050316, 6.069703689355678], [-75.63620695883907, 6.069669060682184], [-75.6362227566624, 6.069642201230692], [-75.63623182402198, 6.069626780970344], [-75.63635421063417, 6.0694186744721526], [-75.6363487131426, 6.069411028599015], [-75.63637630534826, 6.0693723798220365], [-75.63637206403287, 6.069366575703516], [-75.63619706249152, 6.069127210902348], [-75.63614474362858, 6.068948770551803], [-75.6361183739107, 6.068858832222118], [-75.63612235865482, 6.068857563409344], [-75.63610568018537, 6.068807698661485], [-75.63609928860575, 6.068793736928692], [-75.63608174694032, 6.068755425615551], [-75.63603418265406, 6.0686515479425], [-75.63598758895297, 6.068596272653074], [-75.63587156922108, 6.068482287605903], [-75.63570232369119, 6.068454468225934], [-75.63564813348066, 6.068445559728852], [-75.63560145875718, 6.068462592484596], [-75.63552472939425, 6.068518367338974], [-75.6354237441723, 6.0686048615296215], [-75.63540943410896, 6.0686171169256], [-75.63541038075289, 6.068636100978401], [-75.6354147944337, 6.068724552513321], [-75.63540881919396, 6.068775980473438], [-75.63537895061206, 6.068851326652718], [-75.63535831690969, 6.068873997676647], [-75.63535782731905, 6.068874535259158], [-75.63532996475472, 6.068905146509665], [-75.63528218864843, 6.0689148482583315], [-75.63520299978616, 6.0689148488726845], [-75.63517150650439, 6.068931126914436], [-75.63515521527071, 6.068942887500071], [-75.63513409291681, 6.068962205067168], [-75.63511021052855, 6.068977976832765], [-75.6350841559706, 6.068989816615748], [-75.63505657534175, 6.068997427452251], [-75.63502814057723, 6.069000625258916], [-75.63499955844472, 6.068999331556637], [-75.6349715299307, 6.068993579092826], [-75.63494474659295, 6.068983504626717], [-75.63493779334765, 6.068990364976699], [-75.63492025384683, 6.069007671657886], [-75.63489146409238, 6.069043373601919], [-75.63480073682676, 6.0691143522078], [-75.6347930425349, 6.069120370879587], [-75.63478238116791, 6.069132830896174], [-75.63471178456145, 6.0692153248836895], [-75.63469171142843, 6.069246868232309], [-75.63468132520265, 6.06927450139492], [-75.63467610042912, 6.069288400399085], [-75.6346686859057, 6.0693081285367], [-75.6346591103384, 6.069368578397979], [-75.63465911099617, 6.069397885901225], [-75.63465911109812, 6.069418531700089], [-75.63467057982648, 6.069467007980111], [-75.63467833567101, 6.069508397410698], [-75.6346876936602, 6.069558332257965], [-75.63468820733539, 6.069561077165205], [-75.63469713794017, 6.0696087395023195], [-75.63470171074846, 6.069633134726378], [-75.63471269505686, 6.069691755902222], [-75.63471516042665, 6.0697049122916615], [-75.63471516035683, 6.069741313880094], [-75.63471132744947, 6.06977400764199], [-75.63470223860791, 6.069805643048471], [-75.63468813721333, 6.069835381763509], [-75.63466939601538, 6.069862430927324], [-75.63464651456817, 6.069886073002478], [-75.63459068129728, 6.069934744197309], [-75.63453270857282, 6.069966521875029], [-75.63450228068514, 6.069977739272337], [-75.63448749825366, 6.069985168434685], [-75.63445773134491, 6.070004910519751], [-75.6344315830629, 6.070029254677921], [-75.6344097555671, 6.070057545669451], [-75.63439283490546, 6.070089023046042], [-75.63438127396509, 6.070122843835067], [-75.63437538442774, 6.070158099755706], [-75.63437538480596, 6.070197010995714], [-75.63437538461065, 6.0702151797015516], [-75.63437538385779, 6.070228960148487], [-75.63437538361666, 6.070239501379645], [-75.63440229738558, 6.070348484677817], [-75.63443527752679, 6.0704617471261715], [-75.63445300571443, 6.0705226344626935], [-75.63445352003777, 6.070524397568144], [-75.63450844532682, 6.070594919893091], [-75.63449715481151, 6.0706338345969835], [-75.6344849746458, 6.070661217046346], [-75.63447908199855, 6.0706744647766655], [-75.63446591552682, 6.070704058818103], [-75.63445510954385, 6.070733220978097], [-75.63444669414055, 6.0707581088953], [-75.63443635387729, 6.070797056942395], [-75.63442664047909, 6.070835095173629], [-75.63440850780222, 6.070907442453158], [-75.63438959862148, 6.0709753699970515], [-75.63438311807396, 6.070998658265937], [-75.6343807392137, 6.0710072013790715], [-75.63437436784989, 6.071030098566458], [-75.63437305090548, 6.071034148799796], [-75.63435569832177, 6.071088246734007], [-75.63435006016573, 6.07110870122179], [-75.63434552244533, 6.071127756303191], [-75.63434277107284, 6.071136212634255], [-75.6343343011244, 6.071154525659973], [-75.63433143591827, 6.071164274433942], [-75.63433146355878, 6.071165315765595], [-75.63433166540283, 6.071166336359548], [-75.63433203499238, 6.071167308221691], [-75.634332557759, 6.071168207013628], [-75.63433322453977, 6.071169005658471], [-75.63433401265587, 6.071169683473532], [-75.63433490214658, 6.071170221570962], [-75.6343358676457, 6.071170603801443], [-75.63433688562847, 6.071170821239061], [-75.63433792444647, 6.07117086590151], [-75.63433895520018, 6.071170737929565], [-75.63433995081829, 6.0711704419753785], [-75.63434088332195, 6.07116998179142], [-75.63434172841512, 6.071169375577059], [-75.63434245997793, 6.07116863792435], [-75.63432282961658, 6.071217517927442], [-75.63432171672824, 6.0712187709384295], [-75.63429638471197, 6.071297151670938], [-75.63429634556404, 6.071297273004419], [-75.63425968075383, 6.0714107047444745], [-75.63425688517404, 6.071419356566529], [-75.6342478150637, 6.071447417279464], [-75.63424431804327, 6.07146560392463], [-75.63422711898983, 6.071555000679997], [-75.63421786532788, 6.071640606921628], [-75.63421830367182, 6.071653492028629], [-75.63422147296274, 6.07174641842286], [-75.63422281697468, 6.071754251802916], [-75.63425165453236, 6.07192229457376], [-75.63427158316775, 6.072038416811735], [-75.63427300528588, 6.072046710876286], [-75.63428678643545, 6.072127007508014], [-75.63428698721715, 6.072128180891561], [-75.63428866200478, 6.0721384752929], [-75.63430193408124, 6.072220130478127], [-75.634311750327, 6.072280517531169], [-75.63431395028263, 6.072294061243283], [-75.63431702810136, 6.072312995148153], [-75.63432573553955, 6.07236655749949], [-75.63433238743687, 6.072407486717696], [-75.63433710491461, 6.072446391246533], [-75.63433951455634, 6.0724662821793345], [-75.63434046576201, 6.072474125607757], [-75.63434567639094, 6.072517123986243], [-75.63434761546652, 6.072533107192817], [-75.63434932654148, 6.072549748754961], [-75.63435081299403, 6.072564214457765], [-75.63435481913895, 6.072603186638614], [-75.63435781183348, 6.072632287004879], [-75.63435692361591, 6.07274177818224], [-75.63435689305156, 6.072745522004463], [-75.63435669509983, 6.072769818423339], [-75.6343566089854, 6.072780525513536], [-75.63435659182504, 6.072782754081746], [-75.63435580216677, 6.072802932721352], [-75.6343527944667, 6.07287976907169], [-75.63434746177856, 6.07295412428375], [-75.63434696936636, 6.072960954072847], [-75.6344294493567, 6.072959913908767], [-75.63443021472276, 6.072959255646719], [-75.63448165886629, 6.072915018391125], [-75.63450355742357, 6.07290114480144], [-75.63451464446467, 6.072894122354387], [-75.63457497758735, 6.072855899821884], [-75.63478036979186, 6.07280607476654], [-75.63481004081969, 6.072814323370521]]], [[[-75.6408887985716, 6.076371770469328], [-75.6408922570029, 6.076380354657761], [-75.64089240784222, 6.076380728195488], [-75.64090390595469, 6.076391158025095], [-75.64091830037998, 6.076411207209889], [-75.64102908105576, 6.076548646624183], [-75.64116702883223, 6.076661611764892], [-75.64133730588505, 6.076805610175761], [-75.6413574915426, 6.076818686148436], [-75.6414415014634, 6.076891852981634], [-75.64150038898768, 6.076930429085883], [-75.6417289741747, 6.077155063297051], [-75.64181102545461, 6.077272494420576], [-75.64196509535665, 6.077507389373968], [-75.6421336643684, 6.077799641855966], [-75.64227390331193, 6.077962800487964], [-75.64229244658459, 6.0779561536541316], [-75.64235907414104, 6.077927568218495], [-75.6424106237905, 6.077905451743627], [-75.64243701858312, 6.077880973998073], [-75.64250838015256, 6.077814791493751], [-75.64256913146532, 6.077697879803874], [-75.64262812258228, 6.077563400295155], [-75.6426497340507, 6.077497792939574], [-75.64265580925026, 6.077477772990194], [-75.64266635971097, 6.077442998840783], [-75.64267596447777, 6.077390811996921], [-75.64267778389416, 6.077380924603115], [-75.6426761035778, 6.077347710092315], [-75.64267493831491, 6.0773273151247285], [-75.64267338448434, 6.077302805039238], [-75.64267369045584, 6.077290555548038], [-75.6426693117948, 6.0772808819933966], [-75.64266792907566, 6.077265522712978], [-75.64267191252264, 6.0772377138047515], [-75.64267629926351, 6.077215926572288], [-75.64267719919171, 6.077206019267141], [-75.64267749316522, 6.077202782254014], [-75.64268351625951, 6.077190774202988], [-75.6426925021659, 6.077169439097455], [-75.64270912924292, 6.077110865186203], [-75.64273785576162, 6.077050655438583], [-75.64276644027674, 6.076992623325634], [-75.64282297686297, 6.076930162083468], [-75.64283440183954, 6.076906917459768], [-75.64283564998566, 6.076886754781176], [-75.64282897270127, 6.076876865556137], [-75.64282477976818, 6.076861945828438], [-75.6428266263001, 6.076839667471064], [-75.64283728049394, 6.076821149346143], [-75.64284641056513, 6.076800301721824], [-75.64285591043668, 6.076773249640451], [-75.6428598484953, 6.076744838864622], [-75.64285753008893, 6.076708194822448], [-75.64285315433409, 6.0766776541023555], [-75.6428467299047, 6.07665425360068], [-75.6428330160822, 6.076628592480643], [-75.64283062556392, 6.076625833277351], [-75.642810833871, 6.076602992669624], [-75.64278002371789, 6.0765706700931394], [-75.64276471787448, 6.076552820467328], [-75.6427567316362, 6.076506601383222], [-75.64275512751213, 6.076466974112884], [-75.64275165322202, 6.076431463063253], [-75.6427406534466, 6.07639805456172], [-75.64273051137994, 6.076369216329345], [-75.64273452356734, 6.076339522350906], [-75.64276069290291, 6.076316790535867], [-75.6427816998617, 6.076296821415917], [-75.6428023004876, 6.076277238502039], [-75.64285562958764, 6.076234860049445], [-75.64289371094408, 6.076190604341322], [-75.64293682669387, 6.0761512275457426], [-75.64296834444615, 6.076101499214977], [-75.6429802316441, 6.076062677462061], [-75.64297966058706, 6.076043748663744], [-75.6429783349399, 6.075999929792613], [-75.642983676305, 6.075947801787248], [-75.64297877397925, 6.075897450608678], [-75.6429825558199, 6.075875704311248], [-75.64298556023645, 6.075858434123361], [-75.64299880834807, 6.075834392264659], [-75.64302137534519, 6.075805799070915], [-75.64304784695199, 6.07576840037366], [-75.64306261223037, 6.075728612588896], [-75.64309488459266, 6.075659932712144], [-75.64311320690604, 6.075601190517259], [-75.64311841147223, 6.075570438407398], [-75.64312272596067, 6.07552607845755], [-75.64312209564457, 6.075490382643046], [-75.64312195075561, 6.075482161973719], [-75.64312256149381, 6.075464074486464], [-75.64312345501197, 6.075437681066137], [-75.64314039374952, 6.075418354735667], [-75.6431723433976, 6.07541234116969], [-75.6431953143712, 6.075412672704622], [-75.6432211771818, 6.075412821038195], [-75.64327953049421, 6.0754124822870965], [-75.64333151398414, 6.075406586789913], [-75.6433605095993, 6.07540799811179], [-75.64336467291656, 6.075399092802986], [-75.64347349405843, 6.0753410181164025], [-75.6434802618559, 6.075329122147216], [-75.64348885752563, 6.075300562035533], [-75.64349641339223, 6.075275455937855], [-75.64351176428583, 6.075225764206539], [-75.6435128850875, 6.075190060741634], [-75.64351318583898, 6.075180442051231], [-75.64351367344467, 6.07516488378227], [-75.64351228161804, 6.075093078764722], [-75.64350523750807, 6.075002301102298], [-75.6434999688109, 6.074939615152596], [-75.6435010781229, 6.074889899966439], [-75.64350137057441, 6.074876730231909], [-75.64351260861109, 6.074818341829828], [-75.64351398090031, 6.074811214867727], [-75.64352385083077, 6.074748783945198], [-75.64352185619215, 6.074690208942106], [-75.64352284795531, 6.074601607785722], [-75.64352072517977, 6.0745563752892595], [-75.64351965468296, 6.074533557935709], [-75.64351886551064, 6.074516753810538], [-75.64351835373238, 6.074505897841797], [-75.64351007265977, 6.07445514373024], [-75.64349371726324, 6.074416901297971], [-75.64347830811536, 6.074321249252031], [-75.64347784056488, 6.074318344133243], [-75.64347740095924, 6.0743156133582605], [-75.64347316917106, 6.074225000933304], [-75.64348284564477, 6.074191208360171], [-75.64348731047592, 6.074175615271181], [-75.64350498749599, 6.074159899708216], [-75.64351053482878, 6.074154967235951], [-75.64355128312488, 6.0741379418854065], [-75.64355960972031, 6.074132892759492], [-75.64356512577612, 6.074121367247663], [-75.6435678903991, 6.074113625055348], [-75.64358788409048, 6.074075735525187], [-75.64362146319107, 6.074001134134614], [-75.64361380587765, 6.073919227237947], [-75.64361005343845, 6.073869093754693], [-75.64360995776543, 6.07386781048025], [-75.6436107317832, 6.073800091999175], [-75.64360906058505, 6.073739313164628], [-75.64360906242989, 6.073729698648759], [-75.64360108077263, 6.07368458701784], [-75.64358940641124, 6.073642659406533], [-75.64357917777018, 6.073602728085479], [-75.64357729036925, 6.07356333998525], [-75.6435769112316, 6.0735554187983745], [-75.6435945734037, 6.073476521493577], [-75.64359861329348, 6.073429002366469], [-75.64360980634979, 6.07337971249513], [-75.64361052742157, 6.073377938850996], [-75.64361436483519, 6.07336850537219], [-75.6436288907511, 6.07333278969528], [-75.64363816657416, 6.07331331643178], [-75.64365043362581, 6.073287565324785], [-75.64365735723044, 6.073242272318646], [-75.64365803114994, 6.073237869041542], [-75.6436517370595, 6.073189159198737], [-75.64364072129159, 6.07314005296812], [-75.64363819864644, 6.073097815716663], [-75.64364199768504, 6.073047392172233], [-75.64365220488118, 6.073001690755301], [-75.64367954897028, 6.072904921082466], [-75.64371150561998, 6.072871504139018], [-75.64374753722807, 6.0728449452342215], [-75.64378005666876, 6.0728267342667595], [-75.64382251906832, 6.072798249037178], [-75.64382841224244, 6.072791457067535], [-75.64386709858826, 6.072746856737333], [-75.64388188718156, 6.07271703957211], [-75.64389145443398, 6.072679375527539], [-75.64390044463275, 6.072641720633467], [-75.64390109961147, 6.072637137545076], [-75.64390694174264, 6.072596199190253], [-75.64392113021174, 6.072546304342432], [-75.64394694391115, 6.072497743066195], [-75.64397784432902, 6.072458313974343], [-75.64401392905994, 6.072420996689749], [-75.64403561817794, 6.072396124351064], [-75.64405110411687, 6.072378365528794], [-75.64408195577433, 6.072333204135052], [-75.64411085730606, 6.072277438806657], [-75.64412677891069, 6.072228480214794], [-75.6441301315964, 6.072218174899657], [-75.64413623744622, 6.072164840824394], [-75.64413732971126, 6.072155296919431], [-75.64413740833788, 6.072107007952189], [-75.64413703468871, 6.072062643841598], [-75.64413703022414, 6.072053031168224], [-75.6441369821494, 6.071988771986826], [-75.64413697949604, 6.071979160208617], [-75.64413303528859, 6.071846045519669], [-75.64413285897484, 6.0718400815023585], [-75.6441341995498, 6.071812390420796], [-75.64414202147316, 6.071755380250865], [-75.6441704988777, 6.071636393626624], [-75.64417588150063, 6.071616775778859], [-75.64419467987187, 6.071548264035263], [-75.64420338997341, 6.071510029221657], [-75.64421394151974, 6.071470493525967], [-75.64422016703672, 6.071427983887713], [-75.64422055815832, 6.07138968759578], [-75.64422168289772, 6.071353669522508], [-75.64425339847261, 6.071274941309628], [-75.6442594872196, 6.071260666524168], [-75.64427433446305, 6.071225847918253], [-75.64433178624827, 6.071101014216225], [-75.64433377192142, 6.071096696739856], [-75.64434246534542, 6.071077809446075], [-75.64435224936196, 6.071057918755781], [-75.64438206998015, 6.070997290628668], [-75.64441992808405, 6.070883297298218], [-75.64444980348388, 6.070844817065099], [-75.64446049117726, 6.070831333433035], [-75.64449122219504, 6.070792557914358], [-75.64451849644296, 6.070740536983044], [-75.64452723402358, 6.070696831678225], [-75.64453460070247, 6.070648137333781], [-75.6445372665008, 6.070630509918887], [-75.64453651574742, 6.070547727631413], [-75.64453000409337, 6.0704673746509865], [-75.64444675769077, 6.070362026687785], [-75.64442477360465, 6.070334206465862], [-75.6443305085473, 6.07024428288584], [-75.64431290513257, 6.070227489552978], [-75.64427547059204, 6.07017841304504], [-75.64425816146814, 6.0701401201149165], [-75.64425915850612, 6.070132713836253], [-75.6442581624525, 6.070130511031472], [-75.64426135655286, 6.070106766985798], [-75.64426223068631, 6.070100269871766], [-75.64425742205687, 6.070083156330923], [-75.64424711570692, 6.070062070178131], [-75.64424520093931, 6.070058152373754], [-75.64425482779114, 6.070029556520149], [-75.64425254186021, 6.070004169496362], [-75.6442338674732, 6.069966111959481], [-75.6442104105107, 6.0699359022976855], [-75.6441910183332, 6.069904361899902], [-75.64419076253323, 6.069903947290329], [-75.64418711770121, 6.0698702894845376], [-75.64417984968263, 6.069828884559723], [-75.644180953346, 6.069825562228632], [-75.64417985157827, 6.069819276375182], [-75.64419222682275, 6.069782018102699], [-75.64419778370534, 6.069753318292319], [-75.64419339046806, 6.069714719026238], [-75.64419353020155, 6.069706336955103], [-75.64419338964623, 6.069705109046952], [-75.64419413168935, 6.069660612010586], [-75.64419428197338, 6.069627733922901], [-75.64419375934405, 6.0695992808017385], [-75.64419356187429, 6.069588422395467], [-75.64419047623883, 6.069549612422784], [-75.64418298117909, 6.069499800096233], [-75.64416363012805, 6.069340607626434], [-75.64416367341339, 6.069331337351616], [-75.64416386835936, 6.0692874324245905], [-75.64416573940815, 6.06923480703657], [-75.6441668202551, 6.069227547707516], [-75.64417245038554, 6.069189793543988], [-75.64417882663605, 6.0691668801298055], [-75.64417648800836, 6.069165677430166], [-75.6441788258231, 6.069157271054272], [-75.64415962610086, 6.069147401434911], [-75.64410406225893, 6.069118839449884], [-75.64406873299777, 6.0691006781215915], [-75.64396875435783, 6.069049109218144], [-75.64395762881975, 6.069043370480458], [-75.64395629426959, 6.069042683601323], [-75.64382865620185, 6.068948058242879], [-75.64382667097607, 6.068948579633619], [-75.6438245394328, 6.068949654110205], [-75.6438225177568, 6.0689512198497315], [-75.64382147198565, 6.068952339646548], [-75.64382139676827, 6.0689522866755565], [-75.64379830775545, 6.06893565571529], [-75.64355136148188, 6.068917581031017], [-75.64272867399832, 6.068844379700816], [-75.64275259777791, 6.068951290870726], [-75.64281989677963, 6.069370346580338], [-75.64283552480715, 6.06963067664914], [-75.64284170615917, 6.069826349492982], [-75.6427965175202, 6.070042133381013], [-75.64281920401108, 6.070185865063729], [-75.64289082941288, 6.070261342722067], [-75.64292113168794, 6.070367599784626], [-75.64305208031908, 6.07059856882642], [-75.64306553295403, 6.070727761539762], [-75.64306657441573, 6.070798160713028], [-75.64307179001209, 6.070903904797504], [-75.64303133522327, 6.070962927770912], [-75.64302399985212, 6.071043807789544], [-75.64303086694517, 6.071132262996507], [-75.64297641554988, 6.071369237776185], [-75.64287915542042, 6.0716012823016525], [-75.6427786499722, 6.071780485932694], [-75.64277544467969, 6.072015805407677], [-75.64275670858815, 6.072255061062408], [-75.64264819185622, 6.07235066439676], [-75.64262511469127, 6.072432409706124], [-75.64258648903422, 6.072512252962353], [-75.64256719788251, 6.07260753682502], [-75.64254328545582, 6.07266653684218], [-75.64251158336502, 6.072718278388451], [-75.64245942256933, 6.072795727900194], [-75.64232160837729, 6.072729161315771], [-75.64215723065193, 6.072635033598224], [-75.64212919428266, 6.072614547533734], [-75.64209572039704, 6.072602994690048], [-75.64207337371072, 6.072595281190506], [-75.64205706869448, 6.072581959304261], [-75.64201116226687, 6.072555388639312], [-75.64198484117097, 6.072550690561271], [-75.64189511304082, 6.072466495014564], [-75.64168083449698, 6.072301527632417], [-75.64166168281743, 6.072297833252212], [-75.64152735047296, 6.072277972231899], [-75.64127763399318, 6.072216882612281], [-75.64126235349731, 6.072212154061731], [-75.6411075795152, 6.072164269721188], [-75.64095990426028, 6.072095104671185], [-75.6408878233646, 6.07207685598245], [-75.64084161541359, 6.072011199317497], [-75.64077692030722, 6.0719468109031025], [-75.64073666905884, 6.071917400877365], [-75.64068497869877, 6.07187963184995], [-75.64059740966393, 6.071836834334944], [-75.64045942140457, 6.071798605247735], [-75.64030624071204, 6.0717748282506365], [-75.6399526768529, 6.071719948535586], [-75.63981135153492, 6.071695435464915], [-75.6396407256549, 6.07166584089552], [-75.63934752098373, 6.071570077987896], [-75.6393475421331, 6.071570526291998], [-75.63936746807788, 6.071929702733667], [-75.63937026084913, 6.072162991985135], [-75.63937057953626, 6.072189664335501], [-75.63936749853147, 6.072327135197286], [-75.63936740277788, 6.072331394629982], [-75.63936639458589, 6.0723763822166825], [-75.63936401698976, 6.072378492115968], [-75.63918741856111, 6.07253524532306], [-75.63908522181933, 6.072644373570416], [-75.63903207091832, 6.072701131438025], [-75.6390315764834, 6.072702527892229], [-75.63900865210083, 6.072767372282057], [-75.63900920590127, 6.072805601735691], [-75.63900975570365, 6.072843380993242], [-75.63900975851836, 6.072843588006317], [-75.63901016704288, 6.072844949315428], [-75.63902942549366, 6.072909114985337], [-75.63905792475231, 6.0729675264864715], [-75.63907583579577, 6.07303837601986], [-75.63907434644327, 6.073135870311867], [-75.63905698595143, 6.0732564509854114], [-75.63903059271945, 6.0734041745707], [-75.6390256184721, 6.073432022713803], [-75.63900800915931, 6.073465750985628], [-75.63900734047874, 6.07346586183155], [-75.63900610057863, 6.073466067678806], [-75.63855137813201, 6.073541515158005], [-75.6380239730494, 6.073636981853946], [-75.63780621907253, 6.073653562438887], [-75.63771096675931, 6.073662508102009], [-75.63768938272233, 6.073664535426388], [-75.63759885765877, 6.073663519803143], [-75.63760054543354, 6.073667006618416], [-75.6375612497771, 6.073666566420991], [-75.63736820928196, 6.0736564879175585], [-75.63723716548347, 6.07365332029287], [-75.63711333890552, 6.073696218479396], [-75.6370054971258, 6.073756795087825], [-75.63695434493292, 6.0738260723489566], [-75.63694486489723, 6.073834267688957], [-75.6368610635336, 6.073906706562627], [-75.63682142357654, 6.0739503855770725], [-75.63681483621525, 6.07395764106002], [-75.63678425589617, 6.073996559458787], [-75.63674596355007, 6.074030064966495], [-75.63670029570218, 6.07406328189701], [-75.63665274525522, 6.0741056804888505], [-75.6366311231607, 6.0741238307735035], [-75.63659023117262, 6.0741505749201], [-75.63656829034346, 6.074161505215735], [-75.63655170439387, 6.074163013610684], [-75.63653030405759, 6.074162898310984], [-75.63651912115111, 6.074162838043181], [-75.63647643944114, 6.074174059352712], [-75.63643645058329, 6.074194868525796], [-75.63641144659962, 6.074212722500512], [-75.63634847276398, 6.07422625679314], [-75.63633097780668, 6.07422989955565], [-75.6362967794147, 6.0742480243839205], [-75.63624324794152, 6.074256012378683], [-75.6361783433573, 6.074272921847238], [-75.63614200088938, 6.074266177691127], [-75.63611434909812, 6.07426366187669], [-75.63610265284008, 6.074262598801932], [-75.63605114469112, 6.074297186698676], [-75.6359953076368, 6.0743224613952185], [-75.63595162401823, 6.074336220705576], [-75.63589861859951, 6.074348570857072], [-75.63584274317265, 6.074360211760581], [-75.63579476910152, 6.074377570211633], [-75.63574322930803, 6.074401395536836], [-75.63568172058231, 6.074448209728092], [-75.63564238094771, 6.074473646239939], [-75.63563378665414, 6.074479202850444], [-75.63558510660356, 6.074500148385399], [-75.63553280528767, 6.074508909616992], [-75.63545611543192, 6.0745105664051025], [-75.63535934859539, 6.07451012784898], [-75.63528408861168, 6.074510344722162], [-75.63521680664289, 6.074543542205997], [-75.63512417819547, 6.074582319200977], [-75.63512015749761, 6.074584003159402], [-75.63508991864055, 6.0746032983632015], [-75.63508288788287, 6.0746077859907395], [-75.63505004926166, 6.0746306838507405], [-75.63502160665041, 6.074656829323107], [-75.63499532783597, 6.074794510459887], [-75.6349834371764, 6.074825703010029], [-75.63497368782778, 6.074881949004413], [-75.63496947772687, 6.074969813361376], [-75.63496962984938, 6.074970637113357], [-75.63499090925313, 6.075042591578905], [-75.63499350871591, 6.0750780917984395], [-75.63499421688958, 6.075081827496637], [-75.63500395798911, 6.075133213217116], [-75.63501021795045, 6.075156293830564], [-75.63501650466341, 6.075175034873194], [-75.63502103110294, 6.0751870818713725], [-75.63503280431406, 6.075214162241628], [-75.63504075029782, 6.075230161345984], [-75.63504370176595, 6.0752361037407265], [-75.63506331840439, 6.075267200530565], [-75.63508393310487, 6.075294975492955], [-75.63511184273963, 6.075325222718412], [-75.63511342798716, 6.075326942628231], [-75.63511384472146, 6.0753273935252725], [-75.63511952561817, 6.075333551335024], [-75.63514629391445, 6.075362174120146], [-75.63515690004841, 6.0753725027049725], [-75.635170652275, 6.07538589604671], [-75.63521089920113, 6.075423282053432], [-75.63525258302624, 6.075463266519563], [-75.6352667074159, 6.075478714755359], [-75.63529616001185, 6.0755177625958146], [-75.63530926164785, 6.0755347979038925], [-75.63532994862244, 6.075557747580783], [-75.63534863961242, 6.075573449278265], [-75.63540857580143, 6.075636428718063], [-75.63542466003274, 6.075655592976961], [-75.63544216540588, 6.075672448593656], [-75.63546449693997, 6.075699838164739], [-75.63549761195841, 6.075743930799277], [-75.63550245948667, 6.075748463568062], [-75.63553702043858, 6.075787732369233], [-75.63556295434344, 6.07581970778336], [-75.63558675672184, 6.075849060094473], [-75.63560443814227, 6.075867755487264], [-75.63561335648969, 6.075877189141312], [-75.63562244366639, 6.075886796453206], [-75.6356453369505, 6.0759132539061325], [-75.63566342973941, 6.075935749721073], [-75.63568309013041, 6.075970996739515], [-75.63569151777894, 6.076015806433408], [-75.63568590163037, 6.0760567203697], [-75.63568383319362, 6.076085426798229], [-75.63568400798447, 6.076108532547063], [-75.63568406137956, 6.076115790900137], [-75.6356952286917, 6.076279057491917], [-75.635748117721, 6.076262426267746], [-75.6357722974588, 6.076254820983858], [-75.6358073915914, 6.076250733454315], [-75.63581372171076, 6.076249995609443], [-75.6358165234726, 6.0762496709494735], [-75.63582011141087, 6.076250736498696], [-75.63584177383822, 6.07625717705049], [-75.63586687354963, 6.076275848894702], [-75.63588343821323, 6.076296666999266], [-75.6359036916624, 6.076324053107591], [-75.63593190141918, 6.076356933182996], [-75.63593906262977, 6.076366996479352], [-75.6359571252594, 6.076392380857064], [-75.63600555339806, 6.076416317073921], [-75.63606400147803, 6.076427745698881], [-75.63611822059653, 6.0764262797016055], [-75.6362146375509, 6.076406365919598], [-75.6362718820239, 6.076393740030581], [-75.63630733188435, 6.076385922432347], [-75.63634211342256, 6.07638162936398], [-75.63638098380834, 6.076375551639889], [-75.6364155666529, 6.07637014574843], [-75.63647004945018, 6.076361628658411], [-75.63650756847997, 6.076356796971125], [-75.6365565539786, 6.076346447972323], [-75.63655863266865, 6.076346008406237], [-75.63660718794613, 6.076346906062395], [-75.63665940047368, 6.076348080587964], [-75.6367247258448, 6.076361346960615], [-75.6367773057937, 6.07638344569685], [-75.63679584040112, 6.076410789511837], [-75.6367988841553, 6.0764152768210336], [-75.6368107945341, 6.076432851264612], [-75.63683761561227, 6.076486006814487], [-75.63687059674267, 6.076514074782134], [-75.636908688663, 6.076530816292552], [-75.63695554658031, 6.076542578912964], [-75.63697524473902, 6.076549400558576], [-75.63699616034428, 6.076554185768566], [-75.63703774489377, 6.076565588991736], [-75.63708764865142, 6.076571511948413], [-75.63713488272371, 6.076577804125028], [-75.63720576960583, 6.0765849454717245], [-75.63723612178305, 6.076586327880762], [-75.63727045928933, 6.076583771786169], [-75.6372911164261, 6.076581847493688], [-75.63733189151591, 6.076582446743917], [-75.63738315522734, 6.076583886186029], [-75.63744036888404, 6.076585711538036], [-75.63752322579329, 6.076615439010407], [-75.63755562920011, 6.076637071106566], [-75.63758389645474, 6.076671168517332], [-75.63761681024151, 6.0767141399795745], [-75.6376334398737, 6.076747353081795], [-75.63765715452001, 6.0767853637318], [-75.63768337141865, 6.076804395235229], [-75.63772462760737, 6.076807532474632], [-75.63781466026785, 6.076800245670679], [-75.63786276188763, 6.076796823156892], [-75.63789772196324, 6.076789512302541], [-75.63792758603134, 6.076769865279988], [-75.63795050096572, 6.076746987667955], [-75.63795385562467, 6.076747256064424], [-75.63799593653519, 6.076769333580098], [-75.6380298851122, 6.076804286468251], [-75.6380498387871, 6.076842785555936], [-75.63806516154877, 6.076894150155679], [-75.6380877419178, 6.077034287544879], [-75.63810817532396, 6.077215520764978], [-75.63811289497313, 6.077257373210287], [-75.63815892756917, 6.07743483177309], [-75.63816178177666, 6.077433223095052], [-75.63820972597965, 6.077406202035572], [-75.63825091056418, 6.077399272992855], [-75.6383167240355, 6.0774146413400825], [-75.6383745614578, 6.077442892433677], [-75.63853366925737, 6.077440677038905], [-75.63862912126156, 6.0774151452279455], [-75.63874940792539, 6.0773853877290245], [-75.63880984714449, 6.0773704406268685], [-75.63886105753478, 6.07736130822703], [-75.63890537531177, 6.077357392393158], [-75.63895205300969, 6.077368672909409], [-75.638957749485, 6.077370048165002], [-75.63899145463549, 6.077389692100432], [-75.63904228345443, 6.077409184582142], [-75.6390852916129, 6.077412665714258], [-75.63911965713864, 6.077397704013018], [-75.6391287775429, 6.077393734087396], [-75.63917121605576, 6.077370588387809], [-75.63920637618449, 6.077337256183517], [-75.63922485325271, 6.07731127401566], [-75.63925036413382, 6.0772853280021675], [-75.63928927868827, 6.077256275294846], [-75.63932647400543, 6.077231553233514], [-75.6393612275067, 6.077200588904014], [-75.63938581906196, 6.077180772297528], [-75.6394238226059, 6.077164000992928], [-75.63946773571864, 6.077150449055699], [-75.63949935367071, 6.077137114488397], [-75.63956325898556, 6.0771258587882295], [-75.63963815161338, 6.077124924239702], [-75.63968798416512, 6.077124212470751], [-75.63971476306311, 6.077123651305834], [-75.63973986143935, 6.07712054170686], [-75.63979888982449, 6.0771200345141905], [-75.63982011705752, 6.077122791199289], [-75.63983753154135, 6.077125053014703], [-75.63985758383883, 6.077128004384793], [-75.6398839426837, 6.0771222388602535], [-75.63988526568964, 6.0771218499840955], [-75.63989764980346, 6.077118206736189], [-75.63991066335785, 6.0771199250241486], [-75.63991956227581, 6.0771210992921], [-75.63992437910477, 6.077121736613592], [-75.63992740294877, 6.077122135891449], [-75.6399412282214, 6.077123257157819], [-75.63997303735857, 6.077120426653507], [-75.63997607757067, 6.077120108038254], [-75.63998401843433, 6.0771192809075245], [-75.64000361558206, 6.077117238735612], [-75.64002427901299, 6.077111241574047], [-75.64006931705231, 6.077098174996247], [-75.64013462100911, 6.077070011255214], [-75.64013490574108, 6.077069876064967], [-75.64021939263439, 6.077034000178707], [-75.6402937449668, 6.076993032499832], [-75.64030493753987, 6.076985810524809], [-75.64031312939903, 6.076980524312022], [-75.64033929542272, 6.076959115193907], [-75.64035407438026, 6.076952269856084], [-75.64038460190264, 6.076914062134642], [-75.6404130144726, 6.076869598805524], [-75.64044627528455, 6.076818512246931], [-75.64045791323437, 6.076806318553278], [-75.64046844505789, 6.076795280211888], [-75.64050294764746, 6.076762150076163], [-75.64055189540737, 6.076715958203283], [-75.64059273148635, 6.076671863581451], [-75.64059961171986, 6.076666523206552], [-75.64062013184754, 6.076650593979627], [-75.64064639218958, 6.076627234370368], [-75.64068450571558, 6.076587854092091], [-75.6407046542157, 6.076569614131068], [-75.64072948646599, 6.076547133904729], [-75.6407489738456, 6.076526297138509], [-75.64075293454823, 6.076519539023201], [-75.64076684183188, 6.07649581759722], [-75.6407841957963, 6.076473642421439], [-75.64079952194287, 6.0764554838875755], [-75.64080716706701, 6.076440687974558], [-75.64082410684223, 6.076421362567539], [-75.64084939159503, 6.076395188005998], [-75.6408527387713, 6.076379111273182], [-75.64088606950034, 6.076365331632911], [-75.6408887985716, 6.076371770469328]]], [[[-75.6357799211859, 6.083278952477572], [-75.63566308941742, 6.083340246196922], [-75.63571734107877, 6.083419992340735], [-75.63573234645987, 6.083440280059945], [-75.63575187841238, 6.083470755100769], [-75.6357690678412, 6.083497574756192], [-75.63577818332422, 6.0835099862299025], [-75.63577858356699, 6.083512981198514], [-75.63577897271169, 6.083515181562021], [-75.63577907272227, 6.083516614895695], [-75.63577690569012, 6.083519873727718], [-75.63572335552512, 6.0835536727627755], [-75.6357363381458, 6.083581617711316], [-75.6357697827306, 6.083619233692937], [-75.63580267632139, 6.083650163301184], [-75.63585184125219, 6.083680015367528], [-75.6358813763855, 6.08369156228284], [-75.63590489220513, 6.08369555091015], [-75.63593099134991, 6.083696083395935], [-75.63594676476384, 6.083686239010133], [-75.63594820736412, 6.0836849970331945], [-75.63598719695145, 6.083683629530066], [-75.63598722510173, 6.083682919714048], [-75.63598731106363, 6.083680729687289], [-75.63599172055939, 6.083652631097865], [-75.6360159471652, 6.0836023344305685], [-75.63603446783348, 6.083562819296455], [-75.63603508037846, 6.083554895026795], [-75.63604424982077, 6.083529090267752], [-75.63604801694588, 6.083509467564711], [-75.6360481432844, 6.083493326959896], [-75.63605144921236, 6.083485997056394], [-75.63609367199858, 6.083462197864842], [-75.63603961409729, 6.083366255703386], [-75.63600940890596, 6.083323962641472], [-75.6359244921499, 6.083207255988487], [-75.6357799211859, 6.083278952477572]]], [[[-75.63667450704912, 6.111762147382421], [-75.63667487643596, 6.111799204299482], [-75.63667507420065, 6.1118189260370235], [-75.63667766000908, 6.111832376427296], [-75.63676630244318, 6.11178958041937], [-75.63684312916645, 6.111752487268093], [-75.63694035151065, 6.111705547468394], [-75.6369417551666, 6.111706487116986], [-75.63694497673949, 6.111719734588455], [-75.6369624790718, 6.111742446958083], [-75.63697449210889, 6.111758037964506], [-75.63699603018962, 6.1117872559393005], [-75.63701125420909, 6.111767104125677], [-75.63704592803893, 6.111721215344011], [-75.63708734563899, 6.111679485530241], [-75.63710074853478, 6.111675501601551], [-75.63710105996644, 6.111675466623169], [-75.63712288471925, 6.111673048752699], [-75.63715257400135, 6.111678269450086], [-75.63716692880638, 6.1116919712492095], [-75.63717476429528, 6.111691469916102], [-75.63719831837558, 6.11166908218538], [-75.6372289563882, 6.111660921935078], [-75.63725560441688, 6.111658361953826], [-75.63727405197213, 6.111668635400345], [-75.63729483622691, 6.111684280978034], [-75.63731959014159, 6.111687781984291], [-75.63734969890038, 6.111674649352678], [-75.63737015224704, 6.111658888137204], [-75.63738837213438, 6.111637995663925], [-75.63739891979654, 6.11163286042816], [-75.63743257323402, 6.111640668018523], [-75.63745015801398, 6.111643891412008], [-75.63746038367611, 6.111639030778231], [-75.63746758872317, 6.111629311253695], [-75.63748182337854, 6.111600611101433], [-75.63748904355438, 6.111586053041654], [-75.63751984486643, 6.111565509241587], [-75.63754221189265, 6.111563535293986], [-75.63756008354812, 6.111563924896367], [-75.63759525827281, 6.111513548667173], [-75.6376245318503, 6.111479463409214], [-75.63766037799421, 6.111469895285587], [-75.63769980797723, 6.1114651109601565], [-75.6377392375453, 6.1114567402792765], [-75.63776445910243, 6.111443612642332], [-75.63777508520144, 6.111438081948618], [-75.63780758560979, 6.111419423777127], [-75.63781523204746, 6.111421815411248], [-75.63783435028367, 6.111453390317269], [-75.63784808612077, 6.1114546861827295], [-75.63785968130063, 6.1114557810106795], [-75.63788214290808, 6.111453388917252], [-75.63789887168134, 6.111459608895745], [-75.63790626660652, 6.1114644942205585], [-75.63793541094644, 6.111493430703689], [-75.63795046709141, 6.111494508536542], [-75.63797139701059, 6.1114877203465605], [-75.63797591755372, 6.111486255292347], [-75.63800495234437, 6.111467956760106], [-75.63801131953592, 6.111459224950197], [-75.63801463096564, 6.111454681224394], [-75.6380286102636, 6.111443915903999], [-75.63803506214283, 6.11143458791139], [-75.63804604810032, 6.11142434536238], [-75.63807380592068, 6.111407552912396], [-75.63809680782921, 6.111408149649405], [-75.63814758821343, 6.111437450891607], [-75.63816679376792, 6.111449612751478], [-75.63817686403883, 6.11145598836488], [-75.63819090262419, 6.111458979630415], [-75.63822973562195, 6.111447018260311], [-75.63824795790605, 6.111451503259308], [-75.6382548275259, 6.111463463515076], [-75.63826541366963, 6.111494194324207], [-75.63831128761696, 6.111541680126253], [-75.638353823681, 6.1115842561618035], [-75.6383815462639, 6.111601000383921], [-75.63842216938866, 6.1115914331624435], [-75.63842599574807, 6.111589123517861], [-75.63847348704357, 6.111560448086244], [-75.63856353714793, 6.111589122481158], [-75.63857217344113, 6.111591872667467], [-75.63857543816403, 6.111592910752392], [-75.63858049014087, 6.111589123300164], [-75.63860127934429, 6.111573531269716], [-75.63861609650013, 6.111567312792861], [-75.63862558240376, 6.111567791457239], [-75.63865337715787, 6.111569225280951], [-75.6386739276331, 6.111559656274644], [-75.63869017681539, 6.111538608018059], [-75.63870451528919, 6.1115027283195165], [-75.63872172107466, 6.111489811782724], [-75.63875039796578, 6.111479765305793], [-75.63879006682542, 6.111485027301893], [-75.63882304740473, 6.111507031632311], [-75.63886128117542, 6.111527603462143], [-75.63889043606555, 6.111540998358473], [-75.63892819394411, 6.111547218072359], [-75.63895495787243, 6.111534778929877], [-75.6390077705665, 6.111460009845424], [-75.63904122617208, 6.111432261260903], [-75.63911483053337, 6.111418866091598], [-75.63918269872903, 6.111430347700583], [-75.63923049323135, 6.111440871979936], [-75.6392687296434, 6.111438956522545], [-75.63929597169202, 6.11143082551129], [-75.63931987024624, 6.111428432630331], [-75.63935284729259, 6.111438479121927], [-75.63936861968199, 6.111457614425701], [-75.63939395208817, 6.111467661401633], [-75.63941784757981, 6.111463354665671], [-75.6394562872441, 6.111448000458061], [-75.63946483786663, 6.111440095061155], [-75.6394698657428, 6.111435447070522], [-75.63949161704676, 6.111411799764156], [-75.63945510073724, 6.11138248465759], [-75.63938509614826, 6.111345694867456], [-75.63930357807008, 6.111310835708196], [-75.6392476356813, 6.111284616533105], [-75.6392006191941, 6.111265873361263], [-75.63909000447019, 6.111283472422289], [-75.63905516446637, 6.111260780220334], [-75.63911936059668, 6.111214668639144], [-75.63911486723583, 6.11116788100902], [-75.63912961669085, 6.1111163538741655], [-75.63914949449429, 6.111049353211076], [-75.63916251793175, 6.111015326039551], [-75.63915518643451, 6.110965712741554], [-75.6391451164352, 6.110904304242898], [-75.63914182241737, 6.110885498181561], [-75.63913163695933, 6.110811222055687], [-75.63912402222115, 6.110770891987379], [-75.63911311098153, 6.110713090240235], [-75.63910839196697, 6.110711099202292], [-75.63909036288744, 6.110710092045578], [-75.63901049523939, 6.110722254074473], [-75.63896398071566, 6.110725935067212], [-75.63895631557268, 6.110726542260698], [-75.63892706768691, 6.1107420718628696], [-75.6388892840103, 6.110757294421622], [-75.63884770132462, 6.110754056024204], [-75.63882273766758, 6.1107541858505625], [-75.63881500775906, 6.110762770665378], [-75.63879960992115, 6.110782450527385], [-75.63878763613657, 6.1107932946020265], [-75.63877300105793, 6.1107974066556565], [-75.63874363333625, 6.110797519232733], [-75.63873424017694, 6.1108001120589694], [-75.63872618796513, 6.110782743283429], [-75.63872138978184, 6.110776762169584], [-75.63871371452703, 6.110767198887369], [-75.63870838208811, 6.110760569483407], [-75.63870311599304, 6.11075402382987], [-75.6386827919175, 6.110746204187032], [-75.63867157053056, 6.11074378853178], [-75.6386603491569, 6.110741375588316], [-75.63864362743503, 6.110753726515897], [-75.6386305186487, 6.110767583924242], [-75.6386018550519, 6.110764673519906], [-75.63857949452894, 6.1107626190327675], [-75.63857716372637, 6.110762320390048], [-75.63856200588793, 6.110760390550076], [-75.63854818198332, 6.1107586277364545], [-75.63849567142104, 6.110764580169475], [-75.63847542973897, 6.11077670518916], [-75.63846647250878, 6.110770941575889], [-75.63844367715805, 6.110756275959603], [-75.63842286269309, 6.110753072967269], [-75.63841267982558, 6.110754496213212], [-75.63840759561495, 6.11075520734863], [-75.63839387463953, 6.110757123495272], [-75.63839029231178, 6.110757623845692], [-75.63838845106167, 6.110757882403235], [-75.63838039015786, 6.1107590104549585], [-75.6383619920318, 6.1107615805904905], [-75.638353427485, 6.1107627780141955], [-75.63834084839351, 6.110761980029084], [-75.6383127611574, 6.110760201357161], [-75.63828933210078, 6.110749843010275], [-75.63827538404948, 6.11075942387314], [-75.63825930805709, 6.110769554899619], [-75.63819876816828, 6.110763177559716], [-75.6381731908773, 6.11077245118616], [-75.63814210831518, 6.110767287995265], [-75.63806989515886, 6.110754199352097], [-75.63800982848296, 6.110742833847076], [-75.63798436277341, 6.110738015537848], [-75.63798336141807, 6.110737336994321], [-75.63798101725669, 6.11073670843725], [-75.63797861701443, 6.110736062978606], [-75.63796944564623, 6.110733600177138], [-75.63796208666479, 6.110731623895755], [-75.63794364535859, 6.110726673462509], [-75.63793296522265, 6.110722832163105], [-75.63791097249886, 6.11071492123223], [-75.63788015174882, 6.110703836134385], [-75.6378584752519, 6.110692444875287], [-75.63782473975282, 6.110674879407647], [-75.63782225597454, 6.1106735906766625], [-75.63780322787468, 6.110663720581356], [-75.63778714807285, 6.110655380124726], [-75.6377631669128, 6.110642941534171], [-75.63773643707107, 6.11063524279308], [-75.63773445038265, 6.110633468860252], [-75.63772789701116, 6.110627612970074], [-75.63772222179153, 6.110622544714452], [-75.63771273103411, 6.110614067945316], [-75.63770471259822, 6.110606904761643], [-75.6377003119448, 6.110602974772869], [-75.63769712504451, 6.110600675151495], [-75.6376962521794, 6.110600044794983], [-75.63768819882397, 6.1105942342368404], [-75.63767259245898, 6.11058297680308], [-75.63766720300843, 6.1105790878293424], [-75.63766509925374, 6.110577569412008], [-75.63763298728296, 6.110554386344354], [-75.63761213690424, 6.110579986435887], [-75.63754542015393, 6.110530302918717], [-75.6374626764874, 6.11054944271332], [-75.63745206760176, 6.1105415237981475], [-75.63741344033173, 6.110512695272961], [-75.63742041553047, 6.110503809510525], [-75.63737852335043, 6.110474639906479], [-75.63737382037172, 6.110480715585819], [-75.63733693419958, 6.110453860178154], [-75.63733390885824, 6.110458359101358], [-75.63731142912673, 6.110443217244037], [-75.63730618502397, 6.110439682842252], [-75.63731121574625, 6.110431186323872], [-75.63732243183745, 6.1104122393981735], [-75.63732525983957, 6.110407465709147], [-75.63731554665208, 6.110401703066654], [-75.6373247562106, 6.11038614983837], [-75.63731744367728, 6.110381854435439], [-75.6372869770363, 6.110363954650463], [-75.63725078868966, 6.110320984776552], [-75.637196706563, 6.110295779552442], [-75.63721040605284, 6.110267533161148], [-75.63713480407165, 6.110246683462799], [-75.63716181682607, 6.110194131512376], [-75.63716962189801, 6.110178942277337], [-75.6371499115319, 6.110143363477476], [-75.63709138353165, 6.110067739617796], [-75.63703648367056, 6.110053338129192], [-75.63704433808917, 6.110027569487611], [-75.63705224223504, 6.11000162702507], [-75.63703122762556, 6.109993331540246], [-75.63702366139258, 6.109990345531834], [-75.63699465885318, 6.1099788988569435], [-75.63697674095411, 6.109971824007307], [-75.63697155020313, 6.109969776495978], [-75.6369512197351, 6.109961751576467], [-75.63694870972938, 6.109960639257094], [-75.63693718070678, 6.109955527386246], [-75.63691917419214, 6.1100236751645385], [-75.63693159285009, 6.110026018092035], [-75.63692925397497, 6.110034951615359], [-75.63692598499826, 6.1100343339180325], [-75.63691906917768, 6.110033030765739], [-75.63691761203364, 6.1100414545999815], [-75.63691213919664, 6.110073096907257], [-75.63690943373321, 6.110072831735652], [-75.63690297364951, 6.1101101798124], [-75.6368976586046, 6.110109125555118], [-75.63688826819721, 6.110165210839632], [-75.63689898182282, 6.110166856071535], [-75.63689299912424, 6.110202830365966], [-75.63688229073091, 6.110201147138577], [-75.63688097619065, 6.1102086282556245], [-75.63687202714227, 6.110259487787524], [-75.63686583046128, 6.110258225405367], [-75.63686167160049, 6.110257375214196], [-75.6368321896671, 6.110366029115805], [-75.63682812380785, 6.110389516338859], [-75.63682581286947, 6.110402863287277], [-75.6368051845917, 6.110489866102289], [-75.63678750046505, 6.110564459072828], [-75.63678108478777, 6.110591510735204], [-75.63677686816293, 6.110609295061509], [-75.63676129978866, 6.110677345002627], [-75.63674760708889, 6.110732432543518], [-75.63674305526678, 6.1107507473832205], [-75.63674110751286, 6.110758582378953], [-75.63673756451159, 6.110770801698177], [-75.63672007960989, 6.110831117876525], [-75.63671972059426, 6.11083250192738], [-75.63670960175554, 6.11087152870005], [-75.63669686959898, 6.110920622213094], [-75.63669103407483, 6.110943125478336], [-75.63670562552456, 6.110962367955621], [-75.6367021424388, 6.111001388384359], [-75.63670204050021, 6.1110025198484585], [-75.63670183505577, 6.111004831602931], [-75.63669831349314, 6.1110442943000365], [-75.6366974299238, 6.111054202480185], [-75.63668933893874, 6.1110534339650275], [-75.63668034795327, 6.111052580365391], [-75.63667488750988, 6.111110172409094], [-75.6366721134341, 6.111139419314142], [-75.63667230348345, 6.111150007494342], [-75.63667311378335, 6.111195397570106], [-75.63667340218103, 6.111211497247555], [-75.63667429145673, 6.111261393614246], [-75.63667435763074, 6.111284861468272], [-75.63667438103951, 6.111293144240026], [-75.63667446471976, 6.11132258324433], [-75.63667452876894, 6.1113448794626954], [-75.63669933927167, 6.111345183515125], [-75.63671739978328, 6.111345405877386], [-75.63671792005205, 6.111345411460643], [-75.63671557258995, 6.111377853888879], [-75.63671539821276, 6.111380238718776], [-75.63671316398766, 6.111411090371242], [-75.63670988231851, 6.111456378479817], [-75.63670916567456, 6.111465145836544], [-75.63670722958057, 6.111488821502407], [-75.63670440050726, 6.111498172392279], [-75.63670406808217, 6.111499268825596], [-75.63669222938121, 6.111550612654839], [-75.63668591466494, 6.111577991996253], [-75.63668401684379, 6.11158587918294], [-75.6366834397523, 6.1115882867823395], [-75.63667494297577, 6.1115870989755114], [-75.63667380507842, 6.111589338462066], [-75.63667306537099, 6.111591737819038], [-75.63667274519315, 6.111594228234097], [-75.63667285231928, 6.1115967373452635], [-75.63667322332137, 6.111633756284662], [-75.6366733278389, 6.111644214701487], [-75.63667336053808, 6.111647571270742], [-75.63667340419588, 6.111651874324325], [-75.63667387468332, 6.111698877080013], [-75.63667450704912, 6.111762147382421]]]]}, "properties": {"OBJECTID": 2, "SE_ANNO_CAD_DATA": null, "SHAPE.AREA": 0, "SHAPE.LEN": 0, "NOM_BARRIO": "CABECERA MUNICIPAL", "BARRIO": "001", "PK_BARRIO": "1291001001", "MUNICIPIO": "129", "SECTOR": "1", "CORREGIMIE": "001", "nombre_barrio_estandarizado": "CABECERA MUNICIPAL", "municipio_estandarizado": "caldas"}}, {"type": "Feature", "geometry": {"type": "MultiPolygon", "coordinates": [[[[-75.63248266742991, 6.107401926513097], [-75.63252992458389, 6.107414180063926], [-75.63277738625551, 6.107684763935849], [-75.6329678832765, 6.108078854109661], [-75.63298074678406, 6.108106427028664], [-75.63313830660825, 6.108389144731315], [-75.63323440300012, 6.1085687210654545], [-75.63328070907761, 6.108717826166183], [-75.63330036606298, 6.108905276920632], [-75.63336982228759, 6.1091270211167386], [-75.63347746169188, 6.109333350367633], [-75.63350467569632, 6.109378927609686], [-75.6335047403655, 6.109379038490985], [-75.63355045340369, 6.109455593672324], [-75.63364944876277, 6.109536962182115], [-75.63372692884735, 6.109558262526674], [-75.63384316476476, 6.1095966719250026], [-75.63394874810615, 6.109669549772706], [-75.63402857654346, 6.109759723530218], [-75.63414049260096, 6.109791688244931], [-75.63420307754167, 6.109868995961157], [-75.63425488274878, 6.109935574805643], [-75.63430660433302, 6.109974167385976], [-75.63452194411623, 6.110074713378103], [-75.63465551394505, 6.110158273467943], [-75.6347891785897, 6.110274121160646], [-75.6348830589422, 6.110390083408344], [-75.63490921167737, 6.1105105471956005], [-75.63492962329957, 6.110628157923289], [-75.63493307135317, 6.110829047854521], [-75.63493619650775, 6.110918011756983], [-75.63509642352165, 6.1107998750318835], [-75.63519079398996, 6.11071350317458], [-75.63523346157217, 6.110595709709106], [-75.63522444537992, 6.110452236157294], [-75.63522119441032, 6.110320223889107], [-75.6352265739798, 6.11019679934915], [-75.63521191482187, 6.110084912003538], [-75.63517969944769, 6.109852534112767], [-75.63508419427454, 6.109545721553212], [-75.63501484096504, 6.1093593727317135], [-75.63495422310403, 6.109218919408997], [-75.6349225074138, 6.1091587422665645], [-75.63487929995952, 6.109089985976271], [-75.63482445688349, 6.1089638642196205], [-75.6347813234652, 6.108920939850548], [-75.6347696311091, 6.108843486690389], [-75.63476945635595, 6.108783215484178], [-75.6347691749395, 6.108685634685911], [-75.63478326150579, 6.108599493816544], [-75.63480017257145, 6.108498996361989], [-75.6348228800799, 6.10841857022521], [-75.63490272400179, 6.108266229881958], [-75.63497399005723, 6.108122522770108], [-75.63503788065714, 6.108018146311604], [-75.63507958101569, 6.107950017083885], [-75.6350891708908, 6.107936495225493], [-75.63509248262798, 6.10793182494765], [-75.63511479562989, 6.107900366769896], [-75.63511759427375, 6.107896418630169], [-75.63517260667278, 6.107818855491836], [-75.63517952616964, 6.107809100334875], [-75.63520818876074, 6.107749983295508], [-75.6352422324535, 6.107679767088182], [-75.63525389262009, 6.107660190610925], [-75.63525496223005, 6.107658391734764], [-75.63528435896517, 6.107609030308004], [-75.63529359678596, 6.107593518556429], [-75.63533346396419, 6.1074986927162], [-75.63541329906019, 6.107343482100341], [-75.635423718455, 6.10732524337097], [-75.63542439099419, 6.107324066618866], [-75.63546750416735, 6.107248614914718], [-75.63551012190277, 6.107150912479048], [-75.63551854006104, 6.107131614974768], [-75.63534840719547, 6.1070460073716495], [-75.6352257256612, 6.107009771391997], [-75.6350600883127, 6.106990877631227], [-75.63483855185788, 6.107017838106199], [-75.63472680470218, 6.107004758070945], [-75.6345288553005, 6.106966587217897], [-75.63430720325002, 6.106913414891124], [-75.63419520103518, 6.106851316593691], [-75.63412399912302, 6.1067697268641625], [-75.63406999497133, 6.10668593648688], [-75.63404179915212, 6.1066020712013565], [-75.634020026192, 6.10650957602899], [-75.63400037277879, 6.106406314083924], [-75.63399909319111, 6.106401558721029], [-75.63402806800595, 6.1065725281197345], [-75.63403883786586, 6.106737345130424], [-75.6340701337972, 6.106881498063058], [-75.63401967905902, 6.107231947039386], [-75.63367015735378, 6.107387503300172], [-75.63349466765285, 6.107212859652528], [-75.6334519474309, 6.10667722473264], [-75.63352303804652, 6.106306857823558], [-75.63350610293223, 6.1063029186431255], [-75.63346691230548, 6.106293807898321], [-75.63336476944325, 6.106229295145802], [-75.63333924296002, 6.106235289246839], [-75.6333163732948, 6.106274100022779], [-75.63328506289541, 6.106322620049105], [-75.63323684217926, 6.10637966762143], [-75.63317052601349, 6.106453714974909], [-75.63312148133951, 6.1065332611672005], [-75.63311016713622, 6.106586866197738], [-75.6330951083224, 6.106667270255637], [-75.63309552732521, 6.106812682022758], [-75.63311101753523, 6.106881517417762], [-75.63307293066198, 6.1069313742804185], [-75.63299658137633, 6.106969862038133], [-75.6329432027528, 6.107019763045397], [-75.63290520406106, 6.107100232438911], [-75.6328481336774, 6.107196066451938], [-75.63281197878517, 6.107208244772338], [-75.63273355722222, 6.1072346618338305], [-75.63259601703568, 6.107265675263913], [-75.6324546183099, 6.107285216165727], [-75.63233297122869, 6.107350354687514], [-75.63237047176575, 6.107366054353002], [-75.6323907263319, 6.107374279684661], [-75.63241728759179, 6.107382442494233], [-75.63248266742991, 6.107401926513097]]], [[[-75.63513069328776, 6.112948945963847], [-75.63540460157226, 6.112992481865798], [-75.63551313244174, 6.112931718034793], [-75.6356326003134, 6.112897363838601], [-75.63564426412383, 6.112872073708975], [-75.63559234456682, 6.112891255617874], [-75.63557839560387, 6.112854936102119], [-75.63557292836423, 6.112840700656027], [-75.63556595986887, 6.112798956951583], [-75.63554240633265, 6.112757299138974], [-75.63553420442321, 6.1127390504761125], [-75.63551419446578, 6.112695060005578], [-75.63551144927196, 6.112659019109218], [-75.63544699791444, 6.1123309034580044], [-75.63543518558379, 6.11223714103773], [-75.63544256376477, 6.112082922043318], [-75.63549397504703, 6.111953674743794], [-75.6355885202883, 6.11175173374965], [-75.63564314646361, 6.111680683285625], [-75.63567836417444, 6.111646600559575], [-75.63579524786604, 6.111535728711617], [-75.63591280284068, 6.111435422794979], [-75.6359624891023, 6.111393093772209], [-75.63601380815645, 6.111348883549255], [-75.6360602912144, 6.111314947150896], [-75.6361092144785, 6.11126620945294], [-75.63618066911933, 6.111193911101604], [-75.6362832072224, 6.111093940110751], [-75.63633061188543, 6.1110477258261495], [-75.6363954633691, 6.110984499445177], [-75.63640426699524, 6.110975865985002], [-75.63642527733843, 6.11095543266365], [-75.63644567142298, 6.110958180349695], [-75.63648196882072, 6.110894869865976], [-75.63649873016357, 6.110863113398027], [-75.63648009125262, 6.110852672692455], [-75.63651563103075, 6.110791425349648], [-75.6365516553868, 6.110797957531182], [-75.63656439548002, 6.110742735436907], [-75.6365565349812, 6.110740156786743], [-75.63657656214951, 6.110669645840891], [-75.63659193072695, 6.110610219684961], [-75.63652686907741, 6.110599350414744], [-75.63647266093125, 6.110594526592435], [-75.63647767319185, 6.110525819663189], [-75.6364804213451, 6.110498652193137], [-75.63645931989478, 6.110496420566817], [-75.63644827949402, 6.110407758689881], [-75.63642393339076, 6.110405081010854], [-75.63641386026238, 6.110359381981564], [-75.63642937250621, 6.110359907069103], [-75.63640632093075, 6.11030305247562], [-75.63637596690934, 6.110303906549578], [-75.63637456678195, 6.1102431866985665], [-75.6363656287901, 6.110243008151632], [-75.63636540767067, 6.11020135521916], [-75.63639526985547, 6.110200584925487], [-75.63639490258039, 6.110146606919111], [-75.63639600633914, 6.110132784033018], [-75.6363960103238, 6.110132675527697], [-75.63638378783283, 6.110132951556887], [-75.6363650290709, 6.110133627599109], [-75.63636517102702, 6.110085885025217], [-75.6363053084439, 6.110085758311361], [-75.63628757196682, 6.109830921812758], [-75.63628654239118, 6.109563079080798], [-75.63621434524742, 6.109560432681739], [-75.63615989598526, 6.109116316626059], [-75.63600164788116, 6.108421683334777], [-75.6359100323769, 6.108019525437245], [-75.63590143167987, 6.107981773860764], [-75.63588988979544, 6.107969594156505], [-75.63587628481629, 6.107972321479219], [-75.63587040899532, 6.107973499335116], [-75.63585919241551, 6.10797574664957], [-75.63585108698888, 6.107977370284743], [-75.63583130300114, 6.1079813339037905], [-75.63583024369686, 6.107981547028843], [-75.63582997210365, 6.107981601699352], [-75.63582100768149, 6.107983397698926], [-75.63581415826842, 6.107984770178117], [-75.63579443654079, 6.1079887217381374], [-75.63575465020648, 6.107996693437084], [-75.6357484657966, 6.107997933376128], [-75.63574773605083, 6.107994802617474], [-75.63570077909708, 6.10799387927757], [-75.63568001090074, 6.1079934694094895], [-75.6356434226805, 6.107992749265836], [-75.63562147661199, 6.1079923171447845], [-75.63558127384573, 6.10799806329762], [-75.63557111925289, 6.107998062455271], [-75.63554971992251, 6.10799806249833], [-75.63554542072943, 6.1079980627824035], [-75.6355258928032, 6.107998060882177], [-75.63552389043005, 6.107998061658423], [-75.63552265396756, 6.107998063200004], [-75.63550080122708, 6.107998061847782], [-75.63548877161182, 6.1079980620597345], [-75.63545904936029, 6.1079980613158495], [-75.6354526421271, 6.107998063797247], [-75.63541424200425, 6.107998063103052], [-75.63541065813504, 6.107998062591422], [-75.63540647454731, 6.107998062307645], [-75.63540025877717, 6.107998062041707], [-75.6353730194058, 6.107998062681916], [-75.6353699169441, 6.107998063426214], [-75.63535438095234, 6.107998395433336], [-75.63535064935225, 6.107998475201821], [-75.63530075409986, 6.10799954157783], [-75.63529843856055, 6.107999591803016], [-75.6352510746898, 6.108000604179065], [-75.63521875190874, 6.1080012942065505], [-75.63520927570823, 6.108001497963171], [-75.63520326739565, 6.108001625957023], [-75.63518069175643, 6.1080021090895125], [-75.6351803380342, 6.107980024001608], [-75.63514450526034, 6.107979937474665], [-75.6351179001946, 6.108009161090689], [-75.63510035870576, 6.108028424668549], [-75.63502032599985, 6.108197914836985], [-75.63492013729294, 6.108359403532584], [-75.63491041487521, 6.108398818915918], [-75.6349070813846, 6.108412335422655], [-75.63489228252826, 6.108472326536796], [-75.63485251082713, 6.108641698934068], [-75.63485277825698, 6.108734387984113], [-75.63487726012522, 6.1088471575070304], [-75.63492186142535, 6.1089558370180725], [-75.63503102216937, 6.109112690502267], [-75.63513628592257, 6.109313884950257], [-75.63519716588978, 6.109482969077255], [-75.63527013756146, 6.109656045837365], [-75.63531475156803, 6.109768756342562], [-75.63535941198526, 6.1098975867031715], [-75.63539199326755, 6.110026451876246], [-75.63539231978201, 6.110139290936865], [-75.6353926926827, 6.110268247151899], [-75.63538108102168, 6.110429480632814], [-75.63536523421368, 6.110518185871674], [-75.63533727253781, 6.110594838080214], [-75.63528515339434, 6.110671559945891], [-75.6351969733384, 6.1108088328571935], [-75.63495612660434, 6.111059389573413], [-75.6349132701477, 6.1110957978633955], [-75.63482760578373, 6.111168572616035], [-75.63481185770482, 6.111185935261414], [-75.63474332440936, 6.111261506305651], [-75.63472751050254, 6.111362301268062], [-75.6347560084065, 6.111471028035178], [-75.63481691290382, 6.1116481716200255], [-75.6348776211971, 6.111756806394007], [-75.63490201158372, 6.1118373342858], [-75.6349706656227, 6.11190967407811], [-75.63501511576156, 6.111965965459223], [-75.63507184414178, 6.112090730755851], [-75.63511247763124, 6.112219572686897], [-75.63512078658393, 6.11230820828466], [-75.63514116225828, 6.112392777945119], [-75.63514937931711, 6.112449174700632], [-75.635178180031, 6.112662679164142], [-75.63513069328776, 6.112948945963847]]]]}, "properties": {"OBJECTID": 3, "SE_ANNO_CAD_DATA": null, "SHAPE.AREA": 0, "SHAPE.LEN": 0, "NOM_BARRIO": "CABECERA MUNICIPAL", "BARRIO": "001", "PK_BARRIO": "1291001001", "MUNICIPIO": "129", "SECTOR": "1", "CORREGIMIE": "001", "nombre_barrio_estandarizado": "CABECERA MUNICIPAL", "municipio_estandarizado": "caldas"}}]}