{"type": "FeatureCollection", "name": "envigado_Barrios", "features": [{"type": "Feature", "geometry": {"type": "Polygon", "coordinates": [[[-75.58078731201952, 6.152114705190484], [-75.58080181893688, 6.152174935801402], [-75.58080006336868, 6.152230428969506], [-75.58078680123936, 6.152273516748762], [-75.58076967411108, 6.152301308897062], [-75.58074880213925, 6.152356854711654], [-75.58074424245348, 6.152435314383188], [-75.58075103916764, 6.1524726076298775], [-75.58076259742653, 6.152504144138666], [-75.58078564921568, 6.152544260907339], [-75.58086623606756, 6.152650226157088], [-75.58089796965623, 6.152718060902891], [-75.58090854414819, 6.1527400360232445], [-75.58091170027532, 6.152842391347152], [-75.58090807002424, 6.152911283092526], [-75.58088052715841, 6.152974502509727], [-75.5808510193889, 6.153018591923741], [-75.58082152567728, 6.153067465694597], [-75.580786324154, 6.153125922354048], [-75.58070653421947, 6.153304089518173], [-75.58068303647228, 6.153445744187487], [-75.58075328187071, 6.153821782864092], [-75.58075377250856, 6.153821999280259], [-75.58075340362294, 6.153822303933079], [-75.58075920553803, 6.153847556839883], [-75.58078712597319, 6.153989399522302], [-75.58081933920134, 6.154172078900191], [-75.58084940424601, 6.154296727225427], [-75.5808665842453, 6.154389141192268], [-75.58088805918446, 6.154453616201214], [-75.58091168082825, 6.154520238877467], [-75.58093745181489, 6.15460620492589], [-75.58093570688159, 6.154674353434236], [-75.58089357248356, 6.154685676591643], [-75.580891267721, 6.15469868488233], [-75.58086653780843, 6.154781183927358], [-75.58088707877758, 6.154791037656287], [-75.58090759621805, 6.154800882457052], [-75.58090116669771, 6.154839468310997], [-75.58087244103872, 6.155011861892472], [-75.58085167179172, 6.155202223676851], [-75.58084387337252, 6.155288804145728], [-75.58085246237874, 6.15543982726175], [-75.58084856513194, 6.1555022280606115], [-75.58084310648535, 6.155594270549732], [-75.58083839324468, 6.155685974017384], [-75.58082513512007, 6.1557444737652105], [-75.58084619597345, 6.155855234543352], [-75.58088955033638, 6.15598689300079], [-75.58096553708825, 6.156178442963098], [-75.58095116948871, 6.156268127297226], [-75.58092584295395, 6.156331451779658], [-75.58085144457719, 6.1564311861695], [-75.58077704457176, 6.156521424046559], [-75.5807216418929, 6.15655625440086], [-75.5806662376661, 6.156598995514715], [-75.58061874908056, 6.156668652760483], [-75.58058867226822, 6.156784220258065], [-75.58055212698748, 6.1569675269838235], [-75.58055529611404, 6.157108421644459], [-75.5805790413061, 6.1571859903782675], [-75.58062336918833, 6.157276227027686], [-75.58068531007615, 6.157416428659368], [-75.58076446643814, 6.157633311115605], [-75.58079296416695, 6.157752041559612], [-75.58081987611766, 6.1578486078620625], [-75.5808468482446, 6.158014094160063], [-75.5808658480049, 6.158211979889392], [-75.58087001244623, 6.158239870680936], [-75.5809007252365, 6.158445542658909], [-75.58094980283519, 6.158667174168132], [-75.58097994396914, 6.158799381950959], [-75.58101160885312, 6.158948191313175], [-75.58111148623037, 6.159295758322007], [-75.58120352064076, 6.1596463828718], [-75.58129553427199, 6.1599827599654295], [-75.58136361209102, 6.160221804209154], [-75.58158990541813, 6.160107878557026], [-75.58171988711298, 6.160039785356139], [-75.5817149360275, 6.160019979122021], [-75.58170689760756, 6.159786823670162], [-75.58180654961394, 6.159752776937314], [-75.58186424006517, 6.159706640548297], [-75.5818951885898, 6.159637311874049], [-75.58195719732646, 6.159477850082101], [-75.582000567535, 6.159329521957809], [-75.5820420368419, 6.159244098446592], [-75.58207236505889, 6.15919519878296], [-75.58222498248401, 6.159133046096151], [-75.58255531729077, 6.159022684819508], [-75.58279399556368, 6.158950698237367], [-75.58292273990143, 6.158911699836329], [-75.58310539877516, 6.158839121105747], [-75.58309339695656, 6.158823913778696], [-75.58301535846277, 6.158690686192279], [-75.58293233715028, 6.15856470634948], [-75.58282889558801, 6.158448261314003], [-75.58278636533535, 6.158408947049377], [-75.58268153717155, 6.158305377418016], [-75.58264972936561, 6.158265706527189], [-75.58260143093516, 6.158140331400776], [-75.58252917046183, 6.158000409848794], [-75.58249219902387, 6.157902745192616], [-75.58242685209166, 6.157658445151384], [-75.58240291138321, 6.157567771046783], [-75.58239929276495, 6.157366137824603], [-75.58240141903768, 6.157345741316018], [-75.58240836949965, 6.15730320843384], [-75.5824257470804, 6.157255853305486], [-75.582437522618, 6.157244069404073], [-75.58246146350606, 6.157228638286883], [-75.58250019494758, 6.1572088492884], [-75.58255765517075, 6.157182603038255], [-75.58258319087349, 6.1571687653304865], [-75.58258155507417, 6.157163179677639], [-75.58254403732141, 6.157090759699587], [-75.58246186433873, 6.1569609657068325], [-75.5824105051497, 6.156841442987042], [-75.58249048493397, 6.156805668070027], [-75.5826015996045, 6.156783254852746], [-75.58270804594862, 6.1567524336286], [-75.58280608619388, 6.156680528987105], [-75.58291757910945, 6.156585573748564], [-75.58310245663112, 6.156418418257419], [-75.58310152172184, 6.156411881732714], [-75.58309124824109, 6.156356357401473], [-75.58307723991564, 6.156274181562665], [-75.58309497939084, 6.156185472772129], [-75.58313252017605, 6.156122332350031], [-75.5832305594654, 6.156006538923162], [-75.58331272841814, 6.155908488155889], [-75.58343917402735, 6.155761118539913], [-75.58351106950079, 6.155687344268614], [-75.58360910958623, 6.1555584804876755], [-75.58368967930294, 6.155400025652901], [-75.58381386200624, 6.155247815681421], [-75.5839869019647, 6.1550416285338265], [-75.58403358500871, 6.154988397811742], [-75.58413162487793, 6.154856733186157], [-75.5842869914088, 6.154636535158589], [-75.5843336735237, 6.154573035857691], [-75.5844102362293, 6.154445105154659], [-75.58450671652797, 6.154297872537744], [-75.58455153238866, 6.154224102848284], [-75.58465330714492, 6.154112977196964], [-75.58470746311596, 6.154067221406131], [-75.58479905617189, 6.1539703807652435], [-75.58482986797725, 6.153930226733878], [-75.58483546942844, 6.153892875421769], [-75.58483546678843, 6.153841516263083], [-75.58476156808351, 6.153662501322198], [-75.58473075106545, 6.153585930957216], [-75.58461483440117, 6.153294075560988], [-75.58454376004626, 6.153037598521211], [-75.5845334842889, 6.152950755896215], [-75.58452881446607, 6.152860180284731], [-75.58452075509572, 6.152741686707753], [-75.58451491571903, 6.152673952102826], [-75.58449504070222, 6.152525275942529], [-75.58448394265109, 6.152445277586764], [-75.5844733782817, 6.152350291457477], [-75.5844655380457, 6.15232926336344], [-75.58446557955736, 6.152329255025693], [-75.58446081081601, 6.1523159437839245], [-75.58445858989239, 6.152309090733409], [-75.58445394072632, 6.152293980689903], [-75.5844496441332, 6.152253138715866], [-75.5844324642072, 6.152210152249601], [-75.58441098681608, 6.152169313897128], [-75.58440239503341, 6.152137070662972], [-75.58438306343386, 6.152068288441296], [-75.58438306428756, 6.152037626435244], [-75.58437805758562, 6.152041801323419], [-75.5843769739534, 6.15205084107914], [-75.58437580075366, 6.152060786256382], [-75.58437435519112, 6.152070821352457], [-75.58436965834952, 6.152079861423677], [-75.58436116839799, 6.152087003201232], [-75.58435186421507, 6.152082483527292], [-75.58434572232754, 6.152073443493603], [-75.5843406632069, 6.152063408245913], [-75.58433641761204, 6.152052739817207], [-75.58433244380937, 6.152039994296078], [-75.58433072673782, 6.152028241382389], [-75.58433036628313, 6.15201739321737], [-75.58433009449288, 6.152005639635178], [-75.58433135879122, 6.151996600812777], [-75.58433262305593, 6.151984938339263], [-75.58433533172757, 6.151975897948799], [-75.58434038974403, 6.151964958457499], [-75.58434599064105, 6.1519568217100895], [-75.58435285421315, 6.1519495901662316], [-75.58436423577554, 6.15193873939995], [-75.58439052033864, 6.151923281599068], [-75.5844039778353, 6.15191713377096], [-75.58441301056821, 6.15191613894409], [-75.58442312862603, 6.151920659198109], [-75.58442961850915, 6.151926007980494], [-75.58443080475935, 6.151926986784585], [-75.58443812073091, 6.151920658037844], [-75.58444417313255, 6.151913425900311], [-75.5844519415091, 6.15190519729145], [-75.58445862500216, 6.151897152039455], [-75.58446494688384, 6.151888112237904], [-75.58447118009244, 6.151879976045341], [-75.58447876658924, 6.151870934641639], [-75.58448499964612, 6.151863701629457], [-75.58449177270965, 6.151851948296451], [-75.58450685600005, 6.151832874143555], [-75.58452519186777, 6.151809457298712], [-75.58453169621471, 6.151800417517918], [-75.58454181208286, 6.151785047939574], [-75.58454587690062, 6.1517770027088075], [-75.58454957876646, 6.151765068963184], [-75.58455201641588, 6.151753406234815], [-75.58455508805606, 6.151739848189876], [-75.58455752707073, 6.151728094142531], [-75.58456159069152, 6.151680178827407], [-75.58456447790917, 6.151628649256932], [-75.58456393691033, 6.1516142742333635], [-75.58456167908035, 6.151603334902911], [-75.58455860738174, 6.151595200363915], [-75.58455228405454, 6.151582633475471], [-75.58454180589378, 6.151570700574648], [-75.58453159852046, 6.15156003388781], [-75.58452599938255, 6.151549095363682], [-75.58452274670566, 6.151534539993674], [-75.58451967437021, 6.151521974542827], [-75.58451777680837, 6.151511938455251], [-75.58451633087063, 6.151502083710231], [-75.584515517566, 6.151493043194116], [-75.58451434548746, 6.151479483092232], [-75.58451226681285, 6.151466736534255], [-75.58451045924434, 6.1514560698644765], [-75.58450612382431, 6.151445130646088], [-75.58448995502312, 6.1514433230032335], [-75.58448744471076, 6.151444062943441], [-75.58448074181422, 6.151446036460871], [-75.58447080610622, 6.151447844811932], [-75.58446312831394, 6.151440611339404], [-75.58445933502298, 6.151431571687895], [-75.58445653414532, 6.151418915417342], [-75.5844533723995, 6.15140896952865], [-75.58445138479043, 6.151397309237532], [-75.58445129395876, 6.1513837475166895], [-75.58445310038307, 6.151371000231491], [-75.58445490634449, 6.151361147824771], [-75.58445770668946, 6.151346591176848], [-75.58445888065184, 6.151337550984642], [-75.5844593310504, 6.151323086176326], [-75.5844583370637, 6.151311423787259], [-75.58445698267933, 6.15130238227352], [-75.5844537312143, 6.1512888241001], [-75.5844495740435, 6.15127607675379], [-75.58444686320149, 6.151265228214394], [-75.58444487785425, 6.151253474791334], [-75.58444207654273, 6.1512407281138355], [-75.58443810074586, 6.151223642095174], [-75.58443331501432, 6.1512045673964755], [-75.58442843682421, 6.151187482129495], [-75.58442554606563, 6.151172114041578], [-75.58442355888981, 6.151157738783935], [-75.58442310571346, 6.1511477029353445], [-75.58442455052847, 6.151136764664172], [-75.58443204621332, 6.1511223905143435], [-75.58444396897323, 6.1511080157279014], [-75.58445805997555, 6.151094454969801], [-75.58446420241081, 6.151086227907877], [-75.5844719698576, 6.151075378369301], [-75.58447901542726, 6.151065434600814], [-75.58448597096958, 6.151050880441023], [-75.58449111776854, 6.151038313172369], [-75.58449689944293, 6.151026650530517], [-75.58450258765258, 6.151012096177248], [-75.58450322053378, 6.151003054988427], [-75.5845015031571, 6.150990489305297], [-75.584496898274, 6.150978555993249], [-75.58448976184454, 6.150966893503684], [-75.58448280729618, 6.150958848276636], [-75.58447684459607, 6.150950621047709], [-75.58447034111217, 6.150943389120409], [-75.58446392720516, 6.1509352535796396], [-75.58445742339418, 6.150927206170037], [-75.58445164165934, 6.150917172609214], [-75.58444495703263, 6.150904606559721], [-75.58443890504452, 6.150890052079653], [-75.58443294291843, 6.150875587572763], [-75.58442878919118, 6.150863925108476], [-75.58442725282643, 6.1508519923106855], [-75.58442725321386, 6.150835809208837], [-75.58443014163095, 6.1508213452559835], [-75.58443402610567, 6.150811309204525], [-75.58444079931255, 6.150801455356211], [-75.58444856678999, 6.150793229470399], [-75.5844594977244, 6.150787080321483], [-75.58447105876637, 6.150780662321699], [-75.58448442742309, 6.1507735195374735], [-75.5844906592896, 6.150765293852107], [-75.58449237535716, 6.15074992335412], [-75.58449065769494, 6.150736363179673], [-75.5844891227888, 6.150723797516727], [-75.58448885102291, 6.150709243083748], [-75.58449110774025, 6.150693784080796], [-75.58449634636588, 6.150677600938007], [-75.58450158532212, 6.150667655067475], [-75.58450808815715, 6.15065680803617], [-75.58451350794844, 6.150648580857632], [-75.58451982995554, 6.150641437828663], [-75.58452633400108, 6.150634206222406], [-75.58453464280983, 6.1506243512698635], [-75.58454177945895, 6.150615311146199], [-75.58454936475712, 6.150605276166897], [-75.58455451429612, 6.150595332537523], [-75.58455893968537, 6.150580777066167], [-75.58456833220893, 6.150531054913166], [-75.584580977355, 6.1504850382246], [-75.58457980123126, 6.150474190392898], [-75.58457233683393, 6.150463259085329], [-75.58457121968306, 6.150461624485111], [-75.58456553101153, 6.150454211412379], [-75.58455848327804, 6.150447068910519], [-75.58455107740077, 6.150439835925542], [-75.58454421260514, 6.150432603937618], [-75.58453147573256, 6.150412716982266], [-75.58452244270052, 6.1504018674009195], [-75.58451630054621, 6.150394635530723], [-75.5845083515066, 6.150386409777492], [-75.58450076374474, 6.150378362188015], [-75.58449164097969, 6.150366701172751], [-75.58448541001617, 6.150358475239573], [-75.58447745990703, 6.15034572816769], [-75.58446978137121, 6.150332167009706], [-75.5844627361966, 6.150320505882205], [-75.58445731503366, 6.150309567393634], [-75.58445370206739, 6.1502888641846845], [-75.58445370278054, 6.150276299224663], [-75.58445595936743, 6.150264364341259], [-75.58446065527886, 6.150252702437506], [-75.58446914671741, 6.15023914257262], [-75.58447754571617, 6.150227389514566], [-75.58448441073283, 6.15020849529091], [-75.58448549419685, 6.150194932406475], [-75.5844862157734, 6.150182186757226], [-75.58448712010087, 6.150170434715587], [-75.58449181586671, 6.150156873332865], [-75.58449416381168, 6.150144216548763], [-75.58449082233908, 6.150134273335167], [-75.58448305332787, 6.150121615793776], [-75.58447302622618, 6.150108056056844], [-75.58447013609198, 6.150094496131352], [-75.58447528485574, 6.15008644837148], [-75.58448395397626, 6.150074515902411], [-75.58449271637481, 6.1500583328840825], [-75.58448413654048, 6.150051914732501], [-75.58445098588909, 6.150054808227932], [-75.58443788895796, 6.150054809235132], [-75.58442659804155, 6.150055624217245], [-75.58441503626408, 6.150058335469797], [-75.58440103694832, 6.15006095635815], [-75.58439091939063, 6.150061952805988], [-75.58436689346735, 6.150069998807868], [-75.58435433760687, 6.150078225261752], [-75.58434611851514, 6.150089075171623], [-75.58433844201322, 6.150107156030601], [-75.58433546280352, 6.150118908170483], [-75.5843213721625, 6.150157781455358], [-75.58430701129174, 6.150197560132445], [-75.58430050891555, 6.150211120314393], [-75.58429517932653, 6.150222873885148], [-75.58428849509838, 6.150238244019223], [-75.5842837978084, 6.150249995433927], [-75.5842799144029, 6.1502617492381955], [-75.58427657268834, 6.150286156691553], [-75.58427657362508, 6.150302429293455], [-75.58427738842526, 6.150313277973265], [-75.58428226614652, 6.1503276537101526], [-75.58428876871038, 6.150343111003888], [-75.58429536357069, 6.150357666479036], [-75.58429685853619, 6.150362154348636], [-75.5843046670325, 6.150385601039125], [-75.58430737879378, 6.15040449502071], [-75.58430864358176, 6.150417242810582], [-75.58430882350581, 6.150429990426696], [-75.58430656678819, 6.150439842302432], [-75.5842923849057, 6.150473292432836], [-75.58428425660024, 6.150486855061078], [-75.58427549445426, 6.150498605356649], [-75.58426682536752, 6.150510359722237], [-75.58425887635092, 6.150521208326957], [-75.58425029563598, 6.150531061880424], [-75.58423972777352, 6.150542995403875], [-75.58422988303043, 6.150552036879219], [-75.58421786829105, 6.150562705359327], [-75.58420964916655, 6.150570932523759], [-75.5842006170687, 6.150579159102513], [-75.58418228310519, 6.1505882000769345], [-75.58416891503855, 6.150591726514564], [-75.5841578941803, 6.150595342849177], [-75.5841475979177, 6.150598055209004], [-75.58413504204755, 6.150598056307857], [-75.58412582987341, 6.150597242917393], [-75.5841139944006, 6.150594349268444], [-75.58409656325767, 6.150589830035251], [-75.58408400840949, 6.150586303391931], [-75.58407289811797, 6.150584496557564], [-75.5840585353272, 6.150583683682935], [-75.58404498659394, 6.150587209183946], [-75.58402647151215, 6.150593538778494], [-75.58400912846648, 6.150602580377209], [-75.58399910214041, 6.150611619112797], [-75.58398998003165, 6.150620660704988], [-75.58398302432336, 6.150627891781232], [-75.58397498588253, 6.150638742625707], [-75.58396938663277, 6.150647781634116], [-75.58396243109233, 6.150659534938353], [-75.5839548450313, 6.1506740894344265], [-75.58394780024415, 6.150684758269681], [-75.58394075405286, 6.150695697432902], [-75.58392801906822, 6.1507246264711215], [-75.58392530918995, 6.150735475938311], [-75.58392133664044, 6.150745420199451], [-75.58391727058215, 6.150755454417492], [-75.58390688327532, 6.15077615668175], [-75.58389983799019, 6.150787096744944], [-75.58388990532544, 6.150795143247008], [-75.58386217290484, 6.150782578691319], [-75.58385521689388, 6.150775163604875], [-75.58384483041333, 6.150763503266799], [-75.58383390150244, 6.150751749720424], [-75.58381845308412, 6.150736382722414], [-75.58380508586777, 6.150726437390122], [-75.58379560193292, 6.150719294911897], [-75.58378855512777, 6.150714775141], [-75.58378060773971, 6.150710257015842], [-75.58376579406892, 6.150704743270117], [-75.58375414118724, 6.150706550872065], [-75.58374104378144, 6.1507092632197775], [-75.58372740485223, 6.150711883258896], [-75.58371629681237, 6.1507155922250725], [-75.5837059996535, 6.1507209255229816], [-75.58369371534374, 6.150728338789881], [-75.58367808828704, 6.150739007566597], [-75.58366824290782, 6.150749042628682], [-75.58366092709686, 6.150757088217564], [-75.58365361067432, 6.150766129206266], [-75.5836381642341, 6.150766130721375], [-75.58362678397707, 6.150760797447839], [-75.5836154940583, 6.150758083773297], [-75.58360555684878, 6.150758084846761], [-75.58359435667398, 6.150758989787216], [-75.58357990551472, 6.150765316883385], [-75.58356111791088, 6.150778064976359], [-75.58354793034334, 6.1507879191195265], [-75.58353528534245, 6.150796959673432], [-75.58352580116168, 6.150802295363945], [-75.58351423905818, 6.150806814775892], [-75.58350114223691, 6.150808714344466], [-75.58348605710566, 6.1508087141073835], [-75.58347088358398, 6.150805188368142], [-75.58345823602347, 6.150799674077304], [-75.58344026055208, 6.15071930657637], [-75.58342869584203, 6.150638757071637], [-75.5834283339011, 6.1506206753246895], [-75.58342734190707, 6.15059988166047], [-75.58342472066636, 6.150582704984631], [-75.5834207459925, 6.150572762108804], [-75.58341288725977, 6.150551065037146], [-75.58341008581415, 6.150536600582304], [-75.58340900229196, 6.150523039132547], [-75.58340909278154, 6.150508484742139], [-75.58341125931645, 6.150486877488628], [-75.58341460166982, 6.15046970088883], [-75.58342245886455, 6.150451619154017], [-75.58343275616056, 6.150434531859237], [-75.58344395467265, 6.150416452039708], [-75.58345515590256, 6.15040099224396], [-75.58346816191045, 6.1503829109118415], [-75.58347927234895, 6.150367542867965], [-75.5834875816609, 6.150354794852681], [-75.58349453584333, 6.150343131966892], [-75.58349932257819, 6.150331380118891], [-75.58350284559467, 6.150319628056741], [-75.58351169702246, 6.150297931502968], [-75.58352443202995, 6.150279848770194], [-75.58353942575484, 6.150269904525864], [-75.58355640689084, 6.150259056525803], [-75.5835769101131, 6.150244680020004], [-75.58359723348283, 6.150228226798143], [-75.5836109628648, 6.1502138523284255], [-75.58361999420067, 6.15020209983299], [-75.58362676908307, 6.1501849219962255], [-75.58363101323442, 6.150171362797168], [-75.58363363205079, 6.150151383422549], [-75.58363318006498, 6.1501342957026175], [-75.58363020006125, 6.150112598535187], [-75.58362369598885, 6.150087286711793], [-75.58361330757315, 6.150062877876746], [-75.58360246690724, 6.150042084854571], [-75.58358945984959, 6.1500202987799115], [-75.5835791620395, 6.150005110261513], [-75.58357211648003, 6.149993177888818], [-75.58356597387032, 6.149980611904402], [-75.58356362617997, 6.149969761592914], [-75.58356371470249, 6.149953490357202], [-75.58356543066787, 6.1499444502515175], [-75.58357238622949, 6.149929894290663], [-75.58358105683507, 6.149917328962689], [-75.58358927700323, 6.149910999476078], [-75.58359722392743, 6.149901959058218], [-75.58359939153232, 6.1498820695629], [-75.58359722345824, 6.149872125179248], [-75.5835927966992, 6.1498620904661685], [-75.58358819047909, 6.149853052018183], [-75.58357635842803, 6.149832347869553], [-75.58357120812308, 6.149816888533738], [-75.58356235576679, 6.149781722698767], [-75.58355639396275, 6.1497519791381], [-75.58355521862764, 6.149728383700232], [-75.58355575940318, 6.149703072144178], [-75.58355856007462, 6.149678662779956], [-75.58355928104051, 6.149650635386634], [-75.58355891806596, 6.149606339717505], [-75.58355928012521, 6.149585544927864], [-75.58353976902161, 6.149562945897679], [-75.58349568982882, 6.149579217495615], [-75.58348530280223, 6.1495900679396165], [-75.58347464581367, 6.149602814650698], [-75.58345342071152, 6.149628942310242], [-75.58341972840458, 6.149673240904592], [-75.58338739419071, 6.149733903187996], [-75.5833699618822, 6.1497555101581725], [-75.58336138249011, 6.149760029593869], [-75.58335135481555, 6.149766358780517], [-75.58333934182244, 6.149774586204138], [-75.58332949602246, 6.149781728186853], [-75.58332163912364, 6.149787152732053], [-75.58331034773072, 6.149793481703191], [-75.58330330288159, 6.1498017085984635], [-75.58329562635228, 6.149811562285551], [-75.58328812881192, 6.149823314588556], [-75.58328063202413, 6.149835970972569], [-75.58327467130913, 6.149845917616713], [-75.5832683476002, 6.149854956507762], [-75.58326184505064, 6.149863998072134], [-75.58325588447686, 6.149873038822843], [-75.58324965111926, 6.1498847009304765], [-75.58324369038417, 6.149897449333143], [-75.58323736921885, 6.149910194959062], [-75.58323176846986, 6.149920048549437], [-75.58322689063644, 6.149928275810681], [-75.5832216515084, 6.149936321290561], [-75.58321325217902, 6.149949883413456], [-75.58320756259185, 6.149958923757495], [-75.58319853063949, 6.149974291685662], [-75.58318850462562, 6.1499841458898326], [-75.58317911119065, 6.1499923723936085], [-75.58316989679196, 6.149996895804399], [-75.58316014188551, 6.1500006018249875], [-75.58315011526385, 6.150003222450048], [-75.58314044981613, 6.1500067481247624], [-75.58312726449735, 6.150011269046363], [-75.5831203087558, 6.150018682738283], [-75.58311380502779, 6.1500293516609075], [-75.5831110954257, 6.150038392054665], [-75.58311064406494, 6.1500474305651], [-75.5831107348333, 6.150058370455441], [-75.58311154960809, 6.15006921914719], [-75.5831101038658, 6.150082778371217], [-75.58310549704761, 6.150101673425719], [-75.58309899357035, 6.150118941262036], [-75.58309429792524, 6.150128794994821], [-75.58308544677703, 6.1501352152261655], [-75.58307424523508, 6.150136209661658], [-75.58306087685916, 6.15013069522363], [-75.58304470943766, 6.15012074984448], [-75.5830331473527, 6.1501144229363165], [-75.5830209526492, 6.150109902737153], [-75.58300731298444, 6.150106196875112], [-75.58299575191826, 6.150104570297849], [-75.5829851839383, 6.1501061981422644], [-75.58296350682154, 6.150107192619823], [-75.58291138686077, 6.150101678481245], [-75.58288889708452, 6.150100866908734], [-75.58288049789493, 6.150102675022412], [-75.58287625116533, 6.15010990564131], [-75.58288230522939, 6.150130700144698], [-75.58288239525106, 6.150143356897825], [-75.5828820325594, 6.150162340818724], [-75.58287688508541, 6.1501867497915965], [-75.5828688484013, 6.150224720452483], [-75.5828699329587, 6.150242802328879], [-75.5828729133775, 6.150256360034587], [-75.58287878450922, 6.15027181951312], [-75.58288574113986, 6.150283482008573], [-75.58289179249769, 6.150293426601135], [-75.58289694070072, 6.150302466052946], [-75.5829000134094, 6.150312500996934], [-75.58290046418668, 6.150323169730228], [-75.58289992175109, 6.1503367309151065], [-75.58289911041096, 6.1503512851818805], [-75.5828975749591, 6.150363851252435], [-75.5828955882807, 6.150373886259898], [-75.58289034943968, 6.150390971683666], [-75.58288565257911, 6.1504000135547745], [-75.58287942052579, 6.15041456692096], [-75.58286822094439, 6.150433552634717], [-75.5828568402521, 6.150444401556412], [-75.58284383302309, 6.150453443847667], [-75.58282929016086, 6.150462481813962], [-75.58281411681732, 6.150471524638027], [-75.58279704441021, 6.150479752122587], [-75.58278448929183, 6.150483278212043], [-75.5827699488664, 6.15048589987465], [-75.58276082580949, 6.150486894197757], [-75.58275034796672, 6.150489606506877], [-75.58269877096492, 6.150507688162791], [-75.58267330044212, 6.150522064265301], [-75.58267068129521, 6.150533002801832], [-75.5826788120097, 6.1506026132797835], [-75.58267881230698, 6.150611654128623], [-75.58267899358059, 6.150621508682663], [-75.58267800037811, 6.150632447491223], [-75.58267601161378, 6.150644108958976], [-75.58267366464915, 6.1506560424808185], [-75.58267050295231, 6.150670417356925], [-75.58266679985715, 6.150683977559017], [-75.5826620144387, 6.150701244320644], [-75.58265794943067, 6.150715617237752], [-75.58265352370215, 6.150729179127321], [-75.58264991048851, 6.150740027543808], [-75.58264557597707, 6.1507509671455916], [-75.58264151233776, 6.150762630513383], [-75.58263509782988, 6.150774382099941], [-75.58262805342467, 6.150787943095403], [-75.5826186608876, 6.150804216855327], [-75.58261107255022, 6.150815877382881], [-75.58260113756621, 6.1508268169526], [-75.58258948645995, 6.150836852601531], [-75.582575937853, 6.150844900304802], [-75.58255868462561, 6.150851227371761], [-75.58254107129052, 6.1508557480099375], [-75.5825268892818, 6.150859454647215], [-75.58251316243509, 6.150861082399012], [-75.58250060532369, 6.150860269791233], [-75.58249012851175, 6.150859456161704], [-75.58248091392504, 6.150859455527827], [-75.58246881030372, 6.150858462620983], [-75.58245968862926, 6.150856564766616], [-75.58245515318396, 6.15085544936487], [-75.58246270243524, 6.150823532998658], [-75.58246649297939, 6.150807504220003], [-75.58247098751694, 6.150759738646875], [-75.58239948488288, 6.150562368282995], [-75.58235590420837, 6.150455165595897], [-75.58234290981395, 6.150394275012817], [-75.58234199588053, 6.150385711416789], [-75.58233870456633, 6.150354905259468], [-75.58233526101185, 6.150322688561087], [-75.58233787918017, 6.150318842577425], [-75.58238410390346, 6.1502509446247755], [-75.58240955637625, 6.150213557848234], [-75.58241952508762, 6.150207359144762], [-75.58250381202161, 6.150154957562898], [-75.58252575327796, 6.150141316386466], [-75.58262715075557, 6.150075870171848], [-75.58270448250667, 6.150025958613098], [-75.58284569076696, 6.149934817394738], [-75.58285463897086, 6.149929041310639], [-75.58296636099209, 6.149814004892598], [-75.58301151916223, 6.149767508165725], [-75.58322407909623, 6.14954864346522], [-75.58329572663101, 6.149474869838314], [-75.58330823385558, 6.1494619930323955], [-75.58333426706267, 6.149444623493213], [-75.58345234631831, 6.149341749691909], [-75.58351018328435, 6.149291361919925], [-75.58361889049226, 6.149226778929706], [-75.58368058171645, 6.149189466358538], [-75.58394174519393, 6.148911192325717], [-75.58389089369707, 6.148788612180197], [-75.58386193035793, 6.1487113635955], [-75.58379434753292, 6.148581008777955], [-75.58368814817136, 6.148494108410054], [-75.58357712303726, 6.148392722601761], [-75.58354074032388, 6.148399329339299], [-75.58348691035309, 6.148409101585969], [-75.58346042811816, 6.1484139092192605], [-75.58343683554031, 6.14841572572422], [-75.583435106837, 6.148416517022885], [-75.58342653941165, 6.148419208333808], [-75.5834068612826, 6.1484237398558585], [-75.58339835568403, 6.1484255792197295], [-75.58338660388951, 6.148427284206458], [-75.58336621997776, 6.148429133105616], [-75.58335347719017, 6.148429138685332], [-75.58335312400483, 6.148429139489494], [-75.58331968609549, 6.148435572852107], [-75.5832600538825, 6.148472027366765], [-75.58325839434669, 6.1484789127653325], [-75.58325632156718, 6.148487952788188], [-75.58325463203131, 6.148497979122063], [-75.58325302116148, 6.148509705658763], [-75.58325140173578, 6.14852227936422], [-75.58324678779395, 6.148539512739982], [-75.58324238468506, 6.148546718796921], [-75.58323596942869, 6.1485594332288365], [-75.5832265948731, 6.148575682479449], [-75.58322250579909, 6.148580204598288], [-75.58321503166026, 6.148585577559327], [-75.58320733958745, 6.148591088091164], [-75.58319154033276, 6.148600135737263], [-75.58317729131578, 6.148607349634249], [-75.58316872624604, 6.148613710611384], [-75.58316583621757, 6.148615877214702], [-75.58315553438837, 6.148623606334977], [-75.58315426237219, 6.148625441450486], [-75.58315021871712, 6.14864535810464], [-75.58314867450746, 6.148658917803579], [-75.58314925287414, 6.1486743124737036], [-75.58314717015716, 6.1486833525452385], [-75.58314562024513, 6.148687873232471], [-75.58313994618, 6.148701437536063], [-75.58310800244755, 6.14873577818846], [-75.58307115743436, 6.14877012265538], [-75.58305546598794, 6.148781856719195], [-75.58304481199977, 6.148787368014237], [-75.58303000268917, 6.148793596455197], [-75.58302474804093, 6.148795433654543], [-75.58300562114738, 6.148800951571711], [-75.58299973305616, 6.1488018054778255], [-75.58299007170814, 6.148804493034872], [-75.58298149277067, 6.148808169850272], [-75.58296424660523, 6.148815384678766], [-75.58295730540658, 6.148820757773398], [-75.58295018289455, 6.148827118101509], [-75.58293600181263, 6.148841670124378], [-75.58292761891998, 6.148853398675414], [-75.58292102225901, 6.148864276884833], [-75.58291460527714, 6.148872332576303], [-75.58290406556809, 6.148885050682137], [-75.58289529049439, 6.148892257993025], [-75.58289150917724, 6.148894480439191], [-75.58288132262858, 6.1489004568838554], [-75.5828739193636, 6.148904982372993], [-75.58286552385572, 6.148910356171953], [-75.582855926309, 6.148916717620318], [-75.58284111771283, 6.148924779539235], [-75.58283617831897, 6.148926617925161], [-75.58281998802376, 6.148932132485708], [-75.58280916119388, 6.148933838416357], [-75.58280365199577, 6.14893384245698], [-75.58279352464922, 6.148932997293106], [-75.58278403412628, 6.148932151761596], [-75.5827731303826, 6.148929339446648], [-75.58276127833233, 6.1489258111616385], [-75.58275009122583, 6.148917629047321], [-75.58274031154966, 6.148905910578468], [-75.58273634836814, 6.1488923530990744], [-75.58273363480546, 6.148881302028879], [-75.58273049179945, 6.148872418319004], [-75.58272748258459, 6.148865239970559], [-75.58271943122635, 6.1488562046040105], [-75.58271300545593, 6.148850839194206], [-75.58271259439903, 6.148850453329513], [-75.58271402439038, 6.148848409510721], [-75.58271075056878, 6.148848728210785], [-75.58262261738984, 6.148974630562737], [-75.58259675831067, 6.148999071883374], [-75.58257004319712, 6.149024322883079], [-75.58254084806097, 6.14905191027794], [-75.58251262279764, 6.149070085976147], [-75.58249732149757, 6.149079937648314], [-75.58243598665499, 6.1491194353703165], [-75.58239098550865, 6.149143827307321], [-75.58233742326348, 6.149137793867448], [-75.58231372135022, 6.14913512298652], [-75.58230219364941, 6.149134978019111], [-75.58228191790053, 6.14913472979251], [-75.58227643364106, 6.149138030003125], [-75.5822800964559, 6.149139513978396], [-75.58213158746662, 6.149228917389401], [-75.58204908750726, 6.1493326405871365], [-75.58197176284538, 6.149432125724458], [-75.58188231645934, 6.149567293153565], [-75.5817688862891, 6.149628861009889], [-75.58173158722308, 6.149653195794226], [-75.5817000926035, 6.1496726313015415], [-75.58151725152179, 6.149644846660857], [-75.58144965903801, 6.149678102932079], [-75.58131755215399, 6.149754467774656], [-75.58119235613253, 6.149845944444948], [-75.58102681777497, 6.150009508129568], [-75.58097095381231, 6.1501128105274026], [-75.58094582915119, 6.150185587954935], [-75.58093157230563, 6.150213849891575], [-75.58091111538235, 6.1502473927296695], [-75.58088824345603, 6.150271851228744], [-75.58070106154533, 6.1504999600865675], [-75.58069116345959, 6.150548886455272], [-75.58070382550837, 6.150633039096193], [-75.58073668059863, 6.15076018560062], [-75.58078287953778, 6.150873900678581], [-75.58080702948622, 6.150964718754284], [-75.58080251289203, 6.1510584862025155], [-75.58079302370619, 6.15108338630996], [-75.58078075658842, 6.151139865116484], [-75.5807545671911, 6.151344667824655], [-75.58073368207484, 6.151395431976167], [-75.5806889144061, 6.151451044470012], [-75.58065369794389, 6.151504717636427], [-75.58057230439202, 6.151792906221607], [-75.58056764329983, 6.151835014883013], [-75.58057821764446, 6.15185603259651], [-75.58058593065006, 6.1518799264793325], [-75.58061471177082, 6.151918114282263], [-75.58064732024098, 6.151957246431235], [-75.58076330830505, 6.1520755504434135], [-75.58078731201952, 6.152114705190484]]]}, "properties": {"OBJECTID": 1, "SE_ANNO_CAD_DATA": null, "SHAPE.AREA": 0, "SHAPE.LEN": 0, "BARRIO": "003", "NOMBARRIO": "LA MINA", "MUNICIPIO": 266, "nombre_barrio_estandarizado": "LA MINA", "municipio_estandarizado": "envigado"}}, {"type": "Feature", "geometry": {"type": "Polygon", "coordinates": [[[-75.58309339695656, 6.158823913778696], [-75.58310539877516, 6.158839121105747], [-75.58321178377719, 6.158973929998412], [-75.5833204642203, 6.1591231315977275], [-75.58349545585328, 6.159277858565201], [-75.58363176410282, 6.159390220355415], [-75.58388227341538, 6.159498894192826], [-75.58389587827169, 6.159583104252334], [-75.58389219800851, 6.159723102307841], [-75.58381484056167, 6.159863098516629], [-75.58403403958468, 6.160038086580309], [-75.58412283021474, 6.160153274960977], [-75.58415783040294, 6.160232482050387], [-75.5842665102177, 6.160372472434117], [-75.58456544311986, 6.160733807503273], [-75.58482313674287, 6.160509836202321], [-75.58506758655685, 6.1603528420827764], [-75.58514620331921, 6.160302138687651], [-75.58517535882744, 6.160242630693213], [-75.58525224418027, 6.160154665772871], [-75.58546516696654, 6.159932348982062], [-75.58566305267522, 6.1597316078069655], [-75.58584194873274, 6.159546532444199], [-75.58596288988645, 6.159439075183225], [-75.5860104384296, 6.159357713109828], [-75.58601853175128, 6.159272936919883], [-75.58602776032518, 6.159136996815048], [-75.58604774874236, 6.158937905901127], [-75.58610767521282, 6.158775915603204], [-75.5861198628311, 6.158775940574409], [-75.58624836950877, 6.158788355086646], [-75.58632342086236, 6.158790513461214], [-75.58638227547286, 6.158799690120874], [-75.58641143182093, 6.158824526682906], [-75.58646094567922, 6.1588537469360185], [-75.58654301927838, 6.158907741115535], [-75.58656258293931, 6.158897235710837], [-75.58673648774233, 6.158790345096263], [-75.58722592782281, 6.158412167342877], [-75.58720710449272, 6.158370364428037], [-75.58718400968029, 6.158347268698445], [-75.5871262719214, 6.158314276798422], [-75.58710977538983, 6.158296131446476], [-75.58705533531885, 6.158213647662144], [-75.58698275070572, 6.158170759355726], [-75.58692666041372, 6.1581295187228315], [-75.5868738714698, 6.158070129799964], [-75.58685057221017, 6.157991750427533], [-75.58682087863856, 6.157948859256093], [-75.58680437877608, 6.157896069481692], [-75.58676973501049, 6.1578119373010045], [-75.58674003896338, 6.157724502914428], [-75.5867120347336, 6.157659249201244], [-75.58663250930064, 6.157693437628929], [-75.58655877162701, 6.157461249961331], [-75.58678659032856, 6.1572816367892], [-75.5868286144014, 6.157283749229432], [-75.58688908186441, 6.1572783189615885], [-75.5869200491185, 6.157274398742723], [-75.58695376040907, 6.157261852025059], [-75.5869827688207, 6.157255970405659], [-75.58707371587029, 6.157240678827396], [-75.58709192196874, 6.1572399106490865], [-75.58710054447334, 6.1572301092628505], [-75.58712171317399, 6.157205411039299], [-75.58717946151201, 6.157166001364817], [-75.58724767166242, 6.157121305403411], [-75.58732308156374, 6.157080793862008], [-75.58736306615761, 6.157052174673154], [-75.58739089631281, 6.157033356826172], [-75.58742275301047, 6.1570053149918476], [-75.58743921561633, 6.1569774807334925], [-75.58746312783185, 6.156934355770121], [-75.5874710083177, 6.156889033003681], [-75.58745062025861, 6.156837284638239], [-75.58744591623503, 6.15677898334984], [-75.58744787419276, 6.156738605708137], [-75.58746904168054, 6.156689600355593], [-75.58747766526886, 6.156661371975175], [-75.58747885686397, 6.156639574214468], [-75.58745964536101, 6.156605076342114], [-75.58743769425863, 6.156582730859588], [-75.58742789102428, 6.156557250765337], [-75.58742632239783, 6.1565243190672625], [-75.58743258086228, 6.156466001669064], [-75.58743218691882, 6.156438558376614], [-75.58741964260716, 6.1564150380641145], [-75.5873800499684, 6.156408374456121], [-75.58735682505753, 6.156384317388855], [-75.58734035910359, 6.156351389234911], [-75.5873587797312, 6.156302775117558], [-75.58737724605618, 6.156263785631781], [-75.58738429942304, 6.15623046223295], [-75.58738389700235, 6.156197721966296], [-75.58737880185713, 6.1561840019267535], [-75.58738546539476, 6.156164006581554], [-75.58740388729443, 6.156116961946174], [-75.58741804075584, 6.156071719055035], [-75.58741607981568, 6.15602977194892], [-75.58741214167318, 6.155976659080102], [-75.58741135637791, 6.155928832453545], [-75.5874125348531, 6.155892568546527], [-75.58742860680556, 6.155847484511968], [-75.58745609528981, 6.155812026916076], [-75.58749960934995, 6.155769296009225], [-75.58754514168552, 6.155703305953258], [-75.587557331832, 6.1556792443696455], [-75.58756399283553, 6.155629063567501], [-75.58756282802558, 6.155549308437355], [-75.58755341863053, 6.1555120670412755], [-75.5875377179965, 6.155469847545495], [-75.58752752425416, 6.155431428317097], [-75.58752125008294, 6.155405161727663], [-75.58750596009355, 6.155371448548036], [-75.58749846396829, 6.155357913735347], [-75.5874667111328, 6.155319889270602], [-75.58746827524345, 6.1552677478227364], [-75.58747298566475, 6.155207976037492], [-75.58751767523866, 6.155197780958562], [-75.58759176351543, 6.155182489835147], [-75.58764194022343, 6.155174256210785], [-75.58768685398125, 6.155177343700781], [-75.58772017731378, 6.155186751781518], [-75.58776212240724, 6.155191062419658], [-75.5878021079483, 6.155194195499787], [-75.5878630324468, 6.155191054852237], [-75.58794378731687, 6.155188309830714], [-75.5879674461639, 6.155186707858621], [-75.58801487856955, 6.155166713663699], [-75.58804240733745, 6.155147796940698], [-75.58809610962737, 6.155120351630185], [-75.58815501618754, 6.1550657414617405], [-75.5881738306785, 6.155040652354208], [-75.58819737909538, 6.154995356673818], [-75.58823344015478, 6.154938509426907], [-75.58825946926626, 6.154915644620877], [-75.58829200576032, 6.154894080862864], [-75.58831395813878, 6.154868208064901], [-75.58832967265654, 6.154839798840872], [-75.58834966532274, 6.154819803938951], [-75.58837592722212, 6.154804907475679], [-75.58840885655853, 6.154763741335593], [-75.58841182103055, 6.154759975018971], [-75.58841286676635, 6.154773344918831], [-75.58842122029401, 6.1547604266668134], [-75.58845767272398, 6.154730309385277], [-75.58847056605859, 6.154725743610986], [-75.58849238298905, 6.154711448224258], [-75.58851205760568, 6.154687147822505], [-75.58852152578501, 6.154659303213138], [-75.58852423600783, 6.154625047100037], [-75.58852043792879, 6.154518046765474], [-75.58851957001306, 6.154464732808867], [-75.58851934289896, 6.154450663700644], [-75.58851392087145, 6.154419617648852], [-75.58850970637856, 6.1544062540806275], [-75.58850780799438, 6.154376670011506], [-75.5885099689608, 6.1543519157402296], [-75.58852831124553, 6.154284909411822], [-75.58855832821871, 6.154232347907731], [-75.58856762645988, 6.154183401071733], [-75.58855987866677, 6.154180570007223], [-75.5885628373922, 6.154169835064484], [-75.58857546787159, 6.154116961011095], [-75.58858350658323, 6.154054889416425], [-75.58859613502966, 6.1539790245997095], [-75.58860532021457, 6.153911207436144], [-75.58862139646874, 6.153820398619125], [-75.58862985723609, 6.153728150380157], [-75.58862326032447, 6.153725706102414], [-75.58860944022074, 6.153722995802856], [-75.5885975159965, 6.15372118671604], [-75.58858639564853, 6.153722722444958], [-75.58857971785532, 6.153726706573446], [-75.58856969212779, 6.15374126298889], [-75.58856499507516, 6.153749309489571], [-75.58856093062722, 6.15375834921884], [-75.58855740756131, 6.153768384427349], [-75.58855388676305, 6.15377832831271], [-75.5885493700655, 6.153788363820557], [-75.5885441325594, 6.153798218392292], [-75.58853952612895, 6.1538072580383805], [-75.58853266086984, 6.153817112368956], [-75.58852471312616, 6.153826152852975], [-75.58851839067935, 6.153833567148672], [-75.58850935782232, 6.15384423572121], [-75.5885015005619, 6.153855173432046], [-75.5884956291194, 6.153869729587093], [-75.58849291937338, 6.1538803964197495], [-75.58848966931546, 6.153894952516873], [-75.5884880437879, 6.153903993073542], [-75.58848479147251, 6.1539184560613664], [-75.58845995261544, 6.153955614024885], [-75.58843475454586, 6.15399078294487], [-75.58842689663985, 6.153997110750648], [-75.58841587613904, 6.154004344416261], [-75.58840413369704, 6.154009857501228], [-75.58839239097333, 6.15401437971468], [-75.58838164199035, 6.154015193088273], [-75.58830901953634, 6.153997929316356], [-75.58824271785684, 6.1539753297283335], [-75.5882315182884, 6.153966288992496], [-75.58822411185281, 6.15395914741511], [-75.58821607325044, 6.153951103014386], [-75.58820929748627, 6.153942876192784], [-75.58820134842408, 6.153931123720888], [-75.58819376026611, 6.153922083549737], [-75.58818183701831, 6.153913947690725], [-75.58816729462951, 6.153905902284996], [-75.58815591325317, 6.1538984897741695], [-75.58814435023766, 6.153888636220811], [-75.58813604153221, 6.153877789572354], [-75.58812926643058, 6.153865221348062], [-75.58812610446125, 6.153856181406624], [-75.58812420605088, 6.153845242191181], [-75.58811038679026, 6.153813601278505], [-75.58809891262617, 6.153790007970975], [-75.58809891316326, 6.153774819405155], [-75.58809132479975, 6.153761257922012], [-75.58808202209455, 6.153755745650402], [-75.58807091049252, 6.153750319902078], [-75.58806151802358, 6.153743991679972], [-75.58805320620417, 6.153738658130662], [-75.58804498684997, 6.1537341387098765], [-75.58803414685582, 6.153727720770248], [-75.5880215925098, 6.153720580646514], [-75.5880085848624, 6.153712353302755], [-75.5879995511503, 6.153705121970199], [-75.5879913317461, 6.153697979808807], [-75.58798401523602, 6.153690566564678], [-75.58797778294644, 6.153681527044892], [-75.5879718213158, 6.1536716725392795], [-75.58796576787653, 6.153662632151836], [-75.58795908441311, 6.153656303446866], [-75.58794978003952, 6.153649886194365], [-75.58793767706155, 6.1536445529451615], [-75.5879274699579, 6.153637320972083], [-75.58791961097377, 6.153630178869094], [-75.5879126550415, 6.153624664253503], [-75.58790524849864, 6.1536182450293255], [-75.58789757047781, 6.153612098345841], [-75.58788221548282, 6.153604686108145], [-75.58787309222231, 6.153601161035473], [-75.58786279485062, 6.153599353081966], [-75.58785105191751, 6.153599353972004], [-75.58783542465844, 6.153603061445042], [-75.58782314054699, 6.153606587259628], [-75.58781465060359, 6.153611107246966], [-75.58780399245981, 6.1536174368698315], [-75.58779179929437, 6.15362276950157], [-75.58778077978766, 6.15362647813639], [-75.58776551444507, 6.153629189363433], [-75.58775440354042, 6.153630998061939], [-75.58774428807399, 6.153632806453828], [-75.58773507363892, 6.15363470540505], [-75.58772035213781, 6.153640040350443], [-75.5877124930217, 6.153645373663412], [-75.58770066135808, 6.153655409380548], [-75.58769307366806, 6.153660832689525], [-75.58768413147071, 6.153666348454006], [-75.58767347211851, 6.1536716826875395], [-75.58766444137802, 6.153674395324596], [-75.58765269697244, 6.1536780116398395], [-75.58764158714932, 6.153681537182024], [-75.5876316527835, 6.1536834369105105], [-75.58762126509724, 6.153684432043146], [-75.58760780648656, 6.153683437717044], [-75.58759714750514, 6.153683436962783], [-75.58758784391175, 6.153680726432739], [-75.58757601212307, 6.153679913170839], [-75.58756625554645, 6.153679913464944], [-75.58752795884247, 6.153696095969917], [-75.58690994792418, 6.153728663713923], [-75.58688989533177, 6.153726765608727], [-75.58687607626241, 6.153725951115437], [-75.5868624366635, 6.153724143973843], [-75.58684771386075, 6.153723240740056], [-75.58683181662255, 6.1537232418562215], [-75.58681700139688, 6.153724146329556], [-75.58680453731775, 6.153725952528759], [-75.58679442064866, 6.153726768228386], [-75.58678520649757, 6.153729661654109], [-75.58677229048087, 6.153730475553019], [-75.58675811089473, 6.15373318782017], [-75.58674067653294, 6.153734184546183], [-75.58672306332738, 6.153734996801707], [-75.5867090621171, 6.153734996860825], [-75.5866961445971, 6.153736807063772], [-75.58668395255926, 6.153737710571945], [-75.58667293196764, 6.153739518812554], [-75.58666082831358, 6.153741326878089], [-75.58665089245291, 6.153744040271346], [-75.58664231216179, 6.153748560682864], [-75.58663075005954, 6.153753080177645], [-75.58661774345522, 6.153761308890179], [-75.5866037433791, 6.153768451190646], [-75.58659407988246, 6.153773875509648], [-75.58658567906365, 6.153780204119262], [-75.58657899452147, 6.153786532546977], [-75.58657050474551, 6.153795572026164], [-75.58656264564024, 6.153806512445693], [-75.58655505949667, 6.153816366643583], [-75.58654828467174, 6.1538281190981285], [-75.5865405179285, 6.153846200415628], [-75.58653600269277, 6.153855240520645], [-75.58653166661107, 6.1538652760559724], [-75.58652579494142, 6.153875130984992], [-75.58651992351867, 6.153883356756632], [-75.5865108915735, 6.153887877548351], [-75.5864976147091, 6.153891404534018], [-75.58648379539116, 6.153895020940483], [-75.5864701550695, 6.153897733300916], [-75.58645760055947, 6.1539030676615445], [-75.5864475733261, 6.15390948732887], [-75.58644043850578, 6.153918527473206], [-75.58643194676583, 6.153925668388664], [-75.58642264473265, 6.153930189584427], [-75.5864136119852, 6.153931184457987], [-75.58640421851935, 6.153931183876874], [-75.58639220608757, 6.153930190649249], [-75.58637549495303, 6.153930190274508], [-75.5863656479024, 6.1539338977246345], [-75.58635490109482, 6.1539437527750405], [-75.58635020396729, 6.153951979183443], [-75.58634162327637, 6.1539618327763685], [-75.5863320493098, 6.153963732546097], [-75.58632166021128, 6.153959211856822], [-75.58631542764749, 6.153951979569292], [-75.5863101886876, 6.153942126955731], [-75.58630549277655, 6.1539311877153695], [-75.58629925945256, 6.153923051348704], [-75.5862925752392, 6.153915819441321], [-75.58628814657696, 6.153908587451394], [-75.58628480515654, 6.153897738382914], [-75.58628571031856, 6.153885986349251], [-75.5862891415933, 6.153876946073339], [-75.58628317865141, 6.1538698037904425], [-75.58627405551209, 6.153859770197941], [-75.5862664682801, 6.153850729980833], [-75.58625978225737, 6.153843497177152], [-75.58625318913042, 6.153837168005559], [-75.58624758917469, 6.153828129005934], [-75.58625174399317, 6.153819087935877], [-75.58626339637947, 6.1538091426112205], [-75.58627107275835, 6.153802814803557], [-75.58628128062534, 6.1537937751373155], [-75.58628561639362, 6.153782926833728], [-75.58628633850023, 6.153771986649187], [-75.58628371821841, 6.15376213309648], [-75.58628127949228, 6.15375227775978], [-75.5862777544226, 6.153743237745599], [-75.58627640012345, 6.153730490418179], [-75.58628109554991, 6.153718738097526], [-75.58629076139906, 6.153707077411407], [-75.5862971738921, 6.153698849019414], [-75.58630078705426, 6.153690622440725], [-75.58630214083892, 6.153678057271181], [-75.58630168937454, 6.153665399593154], [-75.58630177946961, 6.153655455154131], [-75.58631099094887, 6.153606637075394], [-75.58632273192413, 6.153553388487951], [-75.5863299578287, 6.1535424502359275], [-75.58633953243016, 6.153530787280588], [-75.58634829332728, 6.153518039753486], [-75.58635497678242, 6.153507191826355], [-75.58635904126149, 6.153498149386805], [-75.58636202131296, 6.1534863972433245], [-75.58636391665229, 6.153476544409212], [-75.58636500084619, 6.15346650926515], [-75.58636563353716, 6.153455571322739], [-75.5863654539798, 6.153445716791018], [-75.58636563378133, 6.15343396284886], [-75.58636581402907, 6.153422301120952], [-75.58636698749623, 6.153410366971312], [-75.58636951543635, 6.153398706523203], [-75.58637222600687, 6.153388760234309], [-75.58637574851612, 6.153379720421577], [-75.58637944958055, 6.153369685252963], [-75.58638532244497, 6.153358023060161], [-75.58639092088752, 6.1533480790496995], [-75.5863986886247, 6.153338044063092], [-75.5864079025186, 6.1533281892131795], [-75.58641856154671, 6.153316436019545], [-75.58643111556587, 6.153305587669568], [-75.58644421289816, 6.153292027151755], [-75.5864514383236, 6.153281177502898], [-75.5864558639745, 6.153270237452992], [-75.58645830220289, 6.153260385604865], [-75.58646001728589, 6.153245015126584], [-75.58646128228708, 6.153234076832822], [-75.58646371927581, 6.153223408604461], [-75.58646859915214, 6.153213374052094], [-75.58647600480431, 6.153202434930022], [-75.58648783585807, 6.153190773697617], [-75.58649885591414, 6.153180827823216], [-75.58650779794463, 6.153170793474468], [-75.58651610730381, 6.153160124813812], [-75.58652206905154, 6.153151898607566], [-75.58653064914678, 6.153142857791084], [-75.58653796418875, 6.153136529023605], [-75.58654591377528, 6.153127487646395], [-75.58655431306119, 6.153116549133404], [-75.5865603660109, 6.153108503301616], [-75.58656759156972, 6.153093947819375], [-75.58657264813927, 6.153083280457533], [-75.58657824894493, 6.153069718299103], [-75.58658222347024, 6.15304973870984], [-75.58658159068402, 6.153029849255254], [-75.58657734503021, 6.153013578269152], [-75.58657400191089, 6.152996401538977], [-75.58657083898241, 6.152979314343673], [-75.5865702074243, 6.1529602385569], [-75.58657228370274, 6.152945775836139], [-75.58658808927314, 6.152896956549476], [-75.58660714606306, 6.15285808178116], [-75.58661437239411, 6.152847233937507], [-75.58662394654372, 6.152835480578513], [-75.58663641097257, 6.152822734091502], [-75.58664725036867, 6.152815590844438], [-75.58665989561429, 6.152807544708337], [-75.5866701927755, 6.152802029628623], [-75.58668437362888, 6.1527939823788], [-75.58669394920165, 6.152787564905562], [-75.58670613964033, 6.152779426948526], [-75.58671221992282, 6.152774791182839], [-75.58671562455228, 6.152772194432379], [-75.58672917338347, 6.152762340272529], [-75.58673947155461, 6.1527533001710175], [-75.58674732913155, 6.15274055250369], [-75.58675139193288, 6.152727804241633], [-75.58675572898302, 6.152711621850719], [-75.58675879979215, 6.152697158832144], [-75.58675899676942, 6.152695303605105], [-75.58678629871946, 6.15269597682607], [-75.5868276938586, 6.15269699671673], [-75.58681643985209, 6.1527549233608], [-75.58689452920926, 6.1527950197405], [-75.58691427692465, 6.152790295128899], [-75.58695386214131, 6.1527738261763085], [-75.58697832102182, 6.152760419431788], [-75.58701372167722, 6.152733587377285], [-75.58704202400577, 6.15271213285101], [-75.58712251445975, 6.152641365366019], [-75.58723550354233, 6.152547380842129], [-75.58748216736241, 6.152331264174291], [-75.5874562310189, 6.1523016121619944], [-75.58744312476924, 6.152270945053613], [-75.58742573634127, 6.152239420837882], [-75.58739895849125, 6.1521939758794], [-75.58737155322234, 6.152150100732383], [-75.58734309831003, 6.152102302434586], [-75.58731332614056, 6.152056132440379], [-75.58729769586955, 6.1520323277834175], [-75.58728027744155, 6.152005800561243], [-75.58724112139393, 6.151955812898407], [-75.58719244677918, 6.1518947068556065], [-75.58717388799747, 6.151860628836557], [-75.58714864685581, 6.151814280455482], [-75.58712512680991, 6.15179189365322], [-75.58712493624213, 6.151791712856328], [-75.58706792992155, 6.151757743407405], [-75.58704795807196, 6.151747312161023], [-75.58704029678903, 6.151743309850837], [-75.58702958003981, 6.15173770946552], [-75.58701772279063, 6.151728637507675], [-75.5870021251655, 6.151716990768458], [-75.58699272371506, 6.151712716624805], [-75.58698767377804, 6.151711121886219], [-75.58698377008007, 6.151709890458307], [-75.58685943296602, 6.1516539471725205], [-75.58685917768152, 6.151653832687056], [-75.58683175632902, 6.151640975712061], [-75.58682466923116, 6.151637655005258], [-75.58677383816863, 6.151613825606674], [-75.58673784648549, 6.151592228803063], [-75.58656330734784, 6.151487491251283], [-75.5864369878582, 6.15142432658055], [-75.58636681199548, 6.15139625306059], [-75.58615852896648, 6.151312931964804], [-75.58614576607877, 6.151310097109756], [-75.5861394325106, 6.151321942341695], [-75.5860925035723, 6.151401563493458], [-75.58599599745604, 6.151498096989671], [-75.58589363978048, 6.151568303006636], [-75.58578543378638, 6.1516502126682004], [-75.5857393069114, 6.151682384572684], [-75.58567992092986, 6.151723805275416], [-75.58556191354052, 6.1518315793857745], [-75.58554539555672, 6.151846668071375], [-75.58542841563391, 6.151937350931763], [-75.58515288318706, 6.152185836392456], [-75.58515252302998, 6.152186824491505], [-75.58516692932139, 6.1522280170812715], [-75.58517649839493, 6.152255376213002], [-75.58519499430018, 6.152309534341269], [-75.58519705000982, 6.152336956078162], [-75.58517855836917, 6.152384944869545], [-75.58515389955178, 6.152425392737156], [-75.58513401915052, 6.152456301082202], [-75.58512976185344, 6.1524531185338835], [-75.58512461357694, 6.152444077320645], [-75.58512407005267, 6.152434042820587], [-75.58512542614005, 6.152424188073894], [-75.58512714054741, 6.152413338908415], [-75.58512253455402, 6.152405294080676], [-75.58511332054569, 6.15239887541345], [-75.58510383778795, 6.1523925466476985], [-75.58509516591238, 6.152388027545645], [-75.5850863131354, 6.152393361115131], [-75.58507448142032, 6.1524033976875225], [-75.58505488009966, 6.152412438520533], [-75.5850301322228, 6.1524241912131545], [-75.5850145052567, 6.152428711366807], [-75.58499391073431, 6.1524350393337786], [-75.58497629802315, 6.152438566474819], [-75.58496067196758, 6.152443088431005], [-75.5849435993976, 6.1524467955802], [-75.58493258047064, 6.152449507851565], [-75.58492165050258, 6.152449507441732], [-75.58491279979631, 6.152447609236216], [-75.58490620461298, 6.152443090018873], [-75.5848956364976, 6.152431427892147], [-75.58489437167069, 6.152421482771006], [-75.58489455228, 6.152410634703418], [-75.58489572637596, 6.152397887769945], [-75.58489852609817, 6.152384327425816], [-75.58490277019843, 6.152370766415713], [-75.58490737652329, 6.152357205459715], [-75.58491207347171, 6.152344639460733], [-75.58491613856725, 6.152331981592879], [-75.58491875762418, 6.152318420315722], [-75.58491957025221, 6.1523093800667485], [-75.58491956881797, 6.152290397938354], [-75.58491857453949, 6.152280361098779], [-75.58491640775937, 6.15227050804156], [-75.58491324509642, 6.15225776041142], [-75.58490954133455, 6.152245195314095], [-75.58490358020798, 6.152229824928155], [-75.58489843026362, 6.152214457846512], [-75.58489499751533, 6.152204513278381], [-75.58489174677808, 6.152191858290703], [-75.58488840403936, 6.152178296952786], [-75.58488542142243, 6.152166542941859], [-75.58488225996473, 6.152154791605043], [-75.58487792479106, 6.1521394223853125], [-75.58486410345898, 6.152094221855098], [-75.58485037245006, 6.152049019077944], [-75.58484811505056, 6.152038171062381], [-75.58484549435406, 6.152025606143258], [-75.58484278515678, 6.152012859027755], [-75.58484052490358, 6.152000112450532], [-75.58483790524241, 6.151989443389243], [-75.58483438202384, 6.151980403341144], [-75.58483095003686, 6.1519713628511905], [-75.58482742652798, 6.151961328312501], [-75.58482444648128, 6.15195328193404], [-75.58482200617931, 6.151942343491148], [-75.58481911630041, 6.151926975407851], [-75.58481496001842, 6.151914228970082], [-75.58481071489531, 6.151900669287222], [-75.58480773332708, 6.151890812940598], [-75.58480375936871, 6.151881774170227], [-75.58479273920058, 6.151875444701007], [-75.58478036501704, 6.151874541768344], [-75.58477051948667, 6.1518772537747255], [-75.5847584160004, 6.151880962165052], [-75.58474495848124, 6.151884487253801], [-75.58473592577407, 6.151888103023918], [-75.58472300887695, 6.151894523986469], [-75.58470982190747, 6.151903564482536], [-75.58470151110737, 6.151908897227935], [-75.58469022049186, 6.1519187521619525], [-75.58468353697845, 6.151926979136415], [-75.58467748638327, 6.151934210362561], [-75.58466818152158, 6.151945061022679], [-75.58466005274913, 6.151955909604668], [-75.58465409219697, 6.151964950370223], [-75.58464731642327, 6.151976702813395], [-75.5846419878831, 6.151987550494283], [-75.58463620877413, 6.152000117211584], [-75.5846306991155, 6.152011057081935], [-75.58462545942486, 6.152022719816142], [-75.58462166603107, 6.152033657705255], [-75.58461895736062, 6.152042697191206], [-75.58461615746309, 6.152051738022953], [-75.58461281619361, 6.152062586931], [-75.58460974606096, 6.152075334910062], [-75.58460586055425, 6.152088894183793], [-75.5846013452857, 6.152097935184509], [-75.58459195294294, 6.152105077717511], [-75.58457993857503, 6.152107789374708], [-75.58456747268215, 6.152106976387502], [-75.5845587126024, 6.152103269567057], [-75.58455022032544, 6.152094230972429], [-75.58454181942143, 6.152081483383873], [-75.58453152304844, 6.152065301317556], [-75.58452538086988, 6.152058070360006], [-75.58451616578833, 6.15205273567847], [-75.58450650209119, 6.152048215939993], [-75.58449737920854, 6.1520453236457975], [-75.58448554774827, 6.152045323067842], [-75.58446739151871, 6.152047223660745], [-75.58445935138236, 6.152051742322541], [-75.58445582808271, 6.15205987895691], [-75.58445284888732, 6.152071632004219], [-75.58445022935358, 6.152082481034654], [-75.58444607480762, 6.152097940187372], [-75.58444390721274, 6.152106979766364], [-75.5844379454707, 6.15211502785347], [-75.5844300876316, 6.152115026117997], [-75.58442512096373, 6.152108607663486], [-75.58442231978327, 6.1521005631269], [-75.58441988052448, 6.152091521441771], [-75.5844182539343, 6.15207886581558], [-75.5844158154448, 6.1520679273588845], [-75.58441292454134, 6.152058886956174], [-75.58441048586708, 6.152049031592636], [-75.58440804691178, 6.152038183546405], [-75.58439937489268, 6.152031764044718], [-75.58438889778004, 6.152032759536443], [-75.58438306428756, 6.152037626435244], [-75.58438306343386, 6.152068288441296], [-75.58440239503341, 6.152137070662972], [-75.58441098681608, 6.152169313897128], [-75.5844324642072, 6.152210152249601], [-75.5844496441332, 6.152253138715866], [-75.58445394072632, 6.152293980689903], [-75.58445858989239, 6.152309090733409], [-75.58446081081601, 6.1523159437839245], [-75.58446557955736, 6.152329255025693], [-75.5844655380457, 6.15232926336344], [-75.5844733782817, 6.152350291457477], [-75.58448394265109, 6.152445277586764], [-75.58449504070222, 6.152525275942529], [-75.58451491571903, 6.152673952102826], [-75.58452075509572, 6.152741686707753], [-75.58452881446607, 6.152860180284731], [-75.5845334842889, 6.152950755896215], [-75.58454376004626, 6.153037598521211], [-75.58461483440117, 6.153294075560988], [-75.58473075106545, 6.153585930957216], [-75.58476156808351, 6.153662501322198], [-75.58483546678843, 6.153841516263083], [-75.58483546942844, 6.153892875421769], [-75.58482986797725, 6.153930226733878], [-75.58479905617189, 6.1539703807652435], [-75.58470746311596, 6.154067221406131], [-75.58465330714492, 6.154112977196964], [-75.58455153238866, 6.154224102848284], [-75.58450671652797, 6.154297872537744], [-75.5844102362293, 6.154445105154659], [-75.5843336735237, 6.154573035857691], [-75.5842869914088, 6.154636535158589], [-75.58413162487793, 6.154856733186157], [-75.58403358500871, 6.154988397811742], [-75.5839869019647, 6.1550416285338265], [-75.58381386200624, 6.155247815681421], [-75.58368967930294, 6.155400025652901], [-75.58360910958623, 6.1555584804876755], [-75.58351106950079, 6.155687344268614], [-75.58343917402735, 6.155761118539913], [-75.58331272841814, 6.155908488155889], [-75.5832305594654, 6.156006538923162], [-75.58313252017605, 6.156122332350031], [-75.58309497939084, 6.156185472772129], [-75.58307723991564, 6.156274181562665], [-75.58309124824109, 6.156356357401473], [-75.58310152172184, 6.156411881732714], [-75.58310245663112, 6.156418418257419], [-75.58291757910945, 6.156585573748564], [-75.58280608619388, 6.156680528987105], [-75.58270804594862, 6.1567524336286], [-75.5826015996045, 6.156783254852746], [-75.58249048493397, 6.156805668070027], [-75.5824105051497, 6.156841442987042], [-75.58246186433873, 6.1569609657068325], [-75.58254403732141, 6.157090759699587], [-75.58258155507417, 6.157163179677639], [-75.58258319087349, 6.1571687653304865], [-75.58255765517075, 6.157182603038255], [-75.58250019494758, 6.1572088492884], [-75.58246146350606, 6.157228638286883], [-75.582437522618, 6.157244069404073], [-75.5824257470804, 6.157255853305486], [-75.58240836949965, 6.15730320843384], [-75.58240141903768, 6.157345741316018], [-75.58239929276495, 6.157366137824603], [-75.58240291138321, 6.157567771046783], [-75.58242685209166, 6.157658445151384], [-75.58249219902387, 6.157902745192616], [-75.58252917046183, 6.158000409848794], [-75.58260143093516, 6.158140331400776], [-75.58264972936561, 6.158265706527189], [-75.58268153717155, 6.158305377418016], [-75.58278636533535, 6.158408947049377], [-75.58282889558801, 6.158448261314003], [-75.58293233715028, 6.15856470634948], [-75.58301535846277, 6.158690686192279], [-75.58309339695656, 6.158823913778696]]]}, "properties": {"OBJECTID": 2, "SE_ANNO_CAD_DATA": null, "SHAPE.AREA": 0, "SHAPE.LEN": 0, "BARRIO": "004", "NOMBARRIO": "SAN RAFAEL", "MUNICIPIO": 266, "nombre_barrio_estandarizado": "SAN RAFAEL", "municipio_estandarizado": "envigado"}}, {"type": "Feature", "geometry": {"type": "Polygon", "coordinates": [[[-75.58107392740455, 6.181483258084057], [-75.58076625027827, 6.181670877676915], [-75.58048109224835, 6.182136159097475], [-75.58004422384245, 6.183098804525842], [-75.58003834973911, 6.183111747926511], [-75.57950003120658, 6.183745600947688], [-75.57952294135052, 6.1837534320765695], [-75.5796587091715, 6.183826653684375], [-75.57970866360363, 6.183860646079615], [-75.57975509426537, 6.183939206238184], [-75.57989800343142, 6.184217917140901], [-75.57995699323686, 6.18442882687549], [-75.57997307837074, 6.184621564961982], [-75.57997308406163, 6.184877135581264], [-75.5800049733438, 6.185031272861434], [-75.58002132388486, 6.185098621957591], [-75.58002132452398, 6.185112906512607], [-75.58003559875522, 6.185161180440441], [-75.58015701598433, 6.185704322173915], [-75.58021510163938, 6.1858991407146995], [-75.58037952135942, 6.1865844848126645], [-75.58044835714432, 6.186717647506015], [-75.58058150727597, 6.186893840298281], [-75.58070183247385, 6.186996897901075], [-75.58086948973951, 6.187117309792754], [-75.5811014677107, 6.187345121549047], [-75.58138511352509, 6.187607284794586], [-75.58151916901862, 6.187715312863642], [-75.58154109190122, 6.187732988682552], [-75.58182571977669, 6.187059046663419], [-75.58213934494437, 6.186484771044573], [-75.58243088684108, 6.186087194081151], [-75.5831022950907, 6.185371367895753], [-75.58279920058735, 6.184912282925602], [-75.58278315775262, 6.184684567038773], [-75.5828120190908, 6.1844696786845486], [-75.58299201086125, 6.184105479054623], [-75.5831299133896, 6.183698150526515], [-75.58313631912252, 6.183457604145198], [-75.58304971816239, 6.183245927233287], [-75.58284039807626, 6.182974318588144], [-75.58262871054721, 6.182720951233915], [-75.58247475734407, 6.1825605909842345], [-75.58231438985685, 6.182461169094481], [-75.58205459605722, 6.182342508701269], [-75.58180121913495, 6.182214221895076], [-75.5817242418833, 6.182121212164776], [-75.5816183930407, 6.181765207890137], [-75.58155348195544, 6.1814341996647055], [-75.58107392740455, 6.181483258084057]]]}, "properties": {"OBJECTID": 3, "SE_ANNO_CAD_DATA": null, "SHAPE.AREA": 0, "SHAPE.LEN": 0, "BARRIO": "039", "NOMBARRIO": "BOSQUES DE ZUÑIGA", "MUNICIPIO": 266, "nombre_barrio_estandarizado": "BOSQUES DE ZUÑIGA", "municipio_estandarizado": "envigado"}}, {"type": "Feature", "geometry": {"type": "Polygon", "coordinates": [[[-75.58155348195544, 6.1814341996647055], [-75.5816183930407, 6.181765207890137], [-75.5817242418833, 6.182121212164776], [-75.58180121913495, 6.182214221895076], [-75.58205459605722, 6.182342508701269], [-75.58231438985685, 6.182461169094481], [-75.58247475734407, 6.1825605909842345], [-75.58262871054721, 6.182720951233915], [-75.58284039807626, 6.182974318588144], [-75.58304971816239, 6.183245927233287], [-75.58313631912252, 6.183457604145198], [-75.5831299133896, 6.183698150526515], [-75.58299201086125, 6.184105479054623], [-75.5828120190908, 6.1844696786845486], [-75.58278315775262, 6.184684567038773], [-75.58279920058735, 6.184912282925602], [-75.5831022950907, 6.185371367895753], [-75.5831210852456, 6.185351335108867], [-75.58364675012398, 6.1849051601162435], [-75.58475265330861, 6.183833579967394], [-75.58544737869981, 6.183160190381435], [-75.58588027408368, 6.182709597873939], [-75.58608011814752, 6.182499691697404], [-75.58683988377777, 6.181532247254674], [-75.58694064859974, 6.181390568078128], [-75.5865725340914, 6.181044131609352], [-75.58614657941254, 6.180578889633226], [-75.58607449668882, 6.180474047808693], [-75.58571407697944, 6.180080887801958], [-75.58532279953994, 6.179672313658607], [-75.58507378268216, 6.17940692909544], [-75.5850213573738, 6.179351229507894], [-75.58526380389375, 6.179033408932852], [-75.58531294806738, 6.178954771483339], [-75.58533260500221, 6.178928560547056], [-75.58550953516895, 6.1790170178293256], [-75.58558161743593, 6.179062885677046], [-75.58565697741098, 6.179148070563514], [-75.585927617202, 6.178777874871252], [-75.58483341782409, 6.177737142551851], [-75.58480514711833, 6.177711173712724], [-75.584736989012, 6.1776663750911975], [-75.58472562048769, 6.177683700154914], [-75.58428287904226, 6.17827656330795], [-75.58397304281628, 6.1786641347978914], [-75.58360534132363, 6.179166942702048], [-75.5832601556588, 6.179752301572837], [-75.5828099181313, 6.180780422859715], [-75.58259732053678, 6.181168032679595], [-75.58223711351708, 6.1813556532130605], [-75.58173431696194, 6.1814157012746405], [-75.58155348195544, 6.1814341996647055]]]}, "properties": {"OBJECTID": 4, "SE_ANNO_CAD_DATA": null, "SHAPE.AREA": 0, "SHAPE.LEN": 0, "BARRIO": "038", "NOMBARRIO": "VILLAGRANDE", "MUNICIPIO": 266, "nombre_barrio_estandarizado": "VILLAGRANDE", "municipio_estandarizado": "envigado"}}, {"type": "Feature", "geometry": {"type": "Polygon", "coordinates": [[[-75.58155348195544, 6.1814341996647055], [-75.58173431696194, 6.1814157012746405], [-75.58223711351708, 6.1813556532130605], [-75.58259732053678, 6.181168032679595], [-75.5828099181313, 6.180780422859715], [-75.5832601556588, 6.179752301572837], [-75.58360534132363, 6.179166942702048], [-75.58397304281628, 6.1786641347978914], [-75.58428287904226, 6.17827656330795], [-75.58472562048769, 6.177683700154914], [-75.584736989012, 6.1776663750911975], [-75.5851983732657, 6.1769632579554665], [-75.58542300884896, 6.176521881159759], [-75.58531556675334, 6.176506948278101], [-75.58361829352299, 6.176271055543384], [-75.5834858578004, 6.175881808348448], [-75.58168962177432, 6.176479347886553], [-75.5811037496848, 6.176663956698284], [-75.58075864599726, 6.176756260085778], [-75.5806652838404, 6.176226351223154], [-75.58031094042899, 6.176348042996114], [-75.58032618774936, 6.176609587982671], [-75.5803546438983, 6.177097660821592], [-75.5806995825517, 6.177718521062884], [-75.58088833990068, 6.1782168624678935], [-75.58103260074917, 6.179025867282145], [-75.58121486850781, 6.180050811553961], [-75.58140929892573, 6.1808660869351755], [-75.58155348195544, 6.1814341996647055]]]}, "properties": {"OBJECTID": 5, "SE_ANNO_CAD_DATA": null, "SHAPE.AREA": 0, "SHAPE.LEN": 0, "BARRIO": "036", "NOMBARRIO": "PONTEVEDRA", "MUNICIPIO": 266, "nombre_barrio_estandarizado": "PONTEVEDRA", "municipio_estandarizado": "envigado"}}, {"type": "Feature", "geometry": {"type": "Polygon", "coordinates": [[[-75.58694064859974, 6.181390568078128], [-75.58727814604192, 6.180916042437173], [-75.5877198636784, 6.180235739598493], [-75.58825979728296, 6.179464318155785], [-75.58888318181262, 6.178559954942464], [-75.58800748980194, 6.177914429405303], [-75.58769551119286, 6.1776832576100205], [-75.58732153536141, 6.177406147109173], [-75.5868801759507, 6.177133331152718], [-75.5863937250884, 6.176808139031479], [-75.58630354059036, 6.176791745521132], [-75.58627347886855, 6.176758952430046], [-75.58641283890616, 6.176365419400786], [-75.58553188692527, 6.1762911154274995], [-75.58551377730517, 6.176343529960929], [-75.58542300884896, 6.176521881159759], [-75.5851983732657, 6.1769632579554665], [-75.584736989012, 6.1776663750911975], [-75.58480514711833, 6.177711173712724], [-75.58483341782409, 6.177737142551851], [-75.585927617202, 6.178777874871252], [-75.58565697741098, 6.179148070563514], [-75.58558161743593, 6.179062885677046], [-75.58550953516895, 6.1790170178293256], [-75.58533260500221, 6.178928560547056], [-75.58531294806738, 6.178954771483339], [-75.58526380389375, 6.179033408932852], [-75.5850213573738, 6.179351229507894], [-75.58507378268216, 6.17940692909544], [-75.58532279953994, 6.179672313658607], [-75.58571407697944, 6.180080887801958], [-75.58607449668882, 6.180474047808693], [-75.58614657941254, 6.180578889633226], [-75.5865725340914, 6.181044131609352], [-75.58694064859974, 6.181390568078128]]]}, "properties": {"OBJECTID": 6, "SE_ANNO_CAD_DATA": null, "SHAPE.AREA": 0, "SHAPE.LEN": 0, "BARRIO": "037", "NOMBARRIO": "JARDINES", "MUNICIPIO": 266, "nombre_barrio_estandarizado": "JARDINES", "municipio_estandarizado": "envigado"}}, {"type": "Feature", "geometry": {"type": "Polygon", "coordinates": [[[-75.59123612056604, 6.175269036214904], [-75.59047983955169, 6.176349046308363], [-75.58975015184629, 6.177362314449476], [-75.58892778507443, 6.178495247876301], [-75.58888318181262, 6.178559954942464], [-75.58825979728296, 6.179464318155785], [-75.5877198636784, 6.180235739598493], [-75.58727814604192, 6.180916042437173], [-75.58694064859974, 6.181390568078128], [-75.58683988377777, 6.181532247254674], [-75.58608011814752, 6.182499691697404], [-75.58588027408368, 6.182709597873939], [-75.58544737869981, 6.183160190381435], [-75.58475265330861, 6.183833579967394], [-75.58364675012398, 6.1849051601162435], [-75.5831210852456, 6.185351335108867], [-75.5831022950907, 6.185371367895753], [-75.58243088684108, 6.186087194081151], [-75.58213934494437, 6.186484771044573], [-75.58182571977669, 6.187059046663419], [-75.58154109190122, 6.187732988682552], [-75.5816730046667, 6.18783934189396], [-75.5817933928188, 6.187871575485714], [-75.58184924282818, 6.187886527693364], [-75.5818799229661, 6.187895650743614], [-75.58200822716317, 6.187933804589329], [-75.58223595461331, 6.188002595987363], [-75.58231478101946, 6.1880244692207125], [-75.5823906946593, 6.188045532991101], [-75.58243704161484, 6.188059810804613], [-75.5825582613026, 6.188097149115755], [-75.5827301620383, 6.1881572632663815], [-75.58276405694029, 6.188162786819886], [-75.58291489108461, 6.188187362616219], [-75.58292206146564, 6.188205287346081], [-75.58297505532937, 6.188337792338569], [-75.58307397592738, 6.188569854792563], [-75.58322863345074, 6.188930920798397], [-75.58332122583144, 6.188906584181213], [-75.58335762472076, 6.188897014467817], [-75.58352364554602, 6.1885959691894215], [-75.58364287912855, 6.188408106968306], [-75.58381332878452, 6.188191042153045], [-75.58396932580577, 6.188017736613584], [-75.58431076777075, 6.187674734086187], [-75.58460496959914, 6.187430183793945], [-75.5855866684157, 6.186719943950111], [-75.58644867805624, 6.186079317581713], [-75.586842330038, 6.185775459186876], [-75.58685199512425, 6.185764699639114], [-75.58690953439631, 6.185697076099451], [-75.58708729989469, 6.185563002658567], [-75.58727112016162, 6.185421061310049], [-75.58745656123722, 6.185252814138693], [-75.58761752722187, 6.185104366247507], [-75.5878284426056, 6.184891909221114], [-75.58825993552301, 6.184439966659352], [-75.58834168258619, 6.184348024693149], [-75.58843399538169, 6.1842410714152125], [-75.58854753742051, 6.184127342552134], [-75.58864057289291, 6.184023373732226], [-75.58870913175437, 6.183942009587904], [-75.58881057080522, 6.183829634352467], [-75.58890965706047, 6.183713459887331], [-75.58903096437307, 6.183569714777822], [-75.5891998776721, 6.183385375870782], [-75.58929779104335, 6.183274176843219], [-75.5894176528086, 6.183105748365345], [-75.58945351080655, 6.183043643214313], [-75.58953841814386, 6.182900258177421], [-75.58970614987058, 6.182649923624827], [-75.58979457869764, 6.182507534904563], [-75.58985166207512, 6.182397241929337], [-75.58993295420832, 6.18225611846217], [-75.58999871029808, 6.18214817450114], [-75.59004721420884, 6.182078650315368], [-75.59014675206882, 6.181902812583164], [-75.59019949922758, 6.181768199345101], [-75.59026959047499, 6.181656187603783], [-75.59037048371152, 6.181508282933801], [-75.59043759393252, 6.181395545291672], [-75.59055844893278, 6.181232724547945], [-75.59067126443264, 6.181042512356099], [-75.59078814427511, 6.180850309464352], [-75.59088732003225, 6.180695173328593], [-75.59092236344185, 6.180629086101522], [-75.59101567209, 6.180521864899922], [-75.59110373903718, 6.180418076727113], [-75.59117852689018, 6.180302809128704], [-75.5912509670571, 6.180172353617346], [-75.59133216711955, 6.180026348646643], [-75.59140117369357, 6.179898877975747], [-75.59156321643475, 6.17964890490989], [-75.59165742400964, 6.179503350044211], [-75.59175741094147, 6.17935237417503], [-75.59176310004409, 6.179318201218781], [-75.59182641846701, 6.1792162225643334], [-75.59188810833555, 6.179119849903466], [-75.59193688427412, 6.179070848801444], [-75.59202558232384, 6.178927918234578], [-75.59211951799867, 6.178784262373548], [-75.5922040614021, 6.178652629540006], [-75.59230486359232, 6.178517382475258], [-75.59237558591174, 6.178399132304592], [-75.59248045415156, 6.178280064673064], [-75.59261964592282, 6.178127277522225], [-75.59275368805217, 6.177982174825638], [-75.59288501979707, 6.177817904443847], [-75.59305302362978, 6.177627326462331], [-75.59315500140761, 6.177518566738498], [-75.59325950684202, 6.177390732221451], [-75.59330385743284, 6.177363698256034], [-75.59344783558267, 6.177224831309605], [-75.5935447562385, 6.177134604500931], [-75.59377490497901, 6.176899363910549], [-75.59402664004658, 6.1766647557174315], [-75.59412554709371, 6.176566029916625], [-75.59441856482032, 6.176320208615253], [-75.59464067404193, 6.176131887127219], [-75.59483162363328, 6.175967342966923], [-75.59505689640825, 6.175794119420346], [-75.59527160163114, 6.1756442210255456], [-75.59550590784099, 6.175482203632312], [-75.59566750278103, 6.175396766376347], [-75.59598337334587, 6.175176706950785], [-75.5960680994579, 6.175116222119659], [-75.59619049042323, 6.1750341295617], [-75.59660138290066, 6.174751597437969], [-75.5969989080821, 6.174507757920529], [-75.59708832729329, 6.174372148653041], [-75.59716817881512, 6.174374313675426], [-75.59785528138136, 6.1738334809970175], [-75.59851971677966, 6.173400231332893], [-75.59864725738824, 6.1733125325263885], [-75.59888842287796, 6.173124208610414], [-75.59896213086641, 6.17308976137046], [-75.59901370593474, 6.173047809954715], [-75.59916238246285, 6.17295975017875], [-75.59921269464127, 6.172929280321249], [-75.59942721555662, 6.172783445901519], [-75.59950742437621, 6.172694303915337], [-75.5996220446345, 6.172607781049615], [-75.59976150553379, 6.172470540383925], [-75.60009967645723, 6.172144253663876], [-75.60092496483301, 6.171398104857884], [-75.60093788170454, 6.171403708447142], [-75.60097717402196, 6.17138436002859], [-75.60104220938516, 6.171379292164376], [-75.60130731446804, 6.171204255511351], [-75.6015124377167, 6.171034013383676], [-75.60177256952174, 6.170773814845801], [-75.60196260436706, 6.170508650273712], [-75.602122009958, 6.17014720725814], [-75.60228277075316, 6.1697630727123505], [-75.60242781202902, 6.169357876079563], [-75.60251278718434, 6.168982696266458], [-75.60282613826497, 6.167638014956844], [-75.6028554892882, 6.167559813141303], [-75.60297262188058, 6.167227845453601], [-75.60299149446938, 6.167118184400622], [-75.60306698818158, 6.1668062881333645], [-75.6030953408506, 6.166636237679116], [-75.60311041918695, 6.166564456742403], [-75.60311040593902, 6.166371624048846], [-75.60315799403566, 6.166141273937156], [-75.60316097245085, 6.16608929251963], [-75.60325795651934, 6.165664208382558], [-75.60326336150673, 6.165451398205165], [-75.60333894179405, 6.165082819140908], [-75.6034503863624, 6.164782401682141], [-75.60363174207245, 6.164462813517932], [-75.60379801908778, 6.164228474203021], [-75.60399067518266, 6.1640263201303656], [-75.60418712558528, 6.163854269291095], [-75.60430996331179, 6.163780672495769], [-75.60479924149394, 6.163381869893481], [-75.60517136713429, 6.16305485431644], [-75.60513884434552, 6.1629659896547535], [-75.60505201075661, 6.162907024068022], [-75.60497374452183, 6.1628538740409775], [-75.60496787797335, 6.162849889557037], [-75.60495041973499, 6.162838036669096], [-75.60489178510493, 6.162798219696422], [-75.60483470099747, 6.1628264272400495], [-75.60476948188469, 6.162759895549316], [-75.60476496363628, 6.162763061083121], [-75.60425358734476, 6.162251863620398], [-75.60413046523418, 6.162138415973029], [-75.6041167331445, 6.162119521115671], [-75.60400887611316, 6.1620018256403695], [-75.60398033036485, 6.161978413193193], [-75.60398087036269, 6.161949301317028], [-75.60386551658537, 6.161860625083619], [-75.60377416964384, 6.161775025605871], [-75.60318253696167, 6.162475820842085], [-75.60265145546414, 6.162963250736542], [-75.60251877326354, 6.163095952765248], [-75.60246401524618, 6.163150720303029], [-75.60176772562559, 6.163840974206163], [-75.6002944149347, 6.1653752297402304], [-75.59944940130262, 6.166256248737031], [-75.59937276478104, 6.1663318732816395], [-75.59862401057246, 6.167070733223503], [-75.59675421830578, 6.1689258409114265], [-75.59585455217477, 6.1698770122997635], [-75.5955140970204, 6.1702106246384325], [-75.59511891338744, 6.1705978641474495], [-75.59402612388757, 6.171758504500429], [-75.59331356603802, 6.172459218975149], [-75.59277025670865, 6.173073268102979], [-75.59241636425293, 6.1735795855005655], [-75.5919879914414, 6.174197534345521], [-75.59123612056604, 6.175269036214904]]]}, "properties": {"OBJECTID": 7, "SE_ANNO_CAD_DATA": null, "SHAPE.AREA": 0, "SHAPE.LEN": 0, "BARRIO": "009", "NOMBARRIO": "LAS VEGAS", "MUNICIPIO": 266, "nombre_barrio_estandarizado": "LAS VEGAS", "municipio_estandarizado": "envigado"}}, {"type": "Feature", "geometry": {"type": "Polygon", "coordinates": [[[-75.60181616628155, 6.160396890603093], [-75.60158355298123, 6.160622036683266], [-75.60133592205034, 6.160704602564123], [-75.60073120907148, 6.160817833721686], [-75.60019091129844, 6.160855390220979], [-75.6001074764861, 6.160865407494882], [-75.6004354612824, 6.161327527016589], [-75.60104334725547, 6.162122963042696], [-75.60137354460818, 6.162348075379094], [-75.60251877326354, 6.163095952765248], [-75.60265145546414, 6.162963250736542], [-75.60318253696167, 6.162475820842085], [-75.60377416964384, 6.161775025605871], [-75.60375612493146, 6.16175811363029], [-75.60340978817614, 6.161433498542322], [-75.60330644696356, 6.161305222106097], [-75.6029636320064, 6.16096062650587], [-75.60282063628775, 6.1608035147242095], [-75.60275649926072, 6.160723151338734], [-75.60217132351308, 6.160144515141772], [-75.60214693929684, 6.160114581031803], [-75.6021334745043, 6.1600980525286415], [-75.60212029941914, 6.16008184265192], [-75.60181616628155, 6.160396890603093]]]}, "properties": {"OBJECTID": 8, "SE_ANNO_CAD_DATA": null, "SHAPE.AREA": 0, "SHAPE.LEN": 0, "BARRIO": "008", "NOMBARRIO": "LAS CASITAS", "MUNICIPIO": 266, "nombre_barrio_estandarizado": "LAS CASITAS", "municipio_estandarizado": "envigado"}}, {"type": "Feature", "geometry": {"type": "Polygon", "coordinates": [[[-75.59852501397977, 6.161275737879341], [-75.59829990743098, 6.161583431985286], [-75.5979847497402, 6.16189113382838], [-75.59771291466922, 6.162141147046972], [-75.59761153714943, 6.162205773493818], [-75.59703005908602, 6.162576442806161], [-75.59690249215667, 6.162658998951359], [-75.59669989386299, 6.1629141614292], [-75.59650323653152, 6.163308971832107], [-75.5961730760572, 6.1638117881172745], [-75.59601640082188, 6.164070685818155], [-75.59758936055586, 6.165099192989108], [-75.59889841472601, 6.165998376545544], [-75.59937276478104, 6.1663318732816395], [-75.59944940130262, 6.166256248737031], [-75.6002944149347, 6.1653752297402304], [-75.60176772562559, 6.163840974206163], [-75.60246401524618, 6.163150720303029], [-75.60251877326354, 6.163095952765248], [-75.60137354460818, 6.162348075379094], [-75.60104334725547, 6.162122963042696], [-75.6004354612824, 6.161327527016589], [-75.6001074764861, 6.160865407494882], [-75.60000331025806, 6.16087791534077], [-75.59942550979626, 6.161208144243779], [-75.59928293335734, 6.1612381712846656], [-75.59878765312298, 6.161148145698457], [-75.59863006722674, 6.161178173425718], [-75.59852501397977, 6.161275737879341]]]}, "properties": {"OBJECTID": 9, "SE_ANNO_CAD_DATA": null, "SHAPE.AREA": 0, "SHAPE.LEN": 0, "BARRIO": "010", "NOMBARRIO": "LA PRIMAVERA", "MUNICIPIO": 266, "nombre_barrio_estandarizado": "LA PRIMAVERA", "municipio_estandarizado": "envigado"}}, {"type": "Feature", "geometry": {"type": "Polygon", "coordinates": [[[-75.59437398499077, 6.165260282385857], [-75.59440215820331, 6.165237725882564], [-75.59473232991937, 6.164937532969337], [-75.59565531787449, 6.164382155173888], [-75.59600049663047, 6.164096967031575], [-75.59601640082188, 6.164070685818155], [-75.5961730760572, 6.1638117881172745], [-75.59650323653152, 6.163308971832107], [-75.59669989386299, 6.1629141614292], [-75.59690249215667, 6.162658998951359], [-75.59703005908602, 6.162576442806161], [-75.59761153714943, 6.162205773493818], [-75.59745526393503, 6.162111365974729], [-75.59718888515779, 6.161982943043707], [-75.59697958304487, 6.161854520267057], [-75.5969034729642, 6.161799026535333], [-75.59686811457078, 6.161731777441948], [-75.5968570124077, 6.161668351925257], [-75.59687444783879, 6.161552599648502], [-75.59695216500666, 6.161385458075568], [-75.59698070050781, 6.16129983425907], [-75.59697593836341, 6.161199940933111], [-75.59696642049812, 6.161130173752109], [-75.59688374933525, 6.160981902334436], [-75.59674579368273, 6.1607408953073595], [-75.59658538765584, 6.160487874802958], [-75.59646011695038, 6.160265893542035], [-75.59636786038861, 6.16010650780252], [-75.59634248575519, 6.160000271455743], [-75.59634882326176, 6.1599019630991565], [-75.5963805287568, 6.15969058328423], [-75.59640747852436, 6.1595764165227305], [-75.59641701368521, 6.159377199621019], [-75.5964027325887, 6.159172654354385], [-75.59638359443763, 6.1590498674571545], [-75.5963217500089, 6.1589261927616485], [-75.59628844968474, 6.158854842552914], [-75.59620124076032, 6.158770808454154], [-75.59609341818306, 6.158647136958516], [-75.5960312971248, 6.158492535106221], [-75.59603128971736, 6.158354584078098], [-75.59602640727536, 6.158209587815403], [-75.59598834610638, 6.15810652586948], [-75.59594964584437, 6.158052067412765], [-75.59565242948608, 6.158177520758027], [-75.59558653666623, 6.158229694741295], [-75.59579656069664, 6.158616178254609], [-75.59532949655582, 6.158876481288837], [-75.59442349157146, 6.159373206078512], [-75.59410911976849, 6.159546207423485], [-75.59390250500542, 6.159652390261739], [-75.59369521233313, 6.159780082536334], [-75.5932415732759, 6.160034981587314], [-75.59297662190862, 6.160191505848953], [-75.59290722396021, 6.1602109953666035], [-75.59285368238803, 6.160172557637809], [-75.59278640556286, 6.16005998452564], [-75.59260637180515, 6.15973261111602], [-75.59245397428005, 6.15945941204197], [-75.59244304194306, 6.159438283556236], [-75.5922277821377, 6.1595670266761395], [-75.59219620634045, 6.159636880097919], [-75.59219130131146, 6.159744623948997], [-75.59222895465908, 6.159842463733401], [-75.59226078937479, 6.15991490641405], [-75.59235338670702, 6.160076961475812], [-75.59239349875902, 6.160115591149039], [-75.59242908076945, 6.160155721012935], [-75.59244240826347, 6.160178245494677], [-75.59243963385165, 6.160199945103404], [-75.59242681973971, 6.160209487577743], [-75.59240640218204, 6.160208738839712], [-75.59239512663923, 6.160203070856954], [-75.59237018030957, 6.160189385086168], [-75.59231781053752, 6.160140193004825], [-75.59234916120393, 6.160103981407872], [-75.5922719309447, 6.160027520254701], [-75.59218081984038, 6.159957449694693], [-75.59210248525011, 6.159908981415037], [-75.59205522946209, 6.159879018575192], [-75.59193078453616, 6.1601383934062355], [-75.59173486007472, 6.160533549431133], [-75.59152682163197, 6.161006613693725], [-75.59103603221443, 6.161385691275818], [-75.59097042726502, 6.161295789439025], [-75.5909724260621, 6.161252741045687], [-75.59092124966078, 6.161242488930808], [-75.5905382022723, 6.161203418531312], [-75.5905158427965, 6.161199374763523], [-75.59051196442613, 6.1611935116728915], [-75.59044243112359, 6.161189082391125], [-75.59022555590155, 6.161156607644256], [-75.59022963676351, 6.161183542942322], [-75.59023257347074, 6.161219672863672], [-75.59024590620021, 6.161272701041949], [-75.59024990865923, 6.16131084549677], [-75.58931830131291, 6.161487044990197], [-75.58941145964783, 6.161542990738314], [-75.5893867966978, 6.161752389713095], [-75.58939761136773, 6.161750190885738], [-75.58942867731733, 6.161749450495289], [-75.58946566205391, 6.16176720232907], [-75.58953994375135, 6.161800776066375], [-75.58957766476465, 6.161816307508097], [-75.58961095231419, 6.161831840597878], [-75.58963758014033, 6.161861427417967], [-75.5896656903195, 6.16189101607355], [-75.58971303109755, 6.1619228203034915], [-75.58979021802178, 6.161971877608238], [-75.58986122782287, 6.161994067638456], [-75.58993075841109, 6.162003681864627], [-75.58994042702467, 6.162019968886096], [-75.58996204678441, 6.1620688974846045], [-75.59001462001349, 6.162126296052554], [-75.59012664070656, 6.162181136456055], [-75.59015651006678, 6.162187159822654], [-75.5902543312345, 6.162226668206924], [-75.5902864701321, 6.16223947740261], [-75.5903307885206, 6.162263845721193], [-75.59038185236562, 6.162288481401646], [-75.5905301993082, 6.162322712929022], [-75.59054539113868, 6.162345580996139], [-75.59057301366111, 6.162333301323427], [-75.59057780576683, 6.1623441007607065], [-75.59083961781221, 6.162747134853871], [-75.5909946339085, 6.162847028652485], [-75.59115654111794, 6.162984814072411], [-75.59146801055437, 6.163164653057297], [-75.59162021352007, 6.163262976309059], [-75.59158099770204, 6.163283227638384], [-75.591539856563, 6.163344522643708], [-75.59173097656428, 6.1634698747368395], [-75.5917940259221, 6.163512214333355], [-75.59199670100345, 6.1636518369991355], [-75.5920773291117, 6.163725643352802], [-75.59209073804796, 6.163710970025663], [-75.59227202186612, 6.163884266813249], [-75.59222657496409, 6.163937061871598], [-75.59229756041117, 6.163995468904396], [-75.5925617686372, 6.164209794107748], [-75.59265780541531, 6.164288376602465], [-75.59269027357801, 6.164248631749173], [-75.59437398499077, 6.165260282385857]]]}, "properties": {"OBJECTID": 10, "SE_ANNO_CAD_DATA": null, "SHAPE.AREA": 0, "SHAPE.LEN": 0, "BARRIO": "011", "NOMBARRIO": "LA PAZ", "MUNICIPIO": 266, "nombre_barrio_estandarizado": "LA PAZ", "municipio_estandarizado": "envigado"}}, {"type": "Feature", "geometry": {"type": "Polygon", "coordinates": [[[-75.5902547523291, 6.1679855764326765], [-75.59183744876854, 6.168340697399886], [-75.59307412540848, 6.168647574176829], [-75.59395900507111, 6.168942884465588], [-75.59450836688603, 6.169186390982038], [-75.59530250255992, 6.1700058734354375], [-75.5955140970204, 6.1702106246384325], [-75.59585455217477, 6.1698770122997635], [-75.59675421830578, 6.1689258409114265], [-75.59862401057246, 6.167070733223503], [-75.59937276478104, 6.1663318732816395], [-75.59889841472601, 6.165998376545544], [-75.59758936055586, 6.165099192989108], [-75.59601640082188, 6.164070685818155], [-75.59600049663047, 6.164096967031575], [-75.59565531787449, 6.164382155173888], [-75.59473232991937, 6.164937532969337], [-75.59440215820331, 6.165237725882564], [-75.59437398499077, 6.165260282385857], [-75.59376004038648, 6.165751812738197], [-75.59231928047326, 6.166885051943287], [-75.5918765405444, 6.167110205048542], [-75.59092352090744, 6.167530496553621], [-75.59057833337444, 6.167718124287181], [-75.59034570762827, 6.16787572770637], [-75.59026161276095, 6.167977697458291], [-75.5902547523291, 6.1679855764326765]]]}, "properties": {"OBJECTID": 11, "SE_ANNO_CAD_DATA": null, "SHAPE.AREA": 0, "SHAPE.LEN": 0, "BARRIO": "012", "NOMBARRIO": "MILAN VALLEJUELOS", "MUNICIPIO": 266, "nombre_barrio_estandarizado": "MILAN VALLEJUELOS", "municipio_estandarizado": "envigado"}}, {"type": "Feature", "geometry": {"type": "Polygon", "coordinates": [[[-75.58970976226107, 6.167410503357432], [-75.58992362144002, 6.167737301455632], [-75.58999086569422, 6.167818553080203], [-75.58974151487125, 6.168023101550292], [-75.58993204293813, 6.1681771964157175], [-75.59002809666508, 6.1682604125659966], [-75.59005900833019, 6.1682103452576325], [-75.5902547523291, 6.1679855764326765], [-75.59026161276095, 6.167977697458291], [-75.59034570762827, 6.16787572770637], [-75.59057833337444, 6.167718124287181], [-75.59092352090744, 6.167530496553621], [-75.5918765405444, 6.167110205048542], [-75.59231928047326, 6.166885051943287], [-75.59376004038648, 6.165751812738197], [-75.59437398499077, 6.165260282385857], [-75.59269027357801, 6.164248631749173], [-75.59265780541531, 6.164288376602465], [-75.5925617686372, 6.164209794107748], [-75.59229756041117, 6.163995468904396], [-75.59222657496409, 6.163937061871598], [-75.59227202186612, 6.163884266813249], [-75.59209073804796, 6.163710970025663], [-75.5920773291117, 6.163725643352802], [-75.59199670100345, 6.1636518369991355], [-75.5917940259221, 6.163512214333355], [-75.59173097656428, 6.1634698747368395], [-75.591539856563, 6.163344522643708], [-75.59158099770204, 6.163283227638384], [-75.59162021352007, 6.163262976309059], [-75.59146801055437, 6.163164653057297], [-75.59115654111794, 6.162984814072411], [-75.5909946339085, 6.162847028652485], [-75.59083961781221, 6.162747134853871], [-75.59057780576683, 6.1623441007607065], [-75.59057301366111, 6.162333301323427], [-75.59054539113868, 6.162345580996139], [-75.5905301993082, 6.162322712929022], [-75.59038185236562, 6.162288481401646], [-75.5903307885206, 6.162263845721193], [-75.5902864701321, 6.16223947740261], [-75.5902543312345, 6.162226668206924], [-75.59015651006678, 6.162187159822654], [-75.59012664070656, 6.162181136456055], [-75.59001462001349, 6.162126296052554], [-75.58996204678441, 6.1620688974846045], [-75.58994042702467, 6.162019968886096], [-75.58993075841109, 6.162003681864627], [-75.58986122782287, 6.161994067638456], [-75.58979021802178, 6.161971877608238], [-75.58971303109755, 6.1619228203034915], [-75.5896656903195, 6.16189101607355], [-75.58963758014033, 6.161861427417967], [-75.58961095231419, 6.161831840597878], [-75.58957766476465, 6.161816307508097], [-75.58953994375135, 6.161800776066375], [-75.58946566205391, 6.16176720232907], [-75.58942867731733, 6.161749450495289], [-75.58939761136773, 6.161750190885738], [-75.5893867966978, 6.161752389713095], [-75.58935027189648, 6.161759811555033], [-75.58931846506628, 6.1617649891492245], [-75.58929109667677, 6.161757594739239], [-75.58926668732093, 6.16173022386338], [-75.58921940584804, 6.161676742157624], [-75.58916402944668, 6.161651691501551], [-75.58913238544739, 6.1616358692207145], [-75.58908887353381, 6.161583133130473], [-75.58907568853468, 6.1615119339567155], [-75.58907163695214, 6.161475752455979], [-75.58905185890877, 6.161442790832977], [-75.58900571345382, 6.161416423267023], [-75.58895956729503, 6.161376869686857], [-75.58893055839486, 6.161312261258178], [-75.58892131851994, 6.1612474591650646], [-75.58890944692004, 6.161174941773956], [-75.58890021801659, 6.161128794419517], [-75.58888175717622, 6.161098469913681], [-75.58888175591548, 6.16104045598469], [-75.58890508220864, 6.161004312376704], [-75.58891803699177, 6.160964515124604], [-75.58891341009712, 6.160939526212977], [-75.58888194041447, 6.160911764667962], [-75.58886620749745, 6.160879370126172], [-75.58885868831251, 6.160813230669802], [-75.58885128017027, 6.160729935747003], [-75.58884569285976, 6.160687950264184], [-75.58883458551479, 6.160665738513668], [-75.58880312033584, 6.160638900903734], [-75.58872989093322, 6.160603595976189], [-75.5886447433426, 6.160557324551026], [-75.58858829019063, 6.1605184556108465], [-75.58853986596104, 6.160488584864998], [-75.58851580469349, 6.160451565682607], [-75.58850469722368, 6.160406216685131], [-75.58851950269498, 6.160373823910973], [-75.58850783999857, 6.160363199731508], [-75.58848591155994, 6.160314459630966], [-75.58847136492393, 6.160254521001288], [-75.58846567307506, 6.160227671222247], [-75.58846657498513, 6.160182469135973], [-75.5884611545927, 6.16014956431389], [-75.58845311519535, 6.16012162928215], [-75.58844119040906, 6.1600983040365325], [-75.58843143468289, 6.160085829884917], [-75.58839186986474, 6.160059616493386], [-75.58834236965953, 6.1600323167126625], [-75.58829079212808, 6.16000600884226], [-75.58827311631616, 6.159995618167694], [-75.58825058599447, 6.159986137963417], [-75.5882191221945, 6.160000947673336], [-75.5881821013219, 6.159985213768014], [-75.58811916954193, 6.159950972537487], [-75.58803309791888, 6.159853796631501], [-75.58799137252369, 6.159803375159461], [-75.58795342663053, 6.159709899266911], [-75.58793757758522, 6.159655940175674], [-75.58793202249483, 6.159568943005121], [-75.5879190649375, 6.159529145867469], [-75.58786890947374, 6.159478828573948], [-75.58779579850982, 6.159439961674202], [-75.58774304513699, 6.1594112708396445], [-75.58772360947364, 6.1593853592715915], [-75.58771065001771, 6.159349267054609], [-75.58766799555198, 6.1593222250584665], [-75.58761616894017, 6.159295387592946], [-75.58758099995256, 6.1592787287959885], [-75.58756989423388, 6.159238933497735], [-75.58756618842402, 6.159174146929179], [-75.58755033256278, 6.1591116804299775], [-75.58754015089885, 6.159072808231776], [-75.58753459356898, 6.158975630176427], [-75.5875002079071, 6.158920585690116], [-75.58744652968338, 6.158865058011156], [-75.58741598725803, 6.15880490126845], [-75.5874067292736, 6.158753072707362], [-75.58737236768137, 6.158696276878329], [-75.58733534863221, 6.158658332285343], [-75.58730758489438, 6.158621314668555], [-75.5872881473817, 6.158548199164628], [-75.5872741741701, 6.158510737630082], [-75.58724455585676, 6.1584515075809065], [-75.58722592782281, 6.158412167342877], [-75.58673648774233, 6.158790345096263], [-75.58656258293931, 6.158897235710837], [-75.58654301927838, 6.158907741115535], [-75.58646094567922, 6.1588537469360185], [-75.58641143182093, 6.158824526682906], [-75.58638227547286, 6.158799690120874], [-75.58632342086236, 6.158790513461214], [-75.58624836950877, 6.158788355086646], [-75.5861198628311, 6.158775940574409], [-75.58610767521282, 6.158775915603204], [-75.58604774874236, 6.158937905901127], [-75.58602776032518, 6.159136996815048], [-75.58601853175128, 6.159272936919883], [-75.5860104384296, 6.159357713109828], [-75.58596288988645, 6.159439075183225], [-75.58584194873274, 6.159546532444199], [-75.58566305267522, 6.1597316078069655], [-75.58546516696654, 6.159932348982062], [-75.58525224418027, 6.160154665772871], [-75.58517535882744, 6.160242630693213], [-75.58514620331921, 6.160302138687651], [-75.58506758655685, 6.1603528420827764], [-75.58482313674287, 6.160509836202321], [-75.58456544311986, 6.160733807503273], [-75.5846223717402, 6.160802620631357], [-75.5849060472605, 6.1611397067367735], [-75.58539473835421, 6.16172487565764], [-75.58552427991587, 6.1618900090209685], [-75.58558303886544, 6.161976155176353], [-75.58552834650173, 6.162019607633725], [-75.58573886060013, 6.162285032118284], [-75.58588361471955, 6.162589727919457], [-75.58603167394112, 6.162933316562668], [-75.58613068904144, 6.163202992095563], [-75.58613407539673, 6.163237256651851], [-75.58619558618533, 6.163290221213518], [-75.58621619546754, 6.1633439176930205], [-75.58627574807606, 6.163499081052032], [-75.58629341873761, 6.163555730956302], [-75.5862937989814, 6.163585173257979], [-75.58630822845548, 6.163623724702666], [-75.58634179148686, 6.163790774484973], [-75.58635288601687, 6.163852647541354], [-75.58639103662053, 6.164027618302801], [-75.58640127984002, 6.16410916559935], [-75.58641938814564, 6.164300463722772], [-75.58646172542058, 6.164438275344093], [-75.58651117871621, 6.164495681324499], [-75.58659043825322, 6.164572511432786], [-75.58668979942341, 6.16459808915753], [-75.58706480540248, 6.164996980653042], [-75.58728648716931, 6.165309594946314], [-75.58741437762667, 6.16542895437912], [-75.58763115009329, 6.165589550173712], [-75.58788124986843, 6.165887952986815], [-75.58752339457314, 6.166240164995867], [-75.58772745842755, 6.166501470069643], [-75.58795003147684, 6.1667878790570985], [-75.58798768634655, 6.166934922023774], [-75.58749740252915, 6.167755890301853], [-75.58823187861036, 6.16819778018343], [-75.58889368837305, 6.1671376856038105], [-75.58898127824037, 6.1669902518150925], [-75.5891437759754, 6.16681372760753], [-75.58919420596048, 6.166768895005598], [-75.58970976226107, 6.167410503357432]]]}, "properties": {"OBJECTID": 12, "SE_ANNO_CAD_DATA": null, "SHAPE.AREA": 0, "SHAPE.LEN": 0, "BARRIO": "013", "NOMBARRIO": "EL DORADO", "MUNICIPIO": 266, "nombre_barrio_estandarizado": "EL DORADO", "municipio_estandarizado": "envigado"}}, {"type": "Feature", "geometry": {"type": "Polygon", "coordinates": [[[-75.58369058298862, 6.164277127841034], [-75.58422399543888, 6.164620873462419], [-75.58510549819938, 6.1651820436137585], [-75.58529040321426, 6.164873838554847], [-75.58519794296463, 6.1647292235470585], [-75.58524061066186, 6.164620168529338], [-75.58531920248332, 6.164310643252989], [-75.58532282250628, 6.164298048086159], [-75.58526055918477, 6.164243601680769], [-75.58524546652264, 6.164245477659112], [-75.58523340439739, 6.164210036472214], [-75.58523971769517, 6.164161735044775], [-75.58531220808861, 6.1640613438104195], [-75.58538540853895, 6.163980546029741], [-75.58543381454732, 6.16393908496236], [-75.58547771946647, 6.163908101452413], [-75.58543009674771, 6.163979977488177], [-75.58541385794437, 6.164028130889123], [-75.58560330259489, 6.163812572390664], [-75.58607365256576, 6.163361481505903], [-75.58621619546754, 6.1633439176930205], [-75.58619558618533, 6.163290221213518], [-75.58613407539673, 6.163237256651851], [-75.58613068904144, 6.163202992095563], [-75.58603167394112, 6.162933316562668], [-75.58588361471955, 6.162589727919457], [-75.58573886060013, 6.162285032118284], [-75.58552834650173, 6.162019607633725], [-75.58558303886544, 6.161976155176353], [-75.58552427991587, 6.1618900090209685], [-75.58539473835421, 6.16172487565764], [-75.5849060472605, 6.1611397067367735], [-75.5846223717402, 6.160802620631357], [-75.58456544311986, 6.160733807503273], [-75.5842665102177, 6.160372472434117], [-75.58415783040294, 6.160232482050387], [-75.58412283021474, 6.160153274960977], [-75.58403403958468, 6.160038086580309], [-75.58381484056167, 6.159863098516629], [-75.58389219800851, 6.159723102307841], [-75.58389587827169, 6.159583104252334], [-75.58388227341538, 6.159498894192826], [-75.58363176410282, 6.159390220355415], [-75.58349545585328, 6.159277858565201], [-75.5833204642203, 6.1591231315977275], [-75.58321178377719, 6.158973929998412], [-75.58310539877516, 6.158839121105747], [-75.58292273990143, 6.158911699836329], [-75.58279399556368, 6.158950698237367], [-75.58255531729077, 6.159022684819508], [-75.58222498248401, 6.159133046096151], [-75.58207236505889, 6.15919519878296], [-75.5820420368419, 6.159244098446592], [-75.582000567535, 6.159329521957809], [-75.58195719732646, 6.159477850082101], [-75.5818951885898, 6.159637311874049], [-75.58186424006517, 6.159706640548297], [-75.58180654961394, 6.159752776937314], [-75.58170689760756, 6.159786823670162], [-75.5817149360275, 6.160019979122021], [-75.58171988711298, 6.160039785356139], [-75.58158990541813, 6.160107878557026], [-75.58136361209102, 6.160221804209154], [-75.58129553427199, 6.1599827599654295], [-75.58120352064076, 6.1596463828718], [-75.58111148623037, 6.159295758322007], [-75.58101160885312, 6.158948191313175], [-75.58097994396914, 6.158799381950959], [-75.58094980283519, 6.158667174168132], [-75.5809007252365, 6.158445542658909], [-75.58087001244623, 6.158239870680936], [-75.58077256727498, 6.1582398721444624], [-75.58066618365478, 6.158197961819807], [-75.58058236532314, 6.1580690062398435], [-75.58050821532429, 6.157901361388568], [-75.58045985428002, 6.157682131131516], [-75.58041472095444, 6.157572517468325], [-75.58034057263446, 6.1574274403395615], [-75.58029543825084, 6.15731460177491], [-75.5792105782611, 6.157330770405739], [-75.57919285980465, 6.157388791809688], [-75.57917023027193, 6.157454537075138], [-75.57912437208708, 6.1575966490125165], [-75.57909527680486, 6.157688256228605], [-75.57906291905505, 6.157803879127024], [-75.57904190543199, 6.157883635364466], [-75.57901810970093, 6.157943205937073], [-75.57898955225086, 6.15799709384228], [-75.57894578109803, 6.158059393718198], [-75.57892099397702, 6.158086876695682], [-75.57889620803763, 6.158121902469108], [-75.57885956694824, 6.158179566060978], [-75.57883308001314, 6.158244521740848], [-75.57880829366657, 6.158286014455466], [-75.57877865545413, 6.158337207081976], [-75.57874136458432, 6.158423817278422], [-75.57871981242246, 6.158504109547513], [-75.57870849738872, 6.158549375876726], [-75.57869124187872, 6.158639683646942], [-75.57867131222059, 6.158784934905687], [-75.57865891077482, 6.158903793798993], [-75.57864436409439, 6.158987318666756], [-75.57864113011179, 6.159014802296581], [-75.57864436597784, 6.159063299989678], [-75.57865736052355, 6.159119682048854], [-75.5786859187096, 6.15919728009998], [-75.5787044183332, 6.1592480988980745], [-75.57872439729333, 6.159292493325829], [-75.57876586083384, 6.159488248337208], [-75.57877748924673, 6.159532583695932], [-75.5787981821992, 6.15961147192701], [-75.57889558455204, 6.160055028877663], [-75.57895821186443, 6.1604671199557535], [-75.5790008978355, 6.160567090847104], [-75.57909987869992, 6.160653950423743], [-75.57924531831394, 6.160750911663337], [-75.57933218048234, 6.160835754018823], [-75.57948057950186, 6.160971618164037], [-75.57966995886882, 6.161166231276654], [-75.58021933459038, 6.161650006898814], [-75.5803423311123, 6.161826300471916], [-75.5804079278751, 6.161875499695189], [-75.58049822977927, 6.16207012903832], [-75.58047774033743, 6.162496519379373], [-75.58055167035842, 6.162797413760652], [-75.58075667522107, 6.163605088866044], [-75.580736180513, 6.163764986243668], [-75.58072914998058, 6.16380796257559], [-75.58104010508801, 6.163911608737716], [-75.58146445811903, 6.1639590135760205], [-75.58191489329307, 6.164205562876415], [-75.58299988729436, 6.164877951121795], [-75.58324879927706, 6.164493880744108], [-75.58343691797407, 6.164220237095077], [-75.5835032940883, 6.164108810527246], [-75.58369058298862, 6.164277127841034]]]}, "properties": {"OBJECTID": 13, "SE_ANNO_CAD_DATA": null, "SHAPE.AREA": 0, "SHAPE.LEN": 0, "BARRIO": "014", "NOMBARRIO": "SAN JOSE", "MUNICIPIO": 266, "nombre_barrio_estandarizado": "SAN JOSE", "municipio_estandarizado": "envigado"}}, {"type": "Feature", "geometry": {"type": "Polygon", "coordinates": [[[-75.57304986547815, 6.170945952829516], [-75.57304190059902, 6.171097337110333], [-75.57302013193588, 6.171166415477151], [-75.57301087494312, 6.171191777499871], [-75.57296817473963, 6.171258761935546], [-75.57298078394913, 6.171314229352437], [-75.57301008971096, 6.171364467241042], [-75.57303018601009, 6.171402565216806], [-75.57306294438564, 6.171447193696689], [-75.57311527493422, 6.17151752668071], [-75.57312371243506, 6.171532366318918], [-75.57318346171023, 6.171666040202743], [-75.57319387008884, 6.171662121266754], [-75.57325314714855, 6.171637534466855], [-75.57329458880292, 6.171617483845634], [-75.57393098831677, 6.1712389245469685], [-75.57433643959219, 6.170525381923164], [-75.57451495463441, 6.170579900299951], [-75.57468374490279, 6.170636409439528], [-75.57482112798294, 6.170684908331014], [-75.57491166372326, 6.170730957723204], [-75.57493371656749, 6.170747141825482], [-75.57499341436507, 6.170784837428112], [-75.57519404883075, 6.170968788273788], [-75.5753570241115, 6.171117229579503], [-75.57536555718123, 6.171094066194967], [-75.57549251105934, 6.170773983661344], [-75.57560588753871, 6.170474072001331], [-75.57565214075626, 6.170396931861569], [-75.57574303357626, 6.170121255564583], [-75.57580922297983, 6.169917055887705], [-75.57582726490607, 6.169924626216554], [-75.57650977086196, 6.170204103918098], [-75.57685304099603, 6.170317084197897], [-75.57693226817553, 6.169731495873631], [-75.57697717909518, 6.169741146579547], [-75.57697442890709, 6.169758814029883], [-75.57714916386946, 6.169796672098034], [-75.57717012346103, 6.169803658673339], [-75.57721484117202, 6.169833701098481], [-75.57727283231452, 6.169848373939432], [-75.5773133571057, 6.169853264124334], [-75.57754216264914, 6.169882045372161], [-75.5775875793117, 6.169880644707295], [-75.57763089568702, 6.169865972251955], [-75.57767174163585, 6.169847792142676], [-75.57770178565455, 6.16982124185743], [-75.57774230890422, 6.169771629977483], [-75.57776955711655, 6.169742283325283], [-75.57779540819443, 6.169722721149765], [-75.57783942702174, 6.169714335022701], [-75.57791558427456, 6.169726210265235], [-75.57799283355432, 6.169739371244019], [-75.57805920914866, 6.16977640125728], [-75.57814864387646, 6.169841378838361], [-75.5782241048743, 6.169909153519998], [-75.57825414794789, 6.169936402758993], [-75.57832852473165, 6.169986382990584], [-75.57839140686934, 6.1700108368270286], [-75.57843542418534, 6.170015028316898], [-75.57848852576132, 6.170012931264575], [-75.57851786785542, 6.17000244907575], [-75.5786341556757, 6.169921266455192], [-75.57871659980333, 6.1698478999764355], [-75.57876760431742, 6.169801084250388], [-75.57860669825982, 6.169645845396366], [-75.57873742613454, 6.169474882068231], [-75.57903066566924, 6.169109826777224], [-75.57925863841949, 6.1688195627535025], [-75.57944152495577, 6.16859379683931], [-75.57871541185656, 6.168092142869505], [-75.5785668113805, 6.167963547306314], [-75.57871540388054, 6.167600611417593], [-75.57835215229619, 6.16746445731201], [-75.57833500534593, 6.167455885506853], [-75.57835133189546, 6.167421440275894], [-75.57835300015985, 6.167415233773597], [-75.57835308174016, 6.167404453038025], [-75.57834933382615, 6.167390253503655], [-75.5783470461277, 6.16738679469235], [-75.57833735435344, 6.167377094650779], [-75.57814881055748, 6.167266987364735], [-75.57802209311457, 6.167315642269324], [-75.57792474489737, 6.1673508585527435], [-75.57779306877948, 6.167311243287343], [-75.57759837097421, 6.167191111175556], [-75.57746050016354, 6.1671145485770165], [-75.57736252954068, 6.1670553601575016], [-75.57732987189638, 6.1670522969475785], [-75.57726761909, 6.167042095439019], [-75.57717679304612, 6.167041074894868], [-75.57709170873632, 6.167045134648955], [-75.57700700640106, 6.167079833006568], [-75.57693046762981, 6.1671349450475965], [-75.57688964629853, 6.167186992067026], [-75.57684270427146, 6.167255369423188], [-75.57683249972696, 6.167341096573694], [-75.57684511593304, 6.167371251973968], [-75.57683054155885, 6.167422489398772], [-75.57679874895322, 6.167470220009181], [-75.57676599873247, 6.167500358071328], [-75.576733009698, 6.167524257268171], [-75.57669805080154, 6.167568042387496], [-75.57668782981581, 6.167603807873059], [-75.57665677836525, 6.167826837711806], [-75.57664697612198, 6.167858031908439], [-75.57663590937278, 6.167878414802087], [-75.57661182330354, 6.167909361688984], [-75.57659729407014, 6.167924135193404], [-75.57656626102856, 6.167964925964935], [-75.57640558663797, 6.168001211544728], [-75.57627601221778, 6.168001212880319], [-75.5758613712355, 6.167858684018208], [-75.57551410878564, 6.167760207887976], [-75.57526967741637, 6.1676639419067145], [-75.57508049598418, 6.167601745927218], [-75.5750234830431, 6.167581014203678], [-75.57504692247741, 6.167487579789389], [-75.5750201792857, 6.167029329189516], [-75.57489306919402, 6.167035679351617], [-75.57483364619954, 6.167031598106049], [-75.5747801072056, 6.167014537313793], [-75.57470877070016, 6.166986432308593], [-75.57460352057026, 6.16695239406529], [-75.57453168290237, 6.1669711179039455], [-75.57443948353222, 6.167001338036737], [-75.57439378057943, 6.16701601628586], [-75.57433838140332, 6.167044770175986], [-75.57428299934664, 6.1670503060330875], [-75.57422900526792, 6.167036469557173], [-75.57414822599807, 6.166984737404402], [-75.5741169372438, 6.166937390438919], [-75.57411084974949, 6.166869266803734], [-75.57413234054336, 6.166746183102695], [-75.57415390523886, 6.1666777269107165], [-75.57418114405233, 6.166610451159045], [-75.57420527093002, 6.16656134549201], [-75.57422243882961, 6.166513989425785], [-75.57422339700467, 6.166436994254807], [-75.57421821644485, 6.166361937289779], [-75.57423273401295, 6.166313281296635], [-75.57426001223203, 6.1661081505473145], [-75.57426087367827, 6.166016721136528], [-75.57424220328424, 6.165947388976085], [-75.57421006323348, 6.165883473223801], [-75.57414365262423, 6.165828749531675], [-75.57404923301867, 6.165815912993448], [-75.57398766558049, 6.1658120110227435], [-75.57388847098703, 6.165812663960266], [-75.5738186042091, 6.165798003613885], [-75.57371053332659, 6.165844322547515], [-75.57362819582788, 6.1659189480735845], [-75.5735844516641, 6.165921522734823], [-75.57355644479489, 6.1659129272527], [-75.5734816900539, 6.165791893430836], [-75.57339957291896, 6.16564645666747], [-75.573315031799, 6.165524537049005], [-75.5732872865767, 6.165474289701202], [-75.57326770883475, 6.165448482971186], [-75.57324190239171, 6.165434243437592], [-75.57321342365566, 6.165413774061393], [-75.57317871713293, 6.165397756677711], [-75.57299450534065, 6.165374618479739], [-75.5728354927386, 6.165374484256104], [-75.57276874996016, 6.165363807443785], [-75.5726548398439, 6.165320201770401], [-75.57262191287914, 6.165318419710304], [-75.57258186766865, 6.1653237619127745], [-75.57254448885061, 6.165329989902504], [-75.57250978414007, 6.165324651587357], [-75.57247062599946, 6.165273034429227], [-75.57239028723814, 6.165111537526905], [-75.57234312178552, 6.165025212956359], [-75.57231108511138, 6.1649753749904805], [-75.57225921211885, 6.164933962201056], [-75.57221026618767, 6.164904595856639], [-75.57217645060717, 6.164894806889371], [-75.57212839599458, 6.164894805659453], [-75.57205452978175, 6.164893917370178], [-75.57201270659607, 6.164882346211698], [-75.5719619820383, 6.164835180521459], [-75.57194295725985, 6.1647840808668075], [-75.57192871859871, 6.164711105291821], [-75.57193583411383, 6.1646087629671396], [-75.57193939492869, 6.164552696583335], [-75.57198401061375, 6.164444569657796], [-75.5719804506649, 6.164401853121516], [-75.57197066224334, 6.16435557559971], [-75.57194129411619, 6.164305740066606], [-75.57191014794566, 6.164281710479258], [-75.5718733375345, 6.1642741030403725], [-75.57168378635569, 6.164279443573193], [-75.57163751069324, 6.164274995499552], [-75.57161081140502, 6.164255416968582], [-75.57159657295352, 6.164220709781257], [-75.57158055380792, 6.164183330553714], [-75.57156008664585, 6.164153072631786], [-75.57151807973473, 6.164097548029436], [-75.57150384204989, 6.164038812765943], [-75.57148248358332, 6.163989863410126], [-75.57146201666745, 6.163958715850687], [-75.57143353899718, 6.1639311283920355], [-75.57139794186294, 6.163925787940435], [-75.57135789513515, 6.163923117951752], [-75.57130806061276, 6.163914220793529], [-75.57127157502968, 6.163914219670807], [-75.57122664183215, 6.163907728147406], [-75.57118837631069, 6.163888149344383], [-75.57116078906299, 6.163872129953476], [-75.57110917248302, 6.1638623399924946], [-75.57107001876017, 6.163847213600393], [-75.57105933782636, 6.163829412925335], [-75.57102087517424, 6.163760472492993], [-75.57097370909271, 6.163699066267252], [-75.57090073396645, 6.163630540971112], [-75.57083309973255, 6.163578034825616], [-75.57076457917705, 6.163561127987746], [-75.57068213981799, 6.163556356125818], [-75.57064120356196, 6.163552798925997], [-75.57058513753071, 6.163520759837742], [-75.57051394511375, 6.163464691493911], [-75.57043207197036, 6.1634077380176056], [-75.57035109034692, 6.1633614593708606], [-75.57026975080085, 6.163329768170438], [-75.57020834886222, 6.163328877272698], [-75.57011757558998, 6.163322650134393], [-75.57006240127356, 6.163311078055871], [-75.56999387749525, 6.163271922271786], [-75.56991556632501, 6.1632354346456495], [-75.56986077235881, 6.16321467782717], [-75.5698002563375, 6.163218238881682], [-75.56973885447637, 6.163237817509664], [-75.56965431210698, 6.163267185145987], [-75.56956887990223, 6.163303674994499], [-75.56949768767151, 6.163326813218965], [-75.5694127692483, 6.163364578057812], [-75.56934424490495, 6.163369027533391], [-75.56926237610031, 6.16337169880107], [-75.56920541774502, 6.163353009160569], [-75.56913600567425, 6.1633254208892705], [-75.56905082380564, 6.163278996794878], [-75.56899653705932, 6.16326208887127], [-75.56895115258975, 6.163252299352808], [-75.56889063728941, 6.16327009798168], [-75.56881054545845, 6.163282557374196], [-75.56873134289891, 6.163300355667284], [-75.56870202243412, 6.163303527536781], [-75.56870181104009, 6.163303336887809], [-75.56866556581178, 6.163313868014858], [-75.56866527356088, 6.163333103129405], [-75.56866479636349, 6.163334930796522], [-75.56867555770481, 6.163414879526569], [-75.56874026179425, 6.163542545783891], [-75.56883119780859, 6.163631734773655], [-75.5689945018441, 6.1636916799633745], [-75.56923583307315, 6.1637651294012255], [-75.56938098180427, 6.1638595672777425], [-75.56956157014841, 6.164021360944735], [-75.56970322186316, 6.164168261118686], [-75.56979415844555, 6.164308167675121], [-75.5698607358153, 6.164541496870754], [-75.56988172261268, 6.1647286234709116], [-75.5698576879813, 6.164958104342221], [-75.56977678482043, 6.16551938618121], [-75.56963337881601, 6.166202733866648], [-75.56958561171804, 6.1664352006929395], [-75.56944550098343, 6.166814156766021], [-75.56930077406945, 6.167065204957485], [-75.56928557680135, 6.167091565714618], [-75.56925942867855, 6.167171256658555], [-75.56917208417701, 6.167369921467409], [-75.56913472837394, 6.167445875624886], [-75.5690312673592, 6.167680555945898], [-75.56898769003105, 6.167781413564094], [-75.56886669992491, 6.168052355808069], [-75.56878078814374, 6.168240372564701], [-75.56864616850036, 6.168542492295029], [-75.56852663762777, 6.168786542501271], [-75.56844313348155, 6.168974075743463], [-75.56840867778308, 6.16909927553151], [-75.56854959314175, 6.169127076437447], [-75.56864860184844, 6.169130376934939], [-75.5688225764768, 6.169107286807454], [-75.56892092391604, 6.169110587733524], [-75.56897702929021, 6.169131709665804], [-75.56908230524506, 6.1691514867858315], [-75.56918197145174, 6.16916732831114], [-75.56926381881554, 6.169120463780515], [-75.56930304167366, 6.169108973308294], [-75.56938356707163, 6.169113592440804], [-75.56940600783655, 6.169110955381373], [-75.56942449089051, 6.16910303400885], [-75.56944693182126, 6.16907531015329], [-75.56950039639186, 6.1690060028485005], [-75.56952943849863, 6.168994123017413], [-75.56955676147436, 6.168998163531929], [-75.56962606562199, 6.169037107368399], [-75.56966698850259, 6.169041729562561], [-75.56972243233467, 6.169021927187936], [-75.56981974906988, 6.168984944711746], [-75.56985209042229, 6.168982303241423], [-75.56990093621306, 6.169008046576123], [-75.56994119852595, 6.169051611241699], [-75.56995460091215, 6.169108677109544], [-75.57006813077301, 6.16918920541088], [-75.57017703891107, 6.169201086488342], [-75.57021730155049, 6.169194484790829], [-75.5704084680954, 6.169157481247157], [-75.57054245695507, 6.169152200804072], [-75.57075410045738, 6.169142950664499], [-75.5708913913781, 6.169135690501022], [-75.57112085090002, 6.169166803284677], [-75.57125154143746, 6.169185284584207], [-75.57138553131256, 6.169214326888334], [-75.57144193516606, 6.169229344450046], [-75.5715305384128, 6.169306698228972], [-75.57158945518678, 6.169364946363501], [-75.57169402616815, 6.169471005638266], [-75.57184623222922, 6.169624644929985], [-75.5719642673159, 6.169736072649239], [-75.57204059063591, 6.169811728959604], [-75.5721739984602, 6.169942545605141], [-75.57225184501559, 6.170020478235295], [-75.57236499252393, 6.170059309150528], [-75.57242993644735, 6.170120902964866], [-75.57244533455238, 6.170140320762695], [-75.57247887548426, 6.17019683073877], [-75.5724909257059, 6.170281191149555], [-75.57249457508071, 6.170343132717849], [-75.57249751380238, 6.170442947405572], [-75.57253435427042, 6.170491509824289], [-75.57258555180539, 6.170537688367931], [-75.57265797735239, 6.170550246909348], [-75.57272976669358, 6.170571738225948], [-75.57279298230796, 6.170604812606454], [-75.57282613777323, 6.170651439965016], [-75.57286590895343, 6.170684513747308], [-75.57289102904294, 6.1707180064270615], [-75.57289818010676, 6.170750055345587], [-75.57288896937601, 6.170790245144057], [-75.5728713868822, 6.170840066919604], [-75.57287645482245, 6.170875855285372], [-75.57290366855064, 6.170928184526365], [-75.5729539962684, 6.170943861360793], [-75.57300004693685, 6.17093339356263], [-75.57305028393289, 6.170930461915822], [-75.57304986547815, 6.170945952829516]]]}, "properties": {"OBJECTID": 14, "SE_ANNO_CAD_DATA": null, "SHAPE.AREA": 0, "SHAPE.LEN": 0, "BARRIO": "018", "NOMBARRIO": "LA INMACULADA", "MUNICIPIO": 266, "nombre_barrio_estandarizado": "LA INMACULADA", "municipio_estandarizado": "envigado"}}, {"type": "Feature", "geometry": {"type": "Polygon", "coordinates": [[[-75.57565214075626, 6.170396931861569], [-75.57570347306513, 6.170450597917107], [-75.5759181329639, 6.170548592994224], [-75.57656371911389, 6.170747820324353], [-75.57715169964328, 6.170941476172739], [-75.57778685755339, 6.171133320523223], [-75.5777695240046, 6.171206305611394], [-75.57774989179828, 6.171263296766686], [-75.57770855406652, 6.1713271854729985], [-75.57751314237015, 6.1715752219548055], [-75.57753944758952, 6.171605285658366], [-75.57787015534278, 6.171706748818314], [-75.57824971670252, 6.1717781446486875], [-75.57868189074908, 6.171860815030199], [-75.57968528650942, 6.172059974092294], [-75.57998560907902, 6.17207005416212], [-75.58018034765304, 6.17204789371641], [-75.58022386511898, 6.172031283479443], [-75.58025682300264, 6.171928559610432], [-75.58029604710364, 6.171754690848701], [-75.58034753108961, 6.171129364209526], [-75.58042844604083, 6.170794629102821], [-75.58062359609137, 6.1704802507571666], [-75.58080750426227, 6.170127122673492], [-75.58080749986372, 6.169749987816779], [-75.58070082152993, 6.169470433679101], [-75.58048011827503, 6.169139383063995], [-75.58032853924544, 6.168876075809372], [-75.58027703821885, 6.168655373984064], [-75.58034323933921, 6.168243393763103], [-75.58051082663486, 6.167798875991499], [-75.5803638170011, 6.167692352958508], [-75.58022711481279, 6.167601219899768], [-75.58009455164228, 6.16750801445532], [-75.58001998816157, 6.167491444907962], [-75.57974451250769, 6.167443811520428], [-75.57958295686215, 6.167416890241621], [-75.5793861883456, 6.167365108926463], [-75.5793679466113, 6.167373920821442], [-75.57919502427244, 6.1673428775841925], [-75.57907411863836, 6.167348477244982], [-75.5789935026421, 6.167338408300861], [-75.57885680220936, 6.167361195163939], [-75.57875738109703, 6.167400551490455], [-75.57868281695605, 6.16741505340981], [-75.57862482267534, 6.167406766213409], [-75.57854611648733, 6.167365344144901], [-75.57845705192074, 6.167303206229581], [-75.57838455864433, 6.167255569178824], [-75.57829963529186, 6.167226573105116], [-75.57825406938336, 6.167226573123804], [-75.57814881055748, 6.167266987364735], [-75.57833735435344, 6.167377094650779], [-75.5783470461277, 6.16738679469235], [-75.57834933382615, 6.167390253503655], [-75.57835308174016, 6.167404453038025], [-75.57835300015985, 6.167415233773597], [-75.57835133189546, 6.167421440275894], [-75.57833500534593, 6.167455885506853], [-75.57835215229619, 6.16746445731201], [-75.57871540388054, 6.167600611417593], [-75.5785668113805, 6.167963547306314], [-75.57871541185656, 6.168092142869505], [-75.57944152495577, 6.16859379683931], [-75.57925863841949, 6.1688195627535025], [-75.57903066566924, 6.169109826777224], [-75.57873742613454, 6.169474882068231], [-75.57860669825982, 6.169645845396366], [-75.57876760431742, 6.169801084250388], [-75.57871659980333, 6.1698478999764355], [-75.5786341556757, 6.169921266455192], [-75.57851786785542, 6.17000244907575], [-75.57848852576132, 6.170012931264575], [-75.57843542418534, 6.170015028316898], [-75.57839140686934, 6.1700108368270286], [-75.57832852473165, 6.169986382990584], [-75.57825414794789, 6.169936402758993], [-75.5782241048743, 6.169909153519998], [-75.57814864387646, 6.169841378838361], [-75.57805920914866, 6.16977640125728], [-75.57799283355432, 6.169739371244019], [-75.57791558427456, 6.169726210265235], [-75.57783942702174, 6.169714335022701], [-75.57779540819443, 6.169722721149765], [-75.57776955711655, 6.169742283325283], [-75.57774230890422, 6.169771629977483], [-75.57770178565455, 6.16982124185743], [-75.57767174163585, 6.169847792142676], [-75.57763089568702, 6.169865972251955], [-75.5775875793117, 6.169880644707295], [-75.57754216264914, 6.169882045372161], [-75.5773133571057, 6.169853264124334], [-75.57727283231452, 6.169848373939432], [-75.57721484117202, 6.169833701098481], [-75.57717012346103, 6.169803658673339], [-75.57714916386946, 6.169796672098034], [-75.57697442890709, 6.169758814029883], [-75.57697717909518, 6.169741146579547], [-75.57693226817553, 6.169731495873631], [-75.57685304099603, 6.170317084197897], [-75.57650977086196, 6.170204103918098], [-75.57582726490607, 6.169924626216554], [-75.57580922297983, 6.169917055887705], [-75.57574303357626, 6.170121255564583], [-75.57565214075626, 6.170396931861569]]]}, "properties": {"OBJECTID": 15, "SE_ANNO_CAD_DATA": null, "SHAPE.AREA": 0, "SHAPE.LEN": 0, "BARRIO": "019", "NOMBARRIO": "LA SEBASTIANA", "MUNICIPIO": 266, "nombre_barrio_estandarizado": "LA SEBASTIANA", "municipio_estandarizado": "envigado"}}, {"type": "Feature", "geometry": {"type": "Polygon", "coordinates": [[[-75.58977198890784, 6.172065759224991], [-75.58997222926222, 6.172188896615861], [-75.59184514824695, 6.173265701978071], [-75.59241636425293, 6.1735795855005655], [-75.59277025670865, 6.173073268102979], [-75.59331356603802, 6.172459218975149], [-75.59402612388757, 6.171758504500429], [-75.59511891338744, 6.1705978641474495], [-75.5955140970204, 6.1702106246384325], [-75.59530250255992, 6.1700058734354375], [-75.59450836688603, 6.169186390982038], [-75.59395900507111, 6.168942884465588], [-75.59307412540848, 6.168647574176829], [-75.59183744876854, 6.168340697399886], [-75.5902547523291, 6.1679855764326765], [-75.59005900833019, 6.1682103452576325], [-75.59002809666508, 6.1682604125659966], [-75.58891672537864, 6.1700606175919015], [-75.58822475809106, 6.171114298442811], [-75.58977198890784, 6.172065759224991]]]}, "properties": {"OBJECTID": 16, "SE_ANNO_CAD_DATA": null, "SHAPE.AREA": 0, "SHAPE.LEN": 0, "BARRIO": "023", "NOMBARRIO": "ALCALA", "MUNICIPIO": 266, "nombre_barrio_estandarizado": "ALCALA", "municipio_estandarizado": "envigado"}}, {"type": "Feature", "geometry": {"type": "Polygon", "coordinates": [[[-75.58043750787466, 6.165930212190287], [-75.58045363229698, 6.166061507736752], [-75.58058606245531, 6.16654337323057], [-75.58069651660192, 6.1669979386215905], [-75.58065974116101, 6.16736577606335], [-75.58051242936574, 6.167794627156316], [-75.58051082663486, 6.167798875991499], [-75.58034323933921, 6.168243393763103], [-75.58027703821885, 6.168655373984064], [-75.58032853924544, 6.168876075809372], [-75.58048011827503, 6.169139383063995], [-75.58070082152993, 6.169470433679101], [-75.58080749986372, 6.169749987816779], [-75.58080750426227, 6.170127122673492], [-75.58062359609137, 6.1704802507571666], [-75.58042844604083, 6.170794629102821], [-75.58034753108961, 6.171129364209526], [-75.58029604710364, 6.171754690848701], [-75.58025682300264, 6.171928559610432], [-75.58039475179339, 6.171945109087613], [-75.58077542695159, 6.171790617994179], [-75.58161130758556, 6.171480057703515], [-75.58269815914096, 6.171038655467466], [-75.58365259950143, 6.170646907631675], [-75.58408493843152, 6.170358656313578], [-75.58394631560786, 6.17026175970759], [-75.58428550906129, 6.169718076053312], [-75.5843403285294, 6.169657467767132], [-75.58370704551473, 6.169269760783351], [-75.58343032211191, 6.169011492446772], [-75.58312899865908, 6.168722479585875], [-75.58276616715325, 6.167800078415784], [-75.58271529394165, 6.167543500977623], [-75.58095043632756, 6.166430501712836], [-75.58083106192332, 6.166206924759026], [-75.58068347237044, 6.165862562037784], [-75.58043750787466, 6.165930212190287]]]}, "properties": {"OBJECTID": 17, "SE_ANNO_CAD_DATA": null, "SHAPE.AREA": 0, "SHAPE.LEN": 0, "BARRIO": "020", "NOMBARRIO": "LOS NARANJOS", "MUNICIPIO": 266, "nombre_barrio_estandarizado": "LOS NARANJOS", "municipio_estandarizado": "envigado"}}, {"type": "Feature", "geometry": {"type": "Polygon", "coordinates": [[[-75.58083106192332, 6.166206924759026], [-75.58095043632756, 6.166430501712836], [-75.58271529394165, 6.167543500977623], [-75.58276616715325, 6.167800078415784], [-75.58312899865908, 6.168722479585875], [-75.58343032211191, 6.169011492446772], [-75.58370704551473, 6.169269760783351], [-75.5843403285294, 6.169657467767132], [-75.58436698217581, 6.1696280035717095], [-75.5843969224093, 6.169609776544644], [-75.58454531767659, 6.169396273745485], [-75.58482422249735, 6.168986711593645], [-75.58490121924416, 6.168841441265641], [-75.58522162498424, 6.168338456760684], [-75.58557391908411, 6.167775003400938], [-75.5856679336464, 6.167624018949283], [-75.58575328208259, 6.167469958404318], [-75.58601974107837, 6.16703691724306], [-75.58618901304156, 6.166773135693436], [-75.58652416865786, 6.166258898078696], [-75.5868407124645, 6.1657550746120355], [-75.58679791860772, 6.165721025884314], [-75.58671370066754, 6.165669390513533], [-75.58671975654863, 6.165659700990068], [-75.58662893710053, 6.165602842229734], [-75.58661676640683, 6.165538887815628], [-75.58655722761917, 6.165485637205917], [-75.58657671255904, 6.16546127703026], [-75.58646961495397, 6.165375470810828], [-75.58642459148997, 6.165418704745453], [-75.58633304230598, 6.165422802660558], [-75.58631195495725, 6.165449047486094], [-75.5862448718662, 6.165415598498465], [-75.58625396029468, 6.165405552511047], [-75.58621696923348, 6.165381523503994], [-75.58608988385431, 6.1652580742108], [-75.58598460169296, 6.165271730687274], [-75.58595531301104, 6.1652575223744375], [-75.58599705880803, 6.165170766489383], [-75.58604164815786, 6.165092936367637], [-75.58611475913446, 6.164966853431296], [-75.5861908360489, 6.164870664946739], [-75.58617936367602, 6.164734568575954], [-75.58608704502878, 6.16465443046353], [-75.58641938814564, 6.164300463722772], [-75.58640127984002, 6.16410916559935], [-75.58639103662053, 6.164027618302801], [-75.58635288601687, 6.163852647541354], [-75.58634179148686, 6.163790774484973], [-75.58630822845548, 6.163623724702666], [-75.5862937989814, 6.163585173257979], [-75.58629341873761, 6.163555730956302], [-75.58627574807606, 6.163499081052032], [-75.58621619546754, 6.1633439176930205], [-75.58607365256576, 6.163361481505903], [-75.58560330259489, 6.163812572390664], [-75.58541385794437, 6.164028130889123], [-75.58543009674771, 6.163979977488177], [-75.58547771946647, 6.163908101452413], [-75.58543381454732, 6.16393908496236], [-75.58538540853895, 6.163980546029741], [-75.58531220808861, 6.1640613438104195], [-75.58523971769517, 6.164161735044775], [-75.58523340439739, 6.164210036472214], [-75.58524546652264, 6.164245477659112], [-75.58526055918477, 6.164243601680769], [-75.58532282250628, 6.164298048086159], [-75.58531920248332, 6.164310643252989], [-75.58524061066186, 6.164620168529338], [-75.58519794296463, 6.1647292235470585], [-75.58529040321426, 6.164873838554847], [-75.58510549819938, 6.1651820436137585], [-75.58422399543888, 6.164620873462419], [-75.58369058298862, 6.164277127841034], [-75.5835032940883, 6.164108810527246], [-75.58343691797407, 6.164220237095077], [-75.58324879927706, 6.164493880744108], [-75.58299988729436, 6.164877951121795], [-75.58191489329307, 6.164205562876415], [-75.58146445811903, 6.1639590135760205], [-75.58104010508801, 6.163911608737716], [-75.58072914998058, 6.16380796257559], [-75.58071404219102, 6.16390031400692], [-75.58072854154337, 6.164282900900456], [-75.5807198525059, 6.164552454651277], [-75.58070368089909, 6.164705567632525], [-75.5806558683344, 6.164878452564214], [-75.58055288058512, 6.165014553533276], [-75.58047931786122, 6.165113872966416], [-75.58042046999121, 6.165397109896296], [-75.58037266039148, 6.165709774717005], [-75.58041312392844, 6.165820124024041], [-75.58043641541315, 6.1659252865969485], [-75.58043750787466, 6.165930212190287], [-75.58068347237044, 6.165862562037784], [-75.58083106192332, 6.166206924759026]]]}, "properties": {"OBJECTID": 18, "SE_ANNO_CAD_DATA": null, "SHAPE.AREA": 0, "SHAPE.LEN": 0, "BARRIO": "021", "NOMBARRIO": "MESA", "MUNICIPIO": 266, "nombre_barrio_estandarizado": "MESA", "municipio_estandarizado": "envigado"}}, {"type": "Feature", "geometry": {"type": "Polygon", "coordinates": [[[-75.58542300884896, 6.176521881159759], [-75.58551377730517, 6.176343529960929], [-75.58553188692527, 6.1762911154274995], [-75.5860090186017, 6.174910165072647], [-75.58658084050691, 6.173622618426985], [-75.58751882954316, 6.1721892354253365], [-75.58822475809106, 6.171114298442811], [-75.58891672537864, 6.1700606175919015], [-75.59002809666508, 6.1682604125659966], [-75.58993204293813, 6.1681771964157175], [-75.58974151487125, 6.168023101550292], [-75.58999086569422, 6.167818553080203], [-75.58992362144002, 6.167737301455632], [-75.58970976226107, 6.167410503357432], [-75.58919420596048, 6.166768895005598], [-75.5891437759754, 6.16681372760753], [-75.58898127824037, 6.1669902518150925], [-75.58889368837305, 6.1671376856038105], [-75.58823187861036, 6.16819778018343], [-75.58749740252915, 6.167755890301853], [-75.58798768634655, 6.166934922023774], [-75.58795003147684, 6.1667878790570985], [-75.58772745842755, 6.166501470069643], [-75.58752339457314, 6.166240164995867], [-75.58788124986843, 6.165887952986815], [-75.58763115009329, 6.165589550173712], [-75.58741437762667, 6.16542895437912], [-75.58728648716931, 6.165309594946314], [-75.58706480540248, 6.164996980653042], [-75.58668979942341, 6.16459808915753], [-75.58659043825322, 6.164572511432786], [-75.58651117871621, 6.164495681324499], [-75.58646172542058, 6.164438275344093], [-75.58641938814564, 6.164300463722772], [-75.58608704502878, 6.16465443046353], [-75.58617936367602, 6.164734568575954], [-75.5861908360489, 6.164870664946739], [-75.58611475913446, 6.164966853431296], [-75.58604164815786, 6.165092936367637], [-75.58599705880803, 6.165170766489383], [-75.58595531301104, 6.1652575223744375], [-75.58598460169296, 6.165271730687274], [-75.58608988385431, 6.1652580742108], [-75.58621696923348, 6.165381523503994], [-75.58625396029468, 6.165405552511047], [-75.5862448718662, 6.165415598498465], [-75.58631195495725, 6.165449047486094], [-75.58633304230598, 6.165422802660558], [-75.58642459148997, 6.165418704745453], [-75.58646961495397, 6.165375470810828], [-75.58657671255904, 6.16546127703026], [-75.58655722761917, 6.165485637205917], [-75.58661676640683, 6.165538887815628], [-75.58662893710053, 6.165602842229734], [-75.58671975654863, 6.165659700990068], [-75.58671370066754, 6.165669390513533], [-75.58679791860772, 6.165721025884314], [-75.5868407124645, 6.1657550746120355], [-75.58652416865786, 6.166258898078696], [-75.58618901304156, 6.166773135693436], [-75.58601974107837, 6.16703691724306], [-75.58575328208259, 6.167469958404318], [-75.5856679336464, 6.167624018949283], [-75.58557391908411, 6.167775003400938], [-75.58522162498424, 6.168338456760684], [-75.58490121924416, 6.168841441265641], [-75.58482422249735, 6.168986711593645], [-75.58454531767659, 6.169396273745485], [-75.5843969224093, 6.169609776544644], [-75.58436698217581, 6.1696280035717095], [-75.5843403285294, 6.169657467767132], [-75.58428550906129, 6.169718076053312], [-75.58394631560786, 6.17026175970759], [-75.58408493843152, 6.170358656313578], [-75.58429415306112, 6.170504899433497], [-75.58460822336312, 6.170751416799426], [-75.58466901529849, 6.170920268283732], [-75.5847878175544, 6.171198829637186], [-75.58514650902968, 6.1719676578560945], [-75.5851637023292, 6.172000831008457], [-75.58533901148925, 6.172339130479862], [-75.58548085244537, 6.172487718843567], [-75.58551800382362, 6.172656571895033], [-75.58552820123155, 6.1731247638096765], [-75.58553158764506, 6.173459096920418], [-75.58554437163771, 6.173469512198961], [-75.58562277157047, 6.173533389711201], [-75.58560588798863, 6.173624570726632], [-75.58552822357179, 6.17386772326109], [-75.5853859601085, 6.174423930009094], [-75.5852475208344, 6.175004794273433], [-75.58523402243517, 6.175271584136902], [-75.58531556675334, 6.176506948278101], [-75.58542300884896, 6.176521881159759]]]}, "properties": {"OBJECTID": 19, "SE_ANNO_CAD_DATA": null, "SHAPE.AREA": 0, "SHAPE.LEN": 0, "BARRIO": "022", "NOMBARRIO": "CENTRO", "MUNICIPIO": 266, "nombre_barrio_estandarizado": "CENTRO", "municipio_estandarizado": "envigado"}}, {"type": "Feature", "geometry": {"type": "Polygon", "coordinates": [[[-75.58247772029544, 6.17315328873191], [-75.58395102976996, 6.172573521019449], [-75.58440066503724, 6.1723326230374065], [-75.5851637023292, 6.172000831008457], [-75.58514650902968, 6.1719676578560945], [-75.5847878175544, 6.171198829637186], [-75.58466901529849, 6.170920268283732], [-75.58460822336312, 6.170751416799426], [-75.58429415306112, 6.170504899433497], [-75.58408493843152, 6.170358656313578], [-75.58365259950143, 6.170646907631675], [-75.58269815914096, 6.171038655467466], [-75.58161130758556, 6.171480057703515], [-75.58077542695159, 6.171790617994179], [-75.58039475179339, 6.171945109087613], [-75.58025682300264, 6.171928559610432], [-75.58022386511898, 6.172031283479443], [-75.58024225078624, 6.1721305524900165], [-75.58027546922736, 6.172543267649782], [-75.58031237895923, 6.172845733278846], [-75.580339963618, 6.173169281291876], [-75.58036576376105, 6.1733649350832405], [-75.58041356458807, 6.173484426817837], [-75.58053121981374, 6.173631490629529], [-75.58077030403719, 6.173911318845408], [-75.58097629911784, 6.173766897079429], [-75.58110901758289, 6.173687532602806], [-75.58171605146953, 6.1734530136612555], [-75.58247772029544, 6.17315328873191]]]}, "properties": {"OBJECTID": 20, "SE_ANNO_CAD_DATA": null, "SHAPE.AREA": 0, "SHAPE.LEN": 0, "BARRIO": "026", "NOMBARRIO": "OBRERO", "MUNICIPIO": 266, "nombre_barrio_estandarizado": "OBRERO", "municipio_estandarizado": "envigado"}}, {"type": "Feature", "geometry": {"type": "Polygon", "coordinates": [[[-75.58554437163771, 6.173469512198961], [-75.58553158764506, 6.173459096920418], [-75.58552820123155, 6.1731247638096765], [-75.58551800382362, 6.172656571895033], [-75.58548085244537, 6.172487718843567], [-75.58533901148925, 6.172339130479862], [-75.5851637023292, 6.172000831008457], [-75.58440066503724, 6.1723326230374065], [-75.58395102976996, 6.172573521019449], [-75.58247772029544, 6.17315328873191], [-75.58293135307049, 6.174307920155576], [-75.58358975546415, 6.174107162212578], [-75.58376639895914, 6.1740108031573175], [-75.58523575450003, 6.173520958997824], [-75.58554437163771, 6.173469512198961]]]}, "properties": {"OBJECTID": 21, "SE_ANNO_CAD_DATA": null, "SHAPE.AREA": 0, "SHAPE.LEN": 0, "BARRIO": "027", "NOMBARRIO": "BUCAREST", "MUNICIPIO": 266, "nombre_barrio_estandarizado": "BUCAREST", "municipio_estandarizado": "envigado"}}, {"type": "Feature", "geometry": {"type": "Polygon", "coordinates": [[[-75.58553188692527, 6.1762911154274995], [-75.58641283890616, 6.176365419400786], [-75.58627347886855, 6.176758952430046], [-75.58630354059036, 6.176791745521132], [-75.5863937250884, 6.176808139031479], [-75.5868801759507, 6.177133331152718], [-75.58732153536141, 6.177406147109173], [-75.58769551119286, 6.1776832576100205], [-75.58843058227328, 6.176647976166741], [-75.58826173539332, 6.1761026494483025], [-75.58820097292252, 6.175859641772073], [-75.58821398773316, 6.175738136914827], [-75.58833547892628, 6.175460407898456], [-75.58830944159564, 6.175417013998417], [-75.58838320714499, 6.175273810285293], [-75.58850946286768, 6.175107157831586], [-75.58856586795343, 6.174950934884575], [-75.58857019848237, 6.174720946531634], [-75.58855283422123, 6.174525671048636], [-75.58849207306078, 6.174321718734081], [-75.58849641078409, 6.174230589835407], [-75.58940810967964, 6.172752474484746], [-75.58941741717258, 6.172736204571449], [-75.58937283688637, 6.172712069246276], [-75.58940064734477, 6.172653032199204], [-75.5895375012385, 6.172435822793332], [-75.58977198890784, 6.172065759224991], [-75.58822475809106, 6.171114298442811], [-75.58751882954316, 6.1721892354253365], [-75.58658084050691, 6.173622618426985], [-75.5860090186017, 6.174910165072647], [-75.58553188692527, 6.1762911154274995]]]}, "properties": {"OBJECTID": 22, "SE_ANNO_CAD_DATA": null, "SHAPE.AREA": 0, "SHAPE.LEN": 0, "BARRIO": "025", "NOMBARRIO": "SAN MARCOS", "MUNICIPIO": 266, "nombre_barrio_estandarizado": "SAN MARCOS", "municipio_estandarizado": "envigado"}}, {"type": "Feature", "geometry": {"type": "Polygon", "coordinates": [[[-75.58769551119286, 6.1776832576100205], [-75.58800748980194, 6.177914429405303], [-75.58888318181262, 6.178559954942464], [-75.58892778507443, 6.178495247876301], [-75.58975015184629, 6.177362314449476], [-75.59047983955169, 6.176349046308363], [-75.59123612056604, 6.175269036214904], [-75.5919879914414, 6.174197534345521], [-75.59241636425293, 6.1735795855005655], [-75.59184514824695, 6.173265701978071], [-75.58997222926222, 6.172188896615861], [-75.58977198890784, 6.172065759224991], [-75.5895375012385, 6.172435822793332], [-75.58940064734477, 6.172653032199204], [-75.58937283688637, 6.172712069246276], [-75.58941741717258, 6.172736204571449], [-75.58940810967964, 6.172752474484746], [-75.58849641078409, 6.174230589835407], [-75.58849207306078, 6.174321718734081], [-75.58855283422123, 6.174525671048636], [-75.58857019848237, 6.174720946531634], [-75.58856586795343, 6.174950934884575], [-75.58850946286768, 6.175107157831586], [-75.58838320714499, 6.175273810285293], [-75.58830944159564, 6.175417013998417], [-75.58833547892628, 6.175460407898456], [-75.58821398773316, 6.175738136914827], [-75.58820097292252, 6.175859641772073], [-75.58826173539332, 6.1761026494483025], [-75.58843058227328, 6.176647976166741], [-75.58769551119286, 6.1776832576100205]]]}, "properties": {"OBJECTID": 23, "SE_ANNO_CAD_DATA": null, "SHAPE.AREA": 0, "SHAPE.LEN": 0, "BARRIO": "024", "NOMBARRIO": "EL PORTAL", "MUNICIPIO": 266, "nombre_barrio_estandarizado": "EL PORTAL", "municipio_estandarizado": "envigado"}}, {"type": "Feature", "geometry": {"type": "Polygon", "coordinates": [[[-75.58031065951917, 6.17634152318699], [-75.58030751485646, 6.176267846397232], [-75.58041972011134, 6.176058382118356], [-75.58051290686458, 6.175877198632767], [-75.58056954182996, 6.175723306060678], [-75.58063904966998, 6.17550139994123], [-75.58069034065647, 6.175318655914123], [-75.58073433873831, 6.175165147444735], [-75.58078990352564, 6.1749898829900385], [-75.5808604860993, 6.174731765781065], [-75.5809225266281, 6.174521756653017], [-75.58095992675216, 6.174414888554894], [-75.58093964617747, 6.174216553732613], [-75.58088727836068, 6.174074422471551], [-75.58077030403719, 6.173911318845408], [-75.58053121981374, 6.173631490629529], [-75.58041356458807, 6.173484426817837], [-75.58036576376105, 6.1733649350832405], [-75.580339963618, 6.173169281291876], [-75.58031237895923, 6.172845733278846], [-75.58027546922736, 6.172543267649782], [-75.58024225078624, 6.1721305524900165], [-75.58022386511898, 6.172031283479443], [-75.58018034765304, 6.17204789371641], [-75.57998560907902, 6.17207005416212], [-75.57968662826853, 6.172133757322763], [-75.57955109245572, 6.172176775381022], [-75.57936973508514, 6.172232012771804], [-75.57916419006946, 6.172327252058401], [-75.57908752569779, 6.172377540117288], [-75.57893818388104, 6.172579965807725], [-75.57888460496602, 6.172697027229188], [-75.57887233871482, 6.172782384589413], [-75.57904050197061, 6.1730255762029325], [-75.57918745225938, 6.1732346219221785], [-75.57916116754348, 6.173345451172913], [-75.5791107348064, 6.173330140857404], [-75.57907628845251, 6.173320415332205], [-75.57893415226522, 6.173767114013894], [-75.57856549462755, 6.173658567224512], [-75.57839052655828, 6.17422542283414], [-75.57838768995668, 6.1744174792111295], [-75.57841186808322, 6.174514188861315], [-75.57845297112844, 6.1746205688494475], [-75.57854001080436, 6.174693103123583], [-75.57878039997424, 6.174941493739867], [-75.57887344170622, 6.175072277170769], [-75.57877458592503, 6.175127337143456], [-75.57880394816839, 6.17520251788362], [-75.57895921308551, 6.175407695221476], [-75.57923078637599, 6.175762430183144], [-75.57940003316746, 6.1760046268799185], [-75.57949309704996, 6.176091030149805], [-75.5797166501324, 6.176377328535481], [-75.579787245269, 6.1764322329493115], [-75.57990490448374, 6.1764400737136596], [-75.580093152692, 6.176400849672831], [-75.58031065951917, 6.17634152318699]]]}, "properties": {"OBJECTID": 24, "SE_ANNO_CAD_DATA": null, "SHAPE.AREA": 0, "SHAPE.LEN": 0, "BARRIO": "029", "NOMBARRIO": "LAS FLORES", "MUNICIPIO": 266, "nombre_barrio_estandarizado": "LAS FLORES", "municipio_estandarizado": "envigado"}}, {"type": "Feature", "geometry": {"type": "Polygon", "coordinates": [[[-75.56636320934997, 6.173782902501786], [-75.56640924133607, 6.173659088727989], [-75.56648344161684, 6.1735793493452595], [-75.56659529285884, 6.173567167678741], [-75.56680127794145, 6.173600392048721], [-75.56692030200144, 6.173601386347928], [-75.56707977704086, 6.173600280495098], [-75.56711964453619, 6.173613570884105], [-75.5671710785904, 6.173697371893112], [-75.56720278911898, 6.173894092827218], [-75.56725149526773, 6.173961616085519], [-75.56734115698225, 6.173967705499914], [-75.56746987840536, 6.173937173154798], [-75.56762429851955, 6.173898428709562], [-75.56774970808218, 6.173868434862336], [-75.56793678160106, 6.173817515497637], [-75.56797078921869, 6.1738135921052315], [-75.568210713783, 6.17382520327447], [-75.56838229048662, 6.17385343068679], [-75.56843228772826, 6.173862505980635], [-75.5685402152398, 6.1739383329133855], [-75.568576377025, 6.173971260809799], [-75.5686599498561, 6.174052069328081], [-75.56870865665708, 6.174076974273381], [-75.56875648548656, 6.1740994604799], [-75.56887548054176, 6.174216799581362], [-75.56893593396113, 6.174268001201503], [-75.56898297741856, 6.17434548901266], [-75.56901286435794, 6.174411905870135], [-75.56902511474641, 6.17443551949817], [-75.56904393277587, 6.17451632874033], [-75.56907271359108, 6.174601011817807], [-75.56911755597578, 6.174647658929026], [-75.56918206922046, 6.1746709667649595], [-75.56932984605542, 6.1746798218624575], [-75.56951547828425, 6.174681093130123], [-75.56971205001453, 6.17468572352882], [-75.56980179519209, 6.17471136669764], [-75.56984527656593, 6.1747732425124715], [-75.56986708029986, 6.174873898364639], [-75.56992907526954, 6.175014669009813], [-75.57004725100754, 6.175131172615704], [-75.57010152975043, 6.175172166804139], [-75.57019740541884, 6.175239617146199], [-75.57025958234547, 6.175244134573692], [-75.57040339641952, 6.175256397894783], [-75.57051293402638, 6.175264234955653], [-75.57071583574898, 6.175267020685459], [-75.57081426112343, 6.175265480803653], [-75.57103890440432, 6.175352439006837], [-75.57120700738491, 6.175427883792137], [-75.57131186070768, 6.175558032647896], [-75.57137120675793, 6.17566028332827], [-75.57147767546446, 6.175696515345991], [-75.5716145012391, 6.175746952096578], [-75.57163624098001, 6.175756427632203], [-75.57171595363863, 6.175810499231363], [-75.57178585490936, 6.175852389513391], [-75.57185385963096, 6.175894753657133], [-75.57193815731692, 6.175988212393939], [-75.57201006621993, 6.176034477764586], [-75.57207695805118, 6.176076842724899], [-75.57219265899697, 6.17609079285068], [-75.57229355561154, 6.176108630732314], [-75.5724359520082, 6.176133159724938], [-75.57270148440254, 6.176114883633636], [-75.57280070659787, 6.176119341727686], [-75.57292811606479, 6.1760611518446344], [-75.57303681417292, 6.17601432649528], [-75.57317317248256, 6.175986307995138], [-75.57326012929937, 6.175978503506426], [-75.57334039850011, 6.175974043955872], [-75.57348055235333, 6.175976256993378], [-75.57360151395518, 6.175999109242419], [-75.57363521240305, 6.176024503891027], [-75.57373109128336, 6.176088052178941], [-75.5738091302179, 6.176140448943384], [-75.57387845754803, 6.176200946015644], [-75.5739592845785, 6.176273411810281], [-75.57404305468027, 6.1763800695957825], [-75.57415087391641, 6.176446932216064], [-75.57423170103968, 6.176422961344633], [-75.57429647947616, 6.176337928157038], [-75.57434385923666, 6.176245393885166], [-75.57442203236403, 6.1761532258669405], [-75.5744855798402, 6.17613984777872], [-75.57452905785041, 6.176148206246106], [-75.57456919374387, 6.176179422724633], [-75.57461724576835, 6.176243356954102], [-75.57464623358642, 6.1763336599514], [-75.57465350458283, 6.176451000934925], [-75.57467806637386, 6.176543247449034], [-75.57470752731976, 6.176664699461756], [-75.5747622361961, 6.1766963028075645], [-75.57483574294231, 6.176710348100641], [-75.57494100469673, 6.176734567018338], [-75.57497690448449, 6.1767386170703125], [-75.57510669604999, 6.176746999557522], [-75.57514571358575, 6.176769604497803], [-75.57519663632799, 6.176796306969267], [-75.57520595127414, 6.1768050025919665], [-75.57524197298643, 6.176874245927882], [-75.57524714167705, 6.1769009014793035], [-75.57525683522793, 6.1769598698754775], [-75.57525793251226, 6.176982040972203], [-75.57531218415458, 6.177023319301961], [-75.57539851327446, 6.177058321559123], [-75.57551941020736, 6.177093357055732], [-75.57560737243239, 6.177113755740568], [-75.57580692775453, 6.177160737362714], [-75.57588947793272, 6.177223515167434], [-75.57598391594505, 6.177308269809826], [-75.5760732594556, 6.177336892528276], [-75.57602820677569, 6.1774330997551425], [-75.57598822586543, 6.1774810158117734], [-75.5760030244175, 6.177496669831625], [-75.57604995209411, 6.177564716532966], [-75.57604995363262, 6.177611344912314], [-75.57607151084919, 6.177643945872537], [-75.5761538182051, 6.177668272060807], [-75.57620490339896, 6.17768651674448], [-75.57628506319682, 6.177715449701228], [-75.57640669747411, 6.177762074465319], [-75.57648434249838, 6.177788050543034], [-75.57656624321656, 6.17780021139702], [-75.57663071012053, 6.1777957518911375], [-75.57674544231318, 6.177771896536252], [-75.57670190047556, 6.177735994669797], [-75.57645928666574, 6.177565591678774], [-75.57637922326676, 6.17745257802593], [-75.57629684973972, 6.17733931606751], [-75.5762360988267, 6.177254989544739], [-75.5762022672588, 6.177194453857317], [-75.57613638623891, 6.177035987043512], [-75.57597969841815, 6.176836570056674], [-75.57586701135746, 6.176718076388493], [-75.57551268944394, 6.176504417904816], [-75.57523259355585, 6.176349096706544], [-75.57500468762616, 6.176219120962959], [-75.57497755991982, 6.1761985468648275], [-75.57494510185283, 6.176143280625588], [-75.57491176500892, 6.176052920063632], [-75.57488544274217, 6.1759537865978364], [-75.57482393998268, 6.175755887107276], [-75.57477359100244, 6.1755254794738805], [-75.57473544774572, 6.17541105085739], [-75.57467262687132, 6.175314573969793], [-75.57462775200361, 6.175247265636864], [-75.57462101136427, 6.1752102884403195], [-75.57462325042741, 6.174988164386744], [-75.57451656283128, 6.174903417903583], [-75.57441010202247, 6.174872699618722], [-75.57435122175038, 6.174847084238975], [-75.57427417638155, 6.174757414279212], [-75.57419763733638, 6.174611182861323], [-75.5741762188267, 6.1745520767410556], [-75.57419186144547, 6.174502208262252], [-75.57424466098595, 6.174441583005441], [-75.57428573059212, 6.174415180992504], [-75.57445488899593, 6.174339888763306], [-75.57485432515833, 6.174176593386878], [-75.57482291310116, 6.17409491083978], [-75.57480159382601, 6.174113169968617], [-75.57474038049048, 6.174075067758428], [-75.57462407410232, 6.1740291668079506], [-75.57451011381136, 6.1739825375255], [-75.57450713227237, 6.173990287350592], [-75.57448378903473, 6.173981344056407], [-75.57440552722146, 6.174010997259946], [-75.57432730494045, 6.17404808731042], [-75.57428187337305, 6.173960868085804], [-75.57431481939423, 6.17387655502253], [-75.57431100212267, 6.173702723269065], [-75.57425274098169, 6.173660317677649], [-75.57416075719638, 6.173697606277693], [-75.57406500068, 6.173715377536626], [-75.5739854875561, 6.173624567574257], [-75.57398672717002, 6.173526435211647], [-75.574022614707, 6.173219238776351], [-75.57393928579435, 6.173148405032409], [-75.57391598196762, 6.17303483562485], [-75.57372545981477, 6.173045263845145], [-75.57372170586115, 6.173010359694532], [-75.57370570702318, 6.172939348438699], [-75.57363574716582, 6.172886359976562], [-75.57360153228551, 6.1728533001483035], [-75.57359994222175, 6.1727836783848185], [-75.57367643027169, 6.172702681581989], [-75.57367768969853, 6.1726621243086095], [-75.57366655094593, 6.172643687725637], [-75.57360070039488, 6.172640445040351], [-75.57354808687425, 6.172629036761777], [-75.57349002716344, 6.172601182284068], [-75.57349022163284, 6.172556336628805], [-75.5735306217431, 6.172484461282594], [-75.57356855103001, 6.172413673756676], [-75.57353608013412, 6.172378843401174], [-75.57353661191075, 6.172337251746837], [-75.57357083852044, 6.172238056614561], [-75.57357436143711, 6.172195937874509], [-75.57357083280797, 6.172158861903558], [-75.5735221944344, 6.172072511463516], [-75.5735453200594, 6.172057547211989], [-75.57355247918532, 6.172031755039013], [-75.57328687537884, 6.171888095697887], [-75.57322626995628, 6.171821656911189], [-75.57320862795622, 6.171744254385213], [-75.5731550865453, 6.17167385133655], [-75.57318346171023, 6.171666040202743], [-75.57312371243506, 6.171532366318918], [-75.57311527493422, 6.17151752668071], [-75.57306294438564, 6.171447193696689], [-75.57303018601009, 6.171402565216806], [-75.57301008971096, 6.171364467241042], [-75.57298078394913, 6.171314229352437], [-75.57296817473963, 6.171258761935546], [-75.57301087494312, 6.171191777499871], [-75.57302013193588, 6.171166415477151], [-75.57304190059902, 6.171097337110333], [-75.57304986547815, 6.170945952829516], [-75.57305028393289, 6.170930461915822], [-75.57300004693685, 6.17093339356263], [-75.5729539962684, 6.170943861360793], [-75.57290366855064, 6.170928184526365], [-75.57287645482245, 6.170875855285372], [-75.5728713868822, 6.170840066919604], [-75.57288896937601, 6.170790245144057], [-75.57289818010676, 6.170750055345587], [-75.57289102904294, 6.1707180064270615], [-75.57286590895343, 6.170684513747308], [-75.57282613777323, 6.170651439965016], [-75.57279298230796, 6.170604812606454], [-75.57272976669358, 6.170571738225948], [-75.57265797735239, 6.170550246909348], [-75.57258555180539, 6.170537688367931], [-75.57253435427042, 6.170491509824289], [-75.57249751380238, 6.170442947405572], [-75.57249457508071, 6.170343132717849], [-75.5724909257059, 6.170281191149555], [-75.57247887548426, 6.17019683073877], [-75.57244533455238, 6.170140320762695], [-75.57242993644735, 6.170120902964866], [-75.57236499252393, 6.170059309150528], [-75.57225184501559, 6.170020478235295], [-75.5721739984602, 6.169942545605141], [-75.57204059063591, 6.169811728959604], [-75.5719642673159, 6.169736072649239], [-75.57184623222922, 6.169624644929985], [-75.57169402616815, 6.169471005638266], [-75.57158945518678, 6.169364946363501], [-75.5715305384128, 6.169306698228972], [-75.57144193516606, 6.169229344450046], [-75.57138553131256, 6.169214326888334], [-75.57125154143746, 6.169185284584207], [-75.57112085090002, 6.169166803284677], [-75.5708913913781, 6.169135690501022], [-75.57075410045738, 6.169142950664499], [-75.57054245695507, 6.169152200804072], [-75.5704084680954, 6.169157481247157], [-75.57021730155049, 6.169194484790829], [-75.57017703891107, 6.169201086488342], [-75.57006813077301, 6.16918920541088], [-75.56995460091215, 6.169108677109544], [-75.56994119852595, 6.169051611241699], [-75.56990093621306, 6.169008046576123], [-75.56985209042229, 6.168982303241423], [-75.56981974906988, 6.168984944711746], [-75.56972243233467, 6.169021927187936], [-75.56966698850259, 6.169041729562561], [-75.56962606562199, 6.169037107368399], [-75.56955676147436, 6.168998163531929], [-75.56952943849863, 6.168994123017413], [-75.56950039639186, 6.1690060028485005], [-75.56944693182126, 6.16907531015329], [-75.56942449089051, 6.16910303400885], [-75.56940600783655, 6.169110955381373], [-75.56938356707163, 6.169113592440804], [-75.56930304167366, 6.169108973308294], [-75.56926381881554, 6.169120463780515], [-75.56918197145174, 6.16916732831114], [-75.56908230524506, 6.1691514867858315], [-75.56897702929021, 6.169131709665804], [-75.56892092391604, 6.169110587733524], [-75.5688225764768, 6.169107286807454], [-75.56864860184844, 6.169130376934939], [-75.56854959314175, 6.169127076437447], [-75.56840867778308, 6.16909927553151], [-75.568405782659, 6.16910979688545], [-75.56839210354829, 6.169284822344786], [-75.56839085869542, 6.16937820955914], [-75.56843070279706, 6.169528872713957], [-75.56846820642683, 6.169617849936528], [-75.56854664899637, 6.169736140154404], [-75.56868881769651, 6.169893555803482], [-75.56882702691381, 6.1700554268782195], [-75.5689230487942, 6.170216851452905], [-75.56896538355524, 6.170326425845113], [-75.56901145176427, 6.170474596966387], [-75.56905881445428, 6.170614696401525], [-75.56910986295622, 6.170776565789876], [-75.56914842041253, 6.1709628779681305], [-75.56914219539557, 6.171053772170898], [-75.56912102808882, 6.171130972773869], [-75.56903635897994, 6.171254242455372], [-75.5689237747412, 6.171315678478567], [-75.56862369961908, 6.171436458336342], [-75.56847258154599, 6.171478093479058], [-75.56830075482823, 6.17155529254445], [-75.5681040242953, 6.171647435295288], [-75.56802184563722, 6.171724633820142], [-75.56796686939055, 6.171847379550339], [-75.5679457056467, 6.171965667659574], [-75.56790699905237, 6.172206612174978], [-75.56789703938841, 6.172301243922183], [-75.56789454718896, 6.172456887725877], [-75.56782214289353, 6.1726181316780675], [-75.56778105330376, 6.1727077820290415], [-75.56770385367476, 6.172788716689088], [-75.56758873396475, 6.172845246582013], [-75.56749534896203, 6.172877618125173], [-75.56730359832721, 6.1729336507465415], [-75.56703288942985, 6.17299006700539], [-75.5667913325085, 6.173056060627106], [-75.56655724754609, 6.1730996390369395], [-75.56644767633246, 6.173151936138459], [-75.56635660469684, 6.173212273616258], [-75.56627193583688, 6.173306906008993], [-75.56623209041888, 6.17339780072971], [-75.56621465955689, 6.173503638717849], [-75.56624080490955, 6.17360823040557], [-75.56629559008977, 6.173716559784231], [-75.56636320934997, 6.173782902501786]]]}, "properties": {"OBJECTID": 25, "SE_ANNO_CAD_DATA": null, "SHAPE.AREA": 0, "SHAPE.LEN": 0, "BARRIO": "031", "NOMBARRIO": "EL ESMERALDAL", "MUNICIPIO": 266, "nombre_barrio_estandarizado": "EL ESMERALDAL", "municipio_estandarizado": "envigado"}}, {"type": "Feature", "geometry": {"type": "Polygon", "coordinates": [[[-75.58031094042899, 6.176348042996114], [-75.5806652838404, 6.176226351223154], [-75.58075864599726, 6.176756260085778], [-75.5811037496848, 6.176663956698284], [-75.58168962177432, 6.176479347886553], [-75.5834858578004, 6.175881808348448], [-75.58361829352299, 6.176271055543384], [-75.58531556675334, 6.176506948278101], [-75.58523402243517, 6.175271584136902], [-75.5852475208344, 6.175004794273433], [-75.5853859601085, 6.174423930009094], [-75.58552822357179, 6.17386772326109], [-75.58560588798863, 6.173624570726632], [-75.58562277157047, 6.173533389711201], [-75.58554437163771, 6.173469512198961], [-75.58523575450003, 6.173520958997824], [-75.58376639895914, 6.1740108031573175], [-75.58358975546415, 6.174107162212578], [-75.58293135307049, 6.174307920155576], [-75.58247772029544, 6.17315328873191], [-75.58171605146953, 6.1734530136612555], [-75.58110901758289, 6.173687532602806], [-75.58097629911784, 6.173766897079429], [-75.58077030403719, 6.173911318845408], [-75.58088727836068, 6.174074422471551], [-75.58093964617747, 6.174216553732613], [-75.58095992675216, 6.174414888554894], [-75.5809225266281, 6.174521756653017], [-75.5808604860993, 6.174731765781065], [-75.58078990352564, 6.1749898829900385], [-75.58073433873831, 6.175165147444735], [-75.58069034065647, 6.175318655914123], [-75.58063904966998, 6.17550139994123], [-75.58056954182996, 6.175723306060678], [-75.58051290686458, 6.175877198632767], [-75.58041972011134, 6.176058382118356], [-75.58030751485646, 6.176267846397232], [-75.58031065951917, 6.17634152318699], [-75.58031094042899, 6.176348042996114]]]}, "properties": {"OBJECTID": 26, "SE_ANNO_CAD_DATA": null, "SHAPE.AREA": 0, "SHAPE.LEN": 0, "BARRIO": "028", "NOMBARRIO": "LA MAGNOLIA", "MUNICIPIO": 266, "nombre_barrio_estandarizado": "LA MAGNOLIA", "municipio_estandarizado": "envigado"}}, {"type": "Feature", "geometry": {"type": "Polygon", "coordinates": [[[-75.57668128729067, 6.1820098751966865], [-75.5767307924321, 6.182026885998704], [-75.57675021082422, 6.182033558012022], [-75.57683096706653, 6.182100997347927], [-75.57697531682109, 6.182202701423852], [-75.57731198399796, 6.182452931734883], [-75.57742083206901, 6.182520731879264], [-75.57780130903265, 6.182758305275786], [-75.57786020418328, 6.182795911582873], [-75.57797095005132, 6.1828655195616715], [-75.57840138242464, 6.183135366265269], [-75.57886568711159, 6.183414071668352], [-75.5789979328312, 6.183497961665885], [-75.57921220027984, 6.183623076555464], [-75.57930379538833, 6.183630308348699], [-75.57944977106496, 6.1837284811636195], [-75.57945654638654, 6.183730741925356], [-75.57950003120658, 6.183745600947688], [-75.58003834973911, 6.183111747926511], [-75.58004422384245, 6.183098804525842], [-75.57970336130583, 6.182837591586382], [-75.57969597986052, 6.182831794269439], [-75.57967784959389, 6.182731211408297], [-75.57965388671286, 6.1827132415330395], [-75.5796425726729, 6.182709249786549], [-75.5795893225401, 6.182701262207451], [-75.57957301660173, 6.182700263719941], [-75.57950062027612, 6.182685481776229], [-75.57947865640452, 6.18267549792278], [-75.57942207912483, 6.182645879034923], [-75.5793729911309, 6.182604425444552], [-75.57932972670818, 6.1825591653924326], [-75.57929977359693, 6.182528880181136], [-75.57925434433703, 6.182469932813294], [-75.579245068861, 6.182457302554826], [-75.57922644571183, 6.182428329303797], [-75.57920398794477, 6.182388201966728], [-75.57918185017945, 6.182350354084167], [-75.57916274193548, 6.18231019872727], [-75.57914776315646, 6.182278287576106], [-75.57914334466706, 6.1822674437143705], [-75.57913471553424, 6.182229183977187], [-75.57913003800758, 6.182200308460159], [-75.57912265366313, 6.182167072112719], [-75.5791150436149, 6.182137218144673], [-75.57910765749521, 6.182112188199619], [-75.57909613931304, 6.182071853140752], [-75.57908957570645, 6.182047848956356], [-75.57907785537999, 6.182012028982104], [-75.57907436837263, 6.1819997177839445], [-75.57906431315492, 6.181985563395798], [-75.57904209794987, 6.1819568923521775], [-75.57902096536492, 6.18193165790931], [-75.57900455021796, 6.181910732044051], [-75.57898132194296, 6.181880670907148], [-75.5789651129414, 6.181856053556406], [-75.57894477247079, 6.18182352108984], [-75.5789302061973, 6.181793771398387], [-75.57891314580334, 6.181764963213873], [-75.57888909579599, 6.181723408784479], [-75.5788737077638, 6.181698378794835], [-75.57886320884681, 6.181670769219025], [-75.57884638444592, 6.181631378450883], [-75.57882379176156, 6.181574018925785], [-75.578793720367, 6.181495443326102], [-75.57876328486519, 6.18144612212497], [-75.57870861881399, 6.181349857178747], [-75.57866454392236, 6.181293713923138], [-75.57858147312312, 6.18118633363149], [-75.57853897051744, 6.181117597831311], [-75.57847483709944, 6.181008594980734], [-75.57843285994683, 6.180940908967782], [-75.57840872376906, 6.180905229661565], [-75.57838444887017, 6.180866088371984], [-75.578361885588, 6.180844051337525], [-75.57832568170974, 6.180810468392866], [-75.57829314914085, 6.180771118538918], [-75.57828212793133, 6.180752228674806], [-75.57853597439994, 6.180711191764713], [-75.57858633003855, 6.180637519262092], [-75.57857567815878, 6.180491619652291], [-75.57858311530703, 6.180489159705948], [-75.57858977111499, 6.180474592400457], [-75.57856654165755, 6.180369303934902], [-75.5785492481738, 6.180215534824437], [-75.57861390169245, 6.180213199567271], [-75.57862906954423, 6.180107020501144], [-75.5786533030278, 6.180077765090757], [-75.57866371319498, 6.180013973728292], [-75.5786362737281, 6.179977221024075], [-75.57859200777214, 6.1799408998428005], [-75.57859076290477, 6.1797601888169025], [-75.57844896059092, 6.179754749819418], [-75.57843869710955, 6.179754091714347], [-75.57843559765428, 6.179710254905824], [-75.57841091454544, 6.1796532128396], [-75.5784012092198, 6.179540627833118], [-75.57837454709329, 6.179476915060391], [-75.57837009458501, 6.179468920119244], [-75.57834350161002, 6.179421161434638], [-75.5783352665158, 6.179409758352167], [-75.57829661669543, 6.179374911561791], [-75.57824466332863, 6.179351470173813], [-75.57816780813702, 6.179346310881997], [-75.57809368214676, 6.1793583485487495], [-75.57798133541567, 6.17935829318546], [-75.57782897613788, 6.179379257528511], [-75.57774281201773, 6.179394465408855], [-75.57764904460934, 6.179395732955709], [-75.57758169821325, 6.179381085169073], [-75.57743724381842, 6.179320265250106], [-75.57731154185228, 6.1792675905864085], [-75.57735016943863, 6.17910529125662], [-75.57735377997328, 6.179078199929915], [-75.57725986440366, 6.178883150807777], [-75.57716703605283, 6.178725320388583], [-75.57713526360851, 6.1786242301247], [-75.57712081983736, 6.178453825289234], [-75.57709771581821, 6.178436494728157], [-75.57711503893009, 6.178147668487257], [-75.57704271727115, 6.178024814470289], [-75.57686653106359, 6.177871739361804], [-75.57674544231318, 6.177771896536252], [-75.57663071012053, 6.1777957518911375], [-75.57656624321656, 6.17780021139702], [-75.57648434249838, 6.177788050543034], [-75.57640669747411, 6.177762074465319], [-75.57628506319682, 6.177715449701228], [-75.57620490339896, 6.17768651674448], [-75.5761538182051, 6.177668272060807], [-75.57607151084919, 6.177643945872537], [-75.57604995363262, 6.177611344912314], [-75.57604995209411, 6.177564716532966], [-75.5760030244175, 6.177496669831625], [-75.57598822586543, 6.1774810158117734], [-75.57602820677569, 6.1774330997551425], [-75.5760732594556, 6.177336892528276], [-75.57598391594505, 6.177308269809826], [-75.57588947793272, 6.177223515167434], [-75.57580692775453, 6.177160737362714], [-75.57560737243239, 6.177113755740568], [-75.57551941020736, 6.177093357055732], [-75.57539851327446, 6.177058321559123], [-75.57531218415458, 6.177023319301961], [-75.57525793251226, 6.176982040972203], [-75.57525683522793, 6.1769598698754775], [-75.57524714167705, 6.1769009014793035], [-75.57524197298643, 6.176874245927882], [-75.57520595127414, 6.1768050025919665], [-75.57519663632799, 6.176796306969267], [-75.57514571358575, 6.176769604497803], [-75.57510669604999, 6.176746999557522], [-75.57497690448449, 6.1767386170703125], [-75.57494100469673, 6.176734567018338], [-75.57483574294231, 6.176710348100641], [-75.5747622361961, 6.1766963028075645], [-75.57470752731976, 6.176664699461756], [-75.57467806637386, 6.176543247449034], [-75.57465350458283, 6.176451000934925], [-75.57464623358642, 6.1763336599514], [-75.57461724576835, 6.176243356954102], [-75.57456919374387, 6.176179422724633], [-75.57452905785041, 6.176148206246106], [-75.5744855798402, 6.17613984777872], [-75.57442203236403, 6.1761532258669405], [-75.57434385923666, 6.176245393885166], [-75.57429647947616, 6.176337928157038], [-75.57423170103968, 6.176422961344633], [-75.57415087391641, 6.176446932216064], [-75.57404305468027, 6.1763800695957825], [-75.5739592845785, 6.176273411810281], [-75.57387845754803, 6.176200946015644], [-75.5738091302179, 6.176140448943384], [-75.57373109128336, 6.176088052178941], [-75.57363521240305, 6.176024503891027], [-75.57360151395518, 6.175999109242419], [-75.57348055235333, 6.175976256993378], [-75.57334039850011, 6.175974043955872], [-75.57326012929937, 6.175978503506426], [-75.57317317248256, 6.175986307995138], [-75.57303681417292, 6.17601432649528], [-75.57292811606479, 6.1760611518446344], [-75.57280070659787, 6.176119341727686], [-75.57270148440254, 6.176114883633636], [-75.5724359520082, 6.176133159724938], [-75.57229355561154, 6.176108630732314], [-75.57219265899697, 6.17609079285068], [-75.57207695805118, 6.176076842724899], [-75.57201006621993, 6.176034477764586], [-75.57193815731692, 6.175988212393939], [-75.57185385963096, 6.175894753657133], [-75.57178585490936, 6.175852389513391], [-75.57171595363863, 6.175810499231363], [-75.57163624098001, 6.175756427632203], [-75.5716145012391, 6.175746952096578], [-75.57147767546446, 6.175696515345991], [-75.57137120675793, 6.17566028332827], [-75.57131186070768, 6.175558032647896], [-75.57120700738491, 6.175427883792137], [-75.57103890440432, 6.175352439006837], [-75.57081426112343, 6.175265480803653], [-75.57071583574898, 6.175267020685459], [-75.57051293402638, 6.175264234955653], [-75.57040339641952, 6.175256397894783], [-75.57025958234547, 6.175244134573692], [-75.57019740541884, 6.175239617146199], [-75.57010152975043, 6.175172166804139], [-75.57004725100754, 6.175131172615704], [-75.56992907526954, 6.175014669009813], [-75.56986708029986, 6.174873898364639], [-75.56984527656593, 6.1747732425124715], [-75.56980179519209, 6.17471136669764], [-75.56971205001453, 6.17468572352882], [-75.56951547828425, 6.174681093130123], [-75.56932984605542, 6.1746798218624575], [-75.56918206922046, 6.1746709667649595], [-75.56911755597578, 6.174647658929026], [-75.56907271359108, 6.174601011817807], [-75.56904393277587, 6.17451632874033], [-75.56902511474641, 6.17443551949817], [-75.56901286435794, 6.174411905870135], [-75.56898297741856, 6.17434548901266], [-75.56893593396113, 6.174268001201503], [-75.56887548054176, 6.174216799581362], [-75.56875648548656, 6.1740994604799], [-75.56870865665708, 6.174076974273381], [-75.5686599498561, 6.174052069328081], [-75.568576377025, 6.173971260809799], [-75.5685402152398, 6.1739383329133855], [-75.56843228772826, 6.173862505980635], [-75.56838229048662, 6.17385343068679], [-75.568210713783, 6.17382520327447], [-75.56797078921869, 6.1738135921052315], [-75.56793678160106, 6.173817515497637], [-75.56774970808218, 6.173868434862336], [-75.56762429851955, 6.173898428709562], [-75.56746987840536, 6.173937173154798], [-75.56734115698225, 6.173967705499914], [-75.56725149526773, 6.173961616085519], [-75.56720278911898, 6.173894092827218], [-75.5671710785904, 6.173697371893112], [-75.56711964453619, 6.173613570884105], [-75.56707977704086, 6.173600280495098], [-75.56692030200144, 6.173601386347928], [-75.56680127794145, 6.173600392048721], [-75.56659529285884, 6.173567167678741], [-75.56648344161684, 6.1735793493452595], [-75.56640924133607, 6.173659088727989], [-75.56636320934997, 6.173782902501786], [-75.5663236775514, 6.173890893983284], [-75.56626498290863, 6.173975061868436], [-75.5661996425121, 6.173975061556289], [-75.56611952791954, 6.173959709534494], [-75.56602650459277, 6.173920946723358], [-75.565960055781, 6.1739209472052705], [-75.56591465006079, 6.173961923782033], [-75.56590010043499, 6.1740354101838095], [-75.56589566744407, 6.174130652776966], [-75.56584361972637, 6.174178273051104], [-75.56577384851016, 6.174233647358441], [-75.56573258806857, 6.174281716465746], [-75.56568718022535, 6.174441192946998], [-75.56565728049328, 6.174505425841061], [-75.56552196020016, 6.174558018884675], [-75.56542118049809, 6.1746001015425875], [-75.5652458815797, 6.174639060107012], [-75.5651417813293, 6.174666745633443], [-75.56502549622762, 6.174722120004635], [-75.5648189868583, 6.174834378540356], [-75.5647780116194, 6.1748000486717824], [-75.5647503246665, 6.174788972283902], [-75.5646883078957, 6.174784542902528], [-75.56463182656766, 6.174750210938279], [-75.56459417310361, 6.17475906820976], [-75.56458088433138, 6.174775682684458], [-75.56455319798586, 6.174880893047802], [-75.56447519144906, 6.1749131711408], [-75.56442092562894, 6.174928673153575], [-75.56433343601712, 6.174935317883293], [-75.56411194343276, 6.174943069732328], [-75.56406160407333, 6.174946476756025], [-75.56366956321676, 6.175031749714865], [-75.56343998655099, 6.174975341190803], [-75.56326229825171, 6.174934239293537], [-75.56308510589062, 6.174759257906217], [-75.56304272248272, 6.174736590273448], [-75.56295190951157, 6.174697827085539], [-75.56287328160323, 6.174641346317994], [-75.56279687029394, 6.174533920668906], [-75.5627092390964, 6.174301927237425], [-75.56267601684821, 6.1742642724792445], [-75.56260735453925, 6.174190071210636], [-75.56258052270061, 6.174131955742707], [-75.56260691345656, 6.174070377037566], [-75.56266849179687, 6.174023093486187], [-75.56268828464647, 6.173982406829568], [-75.56266959261286, 6.173950516208441], [-75.5625948179793, 6.173923025679267], [-75.5624736542585, 6.173858717684051], [-75.56235160027894, 6.1736772780215174], [-75.56228093774014, 6.173612962667712], [-75.56220946413352, 6.173546983141678], [-75.56213249241299, 6.173498598524979], [-75.56205236450813, 6.173530466050937], [-75.56203572762927, 6.1735370846168], [-75.56201865647928, 6.173535298962994], [-75.56202913397965, 6.1735021250356485], [-75.56204135829356, 6.173467203209924], [-75.562121678632, 6.1733030723485705], [-75.56204136142689, 6.173243704546197], [-75.56177930031431, 6.17305282016078], [-75.56154882126644, 6.172872970838039], [-75.56154009159714, 6.172857255323256], [-75.56140390065869, 6.17291487468072], [-75.56132008786157, 6.172923604027201], [-75.56118389659743, 6.172979476626214], [-75.56105230730614, 6.17306699584629], [-75.56094754331903, 6.173060011490584], [-75.56081310005207, 6.17300762685338], [-75.56068214491259, 6.1729569883773685], [-75.56050508650759, 6.1729199560334695], [-75.56041487403995, 6.172906074667664], [-75.56041557591243, 6.172905315462381], [-75.56036223453263, 6.172932749408505], [-75.56030749440282, 6.1729608627331105], [-75.56025076835348, 6.173009589147255], [-75.56020108678723, 6.173078838183942], [-75.56014228081261, 6.173143656737551], [-75.56009910274832, 6.173178551220903], [-75.56007236371632, 6.173249877779151], [-75.56006852446306, 6.173254392344114], [-75.56006845799851, 6.173254472224761], [-75.56001130115142, 6.17332165881756], [-75.55995446509351, 6.173333960460609], [-75.55995419437099, 6.173334019625725], [-75.55993361654477, 6.173338473695225], [-75.55987418064757, 6.173355105824339], [-75.55983561098273, 6.173383129565386], [-75.55982666694156, 6.173403833102634], [-75.55984545473397, 6.173449485656328], [-75.55987008885201, 6.173456735538648], [-75.55987022183338, 6.173456774679173], [-75.55989829627809, 6.173465036871621], [-75.55994427415372, 6.173485107253969], [-75.5599720046199, 6.173503188721108], [-75.55999747764749, 6.173528049143381], [-75.56001834309427, 6.173553000447731], [-75.56002556965635, 6.173585093776506], [-75.56002574906637, 6.173603446147098], [-75.56002169463146, 6.173623341396842], [-75.56002168227144, 6.173623401126934], [-75.56001265026077, 6.173667722898804], [-75.56000172073534, 6.173709127230105], [-75.56000632606188, 6.173716087433752], [-75.56001806851496, 6.173738780798506], [-75.5600574515531, 6.173781902190514], [-75.5601084862558, 6.173847807783995], [-75.56017361388295, 6.173932063868205], [-75.56017165943902, 6.173944559800818], [-75.56017162000522, 6.17394481313862], [-75.56016069452565, 6.174014692987121], [-75.56013416757101, 6.17404630323027], [-75.56013412087555, 6.174046361317416], [-75.56011995513066, 6.174063239427717], [-75.56008391235126, 6.1741114242269175], [-75.56010252016816, 6.174184468234953], [-75.56013756777078, 6.174198391763044], [-75.5601379666805, 6.174198313898704], [-75.56017243419241, 6.174191341038315], [-75.56018101488566, 6.1742023713489145], [-75.56018101598615, 6.174213128326261], [-75.5601766793082, 6.174223163011195], [-75.56016547916674, 6.174248476569793], [-75.560147746569, 6.174283320044943], [-75.5601474718295, 6.1742838593068194], [-75.56014081728479, 6.174296932979108], [-75.56011859501336, 6.174359039503946], [-75.56009176606847, 6.174423496259699], [-75.56008761175482, 6.174462459463439], [-75.56009041061783, 6.174508385128008], [-75.56010721224362, 6.174586042404281], [-75.56012202384468, 6.174679879990721], [-75.56012554952801, 6.174728355333393], [-75.56012560751662, 6.17472914342955], [-75.56012735052009, 6.1747531063498045], [-75.56012798500505, 6.174808254305553], [-75.56012003145531, 6.1748414477476965], [-75.56011995793808, 6.174841751879202], [-75.56011479405183, 6.174863309687053], [-75.56009504671277, 6.174898290345444], [-75.5600361960328, 6.174883336813505], [-75.55999058581196, 6.17487194137061], [-75.55985874164087, 6.174837932628511], [-75.55983984479562, 6.1748342787933455], [-75.55979147059301, 6.174822192338339], [-75.55964756956621, 6.174786734424324], [-75.55947566644831, 6.174743799590738], [-75.55929709308893, 6.174679458750401], [-75.55917759293122, 6.174628627473281], [-75.55909692972322, 6.174556867425575], [-75.55903120731215, 6.1744223170946695], [-75.5589804213943, 6.174248900819302], [-75.5589296366429, 6.174039601656726], [-75.5588935375042, 6.173894187028309], [-75.55889267523497, 6.173897287721958], [-75.55888960636021, 6.173908350598258], [-75.55887630737273, 6.173948279095673], [-75.55887313267031, 6.173957809125913], [-75.55879385204996, 6.174109769356583], [-75.55876514292844, 6.174164799951829], [-75.55859125628878, 6.174521996891385], [-75.55856380184886, 6.174560462844105], [-75.55852353408507, 6.174613585337616], [-75.55847960664921, 6.1746538835809295], [-75.55843587069765, 6.174685148026425], [-75.55842835795892, 6.17469051926502], [-75.55836795827616, 6.174719827825393], [-75.55830023751345, 6.174750966236469], [-75.55815930401096, 6.1748095807229815], [-75.55806229733892, 6.174853541800905], [-75.55798725431954, 6.1748883435624355], [-75.55793783696183, 6.174915820905955], [-75.5579048898804, 6.174941463271324], [-75.55788475631006, 6.17496527739769], [-75.5578591322942, 6.174994585031703], [-75.55783458289487, 6.175023249201749], [-75.55782618625405, 6.1750330520730135], [-75.55780239138888, 6.175084342279714], [-75.55779622026131, 6.175094633512262], [-75.55779141047164, 6.175102661560014], [-75.5577767651209, 6.175144791708174], [-75.55775846242325, 6.17523271682838], [-75.55771461895687, 6.175507647134223], [-75.5577385082038, 6.1755006574518], [-75.55782025739617, 6.175458982997415], [-75.55789514125905, 6.175425445922379], [-75.55795873231997, 6.175391182012445], [-75.55802909946122, 6.175364063168347], [-75.55813238292652, 6.175344214992049], [-75.55816080081442, 6.175338754046857], [-75.55823568398397, 6.175338755487765], [-75.55831517338159, 6.1753387564588405], [-75.55839692154991, 6.175341468801089], [-75.55849456944571, 6.175350511102685], [-75.55854259153352, 6.17535961402015], [-75.55858995448325, 6.175368594433585], [-75.55867847759419, 6.175386677306346], [-75.55881017609492, 6.175431881596044], [-75.55893049492381, 6.175479707341318], [-75.55898554844477, 6.175499272989031], [-75.55905767664572, 6.175524911586119], [-75.55910621230862, 6.175543700314791], [-75.55911401198026, 6.175546721355457], [-75.55911907208396, 6.175548681507206], [-75.55912352671137, 6.175550406793996], [-75.55923698000578, 6.175586569134053], [-75.55930508887273, 6.175598232456115], [-75.55939369970856, 6.175618212468746], [-75.55948899750572, 6.175646148912878], [-75.55957074460939, 6.175673271769753], [-75.55959445675178, 6.175680195160573], [-75.55963885235673, 6.175693161456375], [-75.55977071644197, 6.175764536541643], [-75.55977489578419, 6.1757668752223145], [-75.55977636316902, 6.175767695410901], [-75.55981290112449, 6.1757881330223015], [-75.55998199520165, 6.175847619823035], [-75.5600374576288, 6.175870495080267], [-75.56009788670266, 6.175902949770603], [-75.56016735081685, 6.175937394274479], [-75.56024801437039, 6.17596216522221], [-75.56029625100668, 6.175953127051634], [-75.56031564804418, 6.175946004285795], [-75.56035559639618, 6.1759313382132985], [-75.56036789705587, 6.175922799436593], [-75.56038893025318, 6.175908196405817], [-75.5604170214027, 6.175909192183068], [-75.56042695762149, 6.1759250121988885], [-75.56042710952764, 6.175925605461095], [-75.56043291900376, 6.175948338203293], [-75.56044014581543, 6.17596298237244], [-75.56046010572925, 6.17599308681866], [-75.56048133357307, 6.176020479187397], [-75.56049867771073, 6.1760320522342305], [-75.5605163836013, 6.176048596087147], [-75.56054519818262, 6.176071919635382], [-75.56076749604055, 6.17615627123803], [-75.56085385032516, 6.176166665699917], [-75.56095023271295, 6.176160882716523], [-75.56103044583827, 6.1761575390974075], [-75.56106097670026, 6.17615509835616], [-75.56112592289536, 6.176178966601696], [-75.56121435430596, 6.176223805316583], [-75.56126692482775, 6.176296400809484], [-75.56128747126982, 6.176322788335212], [-75.56129276147973, 6.176329578857865], [-75.5613216653807, 6.176336903877614], [-75.56136357684709, 6.176331660739625], [-75.56140703500037, 6.176319683650543], [-75.56142491228309, 6.176314756085323], [-75.56144478416657, 6.1763135817722175], [-75.56146335119298, 6.176310632668705], [-75.56147553183963, 6.176308700700425], [-75.56148304026047, 6.176307509997207], [-75.56150060713861, 6.176304722119504], [-75.56150650658839, 6.176304640359287], [-75.561553087963, 6.176303999179247], [-75.56160015210106, 6.176306440455426], [-75.56164721401834, 6.176299028867098], [-75.56170692000376, 6.176302646040341], [-75.56177204635031, 6.176302737326378], [-75.56189859981737, 6.176292974527806], [-75.56204921709603, 6.176283616519708], [-75.56206155329866, 6.176282850076934], [-75.56212195430986, 6.1762692651853115], [-75.56214393363842, 6.176264318738612], [-75.5621510663439, 6.176260705044539], [-75.5621920800026, 6.1762399111559505], [-75.56223814931121, 6.1761947997761], [-75.56224383683879, 6.176186720469182], [-75.56230445258436, 6.1761006005103525], [-75.56236153967083, 6.176062902989398], [-75.56240516892119, 6.176059466934503], [-75.56245008250424, 6.1760788893371315], [-75.56254274216631, 6.176118956379755], [-75.56258528433872, 6.176151501428743], [-75.5626450822465, 6.1762146032055885], [-75.56269946267872, 6.176241271507713], [-75.56273206969064, 6.176242267088233], [-75.5627653108961, 6.176230878889197], [-75.56279024211578, 6.176226627909405], [-75.56279881156554, 6.176225540567392], [-75.5628158963037, 6.176223374280929], [-75.56282545974088, 6.176206765110906], [-75.56282753636009, 6.176203155887712], [-75.56284697051548, 6.176169403553116], [-75.56284904726402, 6.176145357190281], [-75.56284913766001, 6.176127909468197], [-75.56285753949547, 6.176124654906372], [-75.56295094038245, 6.176088220741305], [-75.56297903199132, 6.176079182694241], [-75.5630011629853, 6.176059203048961], [-75.56303169596728, 6.1760008952596115], [-75.56306547959065, 6.1759650033797655], [-75.56326332176181, 6.1758306835918235], [-75.56328145704438, 6.1758183718708235], [-75.56334315277682, 6.175803544731734], [-75.56346301979534, 6.175761599942769], [-75.56353772407746, 6.175738184438121], [-75.5635933665404, 6.175732399405941], [-75.56361955598712, 6.175737511497767], [-75.56365126742648, 6.17574370177537], [-75.56368595316361, 6.1757586185278175], [-75.56372822817576, 6.1757750718198885], [-75.5637852247506, 6.175798938254029], [-75.56380311055788, 6.175812500281801], [-75.56379525146652, 6.175871082101611], [-75.5637935938696, 6.175881605651282], [-75.56378766211452, 6.1759192654999895], [-75.56379037114333, 6.175947200805989], [-75.56379723712372, 6.175989149472001], [-75.56381223077462, 6.176035072240706], [-75.56384745936256, 6.176070239043148], [-75.56388359247651, 6.176099079126736], [-75.56396127462011, 6.176125476713007], [-75.563991625052, 6.176128733396682], [-75.56405034018259, 6.176126020074815], [-75.56417734256941, 6.176112369695885], [-75.56425701463805, 6.176112461969828], [-75.56430055129533, 6.176126022331247], [-75.5643394840654, 6.176126745012088], [-75.56437715162912, 6.176115354369648], [-75.5644604351724, 6.17619328280174], [-75.56452375347575, 6.1762745559194965], [-75.5645764155014, 6.1763424482477784], [-75.56464506679555, 6.176411428828243], [-75.56467052082418, 6.1764266485841155], [-75.5647085668846, 6.176449398400966], [-75.56474667984051, 6.176474220985112], [-75.56479961825362, 6.17650870375298], [-75.56485905620875, 6.176512772085743], [-75.56492057106053, 6.176496410464634], [-75.56494210667232, 6.176487503393227], [-75.56497106484257, 6.176475526368006], [-75.56500737782864, 6.176471548570314], [-75.56509079469222, 6.176469655318335], [-75.56510692147523, 6.1764692891156425], [-75.56515560887959, 6.176464046452987], [-75.5652021272146, 6.17645334265813], [-75.5652479254544, 6.176442802358969], [-75.56529661387337, 6.17644189843891], [-75.56531537639174, 6.176444479526277], [-75.56534195723141, 6.176448136740593], [-75.56541033668788, 6.176446598969571], [-75.56546143302766, 6.17642779044639], [-75.56546534936716, 6.1764263494078016], [-75.56556471227275, 6.176366323512077], [-75.56561014723373, 6.176340196512943], [-75.56566533820023, 6.176300328998299], [-75.56567174543535, 6.1762963336218055], [-75.56568954590466, 6.176285232226945], [-75.56572071100263, 6.176271581890839], [-75.56578746496076, 6.176239036906538], [-75.56585412765239, 6.1762166146171715], [-75.56593135834099, 6.176191304273978], [-75.56596902675514, 6.176184793836579], [-75.56600759742071, 6.176181992165217], [-75.5660433669705, 6.176183168468931], [-75.56605230831477, 6.1761855898872575], [-75.56606305964195, 6.176188502536162], [-75.5660976550135, 6.176203780261407], [-75.56613423760689, 6.1762199615305295], [-75.56617425444163, 6.176232888655803], [-75.5662241169406, 6.176251061743517], [-75.5662471507566, 6.176266067968447], [-75.56627804233288, 6.176294274040007], [-75.56630098706846, 6.176325101462851], [-75.5663185114244, 6.176354753500346], [-75.5663588881662, 6.176416500037522], [-75.56636728838639, 6.176439915354242], [-75.56636927508728, 6.176456458854043], [-75.56638192091931, 6.176485838792494], [-75.5664233819171, 6.176543878716603], [-75.56643386014801, 6.176578413418108], [-75.56644370736731, 6.176600290208923], [-75.56645860955332, 6.17662343364904], [-75.56646701130852, 6.176640791512718], [-75.56647351581776, 6.176666919220255], [-75.56649609620985, 6.176717362736083], [-75.56650368516092, 6.176728391331572], [-75.56651913198107, 6.176741954149689], [-75.56653882189829, 6.176752710967349], [-75.56655616581571, 6.17676590841287], [-75.56656528942055, 6.176777842735398], [-75.56657685109491, 6.176795381530538], [-75.56658877434863, 6.176809032777061], [-75.5666198481348, 6.176826300180697], [-75.56663881684548, 6.17683642579882], [-75.56665941266468, 6.176850708729489], [-75.56667711729695, 6.176867523521445], [-75.56671108116507, 6.176893649758664], [-75.56674703273198, 6.176920590027716], [-75.56677169050963, 6.176945089510744], [-75.56679698316712, 6.17696805167685], [-75.5668233597189, 6.176994359185643], [-75.56686093706746, 6.177027990035464], [-75.56688912006486, 6.177053303353384], [-75.56692434357647, 6.177086809944957], [-75.56694205199462, 6.177103657250448], [-75.56696020934619, 6.1771223711523575], [-75.56698098407986, 6.177136473283582], [-75.56700031665416, 6.177145244598073], [-75.56701386408702, 6.177151571142675], [-75.56703807408036, 6.17716431771958], [-75.56708486463172, 6.17718348464511], [-75.56711087935925, 6.1771946954867865], [-75.56715252023446, 6.177214312193442], [-75.56718657632639, 6.177227329460832], [-75.56725323874304, 6.177250203038294], [-75.56727735679566, 6.177259242350163], [-75.56733760458496, 6.177276329940982], [-75.56737979068826, 6.1772853687918055], [-75.56746045298095, 6.177315474394234], [-75.56750543824147, 6.177329125064939], [-75.56756875975593, 6.177418262276025], [-75.56761988513743, 6.17751996742857], [-75.56764066239649, 6.177561191447856], [-75.56766604387805, 6.177606121714735], [-75.56779566666087, 6.177806003967397], [-75.56785971112647, 6.177904723722709], [-75.56789069521278, 6.177952637536522], [-75.56795997628628, 6.17799006419321], [-75.56801932405311, 6.178022248964854], [-75.56809131496229, 6.178061121714822], [-75.56815671588855, 6.178094751800242], [-75.56823575363049, 6.17813525220413], [-75.56839148364557, 6.178210556746856], [-75.5684381843079, 6.1782539518459325], [-75.56851405996727, 6.178388382961872], [-75.56852164708674, 6.17841044055451], [-75.56854106725064, 6.1784669430103145], [-75.56856500602406, 6.1785365537881685], [-75.56859725384645, 6.178630120876544], [-75.5686098981736, 6.178666823857803], [-75.56862101070624, 6.178678123771871], [-75.5686668972897, 6.178722783970854], [-75.56868857626372, 6.178732367479074], [-75.56873753593224, 6.178754153704036], [-75.56877321635247, 6.178769974695068], [-75.56881386530242, 6.178788053604053], [-75.56884186596369, 6.178800440886747], [-75.56885776559619, 6.17881852096392], [-75.56888432301247, 6.17885007115985], [-75.56891349968383, 6.178884515355913], [-75.56892777082918, 6.178893102177074], [-75.56894954049356, 6.178903319001289], [-75.56899036864287, 6.1789222134206625], [-75.56901611281022, 6.178934057386199], [-75.56903327751601, 6.178942103131157], [-75.56905847964963, 6.178946080481477], [-75.56912801990538, 6.178914751125423], [-75.56929306610017, 6.178840398103036], [-75.56949088829674, 6.178817978665796], [-75.56950466002685, 6.178828279331507], [-75.56953415637224, 6.178850341276486], [-75.56955456916829, 6.178879270324216], [-75.56957931965347, 6.178909646648105], [-75.56960443271993, 6.178951321480098], [-75.56962954444461, 6.178987663973023], [-75.56965836069983, 6.179024911632801], [-75.56968816848848, 6.179061523438461], [-75.56973613324304, 6.179120104620322], [-75.5697714532196, 6.1791574401637686], [-75.5698205034644, 6.1791861900464395], [-75.56988084228355, 6.179221717572937], [-75.56991209719583, 6.1792401600302105], [-75.56993242198705, 6.179247482551687], [-75.56997451612818, 6.179258964417582], [-75.57003919095786, 6.179276502102153], [-75.5701091976129, 6.179295578075302], [-75.57016005172186, 6.179309137661283], [-75.57020792809466, 6.179318899985232], [-75.57023900170408, 6.179325047628934], [-75.57031343501845, 6.179340235357295], [-75.57037052174262, 6.179351807416813], [-75.57040159625544, 6.1793579550450435], [-75.57041568785255, 6.179354608654116], [-75.57046744617324, 6.179341590737041], [-75.57046801278393, 6.179341446054156], [-75.57054434467001, 6.17932215150859], [-75.57055470438112, 6.179319531068458], [-75.57060239940435, 6.179317181196674], [-75.57068721845903, 6.17931980147464], [-75.5706915254502, 6.179319942475411], [-75.57074566228872, 6.179321702177568], [-75.57080130615407, 6.179323508830171], [-75.57081973318395, 6.179326942947755], [-75.57085848873726, 6.179335291927483], [-75.5709015713574, 6.1793445719825595], [-75.57096669889425, 6.179358582290826], [-75.57102667935122, 6.179371149242233], [-75.57105838475343, 6.179372506607393], [-75.57109541989836, 6.179374223331085], [-75.57115097421347, 6.179376755459445], [-75.57121465640714, 6.179379737374881], [-75.57124383302627, 6.179377296213441], [-75.57125134457984, 6.179375639740491], [-75.57126271118977, 6.179373136468746], [-75.57130868932995, 6.179362832498776], [-75.57136722376298, 6.179349270003843], [-75.57150741470126, 6.179239429852651], [-75.57159648014174, 6.17919711957745], [-75.57169367497265, 6.179214296275759], [-75.5717171000126, 6.179209449106713], [-75.5717537297661, 6.179201866452342], [-75.57180812345807, 6.1791906095003055], [-75.57186954845977, 6.179202452421332], [-75.57188685989705, 6.179206274329733], [-75.57190721527978, 6.179210767713628], [-75.57195237881713, 6.179220714775163], [-75.5719907689138, 6.179219990163709], [-75.57208491008473, 6.1792215859792625], [-75.57212409551664, 6.179222249810451], [-75.57215101558758, 6.179222067096294], [-75.57217513266312, 6.179223966507357], [-75.57217527016243, 6.179224005621963], [-75.57221704737739, 6.179235898377811], [-75.57225290786558, 6.179247471689163], [-75.57228217474113, 6.1792562389652765], [-75.57231261557756, 6.179264735658893], [-75.57234215566072, 6.179273958174845], [-75.57236988608008, 6.179281822460999], [-75.57241089526077, 6.1792961075246415], [-75.57242986387274, 6.179302072225238], [-75.57246039631623, 6.179308401357854], [-75.5724710557163, 6.179309665218482], [-75.57251125281434, 6.179320966180966], [-75.57253284146074, 6.179327927161543], [-75.57256996639134, 6.179332716353247], [-75.57261278528433, 6.179350798862173], [-75.57265153626898, 6.179366619130731], [-75.57268631169302, 6.179384519063347], [-75.57272099782719, 6.179401513525528], [-75.5727545115133, 6.179415165810356], [-75.57280419566725, 6.179440296811588], [-75.57283590044179, 6.179456297633837], [-75.57286344922512, 6.179470128863702], [-75.57291213780401, 6.179492999921972], [-75.57293291515522, 6.179500503646991], [-75.57296200010602, 6.179503215250043], [-75.57298087941183, 6.179500233472867], [-75.57300879123254, 6.179492547377423], [-75.57302919777433, 6.179487065626211], [-75.57304916945802, 6.179481699895123], [-75.57307644920566, 6.1794806131046], [-75.57310463209468, 6.179489200233727], [-75.57313227262266, 6.179502761582765], [-75.57313325338836, 6.179503451176227], [-75.57315584981751, 6.179519306212576], [-75.57318710475798, 6.179551759118937], [-75.57320661452063, 6.1795853890570545], [-75.57321700338173, 6.1796200142580515], [-75.57322296541177, 6.179656989830002], [-75.57323046272683, 6.179707706477434], [-75.5732346179233, 6.179745404124486], [-75.57325169159638, 6.179788616557374], [-75.57326966666916, 6.179816099772413], [-75.57330254700811, 6.179858317108829], [-75.5733584636146, 6.179938412788183], [-75.57338529116629, 6.179968607893138], [-75.57340823670772, 6.179986598487228], [-75.57344093483785, 6.180004949598208], [-75.57346098873631, 6.180020137948807], [-75.57348998532464, 6.180044367295537], [-75.57351563836603, 6.180069858668097], [-75.5735360550365, 6.180098607520573], [-75.5735539390424, 6.180133594204351], [-75.57356568090681, 6.180167042034632], [-75.57357895989102, 6.180191813095289], [-75.57359775043513, 6.180209893411489], [-75.57361888717597, 6.180221283846999], [-75.57363559792687, 6.1802297809284195], [-75.57366595019757, 6.180241622172061], [-75.57370370766256, 6.180251297511855], [-75.57375004645867, 6.180261602122182], [-75.57377416612267, 6.180270009973308], [-75.57380542145609, 6.180278053269509], [-75.57383676431054, 6.180281217667727], [-75.57389773815059, 6.180281941252588], [-75.57392326915934, 6.1802808836664855], [-75.57394579349267, 6.180279950941405], [-75.5740029723756, 6.180271906041913], [-75.57403829247257, 6.180268109558144], [-75.57408544356686, 6.180263134692674], [-75.57414162885445, 6.180254364991877], [-75.57418137289571, 6.180252105721466], [-75.5742264487272, 6.180254365481492], [-75.57426294283273, 6.180263945638634], [-75.57426740156544, 6.180266137252187], [-75.57429257020063, 6.1802785035257655], [-75.57431668925909, 6.180296312079836], [-75.57434324550675, 6.180325872845202], [-75.57435733751342, 6.180350823461401], [-75.57437215095354, 6.18037233956002], [-75.57439030926486, 6.180392680409937], [-75.57441099487716, 6.180412026269088], [-75.57444929547404, 6.180462833199559], [-75.57445886973092, 6.180485342051498], [-75.5744731438929, 6.18051526608098], [-75.5744855184437, 6.180532894648516], [-75.57450403628211, 6.180559020828221], [-75.57452508345024, 6.180577101009066], [-75.5745466724253, 6.180582251885981], [-75.57457657119801, 6.18058026629909], [-75.57460078078302, 6.18058279617731], [-75.57461423898808, 6.18058577956199], [-75.57464432050503, 6.180596174596167], [-75.57468334327426, 6.180613440784391], [-75.57470800246536, 6.180631975388127], [-75.5747337493924, 6.180661172978802], [-75.5747558784833, 6.180681243229279], [-75.57478126328883, 6.180695526897722], [-75.57482443988975, 6.180705921751378], [-75.57486427494501, 6.180716498241308], [-75.57488026443376, 6.180721923954838], [-75.5749150418876, 6.180736296809722], [-75.57493391811374, 6.180741267336883], [-75.57497294256058, 6.180748047856139], [-75.57499010612015, 6.180755279671591], [-75.57502199270871, 6.180781950391276], [-75.5750290392553, 6.180793973181814], [-75.57505387999808, 6.180824075610956], [-75.57508224449838, 6.180844418492228], [-75.57511593734684, 6.180859603936474], [-75.5751766398599, 6.1808824770445545], [-75.57522108230476, 6.180900013452598], [-75.5752732923227, 6.180923066934538], [-75.5752977740853, 6.180941145791107], [-75.57533101508247, 6.1809747759251294], [-75.57534628059882, 6.181002709720031], [-75.57535459064486, 6.181036883799233], [-75.57537103286028, 6.1810959143693935], [-75.57538792473919, 6.181147806781082], [-75.57540770846433, 6.181184057990492], [-75.57542550398674, 6.181205393225292], [-75.57545404857234, 6.181232514964639], [-75.57551240250227, 6.181274821943117], [-75.57558800850204, 6.181310351405845], [-75.57557771691265, 6.181723674913959], [-75.57587038914404, 6.181873558012338], [-75.57592070467537, 6.181950489797876], [-75.57595493987284, 6.181970018475232], [-75.5760052559899, 6.181993883841972], [-75.57604771055233, 6.182012416130504], [-75.57606089880235, 6.182020461858245], [-75.57609278467515, 6.182020460939474], [-75.57614048057714, 6.1820416149748985], [-75.57617227669206, 6.182049570466885], [-75.57621473235406, 6.18205228208432], [-75.57626242704804, 6.182054900485612], [-75.5762669922844, 6.182053150633719], [-75.57631807096301, 6.1820335662847725], [-75.57636847403458, 6.182015124360448], [-75.57647976054818, 6.18200987797754], [-75.57656467268664, 6.182009877530209], [-75.57663350321059, 6.182009874601776], [-75.57668128729067, 6.1820098751966865]]]}, "properties": {"OBJECTID": 27, "SE_ANNO_CAD_DATA": null, "SHAPE.AREA": 0, "SHAPE.LEN": 0, "BARRIO": "033", "NOMBARRIO": "ZUÑIGA", "MUNICIPIO": 266, "nombre_barrio_estandarizado": "ZUÑIGA", "municipio_estandarizado": "envigado"}}, {"type": "Feature", "geometry": {"type": "Polygon", "coordinates": [[[-75.57837009458501, 6.179468920119244], [-75.57853102186083, 6.179471776526542], [-75.57853107013952, 6.179453582442487], [-75.57864654091158, 6.17945015082919], [-75.57872542876795, 6.179439858374775], [-75.57876315642031, 6.179439860657639], [-75.5788557621671, 6.179460436767762], [-75.57890720926513, 6.179462723095521], [-75.57896437279392, 6.179447857370463], [-75.57899638473368, 6.179411272759175], [-75.57903068122937, 6.179348392546221], [-75.57903868261647, 6.179247781295698], [-75.57903309904262, 6.179144300394993], [-75.57897135684637, 6.178979668323924], [-75.5789245274943, 6.178849961981941], [-75.57890623374831, 6.178806517148246], [-75.57887993858934, 6.178767646033506], [-75.57882620330349, 6.178720773070966], [-75.57869243870698, 6.17866932581905], [-75.57858382604961, 6.178616738507227], [-75.57852894752754, 6.178582439663137], [-75.57847955662457, 6.178543053110776], [-75.57842924872831, 6.17846988345014], [-75.57841438591763, 6.178408146714839], [-75.57842581577839, 6.178290389057516], [-75.57844188825463, 6.178212051497155], [-75.57847389717804, 6.178145741462603], [-75.57851734210026, 6.178093148823086], [-75.57858707927883, 6.178042843466815], [-75.57863291541676, 6.177970305009983], [-75.57866035271348, 6.177915427637939], [-75.57866263848241, 6.177865123089039], [-75.57863173298763, 6.177729866966635], [-75.5786042934462, 6.177673846303954], [-75.57857913871548, 6.177620111840904], [-75.57850358817349, 6.177424089738989], [-75.57848186597441, 6.17736806935524], [-75.57842927475188, 6.17731433684369], [-75.57836959426078, 6.177270349504723], [-75.57824840599625, 6.177231481930318], [-75.57814894043292, 6.177182319014645], [-75.57804237755079, 6.177081339257411], [-75.57796577589164, 6.177005882142806], [-75.57791077458252, 6.176910713330204], [-75.57788104911046, 6.176812392360057], [-75.57785233467382, 6.176647292372338], [-75.57783747098888, 6.176502093811789], [-75.57781214610819, 6.176409996925827], [-75.57777555910376, 6.176313961275465], [-75.577710258841, 6.176164842965899], [-75.5776553786453, 6.176045942984749], [-75.57759706949476, 6.175900747033802], [-75.57755582486712, 6.17578136233501], [-75.57750552020437, 6.175689899993487], [-75.57744149483472, 6.175600722770621], [-75.57733719324024, 6.175480075038726], [-75.577237724774, 6.175396618826136], [-75.5771483206357, 6.175316172342563], [-75.5771003027635, 6.175255579776079], [-75.57707972203073, 6.1751926980015295], [-75.57705685506882, 6.175121814367397], [-75.57705685514425, 6.1750852295299214], [-75.57706714279294, 6.175032638590214], [-75.57709355364932, 6.174974875893668], [-75.57713928527899, 6.174953153274678], [-75.57723989313601, 6.174947434713511], [-75.5773850894864, 6.1749348541098685], [-75.57752685534842, 6.174945143630039], [-75.5776684005219, 6.17495873952489], [-75.57771626810516, 6.174960267790491], [-75.57764891904259, 6.174881463908465], [-75.5776151309067, 6.174843318741827], [-75.5775105042588, 6.1747779295256775], [-75.57738517188682, 6.174713629686716], [-75.5772967115229, 6.174659249805019], [-75.57722218252496, 6.174598697090475], [-75.57715852345942, 6.174542803799021], [-75.57710728455504, 6.174482251220465], [-75.57702343958563, 6.174378222590311], [-75.5769768597769, 6.174325432518554], [-75.5768728326085, 6.174198117370967], [-75.57675797182539, 6.1740816675603645], [-75.5766826791361, 6.17401615405941], [-75.57663672272359, 6.1740053983192915], [-75.5765301424563, 6.1740347351061216], [-75.57616425440791, 6.17412710416489], [-75.57591028013034, 6.174204386090918], [-75.5757880570312, 6.174227857743597], [-75.57563649677172, 6.174267948455979], [-75.57555240645084, 6.1742992393212734], [-75.57549373839548, 6.174298262185686], [-75.57538762184126, 6.174288271366942], [-75.57536122158798, 6.174271650026473], [-75.57523801660761, 6.174177781822099], [-75.57508547729117, 6.174096623329771], [-75.57505321114637, 6.174094669383552], [-75.57500138851884, 6.174114225279435], [-75.57487969431415, 6.174166221821369], [-75.57485432515833, 6.174176593386878], [-75.57445488899593, 6.174339888763306], [-75.57428573059212, 6.174415180992504], [-75.57424466098595, 6.174441583005441], [-75.57419186144547, 6.174502208262252], [-75.5741762188267, 6.1745520767410556], [-75.57419763733638, 6.174611182861323], [-75.57427417638155, 6.174757414279212], [-75.57435122175038, 6.174847084238975], [-75.57441010202247, 6.174872699618722], [-75.57451656283128, 6.174903417903583], [-75.57462325042741, 6.174988164386744], [-75.57462101136427, 6.1752102884403195], [-75.57462775200361, 6.175247265636864], [-75.57467262687132, 6.175314573969793], [-75.57473544774572, 6.17541105085739], [-75.57477359100244, 6.1755254794738805], [-75.57482393998268, 6.175755887107276], [-75.57488544274217, 6.1759537865978364], [-75.57491176500892, 6.176052920063632], [-75.57494510185283, 6.176143280625588], [-75.57497755991982, 6.1761985468648275], [-75.57500468762616, 6.176219120962959], [-75.57523259355585, 6.176349096706544], [-75.57551268944394, 6.176504417904816], [-75.57586701135746, 6.176718076388493], [-75.57597969841815, 6.176836570056674], [-75.57613638623891, 6.177035987043512], [-75.5762022672588, 6.177194453857317], [-75.5762360988267, 6.177254989544739], [-75.57629684973972, 6.17733931606751], [-75.57637922326676, 6.17745257802593], [-75.57645928666574, 6.177565591678774], [-75.57670190047556, 6.177735994669797], [-75.57674544231318, 6.177771896536252], [-75.57686653106359, 6.177871739361804], [-75.57704271727115, 6.178024814470289], [-75.57711503893009, 6.178147668487257], [-75.57709771581821, 6.178436494728157], [-75.57712081983736, 6.178453825289234], [-75.57713526360851, 6.1786242301247], [-75.57716703605283, 6.178725320388583], [-75.57725986440366, 6.178883150807777], [-75.57735377997328, 6.179078199929915], [-75.57735016943863, 6.17910529125662], [-75.57731154185228, 6.1792675905864085], [-75.57743724381842, 6.179320265250106], [-75.57758169821325, 6.179381085169073], [-75.57764904460934, 6.179395732955709], [-75.57774281201773, 6.179394465408855], [-75.57782897613788, 6.179379257528511], [-75.57798133541567, 6.17935829318546], [-75.57809368214676, 6.1793583485487495], [-75.57816780813702, 6.179346310881997], [-75.57824466332863, 6.179351470173813], [-75.57829661669543, 6.179374911561791], [-75.5783352665158, 6.179409758352167], [-75.57834350161002, 6.179421161434638], [-75.57837009458501, 6.179468920119244]]]}, "properties": {"OBJECTID": 28, "SE_ANNO_CAD_DATA": null, "SHAPE.AREA": 0, "SHAPE.LEN": 0, "BARRIO": "034", "NOMBARRIO": "ALTO DE MISAEL", "MUNICIPIO": 266, "nombre_barrio_estandarizado": "ALTO DE MISAEL", "municipio_estandarizado": "envigado"}}, {"type": "Feature", "geometry": {"type": "Polygon", "coordinates": [[[-75.57837454709329, 6.179476915060391], [-75.5784012092198, 6.179540627833118], [-75.57841091454544, 6.1796532128396], [-75.57843559765428, 6.179710254905824], [-75.57843869710955, 6.179754091714347], [-75.57844896059092, 6.179754749819418], [-75.57859076290477, 6.1797601888169025], [-75.57859200777214, 6.1799408998428005], [-75.5786362737281, 6.179977221024075], [-75.57866371319498, 6.180013973728292], [-75.5786533030278, 6.180077765090757], [-75.57862906954423, 6.180107020501144], [-75.57861390169245, 6.180213199567271], [-75.5785492481738, 6.180215534824437], [-75.57856654165755, 6.180369303934902], [-75.57858977111499, 6.180474592400457], [-75.57858311530703, 6.180489159705948], [-75.57857567815878, 6.180491619652291], [-75.57858633003855, 6.180637519262092], [-75.57853597439994, 6.180711191764713], [-75.57828212793133, 6.180752228674806], [-75.57829314914085, 6.180771118538918], [-75.57832568170974, 6.180810468392866], [-75.578361885588, 6.180844051337525], [-75.57838444887017, 6.180866088371984], [-75.57840872376906, 6.180905229661565], [-75.57843285994683, 6.180940908967782], [-75.57847483709944, 6.181008594980734], [-75.57853897051744, 6.181117597831311], [-75.57858147312312, 6.18118633363149], [-75.57866454392236, 6.181293713923138], [-75.57870861881399, 6.181349857178747], [-75.57876328486519, 6.18144612212497], [-75.578793720367, 6.181495443326102], [-75.57882379176156, 6.181574018925785], [-75.57884638444592, 6.181631378450883], [-75.57886320884681, 6.181670769219025], [-75.5788737077638, 6.181698378794835], [-75.57888909579599, 6.181723408784479], [-75.57891314580334, 6.181764963213873], [-75.5789302061973, 6.181793771398387], [-75.57894477247079, 6.18182352108984], [-75.5789651129414, 6.181856053556406], [-75.57898132194296, 6.181880670907148], [-75.57900455021796, 6.181910732044051], [-75.57902096536492, 6.18193165790931], [-75.57904209794987, 6.1819568923521775], [-75.57906431315492, 6.181985563395798], [-75.57907436837263, 6.1819997177839445], [-75.57907785537999, 6.182012028982104], [-75.57908957570645, 6.182047848956356], [-75.57909613931304, 6.182071853140752], [-75.57910765749521, 6.182112188199619], [-75.5791150436149, 6.182137218144673], [-75.57912265366313, 6.182167072112719], [-75.57913003800758, 6.182200308460159], [-75.57913471553424, 6.182229183977187], [-75.57914334466706, 6.1822674437143705], [-75.57914776315646, 6.182278287576106], [-75.57916274193548, 6.18231019872727], [-75.57918185017945, 6.182350354084167], [-75.57920398794477, 6.182388201966728], [-75.57922644571183, 6.182428329303797], [-75.579245068861, 6.182457302554826], [-75.57925434433703, 6.182469932813294], [-75.57929977359693, 6.182528880181136], [-75.57932972670818, 6.1825591653924326], [-75.5793729911309, 6.182604425444552], [-75.57942207912483, 6.182645879034923], [-75.57947865640452, 6.18267549792278], [-75.57950062027612, 6.182685481776229], [-75.57957301660173, 6.182700263719941], [-75.5795893225401, 6.182701262207451], [-75.5796425726729, 6.182709249786549], [-75.57965388671286, 6.1827132415330395], [-75.57967784959389, 6.182731211408297], [-75.57969597986052, 6.182831794269439], [-75.57970336130583, 6.182837591586382], [-75.58004422384245, 6.183098804525842], [-75.58048109224835, 6.182136159097475], [-75.58076625027827, 6.181670877676915], [-75.58107392740455, 6.181483258084057], [-75.58155348195544, 6.1814341996647055], [-75.58140929892573, 6.1808660869351755], [-75.58121486850781, 6.180050811553961], [-75.58103260074917, 6.179025867282145], [-75.58088833990068, 6.1782168624678935], [-75.5806995825517, 6.177718521062884], [-75.5803546438983, 6.177097660821592], [-75.58032618774936, 6.176609587982671], [-75.58001253040467, 6.1766279061205225], [-75.57995024459527, 6.176627906376879], [-75.57990466816442, 6.176640061455422], [-75.57984998051974, 6.176662090868439], [-75.5797656669046, 6.176665891174806], [-75.57972042035883, 6.176652159742457], [-75.5796674002681, 6.176624204959931], [-75.5795989549133, 6.17659239494053], [-75.5795083390243, 6.176579862714732], [-75.57947363600368, 6.176568296022555], [-75.57942736451936, 6.17653262825297], [-75.57933288914839, 6.17645454492388], [-75.57918807935336, 6.176352973436914], [-75.57910324697126, 6.176278744401131], [-75.5790521533137, 6.176218979832743], [-75.57902296191547, 6.17616344141353], [-75.5788822148051, 6.175988960779436], [-75.57871602400718, 6.175831249502158], [-75.57863215640081, 6.175761841667576], [-75.57852804288603, 6.175662551539966], [-75.5784390575394, 6.175568441679259], [-75.57832144816642, 6.1754170944656845], [-75.57820480228608, 6.175274426287375], [-75.57812575179756, 6.1751953790807415], [-75.5779948648298, 6.175102936820909], [-75.57783676965745, 6.175022928307458], [-75.57771626810516, 6.174960267790491], [-75.5776684005219, 6.17495873952489], [-75.57752685534842, 6.174945143630039], [-75.5773850894864, 6.1749348541098685], [-75.57723989313601, 6.174947434713511], [-75.57713928527899, 6.174953153274678], [-75.57709355364932, 6.174974875893668], [-75.57706714279294, 6.175032638590214], [-75.57705685514425, 6.1750852295299214], [-75.57705685506882, 6.175121814367397], [-75.57707972203073, 6.1751926980015295], [-75.5771003027635, 6.175255579776079], [-75.5771483206357, 6.175316172342563], [-75.577237724774, 6.175396618826136], [-75.57733719324024, 6.175480075038726], [-75.57744149483472, 6.175600722770621], [-75.57750552020437, 6.175689899993487], [-75.57755582486712, 6.17578136233501], [-75.57759706949476, 6.175900747033802], [-75.5776553786453, 6.176045942984749], [-75.577710258841, 6.176164842965899], [-75.57777555910376, 6.176313961275465], [-75.57781214610819, 6.176409996925827], [-75.57783747098888, 6.176502093811789], [-75.57785233467382, 6.176647292372338], [-75.57788104911046, 6.176812392360057], [-75.57791077458252, 6.176910713330204], [-75.57796577589164, 6.177005882142806], [-75.57804237755079, 6.177081339257411], [-75.57814894043292, 6.177182319014645], [-75.57824840599625, 6.177231481930318], [-75.57836959426078, 6.177270349504723], [-75.57842927475188, 6.17731433684369], [-75.57848186597441, 6.17736806935524], [-75.57850358817349, 6.177424089738989], [-75.57857913871548, 6.177620111840904], [-75.5786042934462, 6.177673846303954], [-75.57863173298763, 6.177729866966635], [-75.57866263848241, 6.177865123089039], [-75.57866035271348, 6.177915427637939], [-75.57863291541676, 6.177970305009983], [-75.57858707927883, 6.178042843466815], [-75.57851734210026, 6.178093148823086], [-75.57847389717804, 6.178145741462603], [-75.57844188825463, 6.178212051497155], [-75.57842581577839, 6.178290389057516], [-75.57841438591763, 6.178408146714839], [-75.57842924872831, 6.17846988345014], [-75.57847955662457, 6.178543053110776], [-75.57852894752754, 6.178582439663137], [-75.57858382604961, 6.178616738507227], [-75.57869243870698, 6.17866932581905], [-75.57882620330349, 6.178720773070966], [-75.57887993858934, 6.178767646033506], [-75.57890623374831, 6.178806517148246], [-75.5789245274943, 6.178849961981941], [-75.57897135684637, 6.178979668323924], [-75.57903309904262, 6.179144300394993], [-75.57903868261647, 6.179247781295698], [-75.57903068122937, 6.179348392546221], [-75.57899638473368, 6.179411272759175], [-75.57896437279392, 6.179447857370463], [-75.57890720926513, 6.179462723095521], [-75.5788557621671, 6.179460436767762], [-75.57876315642031, 6.179439860657639], [-75.57872542876795, 6.179439858374775], [-75.57864654091158, 6.17945015082919], [-75.57853107013952, 6.179453582442487], [-75.57853102186083, 6.179471776526542], [-75.57837009458501, 6.179468920119244], [-75.57837454709329, 6.179476915060391]]]}, "properties": {"OBJECTID": 29, "SE_ANNO_CAD_DATA": null, "SHAPE.AREA": 0, "SHAPE.LEN": 0, "BARRIO": "035", "NOMBARRIO": "LAS ORQUIDEAS", "MUNICIPIO": 266, "nombre_barrio_estandarizado": "LAS ORQUIDEAS", "municipio_estandarizado": "envigado"}}, {"type": "Feature", "geometry": {"type": "Polygon", "coordinates": [[[-75.58032618774936, 6.176609587982671], [-75.58031094042899, 6.176348042996114], [-75.58031065951917, 6.17634152318699], [-75.580093152692, 6.176400849672831], [-75.57990490448374, 6.1764400737136596], [-75.579787245269, 6.1764322329493115], [-75.5797166501324, 6.176377328535481], [-75.57949309704996, 6.176091030149805], [-75.57940003316746, 6.1760046268799185], [-75.57923078637599, 6.175762430183144], [-75.57895921308551, 6.175407695221476], [-75.57880394816839, 6.17520251788362], [-75.57877458592503, 6.175127337143456], [-75.57887344170622, 6.175072277170769], [-75.57878039997424, 6.174941493739867], [-75.57854001080436, 6.174693103123583], [-75.57845297112844, 6.1746205688494475], [-75.57841186808322, 6.174514188861315], [-75.57838768995668, 6.1744174792111295], [-75.57839052655828, 6.17422542283414], [-75.57856549462755, 6.173658567224512], [-75.57893415226522, 6.173767114013894], [-75.57907628845251, 6.173320415332205], [-75.5791107348064, 6.173330140857404], [-75.57916116754348, 6.173345451172913], [-75.57918745225938, 6.1732346219221785], [-75.57904050197061, 6.1730255762029325], [-75.57887233871482, 6.172782384589413], [-75.57888460496602, 6.172697027229188], [-75.57893818388104, 6.172579965807725], [-75.57908752569779, 6.172377540117288], [-75.57916419006946, 6.172327252058401], [-75.57936973508514, 6.172232012771804], [-75.57955109245572, 6.172176775381022], [-75.57968662826853, 6.172133757322763], [-75.57998560907902, 6.17207005416212], [-75.57968528650942, 6.172059974092294], [-75.57868189074908, 6.171860815030199], [-75.57824971670252, 6.1717781446486875], [-75.57787015534278, 6.171706748818314], [-75.57753944758952, 6.171605285658366], [-75.57751314237015, 6.1715752219548055], [-75.57770855406652, 6.1713271854729985], [-75.57774989179828, 6.171263296766686], [-75.5777695240046, 6.171206305611394], [-75.57778685755339, 6.171133320523223], [-75.57715169964328, 6.170941476172739], [-75.57656371911389, 6.170747820324353], [-75.5759181329639, 6.170548592994224], [-75.57570347306513, 6.170450597917107], [-75.57565214075626, 6.170396931861569], [-75.57560588753871, 6.170474072001331], [-75.57549251105934, 6.170773983661344], [-75.57536555718123, 6.171094066194967], [-75.5753570241115, 6.171117229579503], [-75.57519404883075, 6.170968788273788], [-75.57499341436507, 6.170784837428112], [-75.57493371656749, 6.170747141825482], [-75.57491166372326, 6.170730957723204], [-75.57482112798294, 6.170684908331014], [-75.57468374490279, 6.170636409439528], [-75.57451495463441, 6.170579900299951], [-75.57433643959219, 6.170525381923164], [-75.57393098831677, 6.1712389245469685], [-75.57329458880292, 6.171617483845634], [-75.57325314714855, 6.171637534466855], [-75.57319387008884, 6.171662121266754], [-75.57318346171023, 6.171666040202743], [-75.5731550865453, 6.17167385133655], [-75.57320862795622, 6.171744254385213], [-75.57322626995628, 6.171821656911189], [-75.57328687537884, 6.171888095697887], [-75.57355247918532, 6.172031755039013], [-75.5735453200594, 6.172057547211989], [-75.5735221944344, 6.172072511463516], [-75.57357083280797, 6.172158861903558], [-75.57357436143711, 6.172195937874509], [-75.57357083852044, 6.172238056614561], [-75.57353661191075, 6.172337251746837], [-75.57353608013412, 6.172378843401174], [-75.57356855103001, 6.172413673756676], [-75.5735306217431, 6.172484461282594], [-75.57349022163284, 6.172556336628805], [-75.57349002716344, 6.172601182284068], [-75.57354808687425, 6.172629036761777], [-75.57360070039488, 6.172640445040351], [-75.57366655094593, 6.172643687725637], [-75.57367768969853, 6.1726621243086095], [-75.57367643027169, 6.172702681581989], [-75.57359994222175, 6.1727836783848185], [-75.57360153228551, 6.1728533001483035], [-75.57363574716582, 6.172886359976562], [-75.57370570702318, 6.172939348438699], [-75.57372170586115, 6.173010359694532], [-75.57372545981477, 6.173045263845145], [-75.57391598196762, 6.17303483562485], [-75.57393928579435, 6.173148405032409], [-75.574022614707, 6.173219238776351], [-75.57398672717002, 6.173526435211647], [-75.5739854875561, 6.173624567574257], [-75.57406500068, 6.173715377536626], [-75.57416075719638, 6.173697606277693], [-75.57425274098169, 6.173660317677649], [-75.57431100212267, 6.173702723269065], [-75.57431481939423, 6.17387655502253], [-75.57428187337305, 6.173960868085804], [-75.57432730494045, 6.17404808731042], [-75.57440552722146, 6.174010997259946], [-75.57448378903473, 6.173981344056407], [-75.57450713227237, 6.173990287350592], [-75.57451011381136, 6.1739825375255], [-75.57462407410232, 6.1740291668079506], [-75.57474038049048, 6.174075067758428], [-75.57480159382601, 6.174113169968617], [-75.57482291310116, 6.17409491083978], [-75.57485432515833, 6.174176593386878], [-75.57487969431415, 6.174166221821369], [-75.57500138851884, 6.174114225279435], [-75.57505321114637, 6.174094669383552], [-75.57508547729117, 6.174096623329771], [-75.57523801660761, 6.174177781822099], [-75.57536122158798, 6.174271650026473], [-75.57538762184126, 6.174288271366942], [-75.57549373839548, 6.174298262185686], [-75.57555240645084, 6.1742992393212734], [-75.57563649677172, 6.174267948455979], [-75.5757880570312, 6.174227857743597], [-75.57591028013034, 6.174204386090918], [-75.57616425440791, 6.17412710416489], [-75.5765301424563, 6.1740347351061216], [-75.57663672272359, 6.1740053983192915], [-75.5766826791361, 6.17401615405941], [-75.57675797182539, 6.1740816675603645], [-75.5768728326085, 6.174198117370967], [-75.5769768597769, 6.174325432518554], [-75.57702343958563, 6.174378222590311], [-75.57710728455504, 6.174482251220465], [-75.57715852345942, 6.174542803799021], [-75.57722218252496, 6.174598697090475], [-75.5772967115229, 6.174659249805019], [-75.57738517188682, 6.174713629686716], [-75.5775105042588, 6.1747779295256775], [-75.5776151309067, 6.174843318741827], [-75.57764891904259, 6.174881463908465], [-75.57771626810516, 6.174960267790491], [-75.57783676965745, 6.175022928307458], [-75.5779948648298, 6.175102936820909], [-75.57812575179756, 6.1751953790807415], [-75.57820480228608, 6.175274426287375], [-75.57832144816642, 6.1754170944656845], [-75.5784390575394, 6.175568441679259], [-75.57852804288603, 6.175662551539966], [-75.57863215640081, 6.175761841667576], [-75.57871602400718, 6.175831249502158], [-75.5788822148051, 6.175988960779436], [-75.57902296191547, 6.17616344141353], [-75.5790521533137, 6.176218979832743], [-75.57910324697126, 6.176278744401131], [-75.57918807935336, 6.176352973436914], [-75.57933288914839, 6.17645454492388], [-75.57942736451936, 6.17653262825297], [-75.57947363600368, 6.176568296022555], [-75.5795083390243, 6.176579862714732], [-75.5795989549133, 6.17659239494053], [-75.5796674002681, 6.176624204959931], [-75.57972042035883, 6.176652159742457], [-75.5797656669046, 6.176665891174806], [-75.57984998051974, 6.176662090868439], [-75.57990466816442, 6.176640061455422], [-75.57995024459527, 6.176627906376879], [-75.58001253040467, 6.1766279061205225], [-75.58032618774936, 6.176609587982671]]]}, "properties": {"OBJECTID": 30, "SE_ANNO_CAD_DATA": null, "SHAPE.AREA": 0, "SHAPE.LEN": 0, "BARRIO": "030", "NOMBARRIO": "URIBE ANGEL", "MUNICIPIO": 266, "nombre_barrio_estandarizado": "URIBE ANGEL", "municipio_estandarizado": "envigado"}}, {"type": "Feature", "geometry": {"type": "Polygon", "coordinates": [[[-75.59010284991662, 6.160021395207704], [-75.59010045958829, 6.160099211908577], [-75.59009567176825, 6.160154285478894], [-75.59014356137372, 6.160228510991119], [-75.59018307108724, 6.160283579984608], [-75.59024719149585, 6.160337890208295], [-75.59061652342662, 6.160631885853762], [-75.59080761295253, 6.160773383973784], [-75.59093396356694, 6.160899729672932], [-75.59098013735758, 6.161086822256693], [-75.5909724260621, 6.161252741045687], [-75.59097042726502, 6.161295789439025], [-75.59103603221443, 6.161385691275818], [-75.59152682163197, 6.161006613693725], [-75.59173486007472, 6.160533549431133], [-75.59193078453616, 6.1601383934062355], [-75.59205522946209, 6.159879018575192], [-75.59210248525011, 6.159908981415037], [-75.59218081984038, 6.159957449694693], [-75.5922719309447, 6.160027520254701], [-75.59234916120393, 6.160103981407872], [-75.59231781053752, 6.160140193004825], [-75.59237018030957, 6.160189385086168], [-75.59239512663923, 6.160203070856954], [-75.59240640218204, 6.160208738839712], [-75.59242681973971, 6.160209487577743], [-75.59243963385165, 6.160199945103404], [-75.59244240826347, 6.160178245494677], [-75.59242908076945, 6.160155721012935], [-75.59239349875902, 6.160115591149039], [-75.59235338670702, 6.160076961475812], [-75.59226078937479, 6.15991490641405], [-75.59222895465908, 6.159842463733401], [-75.59219130131146, 6.159744623948997], [-75.59219620634045, 6.159636880097919], [-75.5922277821377, 6.1595670266761395], [-75.59244304194306, 6.159438283556236], [-75.59245397428005, 6.15945941204197], [-75.59260637180515, 6.15973261111602], [-75.59278640556286, 6.16005998452564], [-75.59285368238803, 6.160172557637809], [-75.59290722396021, 6.1602109953666035], [-75.59297662190862, 6.160191505848953], [-75.5932415732759, 6.160034981587314], [-75.59369521233313, 6.159780082536334], [-75.59390250500542, 6.159652390261739], [-75.59410911976849, 6.159546207423485], [-75.59442349157146, 6.159373206078512], [-75.59532949655582, 6.158876481288837], [-75.59579656069664, 6.158616178254609], [-75.59558653666623, 6.158229694741295], [-75.59565242948608, 6.158177520758027], [-75.59594964584437, 6.158052067412765], [-75.59594265432655, 6.158042228037196], [-75.5958576371461, 6.157988702916942], [-75.59573798576028, 6.157919435524413], [-75.59561800513474, 6.157829064949946], [-75.59553456360715, 6.157762945537947], [-75.59543222700114, 6.157660615794904], [-75.59537840886196, 6.157601639931774], [-75.59536895878503, 6.157538666402073], [-75.59537210425225, 6.157481987232016], [-75.59540516155279, 6.157411139382206], [-75.5954319215459, 6.157335566739007], [-75.5954429341773, 6.157192296678512], [-75.59547127476357, 6.156919021171973], [-75.59547756993747, 6.15686863893768], [-75.59551220107714, 6.156782048003076], [-75.59557060217871, 6.156615963549299], [-75.59560791955711, 6.156535660958235], [-75.59559162292754, 6.156526146204357], [-75.59559129488636, 6.1565248151928325], [-75.59559202171856, 6.156525119945986], [-75.59560166310689, 6.156477420100245], [-75.59561697498546, 6.1564683084522445], [-75.59564661248945, 6.156450674891651], [-75.59570100529068, 6.156400562191395], [-75.59578862778503, 6.156309899113153], [-75.59583844847572, 6.156254482748828], [-75.59587467030424, 6.156211969528706], [-75.59587518354762, 6.156211446283591], [-75.59587934659179, 6.156206927345057], [-75.59588303177425, 6.156202405307456], [-75.5958862095838, 6.156198871181252], [-75.59590559036462, 6.156186132468395], [-75.5959195716541, 6.156174973232455], [-75.59592148555726, 6.15617344597598], [-75.59593082980614, 6.156154024356458], [-75.59597677206345, 6.156086040324657], [-75.59598475943106, 6.156026058534914], [-75.59597676650277, 6.155974073307224], [-75.59596477944247, 6.155944083783488], [-75.59593281409099, 6.155930089644569], [-75.59590684463062, 6.15591809507246], [-75.59586688913633, 6.15591609620874], [-75.59583293114157, 6.15593409433847], [-75.59580496496577, 6.155966085525203], [-75.59577300303826, 6.15600207589579], [-75.59575103004784, 6.156044065024054], [-75.5957170724908, 6.1560740575219075], [-75.59568710842764, 6.1560960539273735], [-75.595641159731, 6.156100052017648], [-75.59559521149308, 6.1560680669804775], [-75.59556125118884, 6.15605007385263], [-75.59551530135509, 6.156024081931468], [-75.59547734417805, 6.155996093793494], [-75.59542540275625, 6.155954108073744], [-75.5954134139161, 6.1559241185331635], [-75.59541341368397, 6.1558941267187715], [-75.59543139050665, 6.155868133867533], [-75.59545336488156, 6.155854135832703], [-75.59548932214386, 6.155842139197773], [-75.59553926520294, 6.155830139609811], [-75.59558920577365, 6.155808143663778], [-75.59563714913824, 6.155770153482308], [-75.59565312693172, 6.15572016804782], [-75.59565512070529, 6.15563019376594], [-75.59565711358127, 6.1555402194884765], [-75.59566110411356, 6.155454244164039], [-75.59567508153903, 6.155328281800288], [-75.5956990494654, 6.155242306020905], [-75.59571502634998, 6.155168327330673], [-75.59572501096758, 6.1550923490484575], [-75.59572101274034, 6.155014372980611], [-75.59571301922368, 6.154952392271661], [-75.59571700887916, 6.154882412767594], [-75.59573298801963, 6.154828426801768], [-75.59575296449182, 6.154796436538586], [-75.59578692243839, 6.154762443534974], [-75.59581888409707, 6.154728452106109], [-75.59584485236634, 6.1547024592618325], [-75.59585883611082, 6.154672467230429], [-75.59586282802054, 6.154638478070772], [-75.59585283844625, 6.15460648893998], [-75.59583286131198, 6.154588493764166], [-75.59580089719483, 6.154580499926097], [-75.59577492735558, 6.154572503143255], [-75.59572898174109, 6.1545745049722935], [-75.59568503307352, 6.154602497398898], [-75.59562710247117, 6.154636491289025], [-75.59555318999332, 6.1546924777179175], [-75.59547727828952, 6.154726471371764], [-75.5954073620077, 6.154750468418085], [-75.59534743237948, 6.154752469532179], [-75.59527950812195, 6.154742477176861], [-75.59522557057613, 6.1547084904084945], [-75.59519560187694, 6.154660506773097], [-75.59517762177555, 6.154604523420469], [-75.59518760557835, 6.154544541846925], [-75.59520358589337, 6.154504551875346], [-75.59522955398852, 6.154472562316988], [-75.59525752015037, 6.15444856682636], [-75.59530146883269, 6.1544205717186165], [-75.59533742310246, 6.154386579880658], [-75.59536139445429, 6.1543345937347445], [-75.59537131757874, 6.1542948610537325], [-75.59536970933713, 6.154294040742214], [-75.59536130982062, 6.154292233664103], [-75.59535408426459, 6.154295940260169], [-75.59534604759709, 6.154305796710119], [-75.59533710516702, 6.154320168904932], [-75.59532391988559, 6.154338250366126], [-75.5953103684983, 6.1543518114195415], [-75.59530160907626, 6.154359225858991], [-75.59529411345096, 6.1543627502408835], [-75.59528417612383, 6.154357327104384], [-75.59528435676299, 6.15434467187292], [-75.59528841877122, 6.1543230645880955], [-75.59529311545444, 6.154303991054006], [-75.59529437912663, 6.154285005638918], [-75.5952916660007, 6.154259782454895], [-75.59528552332183, 6.154226243081364], [-75.59527676025603, 6.154201836771305], [-75.59526736459432, 6.15417290592429], [-75.59525923537753, 6.154150304682707], [-75.59524875586898, 6.15413032674705], [-75.59523818716153, 6.1541087210035545], [-75.59523222446661, 6.154096064910283], [-75.59522779815887, 6.154084313557676], [-75.59522499932491, 6.154068041141953], [-75.59522319097755, 6.154058005650715], [-75.5952220164685, 6.154049959660687], [-75.59522093378652, 6.1540409196443715], [-75.59521975774669, 6.154030883790172], [-75.59521406404752, 6.153981162882509], [-75.59520972677443, 6.153936955666638], [-75.59520836949312, 6.153927916081441], [-75.59520629343626, 6.153917067319089], [-75.59520421442376, 6.1539080285315055], [-75.59520014941472, 6.1538899459834955], [-75.59519771088524, 6.153880906231946], [-75.59519536178033, 6.153871866045469], [-75.59519165689274, 6.15385911850739], [-75.59518768190456, 6.15384655400205], [-75.59518262354125, 6.153832993048714], [-75.59517792736432, 6.153822959847273], [-75.59517133098885, 6.153810391816074], [-75.59516609102667, 6.153800358546546], [-75.59516021962247, 6.153790503738364], [-75.59515353526068, 6.153780651075262], [-75.59514495430659, 6.153771611358735], [-75.59513438552487, 6.153763384128263], [-75.59512345536989, 6.153758867175375], [-75.5951116240421, 6.153755160136377], [-75.59510015207849, 6.1537525389532215], [-75.59508868031953, 6.153751634609542], [-75.59507910561766, 6.153749826909182], [-75.5950684487595, 6.153748018142377], [-75.59505887187194, 6.15374259685944], [-75.59505417406638, 6.15373446041549], [-75.59504469166896, 6.153721894661973], [-75.59503809605305, 6.1537264154732485], [-75.59503204538596, 6.153735455824088], [-75.59502572258916, 6.1537461221233025], [-75.5950187698417, 6.153756157728329], [-75.59501316780475, 6.153764204125978], [-75.59500955687236, 6.153776951078981], [-75.59500693757658, 6.153787799170165], [-75.59500341486297, 6.153799553018494], [-75.59499998466691, 6.153808594188082], [-75.59499546664347, 6.153819443375632], [-75.59499068118569, 6.153827489418964], [-75.59498571356377, 6.153836528119826], [-75.59495789530199, 6.1538736853163645], [-75.59492366318511, 6.153917080185431], [-75.59492005176983, 6.153926936809339], [-75.59491797398765, 6.153937875387779], [-75.59491788392361, 6.153948722933769], [-75.59491698115708, 6.153957764470814], [-75.59491517508262, 6.153966804071814], [-75.59491282677736, 6.153977652654067], [-75.5949089440202, 6.153986692408491], [-75.5949024401465, 6.153993924098765], [-75.59489331801137, 6.15399844725088], [-75.59488193696937, 6.1540011596732445], [-75.59487191197769, 6.153999261040451], [-75.5948599884071, 6.153993114343756], [-75.59484671070877, 6.153981181813683], [-75.59483984271729, 6.153973136382842], [-75.59483397183811, 6.153965994700149], [-75.59482846210032, 6.153956955413044], [-75.594821055117, 6.153946920018127], [-75.59481111934117, 6.153930648846932], [-75.59480524853196, 6.153919799545782], [-75.59479874284717, 6.153908049255039], [-75.59479314122835, 6.1538972013568545], [-75.5947890767533, 6.153888158657627], [-75.59478537301871, 6.153880113208736], [-75.59478067412839, 6.153870078205899], [-75.59477579652632, 6.153859141803617], [-75.59477055890822, 6.153848473854249], [-75.59476468585585, 6.153837534155153], [-75.59475917630799, 6.153830394329976], [-75.59475168021449, 6.153821353850191], [-75.594743097457, 6.153812314133404], [-75.59473568988084, 6.153803272318688], [-75.59472900593587, 6.153796854231605], [-75.59471437371705, 6.153785194079342], [-75.59470434537255, 6.153781487304746], [-75.59469251273363, 6.15378067421072], [-75.5946798693454, 6.153783296028741], [-75.59467137796696, 6.15378601066875], [-75.59466369928539, 6.153790530414416], [-75.5946545786859, 6.153796858995239], [-75.59464545499551, 6.15380590072474], [-75.59463687405037, 6.153815844795992], [-75.59463118391456, 6.1538239802201], [-75.59462495318446, 6.153832028769015], [-75.59461826959905, 6.153842062159607], [-75.5946119463763, 6.153849292968952], [-75.59460399821485, 6.153859148980401], [-75.59459559953577, 6.153867377132199], [-75.59458837211872, 6.153874609625456], [-75.59457925035218, 6.15388274546071], [-75.59457085102163, 6.153889164558334], [-75.5945631730139, 6.153895312542181], [-75.59455585746025, 6.153899833234038], [-75.59454736599041, 6.1539062518754], [-75.59453806292525, 6.153912581342734], [-75.59452632262301, 6.153919813175081], [-75.59451810196705, 6.153924334650888], [-75.59450915987615, 6.153929848693981], [-75.59449877311657, 6.153934371660191], [-75.59448901773891, 6.153938889748423], [-75.59447881145275, 6.153941513275943], [-75.5944667977671, 6.153943413288456], [-75.59445722313316, 6.153944226495404], [-75.59444512107159, 6.153945040236987], [-75.5944335573507, 6.153946034888577], [-75.59442217638798, 6.1539450423949145], [-75.59441215033334, 6.153944227745483], [-75.59440049907467, 6.153941517011521], [-75.5943893887637, 6.153939710436312], [-75.59437683316033, 6.153937900942463], [-75.5943655429639, 6.1539369984138705], [-75.59435596735217, 6.153935190705289], [-75.59433582469444, 6.153928863356778], [-75.59432715457976, 6.15392434443962], [-75.59431821147241, 6.153917923767811], [-75.59430926879138, 6.153911777028942], [-75.59430005440446, 6.153904365903236], [-75.5942905692534, 6.153895326043119], [-75.59428072482159, 6.153884658782904], [-75.59427078783851, 6.153873719845141], [-75.59426112082001, 6.153863686383694], [-75.59425226888544, 6.153854647060305], [-75.59424341784128, 6.153845605020103], [-75.59423429419698, 6.153838464674306], [-75.5942239067337, 6.153832047404954], [-75.5942144230514, 6.153828521499923], [-75.59420394479109, 6.153828522712973], [-75.59419509241768, 6.153832050058503], [-75.5941870543915, 6.153838467395267], [-75.5941796479843, 6.153846603928011], [-75.59417332540713, 6.153855644693385], [-75.59416745538061, 6.153864685066991], [-75.59416104234617, 6.153874630349017], [-75.59414749272156, 6.153888189563632], [-75.5941369261912, 6.153892710685369], [-75.59412671892545, 6.153892713292301], [-75.59411416469379, 6.153890814281138], [-75.59410504202494, 6.153886294847005], [-75.5940974528215, 6.153880961521745], [-75.59408869064792, 6.153872735427528], [-75.5940801090364, 6.1538620692557515], [-75.59407432830908, 6.153853027656024], [-75.59406963188984, 6.153844802591294], [-75.5940642119147, 6.1538365747151], [-75.59405743756074, 6.153827533424558], [-75.59404885448376, 6.153817681832168], [-75.59404099487936, 6.153811352622946], [-75.59403024846799, 6.153804120711929], [-75.59402202820604, 6.153799603217489], [-75.59401218075355, 6.153794269114165], [-75.5940026061835, 6.153785229680679], [-75.59399673490198, 6.153777816762056], [-75.59398418001376, 6.153761634236996], [-75.59397848782378, 6.153752594916959], [-75.59397532649517, 6.153741656486205], [-75.59397487399313, 6.153731800629876], [-75.59397514414391, 6.153721947589475], [-75.59395707916475, 6.153718243698771], [-75.59394976161815, 6.153714536388], [-75.59394352943131, 6.153707394637337], [-75.59393937465177, 6.153698354172077], [-75.59393549190177, 6.153688411019676], [-75.5939304325355, 6.1536757541224745], [-75.5939269082574, 6.153666713304535], [-75.5939222105958, 6.153657672765371], [-75.59391200239014, 6.153642215653068], [-75.59390242692156, 6.153633176220286], [-75.59389429753739, 6.153627840090833], [-75.59388391083685, 6.153622509508358], [-75.59386575371455, 6.153612473904721], [-75.59385762589088, 6.153608948633298], [-75.59384588301289, 6.15360894965551], [-75.5938477793011, 6.15361961578135], [-75.59385021962258, 6.153628657348588], [-75.59385301944863, 6.153637697168452], [-75.59385536703724, 6.153647732767046], [-75.59385545962486, 6.153660298988789], [-75.59385311057056, 6.153673046140398], [-75.59384904764616, 6.1536847980966485], [-75.5938451642186, 6.153698358238793], [-75.59384236450504, 6.153707399960703], [-75.59383974634581, 6.1537164398961055], [-75.59383739827535, 6.153725480326943], [-75.59383477928797, 6.153737142090062], [-75.59382990280133, 6.153749888869331], [-75.5938252964796, 6.153758928523375], [-75.59381897325584, 6.1537661620395925], [-75.59381183843236, 6.15377330547651], [-75.59380352941204, 6.153779723222111], [-75.59379467764269, 6.153785237720363], [-75.5937852841834, 6.1537887640734885], [-75.59377453410431, 6.153791387518596], [-75.59376225044934, 6.153792382037589], [-75.5937500559144, 6.153792382542352], [-75.59373876550313, 6.153789760444982], [-75.59372819732778, 6.153786869038347], [-75.59371528007819, 6.15378424761468], [-75.5937015508987, 6.153780723347391], [-75.59368863527274, 6.153776202448841], [-75.59367544809923, 6.153772497443239], [-75.59366180713262, 6.153767978260984], [-75.59364888879712, 6.15376345737437], [-75.5936401277903, 6.153759752553735], [-75.59362576655514, 6.153754418680964], [-75.59361538051226, 6.153750713620895], [-75.5936032744328, 6.153748093676031], [-75.59358593238937, 6.153745382551695], [-75.59357509305296, 6.153743572831537], [-75.5935638919668, 6.153741674461471], [-75.5935525104596, 6.153738149628787], [-75.59354230499885, 6.1537318218651045], [-75.59353525837537, 6.153725494118837], [-75.59352739891044, 6.153718261725001], [-75.59351927086837, 6.153710037055195], [-75.59351005779837, 6.153702895318406], [-75.59350183662296, 6.153698375105649], [-75.59349253394134, 6.153695663782928], [-75.59348395196254, 6.153693856651238], [-75.59347509976445, 6.153692953101781], [-75.59346633866251, 6.153692952282778], [-75.59344764269741, 6.153689335518505], [-75.59343210494474, 6.153683914236439], [-75.5934262347531, 6.153700185418235], [-75.59342343566493, 6.153711033484504], [-75.59341982167639, 6.153722786876129], [-75.59341638964703, 6.153731828959439], [-75.59340239274175, 6.153786884776471], [-75.59339498604848, 6.153831273904985], [-75.59339661403132, 6.153842122155145], [-75.59340275733159, 6.153861105952558], [-75.59340772532514, 6.153874666476576], [-75.59341350834903, 6.153892747946986], [-75.59341712114421, 6.153901788341065], [-75.59342091639738, 6.153910826944294], [-75.59342398643993, 6.1539189631862765], [-75.59342760073395, 6.153927009087731], [-75.59343139418543, 6.153936048603545], [-75.593436363319, 6.153947981781831], [-75.59344160058342, 6.153957836087026], [-75.59344620881008, 6.15396687525913], [-75.59345253382638, 6.15397862826465], [-75.59345885587261, 6.15399218943915], [-75.59346544980168, 6.154005748388018], [-75.59347059769087, 6.154018405766668], [-75.59347475444909, 6.154029343886526], [-75.59347836904482, 6.154038382462453], [-75.59348162021877, 6.154046429223517], [-75.59348938901178, 6.154065505470185], [-75.59349056412626, 6.1540753569143885], [-75.59349210009731, 6.154091629170275], [-75.59349273232007, 6.154101664972471], [-75.59349345606475, 6.15410971226377], [-75.59349481151406, 6.154118751874066], [-75.59349553496826, 6.154128787232835], [-75.59349643703311, 6.154140448158642], [-75.59349616714542, 6.154148494854624], [-75.5934956267436, 6.154159432296532], [-75.59349526385789, 6.154170280276107], [-75.59349499371018, 6.1541801351280405], [-75.59349481355144, 6.15418917496893], [-75.59349499592484, 6.154199209341071], [-75.5934957195843, 6.154210962445719], [-75.59349779702924, 6.154224523453897], [-75.59349987691982, 6.154239891700741], [-75.5935016833773, 6.154253453121773], [-75.59350375960231, 6.154266017842492], [-75.59350529710838, 6.154277951423262], [-75.59350692289759, 6.154291511010018], [-75.59350936290222, 6.154305885733474], [-75.59351306796047, 6.154326679585885], [-75.5935150554563, 6.15433752608655], [-75.59351596008652, 6.154350273700409], [-75.59351568805292, 6.154363835278378], [-75.59351505812461, 6.15437549641715], [-75.59351496667648, 6.154386436197256], [-75.59351415454579, 6.154396290066949], [-75.5935124387751, 6.154405329234636], [-75.59350945962552, 6.154415182787975], [-75.59350674809785, 6.154423411317711], [-75.59350250456504, 6.154431638252815], [-75.5934965440063, 6.154438778695662], [-75.59348931592889, 6.1544442048399395], [-75.59348200017558, 6.154446826962386], [-75.59347432320571, 6.154448725770346], [-75.59346610347741, 6.15444971952256], [-75.59345851518464, 6.154450533006506], [-75.59344966498897, 6.154451348103193], [-75.59344099232545, 6.154448725938782], [-75.59343322615065, 6.154446016193314], [-75.59342491423459, 6.154444206848968], [-75.5934166042639, 6.154441495225793], [-75.59340684902033, 6.154438785202303], [-75.59339718543346, 6.154436162428619], [-75.5933893256436, 6.1544342649988435], [-75.5933785768881, 6.154430648493313], [-75.59336864222227, 6.154428752106582], [-75.5933590659977, 6.15442793796641], [-75.59335012389256, 6.154427124360483], [-75.59334127196746, 6.154424231842077], [-75.59333205913893, 6.154421611396645], [-75.59332374736194, 6.154418899780455], [-75.5933163414569, 6.154417090551235], [-75.5933071290931, 6.154414379695267], [-75.59329520561012, 6.1544106730646], [-75.59328554125929, 6.1544071480228455], [-75.59326458536545, 6.1543963023925885], [-75.59325573152574, 6.15439096706424], [-75.59323242777546, 6.154378222526682], [-75.59321110995451, 6.154368368617196], [-75.59318970304804, 6.1543593297133485], [-75.59316377816869, 6.154351104736203], [-75.59313659047032, 6.154342878661641], [-75.59311436960034, 6.154337545003072], [-75.59309874470985, 6.154334834565958], [-75.59308889950721, 6.154335738570585], [-75.59307977499667, 6.154343875310178], [-75.59306712966294, 6.154362861817458], [-75.59273402752915, 6.154786868317738], [-75.5927245455187, 6.154790395092538], [-75.59271641663072, 6.154794103340347], [-75.59270611859343, 6.154796814081516], [-75.59268606677465, 6.154808477384768], [-75.59267685244608, 6.15481299824808], [-75.5926689960097, 6.154815890597374], [-75.59265915087049, 6.154819417327727], [-75.59264713553877, 6.154823035066017], [-75.59263512394661, 6.154825747803929], [-75.59262401487553, 6.154827554790514], [-75.592614439149, 6.154829452870863], [-75.59260278657386, 6.1548294561502335], [-75.59259366395452, 6.154827557613404], [-75.59258228287925, 6.154823941453068], [-75.59257072192007, 6.154821230244421], [-75.59256141817116, 6.154819421186673], [-75.59255211398809, 6.154817522627124], [-75.5925443455349, 6.154814903287925], [-75.59253179060755, 6.154811377813176], [-75.59252040876932, 6.154806859385047], [-75.59251029187911, 6.154803153001061], [-75.59250180182758, 6.154799445040918], [-75.5924928592064, 6.154795920095123], [-75.59248229111033, 6.154792305406464], [-75.59247271707876, 6.1547887799117795], [-75.59246548984856, 6.15478507304777], [-75.59245627656813, 6.154782361278309], [-75.59244787669174, 6.154779738676641], [-75.5924368564212, 6.154779740687903], [-75.59242710143167, 6.15478136841236], [-75.59241897220213, 6.154784262083733], [-75.59241021084269, 6.1547858895006495], [-75.59240081740604, 6.154785889031552], [-75.59238961704011, 6.154785076438467], [-75.59233081278417, 6.154758771392967], [-75.59227228003421, 6.154729033138697], [-75.59226667945583, 6.154723609660528], [-75.59225828057217, 6.154717280329636], [-75.59224888458138, 6.154710048148205], [-75.59223930987314, 6.15470191275654], [-75.59223479384166, 6.154695492235012], [-75.59222684436928, 6.154682927100607], [-75.59222070203589, 6.1546728936463895], [-75.59221410678248, 6.15466222592128], [-75.59220922971662, 6.154654001708982], [-75.59220353842302, 6.1546449596450605], [-75.5921987531505, 6.154635919508018], [-75.59219405369858, 6.154626880762077], [-75.59219016958487, 6.15461702619283], [-75.59218727976729, 6.154608798654374], [-75.59218574366919, 6.15459975810165], [-75.59218411691035, 6.154589904318921], [-75.59218339348459, 6.154579870756547], [-75.59218357306621, 6.154571825395833], [-75.59218519912064, 6.154561790364516], [-75.59218637241776, 6.154550037071806], [-75.59218745736786, 6.154540182772622], [-75.59218862936568, 6.154531141721015], [-75.59218862931097, 6.154519209696496], [-75.59218962432935, 6.154506643599479], [-75.59218835717118, 6.154493082252954], [-75.59218582737124, 6.154481419276013], [-75.59218275536135, 6.154471385369813], [-75.59217860033027, 6.154464153038849], [-75.59217137434575, 6.154455113908466], [-75.59216712777744, 6.154446887535861], [-75.59216306301087, 6.154437033843187], [-75.59215972064811, 6.154428807598301], [-75.5921580945305, 6.154420761968441], [-75.59215673909071, 6.154411720537562], [-75.59215619753257, 6.154402680577404], [-75.59215646804074, 6.1543936402887045], [-75.5921583629457, 6.154382791185034], [-75.592161343756, 6.1543710390565405], [-75.59216513767228, 6.154358383420281], [-75.59216847889117, 6.154346629541065], [-75.59217227357402, 6.154334877075368], [-75.59217425890613, 6.154320322619816], [-75.59217470947338, 6.1543122759426305], [-75.59217425710273, 6.154298716062045], [-75.59217479853143, 6.154287053534475], [-75.59217479788218, 6.154276115998719], [-75.5921726288399, 6.154265267651307], [-75.5921689276265, 6.154252520949718], [-75.59216440997403, 6.154241853073714], [-75.5921607050485, 6.154232811302739], [-75.59215591780284, 6.154221872608547], [-75.59215140166036, 6.154210212046916], [-75.59214742635318, 6.1542001780070255], [-75.59214254894526, 6.154191136506718], [-75.59213559345767, 6.154179386537357], [-75.59212845897117, 6.15416853789927], [-75.59212032737928, 6.154156786409863], [-75.592113098036, 6.154145935519852], [-75.59210596433013, 6.154135992763758], [-75.5920990981278, 6.15412514462975], [-75.59209205428125, 6.154115290940503], [-75.59208627236926, 6.154105255730064], [-75.59208058200336, 6.154096216369112], [-75.59207534148403, 6.154087177535165], [-75.59202294992339, 6.153995872386914], [-75.59197715129909, 6.153937111860894], [-75.59193316102407, 6.15392174463759], [-75.59188384523813, 6.153931599942585], [-75.59175187844548, 6.153971473372257], [-75.59173688614067, 6.153966956178707], [-75.59172803435818, 6.153966141198518], [-75.59171827750309, 6.153965147085858], [-75.59170906603913, 6.1539624343830415], [-75.59170265146528, 6.153957914404605], [-75.5916957882933, 6.153954210275463], [-75.59168765737965, 6.153947067763556], [-75.59168070186625, 6.153941644525045], [-75.59167528332706, 6.153936129742654], [-75.5916675137389, 6.153928988187656], [-75.59166245542342, 6.153921756618405], [-75.59165748736682, 6.153911901878554], [-75.591652156619, 6.153899155848331], [-75.59164655699038, 6.153887403802113], [-75.59163905875398, 6.153874746952687], [-75.59163318954405, 6.153865707547193], [-75.59162307030395, 6.153856667987636], [-75.59161304383495, 6.1538494361345375], [-75.59160455464486, 6.153843107222813], [-75.59159253938272, 6.153834068733308], [-75.59157962111118, 6.153826021882588], [-75.5915666166631, 6.153820508678419], [-75.59155776505132, 6.153818610607168], [-75.59154773684301, 6.153816982240527], [-75.59153635677033, 6.153815990581509], [-75.59152443253332, 6.153820511020611], [-75.59151576319526, 6.153826026413209], [-75.59150528597223, 6.153834072060757], [-75.59149724598319, 6.153841212642854], [-75.5914896595691, 6.153847632279666], [-75.59147701546755, 6.153854775330122], [-75.59146680586788, 6.1538611950482185], [-75.59145867909923, 6.15386571422304], [-75.59144991745426, 6.15386933149793], [-75.5914407040224, 6.153873852333213], [-75.59143040598849, 6.15387656394912], [-75.59142137529949, 6.153879278451396], [-75.59141243177704, 6.1538818994101465], [-75.5913994247121, 6.153890940075369], [-75.59138687248003, 6.1539028733922265], [-75.59137386534796, 6.1539154408691], [-75.59136266675021, 6.153927102717509], [-75.59135408495138, 6.15393614268724], [-75.59134532364494, 6.153943557090761], [-75.59133592920733, 6.153953411061216], [-75.59132798162933, 6.153958745748146], [-75.5913147932382, 6.153966159047111], [-75.59130368450765, 6.153968781478112], [-75.59129302542627, 6.153969686687819], [-75.59128326961023, 6.153967789387002], [-75.5912737868259, 6.153964263418127], [-75.5912631279088, 6.153957935091009], [-75.59125400401236, 6.153952602837431], [-75.59124171931336, 6.153945189372682], [-75.59123232498807, 6.153939041144348], [-75.59122193870539, 6.153930815638582], [-75.59121371720371, 6.15392548261851], [-75.59120315026118, 6.153917257085295], [-75.59119113622961, 6.153909031345632], [-75.59118165157739, 6.153902883554469], [-75.59116837382726, 6.153894657621591], [-75.59115897836288, 6.153890137643026], [-75.59115048800686, 6.153885617789811], [-75.59113847504507, 6.153879289704972], [-75.59112998288276, 6.153874769860073], [-75.59112113037536, 6.153866724048283], [-75.5911147173844, 6.153857684561468], [-75.59110216057009, 6.153845752017836], [-75.59109782483628, 6.153835897814292], [-75.59109574645575, 6.153826044403345], [-75.59109186433446, 6.1538151040064015], [-75.59108472727414, 6.1538005513440135], [-75.5910702763364, 6.153797025081673], [-75.59105663592129, 6.1538069710861265], [-75.591046429749, 6.153811490407021], [-75.59103423722485, 6.153816011235346], [-75.59102339734885, 6.153817820491393], [-75.59100822221981, 6.1538186337069], [-75.59099765269764, 6.153818634395721], [-75.59098807968829, 6.153820534236697], [-75.59097913774657, 6.153818636593513], [-75.59096965302386, 6.153816014705821], [-75.59095411732895, 6.153808783366037], [-75.59094580622829, 6.1538015504005745], [-75.59093948415966, 6.153791514173405], [-75.59093388349393, 6.1537808497249324], [-75.59092927471758, 6.153772621474355], [-75.59092241042976, 6.1537582492033005], [-75.59091879727356, 6.153742789813974], [-75.59091626630696, 6.153730133240416], [-75.59091202312545, 6.153717568154809], [-75.59090687173568, 6.1537075316674406], [-75.59090316774734, 6.153698491680812], [-75.59089964515425, 6.153687553151234], [-75.59089413524183, 6.153673993399362], [-75.59088862352323, 6.153660433656081], [-75.59088257096586, 6.1536452455794555], [-75.5908776941923, 6.1536352113743735], [-75.59087037683997, 6.153624274089558], [-75.59086369285522, 6.1536152322959925], [-75.59085384740136, 6.153602666380301], [-75.59084824634505, 6.153594529736731], [-75.5908410193969, 6.153580066103145], [-75.59083740544486, 6.153570032999087], [-75.59083451527168, 6.153558370846768], [-75.5908332496954, 6.153546617632196], [-75.59083270693274, 6.153536763995356], [-75.59082791868317, 6.153526729359215], [-75.59081753213518, 6.15352031019117], [-75.590807506079, 6.153519498180422], [-75.59079747966408, 6.153524017526597], [-75.59078781581152, 6.153529352400211], [-75.59077950747749, 6.153533872446413], [-75.5907692995071, 6.153538393577718], [-75.59075602237031, 6.153541288704378], [-75.59074482085956, 6.153542100700786], [-75.59073533669891, 6.153544812871519], [-75.59072495061388, 6.153547436300333], [-75.5907144715947, 6.153549336012586], [-75.59070489764224, 6.153548431397417], [-75.59069297370961, 6.153544815102925], [-75.59068710220897, 6.153533062547787], [-75.59068610903809, 6.153524023863447], [-75.59068656023314, 6.15351498268798], [-75.59068556569704, 6.153496901408728], [-75.59068122958985, 6.153480630043973], [-75.59067445492472, 6.153467973272805], [-75.59066415522318, 6.153451701022132], [-75.59065991119304, 6.153432807379667], [-75.59066072167688, 6.153419245871357], [-75.59066207751968, 6.153407313578975], [-75.59066325130235, 6.1533956515860195], [-75.59066333937592, 6.1533866112690205], [-75.59066189495593, 6.153374858920398], [-75.5906620763296, 6.153364008183608], [-75.59066324919074, 6.153349546261394], [-75.59066613816455, 6.153335983704503], [-75.59066957207226, 6.153326945227756], [-75.59067580313109, 6.153314288608723], [-75.59068149286432, 6.153306240901703], [-75.59068826700532, 6.153295303013572], [-75.59069522166206, 6.153285267424459], [-75.59070362192061, 6.153270078798542], [-75.59071192950667, 6.153255525286221], [-75.59071780057639, 6.153242957206515], [-75.5907224976681, 6.15322840313889], [-75.59072674227168, 6.1532103208380615], [-75.59072927187928, 6.153195856850959], [-75.59073008313567, 6.153183200322949], [-75.59073243223719, 6.153170632162374], [-75.59073631461233, 6.153158700263473], [-75.59074100991513, 6.1531379984655485], [-75.59074480441477, 6.153121726508572], [-75.59074624747853, 6.153106356484075], [-75.59074335675845, 6.153086377706345], [-75.59073784454566, 6.153061155336458], [-75.59073323722832, 6.153040363082863], [-75.59072917188323, 6.153019569102369], [-75.59072239628959, 6.15299516111115], [-75.59071959549803, 6.152977895038153], [-75.59072013704726, 6.152962706589018], [-75.59072230466904, 6.152943630842545], [-75.59072320707833, 6.152925551204294], [-75.59072185243602, 6.152908464351899], [-75.59071977387491, 6.1528939097232085], [-75.5907181476759, 6.152877637860226], [-75.59071706303706, 6.1528640756064785], [-75.59071778446237, 6.152845183175279], [-75.59071733309754, 6.152834243294014], [-75.5907110097222, 6.152827101925686], [-75.59069664678631, 6.152824208069537], [-75.5906766850026, 6.1528287304294045], [-75.59065139435883, 6.152844190891908], [-75.59064553062625, 6.15285342649765], [-75.5906433557962, 6.152856847241246], [-75.590636855358, 6.152867785606682], [-75.59063008049033, 6.1528776413129815], [-75.59061851851844, 6.152893914808391], [-75.5906118348454, 6.152903949079812], [-75.59060542095904, 6.152912989362581], [-75.59060045359462, 6.152922845336543], [-75.59059593876826, 6.152932698209959], [-75.59058961719087, 6.152943638419682], [-75.5905807641228, 6.152954486947512], [-75.59057399098926, 6.152961718102954], [-75.5905698935102, 6.152964678057337], [-75.59056522984004, 6.152968047595607], [-75.59055321765427, 6.152971754763986], [-75.59054002991823, 6.152968863337522], [-75.59052431212855, 6.152956296075124], [-75.59050850349087, 6.152938215272191], [-75.59049667077946, 6.152922848203214], [-75.59048745686655, 6.152906576096801], [-75.5904825780208, 6.15288939875996], [-75.59048095215792, 6.152873940563144], [-75.59048131451014, 6.152864086146132], [-75.59048194407147, 6.1528523327693385], [-75.59048203423511, 6.152841485185935], [-75.59048284687341, 6.152828739145401], [-75.59048438138294, 6.152818071696369], [-75.59048844616177, 6.15280351527395], [-75.59049259990863, 6.152789050635889], [-75.59049585173241, 6.152774497255121], [-75.59049847063362, 6.152760936009233], [-75.59049937497085, 6.152751082578147], [-75.59049277898619, 6.1527367080846], [-75.59048564343198, 6.152730288492812], [-75.59047633983432, 6.1527247753659635], [-75.59046288182046, 6.152723148245694], [-75.59044571918996, 6.152725771100984], [-75.59042467313274, 6.152729296992957], [-75.59041067306252, 6.152731196604193], [-75.59039116242444, 6.152733005428776], [-75.59037860656562, 6.152733006695709], [-75.59036578179376, 6.152731199300099], [-75.59035449153012, 6.152727673034299], [-75.59034473650159, 6.152726679781172], [-75.59033136627284, 6.152723968239956], [-75.59031944419068, 6.152723153662049], [-75.5903081517471, 6.152722160636739], [-75.59029722362614, 6.152722160330705], [-75.59028719730904, 6.152723156464122], [-75.59027229437365, 6.152722162878206], [-75.59026244914034, 6.152720263269326], [-75.59025251383386, 6.15271673856214], [-75.59024049820087, 6.152710411358521], [-75.59022676815711, 6.152706705264624], [-75.5902111440871, 6.152707700535339], [-75.59019145141306, 6.15270959883573], [-75.59017618745379, 6.152709598774307], [-75.59016335940098, 6.152708605965064], [-75.59015288276268, 6.152706706705721], [-75.59014367099996, 6.152703182101232], [-75.59013436559735, 6.152697668975497], [-75.59012542271508, 6.152693149482136], [-75.59011043095217, 6.152694144393652], [-75.59009706211451, 6.152694144174185], [-75.59007989879417, 6.15269233703046], [-75.59006942169486, 6.152690529083507], [-75.59005415645332, 6.152684110962077], [-75.59003771722598, 6.152669737210005], [-75.59002552055715, 6.152656991911776], [-75.59001630947625, 6.152648945997826], [-75.5900082689338, 6.15264180390798], [-75.5899959866682, 6.152633578518981], [-75.58998406166239, 6.152628244451512], [-75.58997313217726, 6.1526253519931675], [-75.58996121038203, 6.152622731957204], [-75.589948021713, 6.15262001952347], [-75.58993655106981, 6.152614685962142], [-75.58992309027519, 6.152604652705021], [-75.58991514244524, 6.1525937130275], [-75.58990755454846, 6.152583046443568], [-75.58989815950352, 6.152573012443118], [-75.58988804307148, 6.152566593741904], [-75.58987476492572, 6.1525612599079835], [-75.58986636402679, 6.152556740490861], [-75.58985326653699, 6.152551405779634], [-75.5898417051087, 6.152543180503982], [-75.58983176991303, 6.152535948153925], [-75.58981740681372, 6.152522389742246], [-75.58981162645136, 6.15251154261038], [-75.58980503182192, 6.152494273228608], [-75.58980087535122, 6.152479086770175], [-75.58979789456086, 6.152463627903728], [-75.58979879721038, 6.1524500659406955], [-75.58979771261265, 6.152436506386893], [-75.58979364638171, 6.152424844498167], [-75.58978759549915, 6.152413907365817], [-75.58977774825601, 6.152398536962585], [-75.58977196852463, 6.152389497986323], [-75.58976925786655, 6.15237964310455], [-75.58976763150524, 6.1523706038666335], [-75.5897635657733, 6.152358671654817], [-75.58976067568669, 6.152349630411355], [-75.58975588834895, 6.152339776564017], [-75.58974965436119, 6.15232702854249], [-75.589744687856, 6.15231636370029], [-75.58974143352593, 6.152302802015347], [-75.58973953841672, 6.152290868312563], [-75.58973745854165, 6.152279205826061], [-75.58973357407191, 6.152269262614163], [-75.5897276127238, 6.15225760087734], [-75.58972020593396, 6.152244040352269], [-75.58971261824082, 6.152232108048703], [-75.5897037645793, 6.15222306771032], [-75.58969608718311, 6.1522159274657735], [-75.58968560989801, 6.152212400851512], [-75.58967621500308, 6.15221321309058], [-75.58966528710934, 6.152217734974735], [-75.5896579701859, 6.1522249678540355], [-75.58965528183876, 6.152230350228073], [-75.58965164786878, 6.152237624909024], [-75.58964631931286, 6.1522493766790785], [-75.58964044892788, 6.152260226997744], [-75.58963530039995, 6.15227016973429], [-75.5896306937271, 6.152281019346662], [-75.58962699005434, 6.152290874610492], [-75.5896222951272, 6.152299914682711], [-75.58961651501782, 6.152308142731209], [-75.58960829598695, 6.152316368146696], [-75.58960509656079, 6.152318432314024], [-75.58959429436003, 6.152325407261549], [-75.58958562355517, 6.152331555484351], [-75.58958310207463, 6.152335395592363], [-75.58958322326012, 6.1523400880844505], [-75.58957922232254, 6.152348994602398], [-75.58958097921278, 6.152387597533726], [-75.58957780640655, 6.15243469922836], [-75.58958540235842, 6.152487130667556], [-75.58959013829335, 6.15250875227352], [-75.58960173948593, 6.152536378923085], [-75.58966170220197, 6.152643030733995], [-75.5896911712198, 6.1526808401326845], [-75.58975580684665, 6.152767744028036], [-75.5898343302984, 6.152884580604306], [-75.58986992869187, 6.152940572026479], [-75.58991305105008, 6.153009692144277], [-75.58999958941203, 6.1531311575370164], [-75.59000657659914, 6.153163820580441], [-75.5900164790609, 6.153271878773149], [-75.59005747505627, 6.153369142333415], [-75.59006952451752, 6.153398296481785], [-75.59011658901993, 6.153516462735463], [-75.59012112775906, 6.153572322779787], [-75.59011999362602, 6.1537297611118715], [-75.59012454522379, 6.153801509389528], [-75.59013104321625, 6.153813926124798], [-75.59012974568084, 6.153877604044709], [-75.59013689843412, 6.153914415096546], [-75.59016394558655, 6.15396280035071], [-75.59021509153753, 6.15402042404549], [-75.59024012260524, 6.154051300725325], [-75.5902737612456, 6.15408385608477], [-75.59034510619257, 6.15413351260047], [-75.59036115697504, 6.154179556304241], [-75.5903571797818, 6.154213491250833], [-75.59034106719213, 6.154264299178171], [-75.5903323323945, 6.154295456381799], [-75.59032326303948, 6.154318529122066], [-75.59032213328562, 6.1543297705071325], [-75.59034474896892, 6.1543451801522915], [-75.59039498655396, 6.1543806826774325], [-75.59041392820136, 6.154393978334036], [-75.59043716889842, 6.154409372281714], [-75.59045958492791, 6.154425707761715], [-75.59046335949468, 6.154438126858691], [-75.59046459459624, 6.154448251073086], [-75.59046286208371, 6.154456643012777], [-75.59045314973817, 6.154473223968546], [-75.59044100893793, 6.1544852538246095], [-75.59041977011289, 6.154498223791129], [-75.59040441261669, 6.154504654929083], [-75.59039996919755, 6.154529988918284], [-75.59038473806946, 6.154585235216283], [-75.59037735802605, 6.154601252457452], [-75.59036983470958, 6.154615478508622], [-75.5903630824119, 6.1546268258439], [-75.59034596523148, 6.154674626259641], [-75.59034433083818, 6.154705501277802], [-75.59034468520612, 6.154745072023122], [-75.59036140278772, 6.154781635015624], [-75.59036962263185, 6.15480116119927], [-75.59039282047225, 6.1548246685594385], [-75.5904267095339, 6.154851659867587], [-75.59049595060384, 6.154883378742841], [-75.59054928234428, 6.154899555069335], [-75.59061682818293, 6.154919773223872], [-75.5907673720967, 6.154971458062759], [-75.59082474979132, 6.154992862888406], [-75.59090312815202, 6.155019251173339], [-75.59097441851053, 6.155067857252298], [-75.59104549817502, 6.1551238678427], [-75.59110308663847, 6.155192842431961], [-75.59115340753016, 6.15528201959386], [-75.59116854234067, 6.155308840630068], [-75.5912287153507, 6.155416598471924], [-75.59128619963943, 6.155530396849631], [-75.59136045207427, 6.155643467346582], [-75.5913800612518, 6.1556733260370855], [-75.59136301009757, 6.1556820012253155], [-75.59122975905886, 6.1557497817357385], [-75.5912409991887, 6.155764191498871], [-75.59127520044812, 6.155808043168076], [-75.59136138479924, 6.1559185278869455], [-75.591363168747, 6.155924100099793], [-75.5913686745999, 6.155941281590676], [-75.59138366055765, 6.155988065390479], [-75.59140166400367, 6.156049656902083], [-75.59142542536924, 6.156118936752657], [-75.59143623738655, 6.156188116771612], [-75.59143195756724, 6.156257415307958], [-75.59143035293384, 6.156283417175009], [-75.59142450192586, 6.156410944207231], [-75.59140796842402, 6.156756571560357], [-75.59130124697522, 6.156773813679336], [-75.59120000924288, 6.156783369784168], [-75.59113967843828, 6.1567897229017765], [-75.59109442716294, 6.1568103658640485], [-75.59107299752493, 6.1568056042094375], [-75.59103219514597, 6.156742447267605], [-75.59099091654701, 6.156690055692643], [-75.59096947903663, 6.156619401172066], [-75.59090597295317, 6.156613052903426], [-75.59081547562113, 6.156605117973963], [-75.59071545188087, 6.156639259035582], [-75.5906669117209, 6.156672027174438], [-75.59065966766383, 6.156683300062593], [-75.59063551306404, 6.156722757481901], [-75.5905944503593, 6.156787177282558], [-75.59057633270369, 6.156810085141372], [-75.59054976432033, 6.156836658497005], [-75.59050950431242, 6.156880144058848], [-75.59047166005911, 6.156922018571437], [-75.59044187057667, 6.156963891032285], [-75.59036698943065, 6.1570371714159045], [-75.59026231676314, 6.157144273439732], [-75.59020781085441, 6.157207924062501], [-75.59020241855063, 6.157214722709483], [-75.59019729944666, 6.157223653657534], [-75.59019081986534, 6.1572331237154065], [-75.59018613192427, 6.157241181940962], [-75.59017606606864, 6.157266646309552], [-75.59017133759271, 6.157279013575392], [-75.59016808733135, 6.157289414522091], [-75.59016602167729, 6.157293743341852], [-75.59016267066895, 6.157304045329082], [-75.59016144303423, 6.157307390960943], [-75.59015230702612, 6.157339447883252], [-75.59014761676443, 6.157357648085424], [-75.59013596006966, 6.157399672070184], [-75.59013037971665, 6.157421343740574], [-75.5901239679259, 6.157443865667392], [-75.59011984533568, 6.157455812306661], [-75.59011451444354, 6.157458695991163], [-75.59009884853708, 6.1575246876128835], [-75.59008774942316, 6.157564153058469], [-75.59007164861302, 6.15761571316221], [-75.59005315144316, 6.157669160869721], [-75.59003177563521, 6.157725073517933], [-75.59001903455308, 6.157743163646927], [-75.59000711276481, 6.157761252509395], [-75.58998367171075, 6.157784874228805], [-75.58996722858744, 6.157796385266594], [-75.589942973869, 6.157810363502078], [-75.58990330458164, 6.157828149539669], [-75.5898712379938, 6.157838017791556], [-75.58983670696557, 6.157845419926937], [-75.58980957544081, 6.157849944604848], [-75.58978860658868, 6.15785117743519], [-75.58976476428728, 6.157850355683518], [-75.58974256401851, 6.157849123641543], [-75.58967032686749, 6.157832259832363], [-75.5896037288838, 6.157810884392771], [-75.58957207269361, 6.157803485419928], [-75.58954617337811, 6.157802254152391], [-75.58952644059224, 6.157802253229353], [-75.5895120527927, 6.157810474275249], [-75.58950383178997, 6.157824453298559], [-75.58949355512125, 6.157845009540737], [-75.58948571766913, 6.157882209806372], [-75.58947747368553, 6.157995060945607], [-75.58947227031084, 6.158051647268151], [-75.58945084593819, 6.158234149452189], [-75.58944044569229, 6.158333753635087], [-75.58941069128896, 6.158503641865992], [-75.58939137053487, 6.158627775475395], [-75.58938646329105, 6.158688799397692], [-75.5893940101084, 6.158761213921877], [-75.58940155572263, 6.15884418629813], [-75.58940759155334, 6.158889445975437], [-75.5894453098055, 6.158945263335684], [-75.58956421642571, 6.159047593687526], [-75.59009391111445, 6.159457863449216], [-75.59017351910445, 6.159528284226176], [-75.59022863389384, 6.159620137650926], [-75.59023476244448, 6.159693619483967], [-75.59021945742202, 6.1597824147778395], [-75.59010284991662, 6.160021395207704]]]}, "properties": {"OBJECTID": 31, "SE_ANNO_CAD_DATA": null, "SHAPE.AREA": 0, "SHAPE.LEN": 0, "BARRIO": "006", "NOMBARRIO": "EL TRIANON", "MUNICIPIO": 266, "nombre_barrio_estandarizado": "EL TRIANON", "municipio_estandarizado": "envigado"}}, {"type": "Feature", "geometry": {"type": "Polygon", "coordinates": [[[-75.58890944692004, 6.161174941773956], [-75.58892131851994, 6.1612474591650646], [-75.58893055839486, 6.161312261258178], [-75.58895956729503, 6.161376869686857], [-75.58900571345382, 6.161416423267023], [-75.58905185890877, 6.161442790832977], [-75.58907163695214, 6.161475752455979], [-75.58907568853468, 6.1615119339567155], [-75.58908887353381, 6.161583133130473], [-75.58913238544739, 6.1616358692207145], [-75.58916402944668, 6.161651691501551], [-75.58921940584804, 6.161676742157624], [-75.58926668732093, 6.16173022386338], [-75.58929109667677, 6.161757594739239], [-75.58931846506628, 6.1617649891492245], [-75.58935027189648, 6.161759811555033], [-75.5893867966978, 6.161752389713095], [-75.58941145964783, 6.161542990738314], [-75.58931830131291, 6.161487044990197], [-75.59024990865923, 6.16131084549677], [-75.59024590620021, 6.161272701041949], [-75.59023257347074, 6.161219672863672], [-75.59022963676351, 6.161183542942322], [-75.59022555590155, 6.161156607644256], [-75.59044243112359, 6.161189082391125], [-75.59051196442613, 6.1611935116728915], [-75.5905158427965, 6.161199374763523], [-75.5905382022723, 6.161203418531312], [-75.59092124966078, 6.161242488930808], [-75.5909724260621, 6.161252741045687], [-75.59098013735758, 6.161086822256693], [-75.59093396356694, 6.160899729672932], [-75.59080761295253, 6.160773383973784], [-75.59061652342662, 6.160631885853762], [-75.59024719149585, 6.160337890208295], [-75.59018307108724, 6.160283579984608], [-75.59014356137372, 6.160228510991119], [-75.59009567176825, 6.160154285478894], [-75.59010045958829, 6.160099211908577], [-75.59010284991662, 6.160021395207704], [-75.59021945742202, 6.1597824147778395], [-75.59023476244448, 6.159693619483967], [-75.59022863389384, 6.159620137650926], [-75.59017351910445, 6.159528284226176], [-75.59009391111445, 6.159457863449216], [-75.58956421642571, 6.159047593687526], [-75.5894453098055, 6.158945263335684], [-75.58940759155334, 6.158889445975437], [-75.58940155572263, 6.15884418629813], [-75.5893940101084, 6.158761213921877], [-75.58938646329105, 6.158688799397692], [-75.58939137053487, 6.158627775475395], [-75.58941069128896, 6.158503641865992], [-75.58944044569229, 6.158333753635087], [-75.58945084593819, 6.158234149452189], [-75.58947227031084, 6.158051647268151], [-75.58947747368553, 6.157995060945607], [-75.58948571766913, 6.157882209806372], [-75.58949355512125, 6.157845009540737], [-75.58950383178997, 6.157824453298559], [-75.5895120527927, 6.157810474275249], [-75.58952644059224, 6.157802253229353], [-75.58954617337811, 6.157802254152391], [-75.58957207269361, 6.157803485419928], [-75.5896037288838, 6.157810884392771], [-75.58967032686749, 6.157832259832363], [-75.58974256401851, 6.157849123641543], [-75.58976476428728, 6.157850355683518], [-75.58978860658868, 6.15785117743519], [-75.58980957544081, 6.157849944604848], [-75.58983670696557, 6.157845419926937], [-75.5898712379938, 6.157838017791556], [-75.58990330458164, 6.157828149539669], [-75.589942973869, 6.157810363502078], [-75.58996722858744, 6.157796385266594], [-75.58998367171075, 6.157784874228805], [-75.59000711276481, 6.157761252509395], [-75.59001903455308, 6.157743163646927], [-75.59003177563521, 6.157725073517933], [-75.59005315144316, 6.157669160869721], [-75.59007164861302, 6.15761571316221], [-75.59008774942316, 6.157564153058469], [-75.59009884853708, 6.1575246876128835], [-75.59011451444354, 6.157458695991163], [-75.59011984533568, 6.157455812306661], [-75.5901239679259, 6.157443865667392], [-75.59013037971665, 6.157421343740574], [-75.59013596006966, 6.157399672070184], [-75.59014761676443, 6.157357648085424], [-75.59015230702612, 6.157339447883252], [-75.59016144303423, 6.157307390960943], [-75.59016267066895, 6.157304045329082], [-75.59016602167729, 6.157293743341852], [-75.59016808733135, 6.157289414522091], [-75.59017133759271, 6.157279013575392], [-75.59017606606864, 6.157266646309552], [-75.59018613192427, 6.157241181940962], [-75.59019081986534, 6.1572331237154065], [-75.59019729944666, 6.157223653657534], [-75.59020241855063, 6.157214722709483], [-75.59020781085441, 6.157207924062501], [-75.59026231676314, 6.157144273439732], [-75.59036698943065, 6.1570371714159045], [-75.59044187057667, 6.156963891032285], [-75.59047166005911, 6.156922018571437], [-75.59050950431242, 6.156880144058848], [-75.59054976432033, 6.156836658497005], [-75.59057633270369, 6.156810085141372], [-75.5905944503593, 6.156787177282558], [-75.59063551306404, 6.156722757481901], [-75.59065966766383, 6.156683300062593], [-75.5906669117209, 6.156672027174438], [-75.59071545188087, 6.156639259035582], [-75.59081547562113, 6.156605117973963], [-75.59090597295317, 6.156613052903426], [-75.59096947903663, 6.156619401172066], [-75.59099091654701, 6.156690055692643], [-75.59103219514597, 6.156742447267605], [-75.59107299752493, 6.1568056042094375], [-75.59109442716294, 6.1568103658640485], [-75.59113967843828, 6.1567897229017765], [-75.59120000924288, 6.156783369784168], [-75.59130124697522, 6.156773813679336], [-75.59140796842402, 6.156756571560357], [-75.59142450192586, 6.156410944207231], [-75.59143035293384, 6.156283417175009], [-75.59143195756724, 6.156257415307958], [-75.59143623738655, 6.156188116771612], [-75.59142542536924, 6.156118936752657], [-75.59140166400367, 6.156049656902083], [-75.59138366055765, 6.155988065390479], [-75.5913686745999, 6.155941281590676], [-75.591363168747, 6.155924100099793], [-75.59136138479924, 6.1559185278869455], [-75.59127520044812, 6.155808043168076], [-75.5912409991887, 6.155764191498871], [-75.59122975905886, 6.1557497817357385], [-75.59136301009757, 6.1556820012253155], [-75.5913800612518, 6.1556733260370855], [-75.59136045207427, 6.155643467346582], [-75.59128619963943, 6.155530396849631], [-75.5912287153507, 6.155416598471924], [-75.59116854234067, 6.155308840630068], [-75.59115340753016, 6.15528201959386], [-75.59110308663847, 6.155192842431961], [-75.59104549817502, 6.1551238678427], [-75.59097441851053, 6.155067857252298], [-75.59090312815202, 6.155019251173339], [-75.59082474979132, 6.154992862888406], [-75.5907673720967, 6.154971458062759], [-75.59061682818293, 6.154919773223872], [-75.59054928234428, 6.154899555069335], [-75.59049595060384, 6.154883378742841], [-75.5904267095339, 6.154851659867587], [-75.59039282047225, 6.1548246685594385], [-75.59036962263185, 6.15480116119927], [-75.59036140278772, 6.154781635015624], [-75.59034468520612, 6.154745072023122], [-75.59034433083818, 6.154705501277802], [-75.59034596523148, 6.154674626259641], [-75.5903630824119, 6.1546268258439], [-75.59036983470958, 6.154615478508622], [-75.59037735802605, 6.154601252457452], [-75.59038473806946, 6.154585235216283], [-75.59039996919755, 6.154529988918284], [-75.59040441261669, 6.154504654929083], [-75.59041977011289, 6.154498223791129], [-75.59044100893793, 6.1544852538246095], [-75.59045314973817, 6.154473223968546], [-75.59046286208371, 6.154456643012777], [-75.59046459459624, 6.154448251073086], [-75.59046335949468, 6.154438126858691], [-75.59045958492791, 6.154425707761715], [-75.59043716889842, 6.154409372281714], [-75.59041392820136, 6.154393978334036], [-75.59039498655396, 6.1543806826774325], [-75.59034474896892, 6.1543451801522915], [-75.59032213328562, 6.1543297705071325], [-75.59032326303948, 6.154318529122066], [-75.5903323323945, 6.154295456381799], [-75.59034106719213, 6.154264299178171], [-75.5903571797818, 6.154213491250833], [-75.59036115697504, 6.154179556304241], [-75.59034510619257, 6.15413351260047], [-75.5902737612456, 6.15408385608477], [-75.59024012260524, 6.154051300725325], [-75.59021509153753, 6.15402042404549], [-75.59016394558655, 6.15396280035071], [-75.59013689843412, 6.153914415096546], [-75.59012974568084, 6.153877604044709], [-75.59013104321625, 6.153813926124798], [-75.59012454522379, 6.153801509389528], [-75.59011999362602, 6.1537297611118715], [-75.59012112775906, 6.153572322779787], [-75.59011658901993, 6.153516462735463], [-75.59006952451752, 6.153398296481785], [-75.59005747505627, 6.153369142333415], [-75.5900164790609, 6.153271878773149], [-75.59000657659914, 6.153163820580441], [-75.58999958941203, 6.1531311575370164], [-75.58991305105008, 6.153009692144277], [-75.58986992869187, 6.152940572026479], [-75.5898343302984, 6.152884580604306], [-75.58975580684665, 6.152767744028036], [-75.5896911712198, 6.1526808401326845], [-75.58966170220197, 6.152643030733995], [-75.58960173948593, 6.152536378923085], [-75.58959013829335, 6.15250875227352], [-75.58958540235842, 6.152487130667556], [-75.58957780640655, 6.15243469922836], [-75.58958097921278, 6.152387597533726], [-75.58957922232254, 6.152348994602398], [-75.58957722879092, 6.152360755507527], [-75.58957632533695, 6.152370608939655], [-75.58957542246324, 6.1523796496009115], [-75.58957289291199, 6.152390589489539], [-75.58956756482807, 6.152402252657975], [-75.589563952049, 6.152411292000904], [-75.58956115330749, 6.152422230483364], [-75.58955754026545, 6.152433080700163], [-75.58955148957976, 6.152450347246907], [-75.58954381080771, 6.15246101557851], [-75.5895378500316, 6.152469242695672], [-75.58952881926004, 6.152478282105342], [-75.58951328175183, 6.152489131407419], [-75.58950045593173, 6.152497179370581], [-75.58948871345518, 6.1525062192784015], [-75.58947561799775, 6.152517157989756], [-75.58946631374806, 6.15253072003103], [-75.58945917844773, 6.152543375606565], [-75.58945249556486, 6.152556935779796], [-75.58944716701222, 6.15256868935904], [-75.5894433735838, 6.152577731386964], [-75.5894400313805, 6.152589483466587], [-75.58944039342198, 6.152599517904884], [-75.58944355561133, 6.152613079136897], [-75.58944970483734, 6.15262380605137], [-75.58945260112161, 6.152623868847245], [-75.5895176715027, 6.152631568737427], [-75.58954425995488, 6.15267778470003], [-75.58954635910591, 6.152695291972946], [-75.58955615599193, 6.152719101309233], [-75.58956805083247, 6.15274991251194], [-75.58958834230177, 6.152782122271064], [-75.58959813827751, 6.1528031316733784], [-75.58960863514325, 6.152850049514619], [-75.58960444027329, 6.152895566795009], [-75.58959884322732, 6.152936182627856], [-75.5895925464794, 6.152961392714323], [-75.58958625198129, 6.152985202369922], [-75.58956666181399, 6.153011812281392], [-75.5895463725023, 6.15303842468101], [-75.5895316797423, 6.1530545316379435], [-75.58950789241409, 6.153085344188355], [-75.58949318018186, 6.153102280281231], [-75.58949317845911, 6.153102857092742], [-75.58946781415008, 6.153132962166959], [-75.58942742434793, 6.153157476078551], [-75.5894033621533, 6.153174248691884], [-75.58938832366867, 6.153190593290439], [-75.58937285465343, 6.153206076581105], [-75.58936426240712, 6.15321725744084], [-75.5893599653201, 6.153239620824678], [-75.58936340339457, 6.153248222741473], [-75.58937500544052, 6.15327359642143], [-75.5893780144036, 6.153293379372267], [-75.5893805937609, 6.153306710178377], [-75.58938059359593, 6.153314882160617], [-75.58938317249729, 6.153320472233703], [-75.58938961638712, 6.153335524644209], [-75.58940508766112, 6.1533699293924915], [-75.58941454181388, 6.1533927233010415], [-75.58943430969019, 6.153423687064792], [-75.58944290353661, 6.153431858936444], [-75.58946653756252, 6.153457231188775], [-75.58948372477167, 6.153471423221416], [-75.58949935549913, 6.15348410395069], [-75.58949936248531, 6.153484613818001], [-75.58952041249823, 6.15350110245512], [-75.58953145638749, 6.153520708994901], [-75.58954499145197, 6.153544950418188], [-75.58954891085673, 6.1535531512967605], [-75.58954784251432, 6.153580245433683], [-75.58954641890277, 6.153604486209445], [-75.58954499447461, 6.15361625068335], [-75.58954499431952, 6.153641206912097], [-75.58953431012708, 6.153673293930977], [-75.58953466961587, 6.153729978011304], [-75.58953502636373, 6.153758497296315], [-75.58954001553829, 6.153805911075416], [-75.58955711505098, 6.153842274282398], [-75.58956139075721, 6.15387293349318], [-75.58956459557065, 6.153893610527277], [-75.5895663771504, 6.153908583393551], [-75.58956673563137, 6.153925338778848], [-75.58956637880422, 6.153933538708825], [-75.58956531044664, 6.1539445917520865], [-75.58956210713235, 6.153985945455567], [-75.58955818896985, 6.154024805558825], [-75.58955672178296, 6.154047135320683], [-75.58955448807924, 6.154057424646948], [-75.58955180580175, 6.15407040036389], [-75.58954375970221, 6.154091205225323], [-75.58950688498193, 6.154188519440392], [-75.5895028616614, 6.154199705258217], [-75.58950248369887, 6.15419981286972], [-75.58950241737833, 6.1542004804027135], [-75.58947207090924, 6.1542810311295355], [-75.58942338867588, 6.154365018644911], [-75.58939665208302, 6.15439304559137], [-75.58936142635051, 6.154438249668957], [-75.58932349009497, 6.154472513063141], [-75.5892715540045, 6.154509670545922], [-75.58926297270332, 6.154515095080747], [-75.58925683141548, 6.154522237281043], [-75.58924472879366, 6.154532273439033], [-75.58923461338003, 6.154527752397572], [-75.5892200702547, 6.154521424790507], [-75.58920877874593, 6.154516904934859], [-75.58919866096419, 6.154513200288525], [-75.58918240366222, 6.154507865541395], [-75.58916569200505, 6.1545025320942015], [-75.5891534068687, 6.1544980134420895], [-75.58914310932101, 6.1544943069544065], [-75.58913290296006, 6.154487979998997], [-75.58912043784088, 6.154478939104886], [-75.58910598434171, 6.1544653793194195], [-75.58909369876442, 6.154451818055046], [-75.58908123406749, 6.154440066724189], [-75.58906804762672, 6.154428314374338], [-75.58905503963287, 6.15441927520762], [-75.58904519401156, 6.154413760171605], [-75.5890354371683, 6.154406619167869], [-75.58902423758566, 6.154397579362316], [-75.58901195206474, 6.15438663992765], [-75.58899777063003, 6.154374979194206], [-75.58898530642291, 6.154365939194511], [-75.58896913610391, 6.1543559959176655], [-75.58895721255941, 6.154349667343478], [-75.58894601318957, 6.154345147032779], [-75.58893399856036, 6.154337916627377], [-75.58892117302446, 6.154328874762113], [-75.58890437053877, 6.154318028660685], [-75.58889542852427, 6.1543135082454885], [-75.58887926008204, 6.15430898763077], [-75.58886444791929, 6.154301756330319], [-75.58885189152876, 6.154290094939312], [-75.58883897228546, 6.154273640968688], [-75.58883274124442, 6.154259268290265], [-75.58882885549536, 6.1542457069469], [-75.5888266872099, 6.154230339054889], [-75.58882470089834, 6.154212258038102], [-75.58881458101413, 6.154166152009525], [-75.58880229461298, 6.154113808389117], [-75.58879777815493, 6.154095727893082], [-75.58877194344282, 6.154032446430744], [-75.58874999199357, 6.153975311052605], [-75.58875098466663, 6.153960936778701], [-75.58875369346181, 6.153944665555205], [-75.58875784675135, 6.1539039825705695], [-75.5887605547188, 6.153860680243058], [-75.58875612884913, 6.153849739734828], [-75.5887540517426, 6.15384070086735], [-75.58874926376822, 6.153829038850951], [-75.58874339220321, 6.153820811268963], [-75.58873706804417, 6.153809964048303], [-75.58873453941419, 6.153800018769766], [-75.58873417671703, 6.153788356080017], [-75.58873390575332, 6.153776423529219], [-75.58873516990982, 6.153764761988553], [-75.58873480857737, 6.15375300798002], [-75.58872830405853, 6.153743155218442], [-75.58871845845347, 6.153737640169605], [-75.58870870382962, 6.153736736394919], [-75.588694792978, 6.153736737876189], [-75.58868530980828, 6.153735743280283], [-75.58867492150544, 6.153734930274621], [-75.58866372083592, 6.153733123104183], [-75.58865080525248, 6.1537312238991], [-75.58863725490302, 6.153727698619187], [-75.58862749979592, 6.153724083506971], [-75.58861367967913, 6.15372137049534], [-75.58860175637138, 6.153719564116418], [-75.58858866001889, 6.15372137342181], [-75.58858639564853, 6.153722722444958], [-75.5885975159965, 6.15372118671604], [-75.58860944022074, 6.153722995802856], [-75.58862326032447, 6.153725706102414], [-75.58862985723609, 6.153728150380157], [-75.58862139646874, 6.153820398619125], [-75.58860532021457, 6.153911207436144], [-75.58859613502966, 6.1539790245997095], [-75.58858350658323, 6.154054889416425], [-75.58857546787159, 6.154116961011095], [-75.5885628373922, 6.154169835064484], [-75.58855987866677, 6.154180570007223], [-75.58856762645988, 6.154183401071733], [-75.58855832821871, 6.154232347907731], [-75.58852831124553, 6.154284909411822], [-75.5885099689608, 6.1543519157402296], [-75.58850780799438, 6.154376670011506], [-75.58850970637856, 6.1544062540806275], [-75.58851392087145, 6.154419617648852], [-75.58851934289896, 6.154450663700644], [-75.58851957001306, 6.154464732808867], [-75.58852043792879, 6.154518046765474], [-75.58852423600783, 6.154625047100037], [-75.58852152578501, 6.154659303213138], [-75.58851205760568, 6.154687147822505], [-75.58849238298905, 6.154711448224258], [-75.58847056605859, 6.154725743610986], [-75.58845767272398, 6.154730309385277], [-75.58842122029401, 6.1547604266668134], [-75.58841286676635, 6.154773344918831], [-75.58841182103055, 6.154759975018971], [-75.58840885655853, 6.154763741335593], [-75.58837592722212, 6.154804907475679], [-75.58834966532274, 6.154819803938951], [-75.58832967265654, 6.154839798840872], [-75.58831395813878, 6.154868208064901], [-75.58829200576032, 6.154894080862864], [-75.58825946926626, 6.154915644620877], [-75.58823344015478, 6.154938509426907], [-75.58819737909538, 6.154995356673818], [-75.5881738306785, 6.155040652354208], [-75.58815501618754, 6.1550657414617405], [-75.58809610962737, 6.155120351630185], [-75.58804240733745, 6.155147796940698], [-75.58801487856955, 6.155166713663699], [-75.5879674461639, 6.155186707858621], [-75.58794378731687, 6.155188309830714], [-75.5878630324468, 6.155191054852237], [-75.5878021079483, 6.155194195499787], [-75.58776212240724, 6.155191062419658], [-75.58772017731378, 6.155186751781518], [-75.58768685398125, 6.155177343700781], [-75.58764194022343, 6.155174256210785], [-75.58759176351543, 6.155182489835147], [-75.58751767523866, 6.155197780958562], [-75.58747298566475, 6.155207976037492], [-75.58746827524345, 6.1552677478227364], [-75.5874667111328, 6.155319889270602], [-75.58749846396829, 6.155357913735347], [-75.58750596009355, 6.155371448548036], [-75.58752125008294, 6.155405161727663], [-75.58752752425416, 6.155431428317097], [-75.5875377179965, 6.155469847545495], [-75.58755341863053, 6.1555120670412755], [-75.58756282802558, 6.155549308437355], [-75.58756399283553, 6.155629063567501], [-75.587557331832, 6.1556792443696455], [-75.58754514168552, 6.155703305953258], [-75.58749960934995, 6.155769296009225], [-75.58745609528981, 6.155812026916076], [-75.58742860680556, 6.155847484511968], [-75.5874125348531, 6.155892568546527], [-75.58741135637791, 6.155928832453545], [-75.58741214167318, 6.155976659080102], [-75.58741607981568, 6.15602977194892], [-75.58741804075584, 6.156071719055035], [-75.58740388729443, 6.156116961946174], [-75.58738546539476, 6.156164006581554], [-75.58737880185713, 6.1561840019267535], [-75.58738389700235, 6.156197721966296], [-75.58738429942304, 6.15623046223295], [-75.58737724605618, 6.156263785631781], [-75.5873587797312, 6.156302775117558], [-75.58734035910359, 6.156351389234911], [-75.58735682505753, 6.156384317388855], [-75.5873800499684, 6.156408374456121], [-75.58741964260716, 6.1564150380641145], [-75.58743218691882, 6.156438558376614], [-75.58743258086228, 6.156466001669064], [-75.58742632239783, 6.1565243190672625], [-75.58742789102428, 6.156557250765337], [-75.58743769425863, 6.156582730859588], [-75.58745964536101, 6.156605076342114], [-75.58747885686397, 6.156639574214468], [-75.58747766526886, 6.156661371975175], [-75.58746904168054, 6.156689600355593], [-75.58744787419276, 6.156738605708137], [-75.58744591623503, 6.15677898334984], [-75.58745062025861, 6.156837284638239], [-75.5874710083177, 6.156889033003681], [-75.58746312783185, 6.156934355770121], [-75.58743921561633, 6.1569774807334925], [-75.58742275301047, 6.1570053149918476], [-75.58739089631281, 6.157033356826172], [-75.58736306615761, 6.157052174673154], [-75.58732308156374, 6.157080793862008], [-75.58724767166242, 6.157121305403411], [-75.58717946151201, 6.157166001364817], [-75.58712171317399, 6.157205411039299], [-75.58710054447334, 6.1572301092628505], [-75.58709192196874, 6.1572399106490865], [-75.58707371587029, 6.157240678827396], [-75.5869827688207, 6.157255970405659], [-75.58695376040907, 6.157261852025059], [-75.5869200491185, 6.157274398742723], [-75.58688908186441, 6.1572783189615885], [-75.5868286144014, 6.157283749229432], [-75.58678659032856, 6.1572816367892], [-75.58655877162701, 6.157461249961331], [-75.58663250930064, 6.157693437628929], [-75.5867120347336, 6.157659249201244], [-75.58674003896338, 6.157724502914428], [-75.58676973501049, 6.1578119373010045], [-75.58680437877608, 6.157896069481692], [-75.58682087863856, 6.157948859256093], [-75.58685057221017, 6.157991750427533], [-75.5868738714698, 6.158070129799964], [-75.58692666041372, 6.1581295187228315], [-75.58698275070572, 6.158170759355726], [-75.58705533531885, 6.158213647662144], [-75.58710977538983, 6.158296131446476], [-75.5871262719214, 6.158314276798422], [-75.58718400968029, 6.158347268698445], [-75.58720710449272, 6.158370364428037], [-75.58722592782281, 6.158412167342877], [-75.58724455585676, 6.1584515075809065], [-75.5872741741701, 6.158510737630082], [-75.5872881473817, 6.158548199164628], [-75.58730758489438, 6.158621314668555], [-75.58733534863221, 6.158658332285343], [-75.58737236768137, 6.158696276878329], [-75.5874067292736, 6.158753072707362], [-75.58741598725803, 6.15880490126845], [-75.58744652968338, 6.158865058011156], [-75.5875002079071, 6.158920585690116], [-75.58753459356898, 6.158975630176427], [-75.58754015089885, 6.159072808231776], [-75.58755033256278, 6.1591116804299775], [-75.58756618842402, 6.159174146929179], [-75.58756989423388, 6.159238933497735], [-75.58758099995256, 6.1592787287959885], [-75.58761616894017, 6.159295387592946], [-75.58766799555198, 6.1593222250584665], [-75.58771065001771, 6.159349267054609], [-75.58772360947364, 6.1593853592715915], [-75.58774304513699, 6.1594112708396445], [-75.58779579850982, 6.159439961674202], [-75.58786890947374, 6.159478828573948], [-75.5879190649375, 6.159529145867469], [-75.58793202249483, 6.159568943005121], [-75.58793757758522, 6.159655940175674], [-75.58795342663053, 6.159709899266911], [-75.58799137252369, 6.159803375159461], [-75.58803309791888, 6.159853796631501], [-75.58811916954193, 6.159950972537487], [-75.5881821013219, 6.159985213768014], [-75.5882191221945, 6.160000947673336], [-75.58825058599447, 6.159986137963417], [-75.58827311631616, 6.159995618167694], [-75.58829079212808, 6.16000600884226], [-75.58834236965953, 6.1600323167126625], [-75.58839186986474, 6.160059616493386], [-75.58843143468289, 6.160085829884917], [-75.58844119040906, 6.1600983040365325], [-75.58845311519535, 6.16012162928215], [-75.5884611545927, 6.16014956431389], [-75.58846657498513, 6.160182469135973], [-75.58846567307506, 6.160227671222247], [-75.58847136492393, 6.160254521001288], [-75.58848591155994, 6.160314459630966], [-75.58850783999857, 6.160363199731508], [-75.58851950269498, 6.160373823910973], [-75.58850469722368, 6.160406216685131], [-75.58851580469349, 6.160451565682607], [-75.58853986596104, 6.160488584864998], [-75.58858829019063, 6.1605184556108465], [-75.5886447433426, 6.160557324551026], [-75.58872989093322, 6.160603595976189], [-75.58880312033584, 6.160638900903734], [-75.58883458551479, 6.160665738513668], [-75.58884569285976, 6.160687950264184], [-75.58885128017027, 6.160729935747003], [-75.58885868831251, 6.160813230669802], [-75.58886620749745, 6.160879370126172], [-75.58888194041447, 6.160911764667962], [-75.58891341009712, 6.160939526212977], [-75.58891803699177, 6.160964515124604], [-75.58890508220864, 6.161004312376704], [-75.58888175591548, 6.16104045598469], [-75.58888175717622, 6.161098469913681], [-75.58890021801659, 6.161128794419517], [-75.58890944692004, 6.161174941773956]]]}, "properties": {"OBJECTID": 32, "SE_ANNO_CAD_DATA": null, "SHAPE.AREA": 0, "SHAPE.LEN": 0, "BARRIO": "005", "NOMBARRIO": "LAS ANTILLAS", "MUNICIPIO": 266, "nombre_barrio_estandarizado": "LAS ANTILLAS", "municipio_estandarizado": "envigado"}}, {"type": "Feature", "geometry": {"type": "Polygon", "coordinates": [[[-75.5782818382953, 6.158763759462495], [-75.57848487394001, 6.158765154560484], [-75.57845967225441, 6.158935998027186], [-75.57841766665199, 6.1589724071524765], [-75.57841766572405, 6.158975208924993], [-75.57841766730921, 6.159038223835759], [-75.57841915222245, 6.159068508116343], [-75.5784261530952, 6.159097917689038], [-75.57842895311256, 6.159123122773315], [-75.57842615435997, 6.159148327808979], [-75.57842615587371, 6.159219746215169], [-75.57842615615596, 6.159235148253065], [-75.57843595894384, 6.15928135940315], [-75.57844155958502, 6.1593191692960065], [-75.57856058148914, 6.159396187934484], [-75.57871461039537, 6.159498409534272], [-75.57877748924673, 6.159532583695932], [-75.57876586083384, 6.159488248337208], [-75.57872439729333, 6.159292493325829], [-75.5787044183332, 6.1592480988980745], [-75.5786859187096, 6.15919728009998], [-75.57865736052355, 6.159119682048854], [-75.57864436597784, 6.159063299989678], [-75.57864113011179, 6.159014802296581], [-75.57864436409439, 6.158987318666756], [-75.57865891077482, 6.158903793798993], [-75.57867131222059, 6.158784934905687], [-75.57869124187872, 6.158639683646942], [-75.57870849738872, 6.158549375876726], [-75.57871981242246, 6.158504109547513], [-75.57874136458432, 6.158423817278422], [-75.57877865545413, 6.158337207081976], [-75.57880829366657, 6.158286014455466], [-75.57883308001314, 6.158244521740848], [-75.57885956694824, 6.158179566060978], [-75.57889620803763, 6.158121902469108], [-75.57892099397702, 6.158086876695682], [-75.57894578109803, 6.158059393718198], [-75.57898955225086, 6.15799709384228], [-75.57901810970093, 6.157943205937073], [-75.57904190543199, 6.157883635364466], [-75.57906291905505, 6.157803879127024], [-75.57909527680486, 6.157688256228605], [-75.57912437208708, 6.1575966490125165], [-75.57917023027193, 6.157454537075138], [-75.57919285980465, 6.157388791809688], [-75.5792105782611, 6.157330770405739], [-75.57921126477171, 6.157328523141308], [-75.57922581155883, 6.157262241965059], [-75.57922796475147, 6.157183026275683], [-75.57922419398123, 6.157072742246858], [-75.57921503043279, 6.156989217250695], [-75.57920691668127, 6.15693715845519], [-75.57917350799012, 6.156872493324883], [-75.57915033442397, 6.156836389447042], [-75.57911691490028, 6.1567638624163195], [-75.57910451924771, 6.156729912393], [-75.57909482001449, 6.156682492894857], [-75.57908188779787, 6.156570501928753], [-75.57908457859993, 6.156455181613952], [-75.5790840504236, 6.156424729984022], [-75.57906788138433, 6.156351983918878], [-75.57904471038361, 6.156290013166118], [-75.57899556458287, 6.156221298730402], [-75.57893252068968, 6.156162561176489], [-75.57883966359222, 6.156081494827063], [-75.57877608024222, 6.156023836616597], [-75.57868802510968, 6.155938819651442], [-75.57864976598829, 6.155908640799222], [-75.57860073065174, 6.155850444817679], [-75.57853540793685, 6.155772081407887], [-75.57852193680692, 6.155727894132662], [-75.57850678294758, 6.15566295442072], [-75.57850893734606, 6.15560098415827], [-75.57852348430703, 6.155561108672834], [-75.57853378289008, 6.1555348801320715], [-75.5785930547478, 6.155432491413213], [-75.57864208781226, 6.155377524571424], [-75.57871010065607, 6.155309326888252], [-75.5787483601826, 6.155266214077427], [-75.5787968548112, 6.155224719837857], [-75.57884117763128, 6.15517380166218], [-75.57889344354133, 6.155070335688213], [-75.57893283375695, 6.155002651545535], [-75.57895492305934, 6.154915355481035], [-75.5789603265283, 6.154843438132664], [-75.578957090012, 6.15477230751288], [-75.57893660931794, 6.154709981066647], [-75.57888541788076, 6.154603285774792], [-75.57886543674562, 6.154555564248163], [-75.57881424388697, 6.154473655410258], [-75.57874195237318, 6.154362901444124], [-75.57871060198983, 6.15433086471331], [-75.57862653974512, 6.154269973790511], [-75.57853978533068, 6.154215008589682], [-75.57842467520588, 6.1541495754279705], [-75.57838318346745, 6.154127481100222], [-75.57832660436776, 6.154089224052892], [-75.57822777394708, 6.154039378207071], [-75.57815772403282, 6.154004354140357], [-75.57807929464215, 6.15395726480215], [-75.57798229913111, 6.153895296148293], [-75.57790416511445, 6.153840332543479], [-75.57787824484592, 6.153805536439893], [-75.57781304145296, 6.15373440401589], [-75.57776670129913, 6.1536880618790075], [-75.57759995587215, 6.153591996004319], [-75.57753680103536, 6.153538430915235], [-75.57745381845965, 6.153473229214527], [-75.57738894877505, 6.153425016445705], [-75.57732051248493, 6.153375981893589], [-75.57723214025012, 6.15332209461637], [-75.57712359837454, 6.153263032969335], [-75.57704923448678, 6.153218846683922], [-75.57700700138693, 6.153191724519698], [-75.57696119915299, 6.1531437667715965], [-75.57693264109558, 6.153095806221103], [-75.57692401739328, 6.153055927809259], [-75.57691374019639, 6.152914378107045], [-75.5769212885985, 6.152828425181656], [-75.57693637496062, 6.152749749039661], [-75.57695417767545, 6.152650852491744], [-75.57695848611093, 6.152587805840289], [-75.5769579524735, 6.152491513899787], [-75.57695310113223, 6.152446786724793], [-75.57692720453383, 6.152365701952862], [-75.57690888339901, 6.15230211269937], [-75.5768807901823, 6.152240376987937], [-75.57685707947866, 6.152183255380689], [-75.57682313295389, 6.152119668315699], [-75.57680741758418, 6.152081133245203], [-75.57677185350231, 6.151977670088307], [-75.57674865147634, 6.151925626991722], [-75.57672171081535, 6.151880363621063], [-75.57668237191129, 6.151823779416456], [-75.57665693405131, 6.151777138185028], [-75.57663753837741, 6.15173348744508], [-75.5766240652858, 6.151670441621775], [-75.57659598461062, 6.151505174929299], [-75.57657761698538, 6.151441288413329], [-75.57654744156879, 6.151353450790453], [-75.57652579818497, 6.1513132961479], [-75.57650585896451, 6.151290124733491], [-75.57644550641422, 6.151238393788402], [-75.57639808661756, 6.151194746266717], [-75.57635310498911, 6.1511593774719096], [-75.57630999884046, 6.151109800895495], [-75.57626419466152, 6.1510510644392875], [-75.57623017904503, 6.150940841054735], [-75.57620754476581, 6.150856237984469], [-75.57619351120263, 6.150736257974797], [-75.57617839499696, 6.150595357128139], [-75.57617514831226, 6.15053848928512], [-75.57615898047015, 6.150425862580002], [-75.57616328315162, 6.150378649248246], [-75.57619938063452, 6.1502487789185265], [-75.57620479708162, 6.15015636296916], [-75.57623877372245, 6.150019203259305], [-75.57624954842136, 6.149959389149147], [-75.57625227498748, 6.1498857605039365], [-75.57625927891513, 6.149802234948855], [-75.57626038173854, 6.149778766696667], [-75.576306721283, 6.149630036486354], [-75.57632452354308, 6.149587822742539], [-75.57632883420912, 6.149553331725953], [-75.57631484017706, 6.149487299446288], [-75.57628247990357, 6.149350120744819], [-75.57625230459753, 6.14928437717102], [-75.57623321587565, 6.149265409238924], [-75.57613336507889, 6.14921052807447], [-75.57604418493891, 6.1491304915536436], [-75.5759827586993, 6.14907069028287], [-75.57595183850596, 6.149074043515332], [-75.57594949514801, 6.14906950182194], [-75.57587410765419, 6.149024373440867], [-75.57587060031749, 6.149022912170289], [-75.57586758742187, 6.149017017570669], [-75.57585756122053, 6.1490069835180705], [-75.57584970258547, 6.148998937953499], [-75.57584464489538, 6.148994415679129], [-75.5758382315846, 6.148986190462204], [-75.57583064487527, 6.148977963671717], [-75.5758221542533, 6.148968109358346], [-75.57581781710495, 6.148962775352013], [-75.5758123968285, 6.148955363546419], [-75.57580643587116, 6.148948221958978], [-75.57580282346863, 6.148943699946057], [-75.57579713265771, 6.1489337561850395], [-75.57579098975754, 6.148923721482996], [-75.57578629309918, 6.148918388305891], [-75.57578132544748, 6.148913054627506], [-75.57577744179366, 6.1489075403276345], [-75.57577130034042, 6.1488994946158755], [-75.57576461482255, 6.148890453412642], [-75.57575720836937, 6.148879515289146], [-75.57575151712068, 6.148869480216024], [-75.57574401944726, 6.14885591795899], [-75.57574131036318, 6.148851398821413], [-75.57573824022454, 6.148847873211722], [-75.57573213176157, 6.148839174586935], [-75.5757293867034, 6.148834312972636], [-75.57572532449608, 6.148827172171122], [-75.57572198117913, 6.1488207529827], [-75.57571547624518, 6.148807192265636], [-75.5757121351747, 6.148800864379295], [-75.57570770940023, 6.148793632209533], [-75.57570292337161, 6.148785495878924], [-75.57569894801156, 6.148780070620821], [-75.57569262383153, 6.148771032193385], [-75.57568955405469, 6.148765517583411], [-75.57568404294484, 6.148758375631764], [-75.5756802494862, 6.148751144028456], [-75.57567717775451, 6.148743909848614], [-75.57567320430482, 6.148733064561454], [-75.57566886887986, 6.148723209190174], [-75.57566679182817, 6.148717693408784], [-75.57566308722018, 6.148708653196671], [-75.57565965477568, 6.148700607075064], [-75.57565549942589, 6.14869156813239], [-75.57565450713999, 6.148684154859278], [-75.57565288042485, 6.148673487209397], [-75.5756502602254, 6.148657033654072], [-75.57564890438847, 6.148644466108835], [-75.57564971840287, 6.148633799345923], [-75.5756501710466, 6.1486283762394836], [-75.57565089219112, 6.148619245973357], [-75.57565324113342, 6.148607310602919], [-75.5756540536409, 6.148597456624217], [-75.57565585910314, 6.148583896512706], [-75.5756571250466, 6.148576664920645], [-75.57565929103382, 6.148565003467759], [-75.57566136989924, 6.148553070303936], [-75.57566290594437, 6.148543214644343], [-75.5756640785789, 6.1485349890033225], [-75.57566597537509, 6.148523326136376], [-75.57566742049696, 6.148514285500368], [-75.5756694975274, 6.148502534067583], [-75.57567193767714, 6.148490780883758], [-75.57567338099682, 6.148481741160583], [-75.57567482675546, 6.148471706926669], [-75.57567554901263, 6.148466372929178], [-75.57567609124584, 6.148460045300851], [-75.57567618247802, 6.148450099871109], [-75.57567554811598, 6.1484365388682], [-75.57567843898819, 6.148417462190318], [-75.57567988381089, 6.148407608779005], [-75.57568132926602, 6.148396760865667], [-75.5756833158783, 6.148380487611069], [-75.5756836767165, 6.148373256767534], [-75.57568428163624, 6.148368129468458], [-75.5756884074581, 6.148308549029147], [-75.57569187859913, 6.148272280994813], [-75.57569325576517, 6.148264322882521], [-75.57569437607437, 6.148258550290243], [-75.57569559766858, 6.148252801619959], [-75.57569691961842, 6.148247071451657], [-75.57569834195, 6.148241365209724], [-75.57569986288283, 6.148235688327295], [-75.57570148239083, 6.148230035379965], [-75.5757032005088, 6.148224413600256], [-75.57570501452254, 6.148218822097204], [-75.57570692805388, 6.148213262661501], [-75.57570893931364, 6.148207738918149], [-75.5757110428778, 6.148202249989196], [-75.57571324418345, 6.14819679946481], [-75.57571554141967, 6.1481913864496045], [-75.57571792828526, 6.148186015494422], [-75.57572041291841, 6.14818068836821], [-75.57572298898751, 6.148175403293309], [-75.57572565470333, 6.148170163894717], [-75.5757284136921, 6.148164972867213], [-75.57573993679966, 6.148146517261985], [-75.57576375476691, 6.148108361918842], [-75.57577061516406, 6.148098566473543], [-75.5757963824142, 6.148053835325878], [-75.57579879551093, 6.148041528970725], [-75.57580846736099, 6.147992218472172], [-75.57580711252822, 6.147979295615752], [-75.5758027863138, 6.147937949843883], [-75.57579952091012, 6.147925196224253], [-75.57578463079405, 6.147867004855276], [-75.5757806368135, 6.147853393150677], [-75.57577372068077, 6.147829841506507], [-75.5757751484836, 6.1478215188024565], [-75.57577483802862, 6.1478146338464885], [-75.57576761915176, 6.147816199280111], [-75.57576776005384, 6.1477936777204025], [-75.57576071582953, 6.14777297728871], [-75.57575619727592, 6.147759416029571], [-75.57575068920389, 6.147743143655434], [-75.57574436554982, 6.147728768378108], [-75.57573713969933, 6.1477133089265035], [-75.5757305462775, 6.147699750438623], [-75.57571916518938, 6.147677148821456], [-75.5757134751677, 6.147665487278205], [-75.57570787386997, 6.1476527413030855], [-75.57569929400101, 6.1476346601892], [-75.5756914337262, 6.147618385593441], [-75.5756830331299, 6.147603018596678], [-75.57567372941938, 6.147584124578518], [-75.57566912446826, 6.1475713792227555], [-75.57566343393152, 6.147555105917342], [-75.57565900736249, 6.147542450110193], [-75.57565340715472, 6.14752617636886], [-75.57564455400542, 6.14751080884015], [-75.57563818477293, 6.147504040792444], [-75.57563997238032, 6.147494839386042], [-75.57561634653149, 6.14746612276996], [-75.57561602473369, 6.14746476276186], [-75.57563017368138, 6.147467315500529], [-75.57563088121766, 6.147467180092012], [-75.57563158681685, 6.147467017570148], [-75.57563228416032, 6.1474668288694865], [-75.57563297507205, 6.147466617597571], [-75.57563366045531, 6.1474663837500465], [-75.5756343339741, 6.147466124645215], [-75.57563500106549, 6.147465843873214], [-75.57563565810766, 6.14746553964333], [-75.57563630239079, 6.147465211968611], [-75.5756369348312, 6.14746486355694], [-75.57563755542016, 6.147464492600129], [-75.57563816325442, 6.147464099102584], [-75.57563875654482, 6.147463686689272], [-75.57563933528702, 6.1474632544561025], [-75.57563989856467, 6.147462799695268], [-75.57564044640388, 6.1474623278311356], [-75.57564097608177, 6.147461836164605], [-75.57564149032555, 6.147461328298863], [-75.57564198550908, 6.147460801539126], [-75.57564246254434, 6.147460257689193], [-75.57564292143567, 6.1474596976530975], [-75.57564335857865, 6.147459123256445], [-75.57564377577114, 6.1474585326823386], [-75.57564417574041, 6.147457929534037], [-75.57564455124277, 6.147457310230057], [-75.57564490502293, 6.147456681989926], [-75.57564523886127, 6.1474560393804945], [-75.57564555006107, 6.1474553851270635], [-75.57564583772769, 6.147454721042091], [-75.57564610097096, 6.14745404984215], [-75.57564634067236, 6.147453367002549], [-75.57564656136574, 6.147452676117798], [-75.57564675402264, 6.147451978135483], [-75.5756469222692, 6.147451275750436], [-75.57564706790329, 6.1474505671457615], [-75.57564718731183, 6.147449852338914], [-75.57564728322636, 6.147449135837166], [-75.57564735293272, 6.147448416749514], [-75.57564739823748, 6.147447695067232], [-75.5756474173471, 6.147446973511248], [-75.57564775184575, 6.147416815071475], [-75.5756415284205, 6.147372588966146], [-75.57566940756118, 6.14735168669696], [-75.57568966211521, 6.147324064924348], [-75.57575131511618, 6.147281091000801], [-75.57574974335046, 6.1472790218845015], [-75.5757457198427, 6.1472722226374685], [-75.57574000786511, 6.1472625664702285], [-75.5757335889754, 6.1472492340650176], [-75.57571935700533, 6.147219671134838], [-75.57570910725137, 6.147189829529961], [-75.57570037530047, 6.14715178322248], [-75.57570019031441, 6.14712085519546], [-75.57570417101147, 6.1470279208658605], [-75.5757095288901, 6.146939792367922], [-75.57572477408439, 6.14681990072531], [-75.57573012886222, 6.146786119805371], [-75.575734742482, 6.146715832592886], [-75.57574291761378, 6.146672531570162], [-75.57575647455931, 6.146603694799101], [-75.57575771890346, 6.1464911811312355], [-75.57574522223706, 6.1463591393641845], [-75.57573453433605, 6.146332096215396], [-75.57569813877494, 6.1462651185744], [-75.5756779151626, 6.146209252891699], [-75.57565703220203, 6.146175548727965], [-75.57563736911091, 6.146137049716869], [-75.57563459967987, 6.1461316231567835], [-75.57562589562413, 6.146119260998183], [-75.57563226384706, 6.1460969155494585], [-75.57562955986978, 6.146093077159981], [-75.57561210956895, 6.14605770738421], [-75.5755915019482, 6.145995994983051], [-75.57559081653103, 6.145985708837439], [-75.57558925777447, 6.145962313074461], [-75.57558969917177, 6.145928081191203], [-75.57559319247407, 6.145903164807134], [-75.57560450903676, 6.145871447215615], [-75.57560489051936, 6.145870381262757], [-75.57561592896738, 6.145805456878842], [-75.57561626145964, 6.145801155423685], [-75.5756198408658, 6.14573612505183], [-75.57562078910584, 6.145731197710649], [-75.57562494877257, 6.145709604262875], [-75.57563409769709, 6.145679258680837], [-75.5756488906045, 6.145648386836847], [-75.57564942639644, 6.145646913299736], [-75.57566230386631, 6.145611443445622], [-75.57566720285725, 6.145591628396446], [-75.57567094112784, 6.1455765102654505], [-75.57568676816587, 6.145536973159183], [-75.57570543986509, 6.145492216591427], [-75.57571385990609, 6.145463389779404], [-75.57572135816174, 6.145419081252517], [-75.57573267289484, 6.1453800387366435], [-75.57573682025236, 6.145352508190901], [-75.57574580324975, 6.1452929350853704], [-75.5757506606477, 6.14527236080258], [-75.57575047010485, 6.145235763253074], [-75.57574927032175, 6.14517695888443], [-75.57574854536132, 6.145157514498269], [-75.57574268308895, 6.145125624759582], [-75.57572413832393, 6.145124669918491], [-75.57572159679114, 6.145110848686549], [-75.57571994613166, 6.145062716559985], [-75.57571360917893, 6.144995060593035], [-75.57571314455014, 6.1449713349890684], [-75.57571083317475, 6.144911101184494], [-75.57570804189676, 6.144881793188774], [-75.57570432048698, 6.1448255034915675], [-75.57569733725364, 6.144742923205636], [-75.57569640655935, 6.144718265018167], [-75.57569082366805, 6.144688491307698], [-75.57568939475226, 6.144672927955016], [-75.5756838970955, 6.144672136248939], [-75.57567676042149, 6.1446902171855395], [-75.57567594880067, 6.144707395192268], [-75.57567612916075, 6.144723667944518], [-75.57567594983894, 6.14473352158246], [-75.5756759484291, 6.144743555180976], [-75.57567586014666, 6.1447544950964215], [-75.57567585907613, 6.144765162460446], [-75.57567586077894, 6.1447779083141985], [-75.57567577034779, 6.1447906546119855], [-75.57567576847984, 6.144803221473106], [-75.57567558919854, 6.144817777283341], [-75.57567513655103, 6.144832965465945], [-75.57567432559051, 6.144846525301027], [-75.57567351072423, 6.144859273282066], [-75.5756730613196, 6.144869127317572], [-75.57567260826421, 6.144879161284618], [-75.57567179706805, 6.144889104760561], [-75.5756713452219, 6.144899953306948], [-75.57567125532996, 6.144909807417972], [-75.57567098367515, 6.14492074640903], [-75.57567008048852, 6.144932409907676], [-75.57566908816918, 6.144942444665579], [-75.57566710001187, 6.144959529797051], [-75.57566457038376, 6.144971463320652], [-75.57566005563801, 6.144984028425755], [-75.57565400466629, 6.144997590913528], [-75.5756459648881, 6.1450121448284385], [-75.57564054611639, 6.145023807488353], [-75.57563476605746, 6.14503284822008], [-75.57562799090007, 6.145040081047115], [-75.57561661032548, 6.1450446002936], [-75.57560251966298, 6.145035560400342], [-75.57559944773857, 6.14502470985042], [-75.57559782157209, 6.145013771868571], [-75.57559962872712, 6.144974084451437], [-75.57559646618768, 6.144962423369174], [-75.57558550401836, 6.144956089708092], [-75.57558535727884, 6.1449560054308305], [-75.5755660265232, 6.144959530520052], [-75.5755604271268, 6.144968572188713], [-75.57555564101946, 6.144983125791897], [-75.57555112447292, 6.144995692714009], [-75.57553820956768, 6.1450201916092055], [-75.57553242860766, 6.145029233248969], [-75.5755289066877, 6.145036375357161], [-75.57552140862022, 6.145049935778258], [-75.57551671163664, 6.145056353044703], [-75.57550966809661, 6.145069009897404], [-75.5755041579191, 6.145081576183996], [-75.57549900752201, 6.145095137044118], [-75.57549395016657, 6.1451086983599605], [-75.57548898373183, 6.145121443748318], [-75.57548320404781, 6.1451358204184645], [-75.57547913780294, 6.145145854622476], [-75.57547552547538, 6.1451557971339845], [-75.57547082870659, 6.145168455334328], [-75.5754653187959, 6.14518201611923], [-75.57546224771932, 6.145191056452587], [-75.57545944916852, 6.145199101877394], [-75.57545529513838, 6.14521004059488], [-75.57545041680183, 6.145222697862289], [-75.57543930768308, 6.145258858957075], [-75.57542575979325, 6.145304060050779], [-75.57541997879994, 6.145323046684129], [-75.57540986189862, 6.145330188029563], [-75.5753891783827, 6.1453266605010874], [-75.57538204213665, 6.145330187393858], [-75.5753787013391, 6.145342120308187], [-75.57537906349444, 6.145354686321714], [-75.57537978453611, 6.145368248721288], [-75.57537743615661, 6.145381807831719], [-75.57537174548254, 6.14539346999496], [-75.57536352661793, 6.145404410221216], [-75.57535729432891, 6.14541896446731], [-75.57535304876065, 6.1454315300850775], [-75.57534907623035, 6.145447713460468], [-75.5753479018352, 6.145460458656609], [-75.57534835419735, 6.145471309176354], [-75.57535106258912, 6.145486768724731], [-75.57535259918969, 6.145498428604378], [-75.57535286891036, 6.1455101813823], [-75.57535223658115, 6.14552745074606], [-75.57535015986099, 6.145547157265691], [-75.57534690976561, 6.145564424780256], [-75.57534176066154, 6.145580696098687], [-75.57533679359305, 6.145596877939024], [-75.57533263833196, 6.145609626652452], [-75.57532758307588, 6.145624000737321], [-75.57532116630917, 6.145642080017462], [-75.5753142139957, 6.145662059564298], [-75.57530879528355, 6.145678242677594], [-75.57530382734764, 6.14569180356471], [-75.57529985092607, 6.145704549608381], [-75.57529533735152, 6.145718111018094], [-75.57529154222915, 6.145729863496915], [-75.57528711683314, 6.1457452308542155], [-75.57528549167542, 6.145760600989461], [-75.57528775018868, 6.145778680951961], [-75.57529262736469, 6.145796760950899], [-75.57529895056093, 6.145815746207609], [-75.57530626721382, 6.145835634382638], [-75.57530933913145, 6.145846482222288], [-75.57531141702778, 6.1458619420968725], [-75.57530942880642, 6.145874508589609], [-75.57530410035282, 6.145886170817138], [-75.5752973260821, 6.145900724965198], [-75.57528992081005, 6.145910669485702], [-75.57528251299469, 6.145919709928134], [-75.57527438344715, 6.145928751136762], [-75.57525776418987, 6.145947825268738], [-75.57525098982518, 6.145953160408226], [-75.57523843591314, 6.145962200338064], [-75.57522777772715, 6.145970427394888], [-75.57521919552134, 6.145977569482944], [-75.5752124218502, 6.145983987719169], [-75.57520528673861, 6.145991131873735], [-75.57519643453591, 6.146000170236378], [-75.57518686061384, 6.146009212077306], [-75.57517828031024, 6.14601825184174], [-75.57516933779189, 6.146027293351826], [-75.57516102911067, 6.146035338211786], [-75.57515244669823, 6.146043564304944], [-75.57514016344474, 6.146054413822674], [-75.57513140321169, 6.146064356736374], [-75.57512625414853, 6.146070686678614], [-75.57512218886944, 6.146077919104413], [-75.57511677007862, 6.146089580863808], [-75.57511234411322, 6.146103140948756], [-75.57511351980655, 6.146115073796795], [-75.57511722257271, 6.146124115841739], [-75.57512164679899, 6.146132161718254], [-75.57512778993733, 6.146143010127517], [-75.5751342950268, 6.146152863196805], [-75.57514115869769, 6.146162898068078], [-75.57515434656743, 6.146179170518066], [-75.5751753923793, 6.146228891699112], [-75.57519345958835, 6.146285845491253], [-75.57519553574689, 6.146298502694958], [-75.57519833681629, 6.146311068707964], [-75.57520050343639, 6.146323002203268], [-75.57520149616523, 6.146340087438804], [-75.57520113652521, 6.146355455996202], [-75.57520095574318, 6.146370825499736], [-75.57520050373205, 6.146382578140867], [-75.57520113647843, 6.146392431484339], [-75.57520231010199, 6.146403369841575], [-75.57520393771914, 6.146418737861579], [-75.57520149992546, 6.146432299213714], [-75.5751981572829, 6.146439530870004], [-75.57519400214036, 6.146446672417034], [-75.57518559989386, 6.146457612628173], [-75.57517720142671, 6.146467648730706], [-75.57516690635242, 6.146478315084661], [-75.57515543395306, 6.146488350633436], [-75.57514613100832, 6.146497391171334], [-75.57513727854405, 6.146505437750812], [-75.57512969157027, 6.146513665377562], [-75.57512264653207, 6.146524512254514], [-75.57511822180429, 6.146536264153941], [-75.57511397429873, 6.14654711382108], [-75.5751111745427, 6.146554346477359], [-75.57510485406142, 6.146567093876654], [-75.57509925353094, 6.1465796578920155], [-75.57504975609984, 6.146624861395876], [-75.57499854157979, 6.1466646395904], [-75.5749815630848, 6.1466772051024545], [-75.57497117553334, 6.146687239038175], [-75.57496178198596, 6.14669528551261], [-75.5749528396546, 6.146700801071092], [-75.57494299348559, 6.146704327465983], [-75.57493062014386, 6.146708846978864], [-75.57492095526796, 6.1467162600891], [-75.5749252913167, 6.146729821343639], [-75.57492917474033, 6.1467388616145], [-75.57493233702534, 6.14674952820341], [-75.57493775516018, 6.146758569214193], [-75.57494877525419, 6.146766794858495], [-75.57495807721084, 6.146770502002015], [-75.57496810481997, 6.146775022945727], [-75.574977861164, 6.146778547984754], [-75.57498851927535, 6.146783068601378], [-75.57499917583993, 6.146788581916552], [-75.57500875119949, 6.146793916912191], [-75.57502121657676, 6.146802142821011], [-75.5750288944981, 6.146810188383753], [-75.57503512640109, 6.146817329592658], [-75.57504081646113, 6.146823748332471], [-75.5750452414647, 6.146830076431911], [-75.57505120459469, 6.14683993120728], [-75.57505508771986, 6.146848157795995], [-75.57505915485002, 6.146855389902353], [-75.57506430142334, 6.1468699435548055], [-75.57506872697388, 6.146888024826942], [-75.57507369474074, 6.146902400330972], [-75.5750757729054, 6.146921293037218], [-75.57507694761053, 6.146931329107666], [-75.57507830269438, 6.146940368000988], [-75.5750799288467, 6.146953928752201], [-75.57508101278928, 6.146963874851005], [-75.57508155608073, 6.146973909444352], [-75.57508227651559, 6.146988281913832], [-75.57508236860832, 6.147008172363592], [-75.57508227881935, 6.147019924163862], [-75.5750823678842, 6.147031676006109], [-75.5750822779335, 6.147044332801672], [-75.57508128461753, 6.147059792111445], [-75.57507983954194, 6.1470733513924944], [-75.57507830468354, 6.147084020729201], [-75.57507604603916, 6.147095953856753], [-75.57507478306371, 6.147106620978895], [-75.57507405975684, 6.147117558535091], [-75.57507469335137, 6.147130215459477], [-75.57507388062432, 6.147141154350788], [-75.57507369859925, 6.147151008005747], [-75.57507351808748, 6.147160049780216], [-75.57507351799319, 6.14717279564765], [-75.57507360830648, 6.147192503479742], [-75.57507388061144, 6.147202538475112], [-75.5750747832572, 6.147213478138879], [-75.57507586886712, 6.147224145693556], [-75.57507722252309, 6.147236078586878], [-75.57508128853785, 6.147256781644396], [-75.57508417807243, 6.147264827682209], [-75.57508743039476, 6.147272240012016], [-75.57509438485, 6.147284804989458], [-75.575104502114, 6.147302886850084], [-75.57511019181575, 6.147313734727223], [-75.57511362490995, 6.147325487627339], [-75.57511832203619, 6.1473453775764435], [-75.57511687666593, 6.147358124081559], [-75.57511308210506, 6.1473716829348755], [-75.5751065814888, 6.147381536308711], [-75.57509574078365, 6.1473923852130055], [-75.57507803784105, 6.147404953324508], [-75.57506512070017, 6.147409472755693], [-75.57505545755221, 6.147412365412132], [-75.57504416626053, 6.147414988360847], [-75.57503161044404, 6.147419508762002], [-75.57501887559852, 6.1474249314041165], [-75.57501038634295, 6.147427553502944], [-75.57496973909015, 6.147437587744877], [-75.57495853856858, 6.147440302471865], [-75.57494444712962, 6.147444821232579], [-75.57493270609152, 6.147449342225117], [-75.5749245758807, 6.147452054809509], [-75.57491708051842, 6.147455670232482], [-75.57491030827049, 6.1474591962812974], [-75.57489775138454, 6.14747194300527], [-75.57489296342632, 6.147481797164335], [-75.57489215160552, 6.147492736956729], [-75.57489567461761, 6.147501776250528], [-75.574906602201, 6.147507291871916], [-75.57491328757926, 6.147514434509976], [-75.57491608564035, 6.147526185048961], [-75.57491753317707, 6.147536039891159], [-75.57491852541415, 6.147546075033776], [-75.57491915860082, 6.147556018785765], [-75.57491735180785, 6.147566867540364], [-75.57491410137558, 6.147578621015532], [-75.57490624483081, 6.147591276373229], [-75.57490046025613, 6.147597694367981], [-75.57489612598769, 6.147603842281621], [-75.5748940482232, 6.147612066863563], [-75.5748972114031, 6.147622916976621], [-75.57490271988495, 6.147631958452731], [-75.57492132777762, 6.147640004668897], [-75.57493334115128, 6.147642895904398], [-75.57495420541939, 6.147646421639213], [-75.57496450362721, 6.147648229000225], [-75.57497416782174, 6.147651935294965], [-75.57498518791326, 6.147655462372223], [-75.5749961161305, 6.147659982583423], [-75.57500605341833, 6.147664501242385], [-75.57501445238852, 6.1476690209878715], [-75.57502628578882, 6.1476780618075555], [-75.57503188509914, 6.147684390571978], [-75.57503730629298, 6.147691623381256], [-75.57504146152498, 6.147698765555368], [-75.57504498374631, 6.14770970434434], [-75.57504859615457, 6.147721364162648], [-75.5750483241777, 6.147734111340747], [-75.57504931810439, 6.147752192878654], [-75.5750499524341, 6.147765752081458], [-75.57504959043632, 6.147779314278973], [-75.57504959043047, 6.147796582406343], [-75.57505040240862, 6.147811768115505], [-75.5750540168495, 6.147827228719799], [-75.57505826274219, 6.147839882695508], [-75.57506386256043, 6.147850821413337], [-75.57507388822928, 6.147866008814281], [-75.57508039242452, 6.147876044506062], [-75.57508770841349, 6.147885084497], [-75.57509656125453, 6.147892317034916], [-75.57511291004151, 6.1479050645509945], [-75.57512618692327, 6.147914104735385], [-75.57514046014194, 6.147923143732394], [-75.57515093758677, 6.1479302852604825], [-75.57516114327227, 6.147936703921995], [-75.57517541623102, 6.147944750227625], [-75.57518670514271, 6.147950265000394], [-75.57519654939912, 6.14795478410139], [-75.57521163672435, 6.147960116920844], [-75.57522735192818, 6.1479699716846845], [-75.5752393639622, 6.147982718404332], [-75.57524939054547, 6.147995466558818], [-75.57525815279922, 6.148009026352915], [-75.57526384315037, 6.148018879721342], [-75.57527233499336, 6.148034248999153], [-75.57528055507389, 6.148051334646077], [-75.57528597341293, 6.148066793780901], [-75.57528949678552, 6.148081348016479], [-75.57529085227267, 6.1480957228450475], [-75.57529067161825, 6.148112990935916], [-75.57529139355346, 6.148129172479054], [-75.57529229781397, 6.1481436353716115], [-75.57529410515266, 6.148154485685859], [-75.57529717430126, 6.148170757170212], [-75.57529988550796, 6.148183414019235], [-75.57530322715826, 6.1481988732206005], [-75.57530729314453, 6.148212432148195], [-75.5753127110165, 6.148223101413835], [-75.57531885580802, 6.148235034709025], [-75.57532580966058, 6.148248595081913], [-75.57533159091847, 6.148260256190137], [-75.57534098442717, 6.14827472064309], [-75.57535137230636, 6.148290088911885], [-75.57535959111556, 6.148301841332811], [-75.57536808256002, 6.148314498337287], [-75.57537178535182, 6.148323538563486], [-75.57537314027094, 6.148336105212928], [-75.5753674507018, 6.148351563657522], [-75.57535245603387, 6.148360604531242], [-75.57533710267076, 6.148365123970847], [-75.57532301112587, 6.1483677468735], [-75.57531126845826, 6.148368741033158], [-75.57529690758804, 6.148369645654118], [-75.5752857078012, 6.148370639003909], [-75.57526990030638, 6.1483714529573446], [-75.57522274906057, 6.148365125639498], [-75.57517695505092, 6.148358709501142], [-75.57516566526529, 6.148357895101642], [-75.57515157524473, 6.148357081545251], [-75.57513775460042, 6.148355181781321], [-75.5751229413363, 6.148355181776001], [-75.57510686287422, 6.148353373360619], [-75.57509358736992, 6.148351566800799], [-75.57508365002583, 6.148349667299291], [-75.57506820555624, 6.148346143478827], [-75.5750545657047, 6.148343520472635], [-75.57503731406024, 6.1483406291860065], [-75.5750147324202, 6.148338007698972], [-75.57499729946807, 6.148336108168106], [-75.57497950530698, 6.148336108967973], [-75.57496595693634, 6.148337103688288], [-75.57495159442153, 6.148337104217266], [-75.57494030387275, 6.148338008492365], [-75.57492675610669, 6.148340630571747], [-75.57491420026957, 6.14834515097949], [-75.57490354237501, 6.148351569868464], [-75.57489396740023, 6.148358710425624], [-75.57488276900658, 6.148366939197011], [-75.57486976015497, 6.148381312758565], [-75.574861360492, 6.148390354376626], [-75.57485142621239, 6.148401292941902], [-75.57484194190803, 6.148413948014113], [-75.57483155487976, 6.148428412906969], [-75.5748242391426, 6.148440074778746], [-75.5748171917923, 6.148453635755127], [-75.57481195404944, 6.148465567877669], [-75.57480653656606, 6.148479943719505], [-75.5747990390359, 6.14849531233513], [-75.5747922623343, 6.148503358862564], [-75.57477952895422, 6.148517913722576], [-75.57476869018988, 6.14852785672395], [-75.57475938530465, 6.148534998690953], [-75.5747456585565, 6.148543226992836], [-75.5747346378253, 6.148550458599264], [-75.5747247030357, 6.148556787208691], [-75.57470844463096, 6.148565829642596], [-75.57469101258943, 6.148578575464632], [-75.57467917704871, 6.148588429244938], [-75.57467041735788, 6.148600181253824], [-75.5746652683449, 6.1486110307525275], [-75.5746608428656, 6.148621877667553], [-75.57465831409245, 6.148629109925824], [-75.57465406838365, 6.148639959590672], [-75.57464964335219, 6.14865089962498], [-75.57464494792303, 6.14866346470966], [-75.57463745071871, 6.148677025142939], [-75.57463383611488, 6.148687060796326], [-75.57463004299213, 6.148697729269691], [-75.57462597927325, 6.148708667562444], [-75.5746216432224, 6.148719514950786], [-75.5746176700394, 6.148729369706505], [-75.57461459714017, 6.148738409153027], [-75.57461243062787, 6.148750341841055], [-75.57460854473136, 6.148762004357524], [-75.5745993352674, 6.148778277180575], [-75.57458632670286, 6.148791024281708], [-75.5745724168724, 6.148800065338917], [-75.57456483062403, 6.14880169220405], [-75.57455281525048, 6.148804586256636], [-75.57453466225115, 6.14880811111545], [-75.57452436395002, 6.148809105532577], [-75.57450919025192, 6.148809106348724], [-75.57449627420826, 6.148809919908443], [-75.5744851630706, 6.148812632399176], [-75.57447784852434, 6.148822666902154], [-75.57447260847084, 6.1488397523546094], [-75.57446339481609, 6.148846895688659], [-75.57445535782024, 6.148846082776074], [-75.57444478938771, 6.148842375413634], [-75.57443683944365, 6.148839754803537], [-75.57442672354466, 6.148836230597906], [-75.57441606537651, 6.1488317081773385], [-75.57440902164248, 6.148828001905894], [-75.57439294325727, 6.148820769832349], [-75.57438273584957, 6.148816249758582], [-75.57437153570758, 6.148811729045095], [-75.5743593410291, 6.148807208604626], [-75.5743502183247, 6.148803592817053], [-75.57434064531266, 6.148800068704785], [-75.57433043640081, 6.148796362318719], [-75.57431661727834, 6.148791027888223], [-75.57430749504688, 6.148787322592402], [-75.57429873258646, 6.1487846091582155], [-75.5742873526875, 6.148780088404721], [-75.57427850007835, 6.148776474025945], [-75.57426747969066, 6.1487719524431705], [-75.57425862751232, 6.148768427566881], [-75.57424760984338, 6.14876390777863], [-75.57423125986978, 6.148757489785301], [-75.57422141566269, 6.148757490219928], [-75.57420578860304, 6.1487593890907775], [-75.57419757100985, 6.148765535832501], [-75.57418952903667, 6.14877457753123], [-75.57418447217383, 6.1487828038177845], [-75.57417760676195, 6.148799075286191], [-75.5741745367438, 6.148807213340772], [-75.5741705621709, 6.1488171567044185], [-75.5741649619559, 6.14883523658572], [-75.57416008556966, 6.148854313807188], [-75.57415800900081, 6.148863352068809], [-75.57415484646978, 6.1488759179032035], [-75.57414951775657, 6.148891287819463], [-75.57414436952466, 6.148907559148747], [-75.57414599561078, 6.148916599454462], [-75.57415340177111, 6.148919220881769], [-75.57416126055224, 6.148916599111723], [-75.57417607404079, 6.148913073181318], [-75.57418998384144, 6.148916601707924], [-75.57423604845845, 6.148940194340416], [-75.5742810310453, 6.148968130915138], [-75.57428798685488, 6.148973463167175], [-75.57429647717866, 6.14897988016437], [-75.57430577915, 6.148986209168617], [-75.57431589754106, 6.148993441944597], [-75.5743262856774, 6.149002480697782], [-75.57433314842504, 6.149007996023803], [-75.57434543200088, 6.1490178492667305], [-75.57435753763463, 6.149027704271005], [-75.57436819533557, 6.149039637526503], [-75.57437659527284, 6.149051298684311], [-75.57437831233108, 6.149059344953096], [-75.57437858406753, 6.149067571774247], [-75.57437930504258, 6.149076611015774], [-75.57437921667119, 6.149085653254542], [-75.57437867512752, 6.149095505934998], [-75.57437966814182, 6.149113585677961], [-75.57438427441267, 6.1491290451259], [-75.57439005480694, 6.1491380861974445], [-75.57441634040441, 6.149163309292173], [-75.57442447058304, 6.149170720713225], [-75.57444163087868, 6.149184280722024], [-75.57445247182083, 6.149189615939715], [-75.57446331004023, 6.149194948457936], [-75.57447116676177, 6.149198656231919], [-75.57448038144317, 6.149203175661662], [-75.57449239276097, 6.1492076960749875], [-75.57451542766682, 6.149214022157092], [-75.57453412408, 6.149217549293748], [-75.57455282294063, 6.149207694970728], [-75.5745622159955, 6.149204981716994], [-75.57458082200007, 6.149203987930139], [-75.5745895840613, 6.14920398908598], [-75.57459988018516, 6.149204980962316], [-75.57461686174318, 6.149203173187022], [-75.57463266957379, 6.14920317292244], [-75.57464350775949, 6.149201365832185], [-75.57465407602002, 6.149198654144172], [-75.57466509566132, 6.149194947588361], [-75.57467385593912, 6.149192325984476], [-75.57468388462297, 6.149188800503451], [-75.57469959895106, 6.149181384432287], [-75.57470845063406, 6.149177860104852], [-75.57471983252327, 6.149171530843078], [-75.5747300385892, 6.149166198133236], [-75.57474241359996, 6.149155257741598], [-75.57474846479163, 6.149148116087333], [-75.57475776840698, 6.14913808103239], [-75.57476652866741, 6.149128136293783], [-75.57477131644596, 6.149121809891661], [-75.5747761935364, 6.14911358266053], [-75.57478053025172, 6.149106440231083], [-75.57479001208678, 6.149097399720618], [-75.57480618165782, 6.149090167695858], [-75.57481512316618, 6.149089354302104], [-75.57482921343137, 6.149086460183082], [-75.5748499877794, 6.14909550128468], [-75.57485793767461, 6.14910824589224], [-75.5748631779022, 6.149117287751542], [-75.5748764536604, 6.14913265566614], [-75.57488530720987, 6.14914359587174], [-75.5748905462521, 6.14915164052432], [-75.57489479092281, 6.149158781360067], [-75.57489885474317, 6.149167008880388], [-75.57490274042026, 6.1491787623084], [-75.57490689402958, 6.1491923199132], [-75.5749105083141, 6.149201362378009], [-75.57491330860485, 6.149208503848712], [-75.57491674158673, 6.149218538974796], [-75.57492107710021, 6.1492302902334615], [-75.5749243285868, 6.149237524458033], [-75.57492839377569, 6.14924566065794], [-75.57493300020533, 6.149252891965841], [-75.5749395032529, 6.1492619331590745], [-75.57495052198978, 6.149275492921709], [-75.57496244763703, 6.149289051023374], [-75.57496967302674, 6.149297278667932], [-75.57497662762076, 6.149304420901258], [-75.57498656232711, 6.149313462724726], [-75.57499333702098, 6.149318886245073], [-75.57500047256464, 6.149324399338473], [-75.57500661602396, 6.1493289209076565], [-75.57501989474828, 6.1493379592633985], [-75.57503046139149, 6.149344107661401], [-75.57503985323022, 6.149350525718178], [-75.57505403707616, 6.149359566036919], [-75.57506568795702, 6.1493667091298185], [-75.57507896669163, 6.149375749291422], [-75.57511563883683, 6.149396721846248], [-75.57512295689175, 6.149402055951198], [-75.57513117462605, 6.149407387525873], [-75.57513840051773, 6.149412903797047], [-75.57514544620345, 6.149418326911639], [-75.57515240080112, 6.149425469141005], [-75.57515935610053, 6.149433695371101], [-75.57516504651477, 6.149440929584727], [-75.57517570540776, 6.149456295638216], [-75.57518618184685, 6.1494716643792176], [-75.57518970598109, 6.1494871226987655], [-75.57519358961068, 6.149505203858752], [-75.57519476404795, 6.14951686728872], [-75.57519458425936, 6.149529433202543], [-75.57519304850561, 6.149537661501306], [-75.57519070006526, 6.149546700167603], [-75.57518501038524, 6.149560260028111], [-75.57517615764742, 6.149574636165698], [-75.5751710098939, 6.149581053811878], [-75.57516342436168, 6.1495910869175665], [-75.57515664884329, 6.149600129754658], [-75.57514734466719, 6.149610797682593], [-75.57513867409953, 6.149621734686326], [-75.57512901005401, 6.149634393348355], [-75.57512259567517, 6.149644336726119], [-75.57511699651972, 6.149654372006341], [-75.57511157772504, 6.149666033779471], [-75.57510362846908, 6.149686827314305], [-75.57510055795717, 6.149697674027364], [-75.57509875071095, 6.1497086131945915], [-75.57509821040068, 6.149719281353945], [-75.57509694530096, 6.149739261522644], [-75.57509586264129, 6.149751917679748], [-75.5750945965571, 6.149767377401479], [-75.57509324246837, 6.149779942650282], [-75.57509125541455, 6.1497961255046745], [-75.57509044229626, 6.149804352127493], [-75.57508935999053, 6.149812578240249], [-75.57508809434225, 6.149820622610879], [-75.57508385001452, 6.149841326857314], [-75.57508077901834, 6.149854887652322], [-75.57507870277419, 6.149862300356411], [-75.57507418620827, 6.149874864582124], [-75.5750712950656, 6.149883003584124], [-75.57506524468312, 6.149895567069582], [-75.57505946307091, 6.149905605038691], [-75.57505350231553, 6.149914644851828], [-75.57504600413036, 6.1499236839420535], [-75.57503272759267, 6.1499372460343595], [-75.5750245073985, 6.149945291394565], [-75.57501719138965, 6.149953519541253], [-75.57500960498518, 6.149963372738212], [-75.5750033708768, 6.149977927012877], [-75.57500029987902, 6.149991487808556], [-75.57499939864854, 6.15000242712803], [-75.57499939760379, 6.150013093591749], [-75.57500066307732, 6.150025841492743], [-75.57500211002527, 6.150034067162467], [-75.57500535826094, 6.150049255586986], [-75.57501086902307, 6.150068331538628], [-75.57503092354986, 6.150111725193186], [-75.57505287287955, 6.150156925121456], [-75.57506082074441, 6.150168678843807], [-75.57506506783648, 6.150175005980723], [-75.57507301495843, 6.150185854711807], [-75.57508114396921, 6.150194894384774], [-75.57508800958209, 6.150202125640989], [-75.57510282254357, 6.150216499759827], [-75.57510905570874, 6.150222014485756], [-75.57511501654999, 6.150227440115843], [-75.57512052646632, 6.150233767490335], [-75.57512721151103, 6.150245520972097], [-75.57513172697257, 6.150256369073378], [-75.57513696587914, 6.150275263705678], [-75.57513823184208, 6.150285297523184], [-75.57513805055659, 6.150296237890186], [-75.57513750873119, 6.1503052768858915], [-75.5751356105332, 6.150319651131293], [-75.5751346185677, 6.1503278786166495], [-75.5751324523808, 6.150343064219445], [-75.57512974136739, 6.150364038627855], [-75.57512829654367, 6.150373892043475], [-75.57512603982126, 6.1503927875655755], [-75.57512414134735, 6.150403727173389], [-75.57512170405397, 6.150414573546255], [-75.57511646461356, 6.150433468988038], [-75.57511285344336, 6.150447029676937], [-75.575109059188, 6.150458961174019], [-75.57510508388604, 6.150470625029464], [-75.57509758676953, 6.150488705021278], [-75.57509162612885, 6.150499645234438], [-75.57507997352648, 6.150516729973962], [-75.575069767399, 6.150524867188063], [-75.57505721373906, 6.150532099880139], [-75.57504528904995, 6.150540326750364], [-75.57503454049292, 6.150548371650687], [-75.57502695304588, 6.150556507988475], [-75.57502494655472, 6.150559083473703], [-75.57501990833119, 6.15056555031965], [-75.57501232202583, 6.150577301205287], [-75.5750072631835, 6.150589054367194], [-75.57500446317452, 6.150602613857141], [-75.57500500541887, 6.150616177118394], [-75.57500970302058, 6.150628832522663], [-75.57501385782346, 6.150636065098199], [-75.57502135573793, 6.150645918782246], [-75.5750312908407, 6.150657850064842], [-75.57503932926586, 6.15066589657722], [-75.57504592373755, 6.150674033229638], [-75.57504763928527, 6.150683073996243], [-75.57504628459355, 6.150694011886258], [-75.57503987249154, 6.150703866656774], [-75.57502533040403, 6.150717427627484], [-75.57501810443803, 6.1507246590364995], [-75.57501051710122, 6.150734694868519], [-75.57500428542666, 6.150748253731296], [-75.57500157417356, 6.150758108735166], [-75.5750000400403, 6.15076986298047], [-75.57500094258563, 6.150781525010046], [-75.57500256896684, 6.150791557994131], [-75.57500816892906, 6.15080701805461], [-75.57501133056144, 6.150814159585918], [-75.57501602890216, 6.150827718172015], [-75.57502199081608, 6.150842182891036], [-75.57502488055988, 6.150849325733394], [-75.57502849305367, 6.150858366391967], [-75.5750321970468, 6.150868400204472], [-75.57503490777226, 6.150876447096327], [-75.57503906252933, 6.1508964273449696], [-75.57504005600006, 6.150907274350052], [-75.5750406450803, 6.1509161180330665], [-75.57504077758173, 6.150918122666438], [-75.57505170908823, 6.150959706920461], [-75.57506769675729, 6.151009430722724], [-75.57507338803136, 6.151019464894203], [-75.57507799299, 6.151027510785845], [-75.57508278084798, 6.15103564620426], [-75.57508882387593, 6.151044255640598], [-75.57509045833419, 6.151046584830732], [-75.57509479518514, 6.151053728828937], [-75.57509904000999, 6.151060145478224], [-75.5751063560473, 6.151071808215693], [-75.57511701605308, 6.151088895639425], [-75.5751246934281, 6.151097934771618], [-75.57513526157545, 6.151103448473727], [-75.57515486128987, 6.151099831601596], [-75.57516850115195, 6.151095312262641], [-75.57518611463188, 6.151093412796442], [-75.57519704301862, 6.151102453423735], [-75.57520246182584, 6.1511106798220645], [-75.57521050184688, 6.1511224321860345], [-75.57521619425887, 6.151128762291179], [-75.57522152325592, 6.151134095129462], [-75.57522685131714, 6.151139608790201], [-75.57524283921872, 6.151153169872527], [-75.57524952361628, 6.15115859381417], [-75.57525711058213, 6.151163113832261], [-75.57526388547167, 6.15116763324692], [-75.57527634948313, 6.151176673696823], [-75.57529315036221, 6.151190234471481], [-75.57530245549862, 6.1511992729801115], [-75.57530778387492, 6.15120560212722], [-75.57531293339191, 6.151211930328818], [-75.57532124230026, 6.151222869519439], [-75.57532783601965, 6.151232723034459], [-75.57533325664143, 6.151240950325368], [-75.57533759061162, 6.151248995711332], [-75.57534129641763, 6.1512590286052236], [-75.57534418538022, 6.151268070940204], [-75.57534725598383, 6.15128163104143], [-75.57534879157996, 6.151296819580873], [-75.57534599106742, 6.151313273065237], [-75.57534066323642, 6.151323939907038], [-75.57533163225374, 6.151334879565905], [-75.57532097238612, 6.15134202176684], [-75.57531139800638, 6.15134572770929], [-75.5752955910284, 6.151345728920157], [-75.57528493232111, 6.151343920622325], [-75.5752734620138, 6.151342023117933], [-75.5752632552223, 6.151341207138867], [-75.57524410570342, 6.151340395421039], [-75.57523407838114, 6.1513412077462295], [-75.57522450520837, 6.151345727362749], [-75.5752145692146, 6.15135106150639], [-75.57520607922646, 6.151357481719964], [-75.57519804045062, 6.151363810252077], [-75.57518927796555, 6.151371043653018], [-75.57517934461367, 6.151379177751106], [-75.57516290352496, 6.151389124297757], [-75.57515378217006, 6.151392740356207], [-75.57513300682491, 6.151393644303956], [-75.57511936794332, 6.1513927409069336], [-75.57510365101814, 6.151391747178973], [-75.57509245010172, 6.151393644646644], [-75.5750817925504, 6.151395453604624], [-75.57507456740069, 6.151398165466269], [-75.57506083720581, 6.151402686146112], [-75.57504503046881, 6.151406302806354], [-75.57503066948063, 6.151409826604232], [-75.57502298967209, 6.1514117269770345], [-75.5750147710429, 6.151413534115103], [-75.57500411242366, 6.151416247167317], [-75.57500068953757, 6.151416945361176], [-75.57499128632635, 6.151418868511582], [-75.57497891228809, 6.151421761614572], [-75.57496861456087, 6.151424385228775], [-75.57496039427909, 6.151425286475538], [-75.57494070462921, 6.15143161514686], [-75.57492815023265, 6.151435321896104], [-75.57491261315292, 6.151438849555805], [-75.57490087193226, 6.15144147199436], [-75.57488551606673, 6.1514443641078955], [-75.57487151566305, 6.151446984784989], [-75.57485543751378, 6.151447888670125], [-75.57483854656054, 6.151447890576315], [-75.57482581171932, 6.15144789051875], [-75.57481497201407, 6.151447889457471], [-75.57479880269204, 6.151445992004166], [-75.57479085537811, 6.151445990553801], [-75.57477911237214, 6.15144599113607], [-75.57476285432686, 6.151445178114053], [-75.57475002704973, 6.151444365723074], [-75.5747415374785, 6.151443369675314], [-75.57473358853453, 6.151442466853649], [-75.5747214858238, 6.151445993314457], [-75.57472284133313, 6.151457927101183], [-75.57472726688722, 6.151471487005863], [-75.57472988604297, 6.1514813398102355], [-75.57473738432394, 6.151496707541823], [-75.57474207972673, 6.1515066524946835], [-75.57474596470409, 6.151517502734346], [-75.5747489446606, 6.151530248696183], [-75.57475057663784, 6.151539004174895], [-75.5747509327194, 6.1515409173213], [-75.5747520160606, 6.151551856112418], [-75.57475264868732, 6.151572558542888], [-75.57475246946956, 6.1515844906901265], [-75.57475201828272, 6.151594343836748], [-75.57475102464878, 6.151614232292346], [-75.57475039020271, 6.151625984912972], [-75.57474966901826, 6.151640359814527], [-75.57474903723103, 6.15165491600712], [-75.57474831494285, 6.151670374918571], [-75.57474795442118, 6.151678421255024], [-75.57474741260171, 6.151687461157322], [-75.57474741202398, 6.1516955961668], [-75.57474840564683, 6.151708162753484], [-75.5747500318788, 6.15171910163829], [-75.57475192833495, 6.151731756991759], [-75.57475283162516, 6.151744323109928], [-75.57475319232078, 6.1517552617698446], [-75.5747524704205, 6.151766110721743], [-75.57475030306988, 6.1517778653112565], [-75.57474723315876, 6.151787899249206], [-75.57474262464153, 6.151796938875792], [-75.57473666387153, 6.151805978695857], [-75.5747297998046, 6.1518150210644755], [-75.5747199529749, 6.151826682504204], [-75.5747106517741, 6.151845667158153], [-75.57470685749773, 6.151860222330586], [-75.57470478074413, 6.151875409315371], [-75.57470442076212, 6.151885443744637], [-75.57470378689779, 6.1518990054480955], [-75.57470297471956, 6.151907051250945], [-75.57470035654629, 6.151921605271498], [-75.57469692422109, 6.151935165102879], [-75.57469294886043, 6.151949632548129], [-75.57469105207433, 6.151958671753296], [-75.57469114192084, 6.151971328587997], [-75.57469556920893, 6.151980368934183], [-75.57469954212577, 6.151989407855419], [-75.57470089677047, 6.152001160827704], [-75.57470098907363, 6.1520102003840815], [-75.57470026668375, 6.152023761610457], [-75.57469963380571, 6.152041842857953], [-75.57469990617682, 6.152051697035499], [-75.57470053775664, 6.152060736703062], [-75.57470189288803, 6.152069776497099], [-75.5747035190235, 6.152078818600339], [-75.57470577626187, 6.152087045786229], [-75.57471065560941, 6.152098796223003], [-75.57471508034887, 6.152106931586073], [-75.57472329883726, 6.152115973535119], [-75.5747289001836, 6.152121398183829], [-75.57473513309644, 6.152125916599702], [-75.57474226842949, 6.152130437895458], [-75.57474940556486, 6.152134958278269], [-75.57475717230118, 6.152139477432294], [-75.57476864530032, 6.152146619557562], [-75.57477812991344, 6.152154845332916], [-75.57478472122814, 6.152163071502459], [-75.57479077355427, 6.1521747340073825], [-75.5747950199957, 6.152187299368358], [-75.5747973679879, 6.152198240194975], [-75.57471806460775, 6.1523781425482955], [-75.57463424432251, 6.1525499118010645], [-75.57462376853012, 6.152557957204345], [-75.57461590828245, 6.152563472099122], [-75.57460904411681, 6.152567993114144], [-75.57459766230687, 6.152576039271], [-75.57458844963621, 6.152582457546874], [-75.57457715843094, 6.152591498670317], [-75.57457101870703, 6.152596017094896], [-75.57456243580907, 6.15260153185865], [-75.57455159797165, 6.152606051245906], [-75.57453985524266, 6.152606865513686], [-75.57452991792816, 6.152606866432343], [-75.57451907967679, 6.152608673549069], [-75.57450914408754, 6.152614098099042], [-75.57449966007472, 6.152624946823151], [-75.57449297695595, 6.152634801099249], [-75.57448557098745, 6.152645739250278], [-75.57447816417894, 6.152653876532365], [-75.57447390420808, 6.1526557613145165], [-75.57446795594515, 6.152658395594153], [-75.57444889774094, 6.15265930119866], [-75.57443778816948, 6.152662916900292], [-75.57442821298133, 6.152670964286622], [-75.57442071848857, 6.152681902864461], [-75.57441403142323, 6.1526935644368805], [-75.5744041877745, 6.1527100175456475], [-75.57439876928493, 6.152719871146657], [-75.57438846949805, 6.152736143829241], [-75.57438232986951, 6.152745185418636], [-75.57437410868604, 6.152756035284317], [-75.57436552860695, 6.152765888764813], [-75.57435785273232, 6.152773301359496], [-75.57434791648383, 6.152782342274721], [-75.57433806954806, 6.15278948326437], [-75.57432714149164, 6.152795903483401], [-75.57431657373067, 6.152800421565689], [-75.57430708905338, 6.152804942560827], [-75.57430166966243, 6.152814797070409], [-75.57430844376238, 6.152823837853681], [-75.57431874016905, 6.152833690699474], [-75.57432822600732, 6.152842731060428], [-75.57433599404759, 6.152850145110162], [-75.57434249704451, 6.152857286801313], [-75.57434990255861, 6.152866327250361], [-75.57435649789976, 6.152877263868893], [-75.5743618264128, 6.152887932657966], [-75.5743669754611, 6.152896974045004], [-75.57437167163488, 6.152905199414127], [-75.57437790525223, 6.1529134264084835], [-75.57438513164448, 6.152921473220586], [-75.57439172466742, 6.1529278007945845], [-75.57439822826917, 6.1529341297038185], [-75.57440581575156, 6.152945879737609], [-75.57441177909678, 6.152957633084588], [-75.57441512007108, 6.152972188200141], [-75.57441864296618, 6.152984753438477], [-75.57442189443256, 6.152994789435983], [-75.57442550725224, 6.153004643776383], [-75.57442948330377, 6.153016394955176], [-75.57443327648586, 6.153025436551948], [-75.57443652734149, 6.153036283521464], [-75.57444095416174, 6.15304803795022], [-75.57444429684863, 6.1530580707949465], [-75.57445332824221, 6.153062591081398], [-75.57447130294129, 6.153064218534808], [-75.57448250370223, 6.1530634059745255], [-75.5744970210989, 6.153080722515689], [-75.57451592397285, 6.153103270668551], [-75.57453642793725, 6.153147478533295], [-75.57453346921042, 6.1531534019420775], [-75.57453100972202, 6.153158326634755], [-75.5745221595805, 6.153165559558934], [-75.57451556378254, 6.15317460154314], [-75.57451032532592, 6.153185449681641], [-75.57433047613665, 6.153216433371538], [-75.57413135963199, 6.153238113720894], [-75.57401670401201, 6.153287447839026], [-75.57383237688221, 6.153364381717077], [-75.57367018746808, 6.153410607116072], [-75.57345354360065, 6.153463586435528], [-75.57336820240833, 6.153450488105753], [-75.57336542347956, 6.1534727493879045], [-75.57333916539797, 6.1535308029488], [-75.57333627774366, 6.153544363779296], [-75.57332796873834, 6.153556117253249], [-75.57331658476414, 6.153563347919006], [-75.57328163162359, 6.153585044682937], [-75.57311163810323, 6.153656375337116], [-75.5730649411022, 6.153677349388922], [-75.57302104387861, 6.153703476823379], [-75.57298211059373, 6.153733219292405], [-75.57285692143209, 6.153831038039462], [-75.57283786332181, 6.153850746001653], [-75.57282341094147, 6.153874340147856], [-75.57281437889307, 6.15390046764599], [-75.57278294771162, 6.153986351497373], [-75.57276903675202, 6.154008139370971], [-75.5727505206173, 6.154025406385138], [-75.572728479705, 6.154037971936869], [-75.57266299338153, 6.154063194476853], [-75.57261927665044, 6.154084981387437], [-75.57259868337552, 6.1540922148553525], [-75.57256174001077, 6.154104871231638], [-75.5725053746512, 6.15411662492523], [-75.5724471157576, 6.154121958743078], [-75.57230009151941, 6.154104531382302], [-75.57214054978965, 6.154084986353314], [-75.57212438233141, 6.154089506086063], [-75.57210144045318, 6.1541038796257865], [-75.57208391619929, 6.154125667732333], [-75.57207343866979, 6.154150077193321], [-75.57207154380121, 6.154168159132408], [-75.57204995426902, 6.15421878387345], [-75.57201831182155, 6.154287635655125], [-75.57201256100048, 6.154300147985439], [-75.57200283620494, 6.154315791356102], [-75.5719856437029, 6.154343449944896], [-75.57196577237849, 6.154388653605558], [-75.57195881690532, 6.154410442306171], [-75.57194861061052, 6.154521636101359], [-75.57194263034546, 6.154570756240614], [-75.57193704964462, 6.154616559147351], [-75.5719344300327, 6.154658235969334], [-75.5719179920205, 6.154765726807359], [-75.5719033583192, 6.154824489216664], [-75.57188673953223, 6.154851609822572], [-75.57186542430048, 6.1548768318695695], [-75.57181095669053, 6.154930262278928], [-75.57169317341645, 6.155022472428423], [-75.57164566289859, 6.155055018213004], [-75.57152850918993, 6.155147231642954], [-75.57151038205697, 6.155162570149698], [-75.57150959904324, 6.155165420007405], [-75.57148190548618, 6.155195716726115], [-75.57148146231144, 6.15519579028538], [-75.57148136483376, 6.155195807028862], [-75.57146293369348, 6.1552187413794135], [-75.57143755321252, 6.155260237699944], [-75.57141677906581, 6.1553072457719935], [-75.5714001659645, 6.155360901474303], [-75.57141809640115, 6.155373957852737], [-75.57144483568572, 6.155389203979088], [-75.57171842337156, 6.1555451955888865], [-75.57194006514361, 6.15567156078225], [-75.5720603798263, 6.155678885226572], [-75.57216962391584, 6.1555279031253445], [-75.5722879234211, 6.155474080836016], [-75.57237396116979, 6.1554884325455825], [-75.57245641386316, 6.155509959222096], [-75.57254603535327, 6.155563778028558], [-75.57262490503166, 6.15559965632566], [-75.57266792368608, 6.155599655016718], [-75.57276830011361, 6.155624769429938], [-75.5728471683479, 6.155642707798296], [-75.57292245141416, 6.155692937708791], [-75.57297067125941, 6.155786162015732], [-75.573190476005, 6.155847078253845], [-75.57348443582465, 6.155830330529426], [-75.57370430871423, 6.155818368310514], [-75.57395437026467, 6.1558116315572935], [-75.57398380084388, 6.155811554655652], [-75.57401337084339, 6.15580854149639], [-75.57408192597794, 6.155801551189165], [-75.57416809254362, 6.155792765356569], [-75.5742291055364, 6.1557937674228445], [-75.57425762674413, 6.1558048115945665], [-75.57428826842005, 6.155828312039561], [-75.57431372068747, 6.155868905851932], [-75.57432969735535, 6.155920788658592], [-75.57434701157128, 6.155976553503043], [-75.57436050585547, 6.1560231692994885], [-75.57437960911724, 6.156067218436335], [-75.57439206231882, 6.1560827982046735], [-75.57443642821265, 6.156113633287327], [-75.5744878253601, 6.156129808957557], [-75.57454089976747, 6.156132256048418], [-75.57458763717125, 6.1561209671308745], [-75.57461909338038, 6.156102222695095], [-75.57465447492837, 6.156065569170973], [-75.57468807710748, 6.156026325878216], [-75.57471855963557, 6.155990729373124], [-75.57475859479368, 6.155960021288929], [-75.57482950068052, 6.155934169251509], [-75.57488059889008, 6.155916054182461], [-75.57492311050113, 6.15589219528056], [-75.57494483525954, 6.155872888448877], [-75.5749576046885, 6.1558586732816165], [-75.57495909696189, 6.155858672407516], [-75.57497038661802, 6.155858675777631], [-75.57498032410038, 6.155860572510452], [-75.57498736856317, 6.155865906092654], [-75.57499044063499, 6.155874132951368], [-75.57499269975632, 6.155882179299538], [-75.57499658267973, 6.155892213137134], [-75.57500137108327, 6.155900259030067], [-75.57500588413356, 6.155907400353531], [-75.5750078734327, 6.155916439790855], [-75.57500940938891, 6.155927379101784], [-75.5750097685789, 6.155931434925052], [-75.57501013060077, 6.155935516049183], [-75.57500995077032, 6.155943562416275], [-75.57501013133127, 6.155951789670051], [-75.57500995235073, 6.155962636904623], [-75.57501022237436, 6.155970683812613], [-75.57501383493437, 6.155979723551316], [-75.5750214234885, 6.155983430759932], [-75.57502855746228, 6.155978095643932], [-75.57503939816424, 6.1559653498900735], [-75.57504635258655, 6.155956308870802], [-75.5750511402641, 6.155948082046428], [-75.57505720734522, 6.155940106712211], [-75.57505863637712, 6.155938229251725], [-75.57506640318586, 6.155930001608678], [-75.5750720039248, 6.155923852979477], [-75.57507886890745, 6.155917434253505], [-75.57508508581776, 6.15591205835945], [-75.57508618689367, 6.1559111073662685], [-75.575095579368, 6.155902067235835], [-75.57510054781898, 6.15589573812832], [-75.57510696024158, 6.155889319778584], [-75.57511283198112, 6.155883172553485], [-75.57511825149646, 6.155877657662096], [-75.57512719427152, 6.155867711995737], [-75.57513667692257, 6.155859577328233], [-75.57514869017626, 6.155851528991217], [-75.57515889833294, 6.1558451113050845], [-75.57516702748433, 6.1558387823101555], [-75.57517407143709, 6.155834262213338], [-75.57518238274676, 6.155829743231557], [-75.57519791817901, 6.155823413745194], [-75.57520541617288, 6.155820700540754], [-75.57521544107072, 6.155816181423787], [-75.57522546686293, 6.155811660494206], [-75.57523504339673, 6.155806325339782], [-75.57524425504002, 6.155800812936833], [-75.57525346772444, 6.155794391918225], [-75.57526367628192, 6.15578824545612], [-75.57527541708494, 6.15578083310407], [-75.57528788200293, 6.155772787105665], [-75.57529980449077, 6.155764649700192], [-75.57531236036904, 6.155755609667464], [-75.57534993483236, 6.155726588717022], [-75.57538823265992, 6.155698653702064], [-75.57539871148994, 6.155691421026073], [-75.57540611798265, 6.155685091901783], [-75.57541496905002, 6.155677861658954], [-75.57542336951559, 6.155669725884982], [-75.57543303556086, 6.155658785843105], [-75.57544152471522, 6.1556471227860365], [-75.57544640239455, 6.15564070370711], [-75.5754513706992, 6.155632658636978], [-75.57545796441995, 6.155622624859207], [-75.57546518951105, 6.155612768851537], [-75.57547322790928, 6.155603729831339], [-75.57547964075484, 6.155597400983205], [-75.57549039089751, 6.155588360625295], [-75.57550140900328, 6.1555811280576505], [-75.57551224824778, 6.155573894545174], [-75.5755215532053, 6.155566753423823], [-75.57552724190312, 6.155561239039976], [-75.57553365549556, 6.155555815182027], [-75.57554205594869, 6.155547677599587], [-75.5755502746887, 6.155540446792382], [-75.57555885687158, 6.1555314060508595], [-75.57556761759169, 6.1555241735312505], [-75.57557773524867, 6.15551603669964], [-75.57558559265712, 6.155508804924369], [-75.57559616063003, 6.155500577317912], [-75.57560835516551, 6.155491536314902], [-75.57561982642989, 6.1554834914941], [-75.57563202080502, 6.155475354581463], [-75.5756403286454, 6.155469930619223], [-75.57564836866628, 6.155464415732693], [-75.57564854518898, 6.155464306389722], [-75.57566011076231, 6.155457274597925], [-75.57567158322335, 6.155450040739395], [-75.57568260207132, 6.155443713160445], [-75.57569461502243, 6.155437293085397], [-75.57570229129117, 6.155432774453341], [-75.57571105360793, 6.155429247789058], [-75.57572360929566, 6.155423732799555], [-75.57573508128559, 6.155419213020015], [-75.57574655145991, 6.155414691440879], [-75.57575793429099, 6.155411164781978], [-75.57576904326466, 6.155408543534762], [-75.57577816752294, 6.155406644292008], [-75.5757906314668, 6.155404022831423], [-75.57580056690836, 6.155402125096592], [-75.57581185865057, 6.155400315742896], [-75.57582369058817, 6.155398509205487], [-75.5758345281239, 6.1553957961464], [-75.57584320116602, 6.155393988586047], [-75.57585412904383, 6.155391277802735], [-75.57586343364241, 6.155388562199192], [-75.57587445410022, 6.155385943185712], [-75.57588574391698, 6.155382235251733], [-75.57589694368528, 6.155379523155027], [-75.57590561581449, 6.155377713790084], [-75.57591744864501, 6.155375905438437], [-75.57592702197311, 6.155375906229981], [-75.5759395779185, 6.155374006689906], [-75.57595141193733, 6.155373194638598], [-75.57596333265907, 6.15537237945616], [-75.57597561926362, 6.155371385305331], [-75.57598799121331, 6.155370481151143], [-75.57600018748387, 6.1553694865318676], [-75.5760120192057, 6.155371384046788], [-75.57602475592633, 6.155374005887989], [-75.57603460185736, 6.155377713936694], [-75.5760435441791, 6.155380423712821], [-75.576051310237, 6.155384039641366], [-75.5760598005904, 6.1553885588743675], [-75.57606784184846, 6.155393984365103], [-75.57607949301291, 6.1554030250571445], [-75.57608653955636, 6.155409353111224], [-75.57609250133277, 6.155417578662234], [-75.5760978290206, 6.155425624648694], [-75.57610306874452, 6.155435660960752], [-75.57610442393488, 6.155444701640789], [-75.5761038821489, 6.155456362490838], [-75.57610288935092, 6.155464409160632], [-75.57610153459208, 6.155473448460259], [-75.57609494074634, 6.155499756755999], [-75.57609132739739, 6.155507983335838], [-75.5760877151464, 6.155515125907086], [-75.57608401059642, 6.155523172109432], [-75.57607795931197, 6.155535919155341], [-75.57607254096321, 6.155547669550794], [-75.57606676055663, 6.155558518509065], [-75.57606043737594, 6.155571265963887], [-75.5760557400714, 6.1555819333949655], [-75.57605203820331, 6.155590161306502], [-75.57604697953198, 6.155601007684072], [-75.5760421912887, 6.155610050001376], [-75.57569525991873, 6.156250111878925], [-75.57568351740706, 6.1563006475238815], [-75.57568460263037, 6.156326954912509], [-75.5756843309404, 6.156335993505604], [-75.57568315665092, 6.156348741416699], [-75.57568225337751, 6.15636392996566], [-75.57568198319423, 6.156372156678899], [-75.57568198340505, 6.156381195767345], [-75.5756818914842, 6.1563902362047305], [-75.57568261466622, 6.1564000909076535], [-75.57568342633951, 6.1564101260012505], [-75.5756847821544, 6.156418171278152], [-75.57568631828806, 6.156428206490021], [-75.57568957027743, 6.156438149336516], [-75.5756936369111, 6.156448998667786], [-75.57569715958526, 6.156460751098873], [-75.57569932623275, 6.156470785978367], [-75.57570519673959, 6.1565024260879255], [-75.57572633553325, 6.156554769358322], [-75.5757451235374, 6.156596355364832], [-75.57574846618952, 6.156604492305089], [-75.57575009041345, 6.156614436681668], [-75.57575280226645, 6.156621577648674], [-75.57575912327617, 6.156628990496542], [-75.57576616897691, 6.156635139543823], [-75.57577258301446, 6.156645172898206], [-75.57577565674666, 6.156656925687139], [-75.5757790883468, 6.156667773562308], [-75.57578143640659, 6.156678712558167], [-75.57578333421684, 6.156689381597177], [-75.5757864049265, 6.156700319815624], [-75.57578911429768, 6.156713878926665], [-75.57579001794637, 6.1567274395245954], [-75.57578929459696, 6.156739100349912], [-75.57578613301487, 6.156751847911897], [-75.57578288232004, 6.156765410489059], [-75.57578288222321, 6.156776258661627], [-75.57578550128189, 6.156787198156756], [-75.57578784964099, 6.156801571787529], [-75.57578902566458, 6.156809796940974], [-75.5757907410136, 6.156817844096624], [-75.57579191570696, 6.156825980655661], [-75.57579300076137, 6.156840444467098], [-75.57579245835844, 6.156853100725435], [-75.57579020072015, 6.156864853944305], [-75.57578740095873, 6.1568747057682485], [-75.57578884508676, 6.15688664091506], [-75.57579453682776, 6.156894686046113], [-75.57580311781912, 6.156902823003146], [-75.5758127820424, 6.156910055159689], [-75.57582353024713, 6.156917287505817], [-75.57583337752817, 6.156926327861137], [-75.57584060325969, 6.156933468726449], [-75.57584800887578, 6.1569425091192835], [-75.57585351992758, 6.1569507359396], [-75.57586092564881, 6.156964294971494], [-75.57586688837088, 6.156972524130709], [-75.57587610124028, 6.156980568529207], [-75.57588730274816, 6.156988703677658], [-75.5758941677989, 6.156992230829106], [-75.57590717413801, 6.156997743537824], [-75.57591774200202, 6.157003168572525], [-75.57592776909452, 6.157006785327114], [-75.57593707156578, 6.157008682386225], [-75.57594926665416, 6.157009495937518], [-75.57596263484477, 6.157009496471099], [-75.5759768173956, 6.157006784419165], [-75.57598882912473, 6.157004977899508], [-75.57600156455139, 6.157002263794998], [-75.57601096026544, 6.157000455443574], [-75.576024598234, 6.15700226465999], [-75.57603968176605, 6.157007686868884], [-75.57605196698304, 6.1570148286089115], [-75.57606163219317, 6.157026761115126], [-75.57607048464934, 6.157037430012893], [-75.57607608391835, 6.15704484272246], [-75.57608150377301, 6.157052889161051], [-75.5760880992692, 6.157061023946804], [-75.57609514446693, 6.157070064266269], [-75.57610309478929, 6.15707910473442], [-75.5761105908619, 6.157090043271868], [-75.57611790556133, 6.157099897777722], [-75.57612504320198, 6.157109750426281], [-75.57613091288124, 6.157117978221342], [-75.57613805142573, 6.157127830865155], [-75.57614346913435, 6.157135244450131], [-75.57614798556097, 6.157141393950654], [-75.57615358663027, 6.157148804841617], [-75.57616135510925, 6.157159473547224], [-75.57617056748632, 6.157170411929966], [-75.57617562527092, 6.1571775542176725], [-75.57618095715449, 6.1571849655041015], [-75.57618601493941, 6.157192107791591], [-75.57619513819273, 6.157203858476194], [-75.57620019641836, 6.157211092074287], [-75.57620615721599, 6.157217421743857], [-75.57621193836191, 6.1572256472523685], [-75.57621808012925, 6.157232789728006], [-75.57622449363174, 6.157240834980365], [-75.57622964305534, 6.157248248051142], [-75.57623695988056, 6.157256294364563], [-75.57624391474995, 6.157265334212098], [-75.57625159254849, 6.1572753677781025], [-75.57625854773744, 6.15728522311227], [-75.57626568358157, 6.157295076669559], [-75.5762726387266, 6.1573051101091325], [-75.57627986534563, 6.157315055444647], [-75.57628736248647, 6.157325089882176], [-75.57629467899106, 6.157334942565961], [-75.57630190517504, 6.157344797494003], [-75.5763072337684, 6.157353024282172], [-75.57631319648468, 6.157361249815321], [-75.57631997191153, 6.157371104207892], [-75.57632665579094, 6.1573801444580205], [-75.5763326167144, 6.157388372711637], [-75.57634291307814, 6.157401933135534], [-75.5763478820526, 6.157408078638219], [-75.57635275958343, 6.157415492115684], [-75.57636161322682, 6.157427153687693], [-75.57636775543487, 6.15743438656657], [-75.57637272258077, 6.157440714703647], [-75.57637823156094, 6.157447947024768], [-75.57638329174664, 6.1574542747122045], [-75.57638943214874, 6.157461507599317], [-75.57639593596417, 6.157469735037106], [-75.57640099527838, 6.157475881910565], [-75.57640777009182, 6.157484109847142], [-75.57641327922097, 6.157490436269395], [-75.5764196942261, 6.1574976678292765], [-75.57642583643586, 6.157504900706817], [-75.57643170720344, 6.157512040870192], [-75.57644200476652, 6.157523975731918], [-75.57644814534953, 6.1575301219015826], [-75.57645401806266, 6.157536541495976], [-75.57647388952202, 6.157560949934065], [-75.57648933551246, 6.157580838509703], [-75.57650722101428, 6.157605337003059], [-75.57652501638036, 6.157628751927688], [-75.57654290055265, 6.1576505390615885], [-75.5765506684162, 6.157662200447954], [-75.57655807539315, 6.157673953082357], [-75.57656376774639, 6.157683806372023], [-75.57656999726348, 6.157692846098501], [-75.57657614110421, 6.1577037875381215], [-75.57658544319982, 6.157720962783354], [-75.57658923890438, 6.157729008920357], [-75.57659574373938, 6.157741754081281], [-75.5766017951198, 6.157754501432734], [-75.57660522694387, 6.1577616434301525], [-75.57660884077109, 6.157768875861218], [-75.57661489265197, 6.157778730124796], [-75.57662139627848, 6.157790662514632], [-75.5766253708328, 6.157798706882787], [-75.57662916489711, 6.157805850746049], [-75.57663313882841, 6.157814889615019], [-75.57663693210925, 6.15782393116486], [-75.57664027372005, 6.157832970376346], [-75.57664325550765, 6.157841197646072], [-75.57664596602194, 6.157848430824312], [-75.57664894798395, 6.157855570473939], [-75.57665400572378, 6.157868319008025], [-75.57665662589574, 6.157875549910306], [-75.57666050938774, 6.157882693340868], [-75.57666430234993, 6.157890919403339], [-75.57667080570333, 6.157904480057191], [-75.576676316904, 6.157917227303822], [-75.576678213206, 6.157928888123021], [-75.57667586557187, 6.157938832691772], [-75.57667089847558, 6.157947874074303], [-75.57666367114471, 6.157955015132971], [-75.57665662448234, 6.157959535268687], [-75.57664876782565, 6.157962428341179], [-75.57663910295152, 6.157964057192526], [-75.57663034104498, 6.15796505153102], [-75.57661227770208, 6.157963242927945], [-75.57659800378634, 6.157961435906018], [-75.5765936698421, 6.157959974138824], [-75.57620619003443, 6.15823596413974], [-75.57607698238675, 6.158349369848454], [-75.57609489227619, 6.158353070561431], [-75.57616173333331, 6.158355871294463], [-75.576253505579, 6.158379376369034], [-75.57634455530557, 6.158420327508903], [-75.57640019688334, 6.158426473200118], [-75.57642231574275, 6.158425950454301], [-75.57646486994607, 6.158426834283319], [-75.57650082010612, 6.158432800258636], [-75.57659512176026, 6.158468688102661], [-75.57664687829427, 6.158484599520283], [-75.5766961980727, 6.158506024087485], [-75.57674605686206, 6.158555293792137], [-75.57679058950563, 6.158595162290218], [-75.5768455090514, 6.158668658803827], [-75.57687346555319, 6.1587019216533045], [-75.57688706081571, 6.158713407497809], [-75.57693583704454, 6.158736188981712], [-75.57703353610947, 6.158764580768702], [-75.57708482361873, 6.15877669993267], [-75.57727112583021, 6.158802695247299], [-75.5773139259618, 6.158861847218378], [-75.57735537934187, 6.1588612987811215], [-75.57740974475307, 6.158840904664891], [-75.57750325672913, 6.1588374284830145], [-75.57752466419464, 6.158800116341455], [-75.57756973417271, 6.158809244043356], [-75.57761462774928, 6.158811205885172], [-75.5777190852571, 6.158815037844568], [-75.57776914054358, 6.1588275127729535], [-75.57781429588005, 6.158822882528509], [-75.57792543417573, 6.158804224599449], [-75.57816281978667, 6.158763761731113], [-75.5782818382953, 6.158763759462495]]]}, "properties": {"OBJECTID": 33, "SE_ANNO_CAD_DATA": null, "SHAPE.AREA": 0, "SHAPE.LEN": 0, "BARRIO": "001", "NOMBARRIO": "EL CHINGUI", "MUNICIPIO": 266, "nombre_barrio_estandarizado": "EL CHINGUI", "municipio_estandarizado": "envigado"}}, {"type": "Feature", "geometry": {"type": "Polygon", "coordinates": [[[-75.57504445026476, 6.159939552181078], [-75.5751988960839, 6.160077477320007], [-75.57535584441615, 6.160283256702948], [-75.575533718823, 6.160475084232912], [-75.57575344603522, 6.160733182611029], [-75.57583366579051, 6.160834326956011], [-75.5760924659327, 6.161230276232578], [-75.57625987964394, 6.161477908110644], [-75.57656448238426, 6.161954272995689], [-75.5767144590827, 6.162208881615456], [-75.57686443531979, 6.162508831090254], [-75.57694814337566, 6.162697175635105], [-75.57703477809942, 6.162818870134424], [-75.57739360379905, 6.163288106034788], [-75.57768145157482, 6.163437943182758], [-75.57841881244416, 6.163792817408013], [-75.57848978936404, 6.163828306532359], [-75.57863174074532, 6.163997860125013], [-75.5789132637306, 6.164382992124653], [-75.579272096704, 6.164891659147359], [-75.57945742518926, 6.1651597936485025], [-75.5798221807359, 6.165518452246842], [-75.5795830235177, 6.165893244252557], [-75.58006135570149, 6.165910494562063], [-75.58020436155086, 6.1659203543141095], [-75.58043641541315, 6.1659252865969485], [-75.58041312392844, 6.165820124024041], [-75.58037266039148, 6.165709774717005], [-75.58042046999121, 6.165397109896296], [-75.58047931786122, 6.165113872966416], [-75.58055288058512, 6.165014553533276], [-75.5806558683344, 6.164878452564214], [-75.58070368089909, 6.164705567632525], [-75.5807198525059, 6.164552454651277], [-75.58072854154337, 6.164282900900456], [-75.58071404219102, 6.16390031400692], [-75.58072914998058, 6.16380796257559], [-75.580736180513, 6.163764986243668], [-75.58075667522107, 6.163605088866044], [-75.58055167035842, 6.162797413760652], [-75.58047774033743, 6.162496519379373], [-75.58049822977927, 6.16207012903832], [-75.5804079278751, 6.161875499695189], [-75.5803423311123, 6.161826300471916], [-75.58021933459038, 6.161650006898814], [-75.57966995886882, 6.161166231276654], [-75.57948057950186, 6.160971618164037], [-75.57933218048234, 6.160835754018823], [-75.57924531831394, 6.160750911663337], [-75.57909987869992, 6.160653950423743], [-75.5790008978355, 6.160567090847104], [-75.57895821186443, 6.1604671199557535], [-75.57889558455204, 6.160055028877663], [-75.5787981821992, 6.15961147192701], [-75.57877748924673, 6.159532583695932], [-75.57871461039537, 6.159498409534272], [-75.57856058148914, 6.159396187934484], [-75.57844155958502, 6.1593191692960065], [-75.57843595894384, 6.15928135940315], [-75.57842615615596, 6.159235148253065], [-75.57842615587371, 6.159219746215169], [-75.57842615435997, 6.159148327808979], [-75.57842895311256, 6.159123122773315], [-75.5784261530952, 6.159097917689038], [-75.57841915222245, 6.159068508116343], [-75.57841766730921, 6.159038223835759], [-75.57841766572405, 6.158975208924993], [-75.57841766665199, 6.1589724071524765], [-75.57845967225441, 6.158935998027186], [-75.57848487394001, 6.158765154560484], [-75.5782818382953, 6.158763759462495], [-75.57816281978667, 6.158763761731113], [-75.57792543417573, 6.158804224599449], [-75.57781429588005, 6.158822882528509], [-75.57776914054358, 6.1588275127729535], [-75.5777190852571, 6.158815037844568], [-75.57761462774928, 6.158811205885172], [-75.57756973417271, 6.158809244043356], [-75.57752466419464, 6.158800116341455], [-75.57750325672913, 6.1588374284830145], [-75.57740974475307, 6.158840904664891], [-75.57735537934187, 6.1588612987811215], [-75.5773139259618, 6.158861847218378], [-75.57727112583021, 6.158802695247299], [-75.57708482361873, 6.15877669993267], [-75.57703353610947, 6.158764580768702], [-75.57693583704454, 6.158736188981712], [-75.57688706081571, 6.158713407497809], [-75.57687346555319, 6.1587019216533045], [-75.5768455090514, 6.158668658803827], [-75.57679058950563, 6.158595162290218], [-75.57674605686206, 6.158555293792137], [-75.5766961980727, 6.158506024087485], [-75.57664687829427, 6.158484599520283], [-75.57659512176026, 6.158468688102661], [-75.57650082010612, 6.158432800258636], [-75.57646486994607, 6.158426834283319], [-75.57642231574275, 6.158425950454301], [-75.57640019688334, 6.158426473200118], [-75.57634455530557, 6.158420327508903], [-75.576253505579, 6.158379376369034], [-75.57616173333331, 6.158355871294463], [-75.57609489227619, 6.158353070561431], [-75.57607698238675, 6.158349369848454], [-75.57620619003443, 6.15823596413974], [-75.5765936698421, 6.157959974138824], [-75.57659800378634, 6.157961435906018], [-75.57661227770208, 6.157963242927945], [-75.57663034104498, 6.15796505153102], [-75.57663910295152, 6.157964057192526], [-75.57664876782565, 6.157962428341179], [-75.57665662448234, 6.157959535268687], [-75.57666367114471, 6.157955015132971], [-75.57667089847558, 6.157947874074303], [-75.57667586557187, 6.157938832691772], [-75.576678213206, 6.157928888123021], [-75.576676316904, 6.157917227303822], [-75.57667080570333, 6.157904480057191], [-75.57666430234993, 6.157890919403339], [-75.57666050938774, 6.157882693340868], [-75.57665662589574, 6.157875549910306], [-75.57665400572378, 6.157868319008025], [-75.57664894798395, 6.157855570473939], [-75.57664596602194, 6.157848430824312], [-75.57664325550765, 6.157841197646072], [-75.57664027372005, 6.157832970376346], [-75.57663693210925, 6.15782393116486], [-75.57663313882841, 6.157814889615019], [-75.57662916489711, 6.157805850746049], [-75.5766253708328, 6.157798706882787], [-75.57662139627848, 6.157790662514632], [-75.57661489265197, 6.157778730124796], [-75.57660884077109, 6.157768875861218], [-75.57660522694387, 6.1577616434301525], [-75.5766017951198, 6.157754501432734], [-75.57659574373938, 6.157741754081281], [-75.57658923890438, 6.157729008920357], [-75.57658544319982, 6.157720962783354], [-75.57657614110421, 6.1577037875381215], [-75.57656999726348, 6.157692846098501], [-75.57656376774639, 6.157683806372023], [-75.57655807539315, 6.157673953082357], [-75.5765506684162, 6.157662200447954], [-75.57654290055265, 6.1576505390615885], [-75.57652501638036, 6.157628751927688], [-75.57650722101428, 6.157605337003059], [-75.57648933551246, 6.157580838509703], [-75.57647388952202, 6.157560949934065], [-75.57645401806266, 6.157536541495976], [-75.57644814534953, 6.1575301219015826], [-75.57644200476652, 6.157523975731918], [-75.57643170720344, 6.157512040870192], [-75.57642583643586, 6.157504900706817], [-75.5764196942261, 6.1574976678292765], [-75.57641327922097, 6.157490436269395], [-75.57640777009182, 6.157484109847142], [-75.57640099527838, 6.157475881910565], [-75.57639593596417, 6.157469735037106], [-75.57638943214874, 6.157461507599317], [-75.57638329174664, 6.1574542747122045], [-75.57637823156094, 6.157447947024768], [-75.57637272258077, 6.157440714703647], [-75.57636775543487, 6.15743438656657], [-75.57636161322682, 6.157427153687693], [-75.57635275958343, 6.157415492115684], [-75.5763478820526, 6.157408078638219], [-75.57634291307814, 6.157401933135534], [-75.5763326167144, 6.157388372711637], [-75.57632665579094, 6.1573801444580205], [-75.57631997191153, 6.157371104207892], [-75.57631319648468, 6.157361249815321], [-75.5763072337684, 6.157353024282172], [-75.57630190517504, 6.157344797494003], [-75.57629467899106, 6.157334942565961], [-75.57628736248647, 6.157325089882176], [-75.57627986534563, 6.157315055444647], [-75.5762726387266, 6.1573051101091325], [-75.57626568358157, 6.157295076669559], [-75.57625854773744, 6.15728522311227], [-75.57625159254849, 6.1572753677781025], [-75.57624391474995, 6.157265334212098], [-75.57623695988056, 6.157256294364563], [-75.57622964305534, 6.157248248051142], [-75.57622449363174, 6.157240834980365], [-75.57621808012925, 6.157232789728006], [-75.57621193836191, 6.1572256472523685], [-75.57620615721599, 6.157217421743857], [-75.57620019641836, 6.157211092074287], [-75.57619513819273, 6.157203858476194], [-75.57618601493941, 6.157192107791591], [-75.57618095715449, 6.1571849655041015], [-75.57617562527092, 6.1571775542176725], [-75.57617056748632, 6.157170411929966], [-75.57616135510925, 6.157159473547224], [-75.57615358663027, 6.157148804841617], [-75.57614798556097, 6.157141393950654], [-75.57614346913435, 6.157135244450131], [-75.57613805142573, 6.157127830865155], [-75.57613091288124, 6.157117978221342], [-75.57612504320198, 6.157109750426281], [-75.57611790556133, 6.157099897777722], [-75.5761105908619, 6.157090043271868], [-75.57610309478929, 6.15707910473442], [-75.57609514446693, 6.157070064266269], [-75.5760880992692, 6.157061023946804], [-75.57608150377301, 6.157052889161051], [-75.57607608391835, 6.15704484272246], [-75.57607048464934, 6.157037430012893], [-75.57606163219317, 6.157026761115126], [-75.57605196698304, 6.1570148286089115], [-75.57603968176605, 6.157007686868884], [-75.576024598234, 6.15700226465999], [-75.57601096026544, 6.157000455443574], [-75.57600156455139, 6.157002263794998], [-75.57598882912473, 6.157004977899508], [-75.5759768173956, 6.157006784419165], [-75.57596263484477, 6.157009496471099], [-75.57594926665416, 6.157009495937518], [-75.57593707156578, 6.157008682386225], [-75.57592776909452, 6.157006785327114], [-75.57591774200202, 6.157003168572525], [-75.57590717413801, 6.156997743537824], [-75.5758941677989, 6.156992230829106], [-75.57588730274816, 6.156988703677658], [-75.57587610124028, 6.156980568529207], [-75.57586688837088, 6.156972524130709], [-75.57586092564881, 6.156964294971494], [-75.57585351992758, 6.1569507359396], [-75.57584800887578, 6.1569425091192835], [-75.57584060325969, 6.156933468726449], [-75.57583337752817, 6.156926327861137], [-75.57582353024713, 6.156917287505817], [-75.5758127820424, 6.156910055159689], [-75.57580311781912, 6.156902823003146], [-75.57579453682776, 6.156894686046113], [-75.57578884508676, 6.15688664091506], [-75.57578740095873, 6.1568747057682485], [-75.57579020072015, 6.156864853944305], [-75.57579245835844, 6.156853100725435], [-75.57579300076137, 6.156840444467098], [-75.57579191570696, 6.156825980655661], [-75.5757907410136, 6.156817844096624], [-75.57578902566458, 6.156809796940974], [-75.57578784964099, 6.156801571787529], [-75.57578550128189, 6.156787198156756], [-75.57578288222321, 6.156776258661627], [-75.57578288232004, 6.156765410489059], [-75.57578613301487, 6.156751847911897], [-75.57578929459696, 6.156739100349912], [-75.57579001794637, 6.1567274395245954], [-75.57578911429768, 6.156713878926665], [-75.5757864049265, 6.156700319815624], [-75.57578333421684, 6.156689381597177], [-75.57578143640659, 6.156678712558167], [-75.5757790883468, 6.156667773562308], [-75.57577565674666, 6.156656925687139], [-75.57577258301446, 6.156645172898206], [-75.57576616897691, 6.156635139543823], [-75.57575912327617, 6.156628990496542], [-75.57575280226645, 6.156621577648674], [-75.57575009041345, 6.156614436681668], [-75.57574846618952, 6.156604492305089], [-75.5757451235374, 6.156596355364832], [-75.57572633553325, 6.156554769358322], [-75.57570519673959, 6.1565024260879255], [-75.57569932623275, 6.156470785978367], [-75.57569715958526, 6.156460751098873], [-75.5756936369111, 6.156448998667786], [-75.57568957027743, 6.156438149336516], [-75.57568631828806, 6.156428206490021], [-75.5756847821544, 6.156418171278152], [-75.57568342633951, 6.1564101260012505], [-75.57568261466622, 6.1564000909076535], [-75.5756818914842, 6.1563902362047305], [-75.57568198340505, 6.156381195767345], [-75.57568198319423, 6.156372156678899], [-75.57568225337751, 6.15636392996566], [-75.57568315665092, 6.156348741416699], [-75.5756843309404, 6.156335993505604], [-75.57568460263037, 6.156326954912509], [-75.57568351740706, 6.1563006475238815], [-75.57569525991873, 6.156250111878925], [-75.5760421912887, 6.155610050001376], [-75.57604697953198, 6.155601007684072], [-75.57605203820331, 6.155590161306502], [-75.5760557400714, 6.1555819333949655], [-75.57606043737594, 6.155571265963887], [-75.57606676055663, 6.155558518509065], [-75.57607254096321, 6.155547669550794], [-75.57607795931197, 6.155535919155341], [-75.57608401059642, 6.155523172109432], [-75.5760877151464, 6.155515125907086], [-75.57609132739739, 6.155507983335838], [-75.57609494074634, 6.155499756755999], [-75.57610153459208, 6.155473448460259], [-75.57610288935092, 6.155464409160632], [-75.5761038821489, 6.155456362490838], [-75.57610442393488, 6.155444701640789], [-75.57610306874452, 6.155435660960752], [-75.5760978290206, 6.155425624648694], [-75.57609250133277, 6.155417578662234], [-75.57608653955636, 6.155409353111224], [-75.57607949301291, 6.1554030250571445], [-75.57606784184846, 6.155393984365103], [-75.5760598005904, 6.1553885588743675], [-75.576051310237, 6.155384039641366], [-75.5760435441791, 6.155380423712821], [-75.57603460185736, 6.155377713936694], [-75.57602475592633, 6.155374005887989], [-75.5760120192057, 6.155371384046788], [-75.57600018748387, 6.1553694865318676], [-75.57598799121331, 6.155370481151143], [-75.57597561926362, 6.155371385305331], [-75.57596333265907, 6.15537237945616], [-75.57595141193733, 6.155373194638598], [-75.5759395779185, 6.155374006689906], [-75.57592702197311, 6.155375906229981], [-75.57591744864501, 6.155375905438437], [-75.57590561581449, 6.155377713790084], [-75.57589694368528, 6.155379523155027], [-75.57588574391698, 6.155382235251733], [-75.57587445410022, 6.155385943185712], [-75.57586343364241, 6.155388562199192], [-75.57585412904383, 6.155391277802735], [-75.57584320116602, 6.155393988586047], [-75.5758345281239, 6.1553957961464], [-75.57582369058817, 6.155398509205487], [-75.57581185865057, 6.155400315742896], [-75.57580056690836, 6.155402125096592], [-75.5757906314668, 6.155404022831423], [-75.57577816752294, 6.155406644292008], [-75.57576904326466, 6.155408543534762], [-75.57575793429099, 6.155411164781978], [-75.57574655145991, 6.155414691440879], [-75.57573508128559, 6.155419213020015], [-75.57572360929566, 6.155423732799555], [-75.57571105360793, 6.155429247789058], [-75.57570229129117, 6.155432774453341], [-75.57569461502243, 6.155437293085397], [-75.57568260207132, 6.155443713160445], [-75.57567158322335, 6.155450040739395], [-75.57566011076231, 6.155457274597925], [-75.57564854518898, 6.155464306389722], [-75.57564836866628, 6.155464415732693], [-75.5756403286454, 6.155469930619223], [-75.57563202080502, 6.155475354581463], [-75.57561982642989, 6.1554834914941], [-75.57560835516551, 6.155491536314902], [-75.57559616063003, 6.155500577317912], [-75.57558559265712, 6.155508804924369], [-75.57557773524867, 6.15551603669964], [-75.57556761759169, 6.1555241735312505], [-75.57555885687158, 6.1555314060508595], [-75.5755502746887, 6.155540446792382], [-75.57554205594869, 6.155547677599587], [-75.57553365549556, 6.155555815182027], [-75.57552724190312, 6.155561239039976], [-75.5755215532053, 6.155566753423823], [-75.57551224824778, 6.155573894545174], [-75.57550140900328, 6.1555811280576505], [-75.57549039089751, 6.155588360625295], [-75.57547964075484, 6.155597400983205], [-75.57547322790928, 6.155603729831339], [-75.57546518951105, 6.155612768851537], [-75.57545796441995, 6.155622624859207], [-75.5754513706992, 6.155632658636978], [-75.57544640239455, 6.15564070370711], [-75.57544152471522, 6.1556471227860365], [-75.57543303556086, 6.155658785843105], [-75.57542336951559, 6.155669725884982], [-75.57541496905002, 6.155677861658954], [-75.57540611798265, 6.155685091901783], [-75.57539871148994, 6.155691421026073], [-75.57538823265992, 6.155698653702064], [-75.57534993483236, 6.155726588717022], [-75.57531236036904, 6.155755609667464], [-75.57529980449077, 6.155764649700192], [-75.57528788200293, 6.155772787105665], [-75.57527541708494, 6.15578083310407], [-75.57526367628192, 6.15578824545612], [-75.57525346772444, 6.155794391918225], [-75.57524425504002, 6.155800812936833], [-75.57523504339673, 6.155806325339782], [-75.57522546686293, 6.155811660494206], [-75.57521544107072, 6.155816181423787], [-75.57520541617288, 6.155820700540754], [-75.57519791817901, 6.155823413745194], [-75.57518238274676, 6.155829743231557], [-75.57517407143709, 6.155834262213338], [-75.57516702748433, 6.1558387823101555], [-75.57515889833294, 6.1558451113050845], [-75.57514869017626, 6.155851528991217], [-75.57513667692257, 6.155859577328233], [-75.57512719427152, 6.155867711995737], [-75.57511825149646, 6.155877657662096], [-75.57511283198112, 6.155883172553485], [-75.57510696024158, 6.155889319778584], [-75.57510054781898, 6.15589573812832], [-75.575095579368, 6.155902067235835], [-75.57508618689367, 6.1559111073662685], [-75.57508508581776, 6.15591205835945], [-75.57507886890745, 6.155917434253505], [-75.5750720039248, 6.155923852979477], [-75.57506640318586, 6.155930001608678], [-75.57505863637712, 6.155938229251725], [-75.57505720734522, 6.155940106712211], [-75.5750511402641, 6.155948082046428], [-75.57504635258655, 6.155956308870802], [-75.57503939816424, 6.1559653498900735], [-75.57502855746228, 6.155978095643932], [-75.5750214234885, 6.155983430759932], [-75.57501383493437, 6.155979723551316], [-75.57501022237436, 6.155970683812613], [-75.57500995235073, 6.155962636904623], [-75.57501013133127, 6.155951789670051], [-75.57500995077032, 6.155943562416275], [-75.57501013060077, 6.155935516049183], [-75.5750097685789, 6.155931434925052], [-75.57500940938891, 6.155927379101784], [-75.5750078734327, 6.155916439790855], [-75.57500588413356, 6.155907400353531], [-75.57500137108327, 6.155900259030067], [-75.57499658267973, 6.155892213137134], [-75.57499269975632, 6.155882179299538], [-75.57499044063499, 6.155874132951368], [-75.57498736856317, 6.155865906092654], [-75.57498032410038, 6.155860572510452], [-75.57497038661802, 6.155858675777631], [-75.57495909696189, 6.155858672407516], [-75.5749576046885, 6.1558586732816165], [-75.57494483525954, 6.155872888448877], [-75.57492311050113, 6.15589219528056], [-75.57488059889008, 6.155916054182461], [-75.57482950068052, 6.155934169251509], [-75.57475859479368, 6.155960021288929], [-75.57471855963557, 6.155990729373124], [-75.57468807710748, 6.156026325878216], [-75.57465447492837, 6.156065569170973], [-75.57461909338038, 6.156102222695095], [-75.57458763717125, 6.1561209671308745], [-75.57454089976747, 6.156132256048418], [-75.5744878253601, 6.156129808957557], [-75.57443642821265, 6.156113633287327], [-75.57439206231882, 6.1560827982046735], [-75.57437960911724, 6.156067218436335], [-75.57436050585547, 6.1560231692994885], [-75.57434701157128, 6.155976553503043], [-75.57432969735535, 6.155920788658592], [-75.57431372068747, 6.155868905851932], [-75.57428826842005, 6.155828312039561], [-75.57425762674413, 6.1558048115945665], [-75.5742291055364, 6.1557937674228445], [-75.57416809254362, 6.155792765356569], [-75.57408192597794, 6.155801551189165], [-75.57401337084339, 6.15580854149639], [-75.57398380084388, 6.155811554655652], [-75.57395437026467, 6.1558116315572935], [-75.57370430871423, 6.155818368310514], [-75.57348443582465, 6.155830330529426], [-75.573190476005, 6.155847078253845], [-75.57297067125941, 6.155786162015732], [-75.57292245141416, 6.155692937708791], [-75.5728471683479, 6.155642707798296], [-75.57276830011361, 6.155624769429938], [-75.57266792368608, 6.155599655016718], [-75.57262490503166, 6.15559965632566], [-75.57254603535327, 6.155563778028558], [-75.57245641386316, 6.155509959222096], [-75.57237396116979, 6.1554884325455825], [-75.5722879234211, 6.155474080836016], [-75.57216962391584, 6.1555279031253445], [-75.5720603798263, 6.155678885226572], [-75.57223264401294, 6.156132994786725], [-75.57229245509227, 6.156501853533438], [-75.57228642383959, 6.156582021343408], [-75.57226285175766, 6.156550313681446], [-75.57224016462243, 6.156520981320539], [-75.57217919249595, 6.156453630247054], [-75.57212543223525, 6.156456788895824], [-75.57209514886698, 6.156457996320271], [-75.57205827568485, 6.156459745425238], [-75.57203694034627, 6.15646071441778], [-75.57200054967001, 6.156465494422187], [-75.5719520558103, 6.15647148097737], [-75.57192844681657, 6.156508483585048], [-75.57191730618126, 6.156525561359044], [-75.57189588726565, 6.156569410948559], [-75.57188099934027, 6.156590175597241], [-75.57186436585735, 6.156613871592873], [-75.57184573689332, 6.156639997465104], [-75.57181732085627, 6.156670333870697], [-75.57179739583485, 6.156700256851495], [-75.57175158909074, 6.156741667251906], [-75.57168007099453, 6.156724862328598], [-75.57158764705142, 6.156696165392941], [-75.57151816279485, 6.156690343500744], [-75.57146924551826, 6.156685126738869], [-75.57143263957917, 6.1566812230358074], [-75.5714064271475, 6.156679929067582], [-75.5713685085368, 6.156678059567764], [-75.5713554300424, 6.156676884910404], [-75.57132525243719, 6.15667417254473], [-75.5712963481668, 6.156671576091757], [-75.57128032217011, 6.156671534003448], [-75.57125264680643, 6.1566714594677245], [-75.57122514385476, 6.156671359688947], [-75.5711906093464, 6.156671235940589], [-75.57115046692758, 6.156671091304089], [-75.57111292520057, 6.1566709540190425], [-75.5711746724288, 6.1567323191406444], [-75.57122813453788, 6.156785449024794], [-75.57125214803492, 6.156814845572492], [-75.57130870928636, 6.156884084093439], [-75.57132647111361, 6.15690582598236], [-75.57133486200735, 6.1569152016589115], [-75.57142869852552, 6.157020048068283], [-75.57171545911697, 6.157348058077886], [-75.57167379930685, 6.1573734822265855], [-75.57145150956656, 6.157599136941937], [-75.57119992240897, 6.157815073755322], [-75.57108408161766, 6.157881200662125], [-75.57163506238186, 6.158446514942194], [-75.57169968104536, 6.15843533974369], [-75.5718048390487, 6.158449691362703], [-75.5718860964825, 6.158468824250271], [-75.57193867616212, 6.158487960727891], [-75.57202949390864, 6.158521445148344], [-75.57207729321776, 6.1585597180784895], [-75.57217289226823, 6.158602770917342], [-75.57228584144629, 6.1586190006120365], [-75.57233034072227, 6.158644473018123], [-75.57238290177372, 6.15865879975842], [-75.572413346978, 6.15866284968479], [-75.57244441592374, 6.15865236241785], [-75.57248059320528, 6.15863588349934], [-75.57251755019195, 6.158604241004634], [-75.57253970757533, 6.158573250333042], [-75.57257735915837, 6.158527717635312], [-75.57262031282721, 6.158497292951981], [-75.57266052957408, 6.15846914983748], [-75.57274323567012, 6.158447719843142], [-75.5728921194268, 6.158584457816999], [-75.57311104096287, 6.158749979451373], [-75.57328407463885, 6.158904975456598], [-75.57348961204144, 6.159062844098402], [-75.57375920087632, 6.1592704620523495], [-75.57389423302935, 6.159363230847254], [-75.57413315731694, 6.159494999550661], [-75.5742388207058, 6.1595532760929865], [-75.57438421586981, 6.159611556949127], [-75.57444601249057, 6.159653414494476], [-75.57445868800662, 6.1596586810942515], [-75.57446018501886, 6.159659098788218], [-75.57461468319833, 6.159702243621916], [-75.57467019430695, 6.159714263952411], [-75.57469819072016, 6.15972695146743], [-75.57469877497967, 6.159726537284833], [-75.57473778316886, 6.159753896538448], [-75.57473802608614, 6.159754068046582], [-75.57474251987779, 6.159752145042863], [-75.57504445026476, 6.159939552181078]]]}, "properties": {"OBJECTID": 34, "SE_ANNO_CAD_DATA": null, "SHAPE.AREA": 0, "SHAPE.LEN": 0, "BARRIO": "015", "NOMBARRIO": "LOMA DE LAS BRUJAS", "MUNICIPIO": 266, "nombre_barrio_estandarizado": "LOMA DE LAS BRUJAS", "municipio_estandarizado": "envigado"}}, {"type": "Feature", "geometry": {"type": "Polygon", "coordinates": [[[-75.56525742096247, 6.1671568471680835], [-75.56577054086343, 6.167332117777855], [-75.56602881380073, 6.167455188324989], [-75.56634555341101, 6.1675924469746075], [-75.56652926192126, 6.167596670598537], [-75.56677742432146, 6.167560640524333], [-75.56717229255781, 6.167465618775614], [-75.56761064396248, 6.1673783386439425], [-75.56776479171694, 6.167344551591844], [-75.56806463952925, 6.167272755309697], [-75.56852582920175, 6.167128201229119], [-75.56880667351854, 6.167052181035129], [-75.56908329188852, 6.16704162215376], [-75.56930077406945, 6.167065204957485], [-75.56944550098343, 6.166814156766021], [-75.56958561171804, 6.1664352006929395], [-75.56963337881601, 6.166202733866648], [-75.56977678482043, 6.16551938618121], [-75.5698576879813, 6.164958104342221], [-75.56988172261268, 6.1647286234709116], [-75.5698607358153, 6.164541496870754], [-75.56979415844555, 6.164308167675121], [-75.56970322186316, 6.164168261118686], [-75.56956157014841, 6.164021360944735], [-75.56938098180427, 6.1638595672777425], [-75.56923583307315, 6.1637651294012255], [-75.5689945018441, 6.1636916799633745], [-75.56883119780859, 6.163631734773655], [-75.56874026179425, 6.163542545783891], [-75.56867555770481, 6.163414879526569], [-75.56866479636349, 6.163334930796522], [-75.56866527356088, 6.163333103129405], [-75.56866556581178, 6.163313868014858], [-75.56866228948206, 6.16331481864242], [-75.56866745549362, 6.163285505598844], [-75.56869759943869, 6.163231203220851], [-75.56872171414571, 6.1631869554113585], [-75.56875989451487, 6.16315075314011], [-75.56879606703824, 6.1631266193583025], [-75.56886037253697, 6.163098460538556], [-75.56892065859292, 6.163074325324755], [-75.56902515422387, 6.163046167117293], [-75.56909950734348, 6.163026056000583], [-75.56917587010508, 6.163007954932905], [-75.56928840516456, 6.162931528122935], [-75.56938486244617, 6.162871189423411], [-75.56946725367999, 6.1628128632440555], [-75.56956170242626, 6.162748504667517], [-75.56964409335419, 6.162692188278252], [-75.56973050293055, 6.162637884003677], [-75.56979279771018, 6.16259363742253], [-75.56989126685345, 6.162545366764411], [-75.56996762906438, 6.162509166575157], [-75.56998565198676, 6.162499716867487], [-75.56998565470337, 6.162499530611107], [-75.56999128717929, 6.162397876098822], [-75.56999260600155, 6.16227252530218], [-75.56998286182113, 6.162216804183024], [-75.56993755765714, 6.162162687526428], [-75.56992865836435, 6.162152056710434], [-75.56992204499288, 6.162144156083166], [-75.5698102222985, 6.162087215722462], [-75.56972497583295, 6.162057538517614], [-75.56968708417753, 6.162040903263062], [-75.56963486131926, 6.162026170604273], [-75.56962973536665, 6.162024386226932], [-75.56961364309377, 6.162020183834129], [-75.56953319079096, 6.161997488394628], [-75.56939014245097, 6.161936171660394], [-75.56937976857226, 6.161930908311303], [-75.56935115801285, 6.1619163944908655], [-75.56932635195595, 6.161898810106155], [-75.56925699159959, 6.161849636278455], [-75.56919225013155, 6.161790732912554], [-75.56912947195377, 6.161665071699307], [-75.56909808304961, 6.16159242081293], [-75.56905296050836, 6.1614667603597715], [-75.56904080561114, 6.161438287538584], [-75.56902646990157, 6.161404708958199], [-75.56898625866076, 6.161372513589188], [-75.56894702224778, 6.1613410964624995], [-75.56885677963402, 6.161319500417508], [-75.56877045813235, 6.161309682985854], [-75.56872480316503, 6.161299960680036], [-75.5687200870886, 6.161301881101906], [-75.56871016880818, 6.1613045670473126], [-75.56869969067904, 6.161308236633087], [-75.56868793976204, 6.161311906927841], [-75.56867601495219, 6.161313605326191], [-75.56866599884225, 6.161313606581667], [-75.56865498906252, 6.161313606296845], [-75.56864440113644, 6.161313605787058], [-75.56863293949408, 6.161315442087131], [-75.56862500039597, 6.16131812572629], [-75.5686224521266, 6.161320947028146], [-75.56861748365566, 6.161324481570312], [-75.5686108074846, 6.161331686828864], [-75.56860438718262, 6.161339878125649], [-75.56859997906282, 6.161348917711549], [-75.56859708806529, 6.161357108274458], [-75.56859482897295, 6.161366149257525], [-75.56859211035034, 6.1613778739995695], [-75.56859020513068, 6.161385927814298], [-75.56858561726519, 6.161394970978792], [-75.56858452277919, 6.161404995429183], [-75.56858018783561, 6.161414036470809], [-75.56857439920489, 6.161422090917806], [-75.5685653661965, 6.161427596083015], [-75.56855580971933, 6.161431131940401], [-75.56854793227677, 6.161434802553446], [-75.56853826851665, 6.16143932167846], [-75.56852824975599, 6.161443842514064], [-75.5685190373875, 6.161445676110788], [-75.56850838489885, 6.161446526663536], [-75.5684997059704, 6.161449210250632], [-75.56848958237838, 6.161452031892964], [-75.56848164188304, 6.161451045817667], [-75.56847225713273, 6.161446527171242], [-75.56846230168931, 6.161442991313264], [-75.5684613177446, 6.161442006975117], [-75.56845228618823, 6.161437486626256], [-75.5684432512471, 6.1614339526607695], [-75.56843178053846, 6.161432966417945], [-75.56842257540428, 6.161434801786384], [-75.56841064472198, 6.161438472943172], [-75.56839942519872, 6.161442005962805], [-75.56838598572706, 6.161444690789419], [-75.56837603035365, 6.161445676306934], [-75.56836538258908, 6.161444692425923], [-75.56835796620304, 6.161442992300604], [-75.56835111894175, 6.1614401710676], [-75.56834145324973, 6.161435651059804], [-75.56833242191745, 6.161432116170636], [-75.56832124050374, 6.161432116706908], [-75.5683096686426, 6.161433951724424], [-75.56829918055433, 6.161434801480839], [-75.56828969558916, 6.161434801074959], [-75.5682790379023, 6.161436637111527], [-75.5682268203515, 6.161443843013196], [-75.56814626691101, 6.161468278256757], [-75.56813560927256, 6.1614746320528475], [-75.56812774091144, 6.161480004123947], [-75.56812050488455, 6.161488193924367], [-75.5681106597202, 6.161503453660877], [-75.56810551108704, 6.161513479565706], [-75.56810081256576, 6.161523370399885], [-75.56809704690677, 6.161530574289811], [-75.56809403980252, 6.161537915563713], [-75.56808871936231, 6.161548656531414], [-75.56808229883434, 6.161558681331794], [-75.56807591061491, 6.161567723225342], [-75.56807058240103, 6.161573092098505], [-75.56806306564418, 6.161579447034808], [-75.56805547842468, 6.161585801406464], [-75.56804598432535, 6.161593856527309], [-75.56803543510185, 6.1616002143209965], [-75.56802503088669, 6.16161023932917], [-75.56801680957109, 6.161618292837942], [-75.56801094701714, 6.161622812627982], [-75.56800163583122, 6.161630020634373], [-75.56799450951662, 6.161634540184562], [-75.56798349883887, 6.161637360669226], [-75.56797111332574, 6.161641878435338], [-75.56795918963527, 6.16164456408789], [-75.56794743938, 6.161647248904617], [-75.56793660871533, 6.161649933811054], [-75.567926871313, 6.1616536061464], [-75.5679187140673, 6.161657138870675], [-75.5679101415266, 6.1616616599633875], [-75.56789983640307, 6.16166899933086], [-75.5678880227669, 6.161678039336113], [-75.5678772558734, 6.161686095163238], [-75.56786886288869, 6.161692451607631], [-75.56785722045541, 6.161702341541256], [-75.56784493527692, 6.161711381105682], [-75.5678342853551, 6.161721407296238], [-75.56782323955144, 6.161730448122152], [-75.56781512706108, 6.16173765216018], [-75.56780789193341, 6.161745842859464], [-75.56780030545431, 6.16175573314209], [-75.56779381020364, 6.161765624496082], [-75.5677883803567, 6.161772964785373], [-75.5677814259389, 6.161780169572654], [-75.56777140992806, 6.161789209957536], [-75.5677609293795, 6.16179726440438], [-75.56775073356442, 6.161804605956512], [-75.56773979635656, 6.161811810041519], [-75.5677289643659, 6.1618181646741705], [-75.56771954225793, 6.161823535187461], [-75.56771286781617, 6.1618262208620855], [-75.56770228077109, 6.161826219429344], [-75.56769163183988, 6.161825371157369], [-75.56768016107254, 6.161822685202521], [-75.56766968332876, 6.1618198660819], [-75.56765902529041, 6.161814494664727], [-75.56765253814964, 6.161807290442877], [-75.56764582692743, 6.161795566824296], [-75.56764286572655, 6.161788224467119], [-75.56764032629997, 6.161777484296325], [-75.56763725596105, 6.161766607452471], [-75.5676348256657, 6.161756582799251], [-75.56763221578586, 6.161745843871779], [-75.56762995824143, 6.161736802945938], [-75.56762498007373, 6.161725927155816], [-75.56762074465551, 6.161713216994565], [-75.56761658129558, 6.161702341799401], [-75.56761315665386, 6.1616933019751645], [-75.56760917368075, 6.161679738939741], [-75.56760663473865, 6.161669850423653], [-75.56760395215308, 6.161659958983116], [-75.56760221672482, 6.161648098380773], [-75.56759968069578, 6.161636373633035], [-75.56759579556555, 6.16162549890513], [-75.5675907557596, 6.161616456916044], [-75.56758387270665, 6.161606569436233], [-75.56757745033326, 6.161596677928817], [-75.56757448845894, 6.161590321941556], [-75.56756626798037, 6.161576762140208], [-75.56755624200491, 6.161565886253911], [-75.56755225868432, 6.161560515226141], [-75.56754866314783, 6.161555009428256], [-75.56754576383375, 6.161549640411299], [-75.56754333359726, 6.161544135328595], [-75.56754061537931, 6.161537916493704], [-75.56753852883037, 6.161531559905761], [-75.56753691137844, 6.161527888933429], [-75.5675355664879, 6.1615243549747065], [-75.56753511369438, 6.161523368979689], [-75.5675329194531, 6.16151885003209], [-75.56753013533334, 6.161514330309588], [-75.56752688461496, 6.161508959368722], [-75.56752156458278, 6.161501754945464], [-75.56751594781804, 6.161495398184695], [-75.56750998487838, 6.161490878404865], [-75.56750448517711, 6.16148989231029], [-75.56749933598341, 6.161491727112893], [-75.56749336662995, 6.161498083630541], [-75.56749065622527, 6.161501754656296], [-75.56748804564505, 6.161506272338538], [-75.56748560698131, 6.161513478876272], [-75.56748253555355, 6.161521534695313], [-75.5674791851687, 6.161528874910476], [-75.56747594049989, 6.16153509353821], [-75.56747223782413, 6.161542435450401], [-75.56747177760533, 6.161543286612813], [-75.56746772175734, 6.161552325405015], [-75.5674634861506, 6.1615613650631555], [-75.56745896733871, 6.161569557139972], [-75.56745434329991, 6.161578596861042], [-75.5674490140246, 6.161590321526088], [-75.5674422403307, 6.16160204772436], [-75.56743603573047, 6.1616137729895355], [-75.5674309475991, 6.1616237976978905], [-75.567420580341, 6.161643577710221], [-75.5674152505504, 6.161649935667749], [-75.56739517036337, 6.1616653296872705], [-75.567375007699, 6.161680479093945], [-75.56737223635034, 6.1616825601095115], [-75.5673651100264, 6.161687079653774], [-75.56735879580407, 6.161691600710739], [-75.5673528347802, 6.161696120970448], [-75.56734768494599, 6.161700640939097], [-75.56734189602416, 6.1617060102194765], [-75.56733575433795, 6.161710531349346], [-75.56732997377654, 6.161716887861645], [-75.56732499466752, 6.161721407007872], [-75.56732040717806, 6.1617267768297355], [-75.56731677537331, 6.161730447773311], [-75.56731120145169, 6.161735818730269], [-75.56730774217468, 6.161739487938716], [-75.56730396858039, 6.161744856552426], [-75.56729927020554, 6.161751212372436], [-75.56729482703302, 6.161758415908831], [-75.56729105097243, 6.161764774518973], [-75.56728787108345, 6.161771127545202], [-75.56728480868547, 6.161779183321362], [-75.56728191043871, 6.16178737392116], [-75.56727877419132, 6.161796415517155], [-75.56727524274125, 6.161806303441969], [-75.56727161236566, 6.161815343801751], [-75.567267655426, 6.161823536788899], [-75.56726302978409, 6.16183074120436], [-75.56725834361157, 6.1618379441031905], [-75.56725354767813, 6.1618443003932635], [-75.56724797327722, 6.161848820598733], [-75.56724242778648, 6.1618533415690395], [-75.5672369260802, 6.161857011574537], [-75.56723177826245, 6.161859697123605], [-75.56722654845242, 6.161863365819383], [-75.56722210251974, 6.161866050699853], [-75.56721734153528, 6.161866900879832], [-75.567212258278, 6.16186873536393], [-75.56720675656591, 6.161869586399457], [-75.56720055137527, 6.161871421767059], [-75.56719448168981, 6.161873258290116], [-75.56718869269875, 6.161874105284653], [-75.56718254914978, 6.161874106849424], [-75.56717634416265, 6.1618741059977715], [-75.56717038261782, 6.161873258644127], [-75.56716378016098, 6.161873256994513], [-75.56715689587995, 6.161873258510472], [-75.56714941719451, 6.161873257464816], [-75.56714201078259, 6.161873257879109], [-75.56713484917209, 6.161873258018296], [-75.56712846213748, 6.161872406384898], [-75.56712186830076, 6.161873258159465], [-75.56711537154405, 6.161873258712433], [-75.56710884183357, 6.16187410836981], [-75.56710252775868, 6.161875091698729], [-75.5670980120139, 6.161875093558968], [-75.56709095816178, 6.161877778342476], [-75.56708618932053, 6.161884133597412], [-75.56708661239523, 6.1618913381057325], [-75.56709187053119, 6.161897692982335], [-75.56709783215041, 6.161903064430806], [-75.56710577179902, 6.1619085682948205], [-75.56711063990915, 6.161913088831531], [-75.56711544636796, 6.161916623296821], [-75.56711988990924, 6.1619211431660705], [-75.56712492896722, 6.161926648343316], [-75.56712934567436, 6.161933853505528], [-75.56713297648403, 6.161941058836686], [-75.5671353085248, 6.161949249559022], [-75.56713667993776, 6.1619599899373965], [-75.56713756399846, 6.1619727017833235], [-75.56713802640392, 6.161983576729828], [-75.5671384788591, 6.161991630946087], [-75.56713901146213, 6.161999821294723], [-75.56713919133966, 6.162008862288059], [-75.56713883038636, 6.162020588337967], [-75.56713795405535, 6.162031463404126], [-75.56713703303217, 6.162043188535388], [-75.56713604877727, 6.162054913971248], [-75.5671356977131, 6.162064939369794], [-75.56713541666743, 6.162072994406832], [-75.56713541651253, 6.162079349295318], [-75.56713569596704, 6.162086555399104], [-75.56713593998022, 6.1620955960835015], [-75.56713604780259, 6.162105620175775], [-75.56713604881661, 6.162114660222453], [-75.56713604871395, 6.162122716618537], [-75.5671357674174, 6.16213090727112], [-75.56713541523267, 6.162139948114997], [-75.5671352364837, 6.162148988123466], [-75.56713477409514, 6.16215802949818], [-75.56713449438325, 6.162165234678961], [-75.56713460309948, 6.162172438892853], [-75.56713477457414, 6.1621787929546095], [-75.5671346034862, 6.162186983980433], [-75.56713414310792, 6.1621941891273835], [-75.56713332883517, 6.162199559760895], [-75.56713234584805, 6.162205913054888], [-75.56713079196837, 6.162212269098787], [-75.56712835171103, 6.162220460205798], [-75.56712383543268, 6.162232186381399], [-75.56712249855535, 6.162236706066059], [-75.56712249929, 6.162240240172118], [-75.56712239080504, 6.162251117868495], [-75.56712168540881, 6.162260156797445], [-75.5671205936611, 6.162271882751287], [-75.56711925684178, 6.16228092291357], [-75.56711780258763, 6.162289962737447], [-75.56711526456492, 6.162299989629548], [-75.56711202080781, 6.1623090290324], [-75.56710820975816, 6.1623180684555745], [-75.56710361961552, 6.162327959673242], [-75.56709847185681, 6.162337984670796], [-75.56709279005791, 6.16234872557222], [-75.56708573583428, 6.162359599657882], [-75.56707831895265, 6.162371325340319], [-75.56706992893149, 6.162383186804165], [-75.56706141969322, 6.162393925955524], [-75.56705295558115, 6.16240296609386], [-75.5670370394719, 6.162415678399989], [-75.56702956083588, 6.162420197833685], [-75.56702169286376, 6.162424717334491], [-75.56701347483225, 6.162428387767404], [-75.56700496457806, 6.1624300868711135], [-75.56699547124788, 6.16243192180386], [-75.5669855625979, 6.162431922518662], [-75.5669750839409, 6.162431922362486], [-75.56696361364271, 6.162430088956049], [-75.56695250350592, 6.162428387620711], [-75.566941103666, 6.162426553874366], [-75.56693037137764, 6.162424717816451], [-75.56691978677223, 6.162422033909284], [-75.56690966173484, 6.162418363228069], [-75.56690027631446, 6.162416527010763], [-75.56689135203052, 6.162413842338569], [-75.5668817597089, 6.16241030741746], [-75.56687191289168, 6.1624066353952625], [-75.56686118263151, 6.16240296672385], [-75.56684942911076, 6.1624002821163755], [-75.56683750825586, 6.16239943091667], [-75.56682505130681, 6.162399432148781], [-75.56681168356741, 6.162398445974275], [-75.56679778150217, 6.1623994314935775], [-75.56678412428545, 6.162402117341548], [-75.56677057455819, 6.1624048017674395], [-75.56675713482589, 6.162409320977767], [-75.56674428975813, 6.16241652700887], [-75.56673264703227, 6.162426552548454], [-75.56672223288273, 6.16243827819967], [-75.56671249441862, 6.162450002404771], [-75.56670318323796, 6.162461728168333], [-75.56669351791199, 6.162471755033239], [-75.56668285846912, 6.1624798094283415], [-75.56667138779218, 6.162486164413824], [-75.56665992434573, 6.162492520268422], [-75.56664792860066, 6.162497887797451], [-75.56663578967225, 6.162502408878031], [-75.56662471396771, 6.162506930262357], [-75.56661522089146, 6.162511449448944], [-75.56660763384662, 6.162515968496706], [-75.5666015652703, 6.162518789571919], [-75.56659697389499, 6.162521475151108], [-75.56659119398985, 6.16252684438649], [-75.56658459185283, 6.162534051088383], [-75.5665808893615, 6.162539555878193], [-75.56657862927707, 6.162544076393523], [-75.56657609239852, 6.162553967667722], [-75.56657591200319, 6.162559472672622], [-75.56657672505577, 6.162563992852988], [-75.5665782775077, 6.162569362938867], [-75.5665822246921, 6.162574732340577], [-75.56658540448686, 6.162582072750825], [-75.5665852239168, 6.1625882928964115], [-75.56658459051874, 6.162594647220903], [-75.5665826841275, 6.162602839374673], [-75.56657944284876, 6.162610893302132], [-75.56657509792666, 6.1626199343931045], [-75.56657041016335, 6.162628124572797], [-75.56656525287369, 6.162634478986734], [-75.5665592907619, 6.162642534264918], [-75.56655262407008, 6.162653411907638], [-75.56654521799895, 6.1626651348246675], [-75.56653798263315, 6.1626751617396485], [-75.56653011539953, 6.1626860370275125], [-75.56652199570657, 6.1626977624773875], [-75.56651458783644, 6.162709487211355], [-75.56650735022372, 6.162720362179254], [-75.56650131855098, 6.162728416888419], [-75.56649553685733, 6.1627366087203725], [-75.56649102160836, 6.1627419763858], [-75.5664863250323, 6.162748334005538], [-75.56647086868603, 6.162761044994196], [-75.56645153817875, 6.162773617328079], [-75.56644260699875, 6.162780960916267], [-75.56643364533541, 6.162788164516329], [-75.56642507164095, 6.162794520013991], [-75.56641494649317, 6.162801725600888], [-75.5664062945878, 6.162807032723662], [-75.56635380635998, 6.162890072677681], [-75.56630617692497, 6.1630061339466975], [-75.56623559797411, 6.16317812373549], [-75.56620491115734, 6.1632702624028886], [-75.56622332195604, 6.1634115391179485], [-75.56623901368948, 6.163472205244981], [-75.56621658528942, 6.163471369387046], [-75.56619825874668, 6.163470682839222], [-75.56607794392609, 6.163468874554389], [-75.56597795013175, 6.163464355544521], [-75.56593398723278, 6.163477822210369], [-75.56588943083185, 6.163491475263085], [-75.56580768311761, 6.163536675935167], [-75.5657418344443, 6.163613520267121], [-75.56569874822996, 6.163679513419718], [-75.56564489750224, 6.163722318605038], [-75.56563289827685, 6.1637318567407124], [-75.56556479148318, 6.163749937527223], [-75.56549668363657, 6.1637698680937465], [-75.56548756193713, 6.16377253751139], [-75.5654263194987, 6.163838712108364], [-75.56544096215333, 6.163886169968314], [-75.56545585718287, 6.163934450243588], [-75.56548981882699, 6.164002252181909], [-75.56552387056003, 6.164102509845629], [-75.56551709733232, 6.164183873186022], [-75.56550694742252, 6.164207921306752], [-75.56547166130504, 6.164291544767665], [-75.56539903667284, 6.164377426545749], [-75.56532415748832, 6.164447940493496], [-75.56524466706637, 6.16449766162125], [-75.56519819524178, 6.164518219427342], [-75.56516291995081, 6.164533823114976], [-75.56505389569368, 6.16458164678734], [-75.56492906148357, 6.164620697262288], [-75.56479962332324, 6.164645920920774], [-75.56466115007765, 6.16467041866208], [-75.56457714516453, 6.1646866022752365], [-75.56457246105978, 6.164687668152649], [-75.56449765971435, 6.164704680807564], [-75.5644159113574, 6.164718240695247], [-75.56433425466076, 6.164739033814479], [-75.56425250868796, 6.16475892144777], [-75.56417753662858, 6.164775193527575], [-75.56410717162981, 6.164795986514506], [-75.56404132300162, 6.164823106330426], [-75.56397321508247, 6.164845707485354], [-75.56384838254766, 6.164870114988044], [-75.56372797538678, 6.164908987528778], [-75.56362129942879, 6.164940626281311], [-75.56352240787938, 6.164975535651986], [-75.5635032417137, 6.164982301030835], [-75.56338066695025, 6.165013942118564], [-75.56324444998802, 6.1650546220015014], [-75.56317634460864, 6.165068182085405], [-75.56305376961451, 6.165077221560759], [-75.5629492595108, 6.165084363186461], [-75.56286073954875, 6.165090780528928], [-75.56279037211793, 6.165106962488581], [-75.5627176606168, 6.165129561255816], [-75.56264503712018, 6.16515487460037], [-75.56263786964072, 6.165156864646248], [-75.56255715275984, 6.1651792840206365], [-75.56254739253922, 6.165181994447363], [-75.56245209654246, 6.165195553255064], [-75.5623612272582, 6.165207305159108], [-75.56228173844221, 6.165222672045723], [-75.562202338977, 6.165257024569666], [-75.5621114686489, 6.165315785972657], [-75.56209119703524, 6.165379426264175], [-75.56209383708587, 6.165424678185568], [-75.56210426566939, 6.165438309755027], [-75.56211479333619, 6.165452070133642], [-75.5621262640125, 6.165456407977118], [-75.56216754452525, 6.165462916927753], [-75.56219039728337, 6.165455776731327], [-75.56224748397685, 6.165441494028627], [-75.56228623462383, 6.1654226904262215], [-75.56233185020052, 6.165399277251496], [-75.56240944228405, 6.1653755005037105], [-75.5624551486623, 6.16536591869193], [-75.56248034966178, 6.165365648285362], [-75.56250554976792, 6.16536763722455], [-75.56253075076214, 6.165367365911494], [-75.56255604348554, 6.16537622555245], [-75.56256977429155, 6.165376043772733], [-75.56262044600902, 6.165400816410877], [-75.56265260278195, 6.165409585161656], [-75.5627076118379, 6.1654135634494045], [-75.56281961990555, 6.165396297838407], [-75.56290425623507, 6.165384003541714], [-75.5629638732201, 6.165387982235198], [-75.56302357923121, 6.165401091886456], [-75.56307199490594, 6.16543029275139], [-75.56309972400584, 6.165452893781411], [-75.56314127519033, 6.165484536184681], [-75.56316214068823, 6.165509576041427], [-75.56319239969059, 6.165550529836513], [-75.56322039948047, 6.1655960041413085], [-75.56323891900026, 6.165618785090297], [-75.56326222222475, 6.16565069881977], [-75.56331768363869, 6.165700509917949], [-75.5633823564585, 6.1657525839340614], [-75.56346057932535, 6.165783773155127], [-75.56351821009225, 6.16581975554479], [-75.56354603046518, 6.165847056501182], [-75.56356707540996, 6.165885747343445], [-75.56358803183024, 6.16592218198123], [-75.56361223805307, 6.166043503001816], [-75.56359444297726, 6.1660987395301845], [-75.56358461148398, 6.166119140807819], [-75.56358446925056, 6.166119431707848], [-75.56358333244735, 6.166121792354631], [-75.56354936926547, 6.166165727727832], [-75.56349264413139, 6.166214455884945], [-75.56344964752343, 6.16625839133956], [-75.56341577375166, 6.166302326281789], [-75.56340493440574, 6.166359823033468], [-75.56340511298013, 6.166384955195531], [-75.56341703553397, 6.1664261789274875], [-75.56343573452769, 6.16646261267826], [-75.56344758064125, 6.166484731376498], [-75.56346382567253, 6.166515047151652], [-75.56345786411974, 6.166599935388949], [-75.5634959793403, 6.166739338324326], [-75.5635333746262, 6.166812384828857], [-75.56358901696862, 6.16687367881771], [-75.5636677814925, 6.166957573327786], [-75.56372559136878, 6.167009737220334], [-75.56378330994093, 6.167047976627661], [-75.56379702137659, 6.167079281000361], [-75.56379715013541, 6.167079569691765], [-75.56383732539558, 6.167171287751161], [-75.5638011951361, 6.167219743230932], [-75.56376506328276, 6.167267116513526], [-75.56376483615453, 6.167267411438784], [-75.5637584213274, 6.167275829637565], [-75.56381453047148, 6.167275037836758], [-75.5638840308564, 6.167277083709501], [-75.56388433578691, 6.167275121253475], [-75.56389738250918, 6.167275255531016], [-75.56409701751217, 6.167270906659582], [-75.56439475402605, 6.167228676468703], [-75.56456368222418, 6.167224453602554], [-75.5647093822239, 6.167188555404809], [-75.56485085987293, 6.167125208331819], [-75.56501670103027, 6.167076603622086], [-75.56525742096247, 6.1671568471680835]]]}, "properties": {"OBJECTID": 35, "SE_ANNO_CAD_DATA": null, "SHAPE.AREA": 0, "SHAPE.LEN": 0, "BARRIO": "017", "NOMBARRIO": "EL CHOCHO", "MUNICIPIO": 266, "nombre_barrio_estandarizado": "EL CHOCHO", "municipio_estandarizado": "envigado"}}, {"type": "Feature", "geometry": {"type": "Polygon", "coordinates": [[[-75.59697593836341, 6.161199940933111], [-75.59698070050781, 6.16129983425907], [-75.59695216500666, 6.161385458075568], [-75.59687444783879, 6.161552599648502], [-75.5968570124077, 6.161668351925257], [-75.59686811457078, 6.161731777441948], [-75.5969034729642, 6.161799026535333], [-75.59697958304487, 6.161854520267057], [-75.59718888515779, 6.161982943043707], [-75.59745526393503, 6.162111365974729], [-75.59761153714943, 6.162205773493818], [-75.59771291466922, 6.162141147046972], [-75.5979847497402, 6.16189113382838], [-75.59829990743098, 6.161583431985286], [-75.59852501397977, 6.161275737879341], [-75.59863006722674, 6.161178173425718], [-75.59878765312298, 6.161148145698457], [-75.59928293335734, 6.1612381712846656], [-75.59942550979626, 6.161208144243779], [-75.60000331025806, 6.16087791534077], [-75.6001074764861, 6.160865407494882], [-75.60019091129844, 6.160855390220979], [-75.60073120907148, 6.160817833721686], [-75.60133592205034, 6.160704602564123], [-75.60158355298123, 6.160622036683266], [-75.60181616628155, 6.160396890603093], [-75.60212029941914, 6.16008184265192], [-75.60210592294919, 6.160064151441378], [-75.60212019214212, 6.160051855136713], [-75.60222857842062, 6.15997283646016], [-75.60236939399566, 6.159891374891951], [-75.60242756138958, 6.159853761870163], [-75.60252646916408, 6.159848692705581], [-75.60265590458134, 6.159813519015169], [-75.60274975115507, 6.159774909088526], [-75.60277459031329, 6.159758997327531], [-75.60281839674059, 6.159708368871073], [-75.60285949305974, 6.159692544994154], [-75.60299958767993, 6.159647244244598], [-75.60303192505654, 6.159654111895523], [-75.60311709856148, 6.159596519917448], [-75.60328699596096, 6.159475096436887], [-75.60339565173125, 6.159364525178802], [-75.6038177960423, 6.158733210295125], [-75.60387903163138, 6.158640181726072], [-75.60391244748469, 6.158583495197474], [-75.60396844278324, 6.158488568359832], [-75.6041846616418, 6.158139777437266], [-75.60428048777719, 6.15798536178825], [-75.60422412015633, 6.1579405266846186], [-75.60422321949392, 6.157938102751589], [-75.60419584391593, 6.157864496890709], [-75.60418897516637, 6.157812969527775], [-75.60416268269725, 6.157710092730069], [-75.60413106400641, 6.157643826924395], [-75.60411561540816, 6.157580184423698], [-75.60411317086793, 6.157518800981434], [-75.60411922064625, 6.1574858949449185], [-75.60411325736325, 6.157453709343402], [-75.60410602974943, 6.157419358339093], [-75.60409626741915, 6.1573260617028165], [-75.60405913904667, 6.157249311160207], [-75.60401658937073, 6.157170392901014], [-75.60398713726991, 6.15708975443308], [-75.60397385631055, 6.157028823485231], [-75.6039379006426, 6.156961746164857], [-75.6039137802045, 6.1569002741546734], [-75.60387827586887, 6.156791793640245], [-75.6038537792873, 6.156732835867632], [-75.60383725843216, 6.156693075055132], [-75.60381349887606, 6.156620755140468], [-75.60381501767526, 6.156575228705615], [-75.60381755604416, 6.156499250024103], [-75.60383254404468, 6.156403332785089], [-75.6038471921942, 6.1563548266370365], [-75.60386071847641, 6.156310033556777], [-75.60386152969427, 6.156261848995267], [-75.60381717381979, 6.156188353964553], [-75.60378672962973, 6.156114675301312], [-75.60365141128003, 6.155955032382972], [-75.6036601694226, 6.1558982574285555], [-75.60370487375715, 6.155801343520979], [-75.60370315390117, 6.155753700187491], [-75.60365735409542, 6.155695665433753], [-75.6036201353438, 6.155610507371672], [-75.60364596370769, 6.155541256117111], [-75.60372363941336, 6.155464408070757], [-75.60378162338503, 6.155386656224878], [-75.60379935583765, 6.155315806311586], [-75.60380076734661, 6.155310174298998], [-75.60376499231843, 6.155223208290988], [-75.60375455241947, 6.155215498702597], [-75.60371738811665, 6.155188045360352], [-75.60359101899233, 6.155148728359016], [-75.60345317806198, 6.155109231335195], [-75.60335454216202, 6.155089439753764], [-75.60330594466522, 6.15507343977262], [-75.60321475769841, 6.15507041396464], [-75.60318906295639, 6.15506956383924], [-75.60312948003549, 6.15507424109439], [-75.60311418316645, 6.155075441294593], [-75.60308423484248, 6.155061615902607], [-75.6030466853601, 6.155044280019638], [-75.6030288222806, 6.155036031638137], [-75.6030136712635, 6.155015433076858], [-75.60298613902057, 6.154978004166282], [-75.6029665823875, 6.154951418641835], [-75.60296085693193, 6.154921665582176], [-75.60294652474676, 6.154847183122132], [-75.60293170546714, 6.154770613728751], [-75.60289231677963, 6.154667557387082], [-75.60285247769274, 6.154604819363606], [-75.60278427779372, 6.154532228788268], [-75.60274976816225, 6.154448156706048], [-75.60273242000665, 6.154365709603393], [-75.60271400629071, 6.15431634855149], [-75.60270486672755, 6.154291853031021], [-75.60269219743799, 6.154279486563652], [-75.60264262668285, 6.154231105601787], [-75.60263198487938, 6.1542180982014525], [-75.60257858229828, 6.154152820750433], [-75.60251625415972, 6.154124437656461], [-75.6024076814474, 6.154071466946621], [-75.6023146421134, 6.154033593481736], [-75.60224707590787, 6.153979627167903], [-75.60217165055722, 6.153919062375946], [-75.60216975622664, 6.153917923442684], [-75.60212327833844, 6.15388993762986], [-75.60212119918606, 6.153888685684581], [-75.60211745219016, 6.153886431120205], [-75.60210288637496, 6.153876552840099], [-75.60204121365653, 6.1538347238336994], [-75.60200399900103, 6.153805799615247], [-75.60195161230709, 6.153835451827594], [-75.60191693707006, 6.153863554893706], [-75.60191412716115, 6.1538658305807425], [-75.60189516004415, 6.153874602144595], [-75.60189141481591, 6.1538736385835815], [-75.60183039515783, 6.1538579719984865], [-75.60177782715985, 6.153875061201874], [-75.60173989631939, 6.153902026538656], [-75.60173647474744, 6.153904460707579], [-75.60173357077498, 6.153906526204], [-75.60167792882068, 6.153906347251031], [-75.60155155907309, 6.153853106873761], [-75.6014956174034, 6.153808232054644], [-75.6014928452245, 6.153806010703416], [-75.60146402894223, 6.153784043912341], [-75.60129855036963, 6.153736772926326], [-75.60126377529798, 6.153730446678593], [-75.60122774679665, 6.153721963093766], [-75.60120352702893, 6.15371625892493], [-75.60116031598669, 6.153708053539658], [-75.60115023493735, 6.153706137223984], [-75.60108258007286, 6.153699088848868], [-75.60103795925589, 6.153688153697488], [-75.6010214529791, 6.153683617955882], [-75.60101376560293, 6.153681504635922], [-75.60101049853616, 6.153680606542375], [-75.60100894821159, 6.153680179239805], [-75.60099586547894, 6.153676584223597], [-75.6009113213122, 6.153672792337134], [-75.60089679686436, 6.1536712276580685], [-75.60085595110526, 6.153666830421953], [-75.60080374126416, 6.153642062861628], [-75.6007882039374, 6.153609246626325], [-75.60078531108532, 6.153601901576446], [-75.60074791284288, 6.153506820834072], [-75.60072596193987, 6.153475634248304], [-75.60071388093655, 6.1534705480458145], [-75.60069805080863, 6.15346388261719], [-75.60064087119527, 6.153445082619172], [-75.60060808091933, 6.153419681567571], [-75.6005724019685, 6.153383521662175], [-75.60055677310666, 6.1533669791599355], [-75.60052687597977, 6.153347126759553], [-75.60047918157825, 6.153315454441841], [-75.60043446739908, 6.153266006188356], [-75.6003941809846, 6.1532419615851985], [-75.60033284683047, 6.153208424605685], [-75.60031238006881, 6.153198037082478], [-75.60027016068666, 6.153176607420453], [-75.60023240368847, 6.153157986664309], [-75.60016908302242, 6.153136112832601], [-75.60011064184268, 6.1531218320322], [-75.6000437835672, 6.15313184036459], [-75.60003693616353, 6.153132864586383], [-75.59996277822461, 6.153111081491454], [-75.59989431020821, 6.153119405223072], [-75.59983151056522, 6.153133530796931], [-75.59982114848245, 6.153135863153113], [-75.59973488747616, 6.1531128145124265], [-75.59966614754555, 6.153083797708345], [-75.59958060576221, 6.153052615203783], [-75.59950357446445, 6.153009470122153], [-75.59947618879575, 6.152994130291973], [-75.599432016417, 6.152966920369824], [-75.59934945450185, 6.1528961393579955], [-75.59932154267553, 6.152873089428851], [-75.5992983279691, 6.15284669324874], [-75.59926382128587, 6.15281622857952], [-75.59922127631825, 6.152788204270327], [-75.59908370783224, 6.152738490174285], [-75.59905496293185, 6.152728952945286], [-75.59901777214768, 6.152716609913281], [-75.59897612997467, 6.152702788695145], [-75.59893954554545, 6.15268046082753], [-75.59889356699401, 6.1526304697458825], [-75.59887838941468, 6.15258707850034], [-75.59885824632713, 6.152551098615626], [-75.59884659168279, 6.152513671565089], [-75.59884848250067, 6.152441981977649], [-75.59883777245, 6.152387589905118], [-75.59883764186345, 6.15238692695087], [-75.598822554408, 6.1523384715433735], [-75.59879969944197, 6.152290739239401], [-75.59878569515814, 6.152228182237906], [-75.59877656935622, 6.152163723722601], [-75.59876906991454, 6.152119426268174], [-75.59875788257425, 6.152078895960874], [-75.59875786692865, 6.1520788363681795], [-75.59868316431478, 6.1520016368464], [-75.59862743441471, 6.151899702605946], [-75.59862706531688, 6.151899030867744], [-75.59863121809356, 6.1518600667692995], [-75.59862145890706, 6.151800581921285], [-75.59859806169898, 6.151761891160463], [-75.59858586609445, 6.151691015990246], [-75.59857872809981, 6.151665884033106], [-75.5985574977048, 6.151608749557418], [-75.5985677032232, 6.151505419388333], [-75.59857005444539, 6.151481615432141], [-75.59857324061241, 6.15144932267883], [-75.59857609376674, 6.151420438096829], [-75.59857570182545, 6.1514208278522995], [-75.59857378098572, 6.151425198454309], [-75.59856300192335, 6.151449719680625], [-75.59854476888401, 6.151483533097884], [-75.59853705294688, 6.151497843269643], [-75.59852564935036, 6.151518015324784], [-75.5985255348354, 6.151517871230363], [-75.59851845817435, 6.15152803944034], [-75.59851815228964, 6.15152847940507], [-75.59851278584395, 6.15153814837842], [-75.59851048160229, 6.151542249624619], [-75.59850936573882, 6.151544233169781], [-75.59850908754254, 6.15154498038486], [-75.59850584440503, 6.151553651774306], [-75.59850498501235, 6.151557481094047], [-75.59850033865469, 6.1515781518539105], [-75.59850030845034, 6.1515784422086455], [-75.59849907322, 6.151590808719427], [-75.59849801797694, 6.151605081950033], [-75.59849780942552, 6.151607892826835], [-75.59849760489067, 6.151614132836346], [-75.59849744978513, 6.151618833871495], [-75.59849600328259, 6.151627874418786], [-75.59849416792264, 6.151635522776913], [-75.5984910373078, 6.151648575665053], [-75.5984892312991, 6.151657617058232], [-75.59848941157344, 6.15168021712408], [-75.59849067935278, 6.151696670522378], [-75.59848990602855, 6.151704270315483], [-75.59848959484874, 6.151707338448851], [-75.59848480997961, 6.151718279336124], [-75.59847911890196, 6.15172731884672], [-75.59846954528989, 6.151734461523359], [-75.59846790747756, 6.151735175577288], [-75.59845965732708, 6.151741231443456], [-75.5984603388312, 6.151752843667842], [-75.59846981668233, 6.151764473647949], [-75.5984761399897, 6.151772520768757], [-75.59848237430836, 6.151780657825909], [-75.59848797366195, 6.151791593370193], [-75.59849212906252, 6.151799639290296], [-75.59849235825142, 6.151800517838575], [-75.5984947495038, 6.151809675316077], [-75.59849623928375, 6.151825155754039], [-75.59849662460496, 6.151829166158319], [-75.59849885202838, 6.151850337766962], [-75.59850044410496, 6.151857499323055], [-75.59850200903104, 6.151870412729306], [-75.59850306296083, 6.1518791056938475], [-75.59850351585193, 6.151883079606204], [-75.59850451055256, 6.151891852417519], [-75.59850448772819, 6.151892174378934], [-75.5985044119911, 6.151893318401058], [-75.59850342798275, 6.151908122880427], [-75.59850207362403, 6.151917164787531], [-75.59850171288123, 6.151926205474224], [-75.59850388044293, 6.151935243798412], [-75.59850659070418, 6.151942386350088], [-75.59850703855675, 6.151944393926251], [-75.59850902945365, 6.151953324621437], [-75.59851038562307, 6.151964173234824], [-75.59851073881154, 6.151965660525239], [-75.5985126908963, 6.151973853685005], [-75.5985131851321, 6.151975926128664], [-75.59851412004197, 6.151979458314632], [-75.59851725146044, 6.151991293671559], [-75.59851969155824, 6.152005669224941], [-75.5985213171451, 6.152014707474843], [-75.59852184411838, 6.152017754350717], [-75.5985220039446, 6.1520186721117485], [-75.59852366565893, 6.152028267095238], [-75.59852610663613, 6.1520428234589195], [-75.5985322498532, 6.1520599085762315], [-75.59853992894412, 6.152081697345488], [-75.59854471581961, 6.152092545530967], [-75.59854950347562, 6.152104297786359], [-75.59855293599183, 6.152114149946785], [-75.59855682104458, 6.1521241852392805], [-75.59856034470974, 6.152131417853911], [-75.59856468018337, 6.152140457376412], [-75.59857073245152, 6.1521522098034955], [-75.59857606335723, 6.152161249904304], [-75.59858103060901, 6.152167578649782], [-75.59858834850193, 6.152178424457601], [-75.59859539295401, 6.152187464352799], [-75.59860623411537, 6.152201929192989], [-75.59861734457951, 6.152215489551942], [-75.59862439024812, 6.152225523017521], [-75.59863333315421, 6.152239897649601], [-75.59863857226966, 6.1522497518622306], [-75.59864182560035, 6.152258791226889], [-75.59864390245681, 6.152270724834668], [-75.59864535011259, 6.152279765757285], [-75.59864625432255, 6.152289619375651], [-75.59864697719144, 6.152297845639979], [-75.59864724604716, 6.152306885972849], [-75.59864661490124, 6.152314930781692], [-75.5986463462972, 6.152323971018887], [-75.59864174135895, 6.1523501880709635], [-75.59863812863873, 6.152370168512116], [-75.59863334201592, 6.152397289618619], [-75.5986281932791, 6.152416998179143], [-75.59862232539962, 6.152434265625346], [-75.59861681583764, 6.152447012766401], [-75.59860760350608, 6.152457680482973], [-75.5985982089296, 6.152466720849853], [-75.59859161627715, 6.152473140226958], [-75.59858538413475, 6.152482181471135], [-75.59858114045032, 6.152492215652581], [-75.59857870158073, 6.152502071081623], [-75.59857328211955, 6.15251644421309], [-75.59856262402037, 6.152537418177271], [-75.59855169693962, 6.152553600955724], [-75.59853652448021, 6.1525690612536295], [-75.59852695012277, 6.152581628383784], [-75.5985202666458, 6.152591663594446], [-75.59851277046441, 6.152609744498582], [-75.59849533984344, 6.152651241364381], [-75.5984893801183, 6.152662993504319], [-75.59848359847355, 6.152673843415684], [-75.59847619327142, 6.152693731121014], [-75.59847321299011, 6.152702773711856], [-75.59847005222625, 6.152713711216158], [-75.59846472371144, 6.152723565344475], [-75.59844882668807, 6.152729894407659], [-75.59844214190913, 6.152726279917233], [-75.59842796056363, 6.152703680207079], [-75.5984098050595, 6.152701780534195], [-75.59840230618784, 6.15269644684129], [-75.59839318570884, 6.152689214350598], [-75.59838713236323, 6.152682074513079], [-75.59838180212874, 6.152674660837109], [-75.5983750273676, 6.15266851537635], [-75.59836292275206, 6.152662097517416], [-75.59835425193727, 6.15265947542195], [-75.59833582570687, 6.152655770723906], [-75.59832390248272, 6.152653964566234], [-75.59831423578716, 6.152651249677955], [-75.59829644332638, 6.15264673093874], [-75.59828641701854, 6.152644924586656], [-75.59827530662538, 6.152644020353073], [-75.59826645493906, 6.1526430273736485], [-75.59825742231418, 6.152644021525519], [-75.59824649155773, 6.152644022299034], [-75.59823429877547, 6.15264492696122], [-75.5982212931533, 6.152644927889575], [-75.59820819515079, 6.1526467374154326], [-75.59819861967871, 6.152647552489957], [-75.59818570404263, 6.1526467393127575], [-75.5981745038506, 6.152648546832331], [-75.5981640246152, 6.1526494512885375], [-75.59815165105405, 6.152651260903029], [-75.59813765155356, 6.152653068487039], [-75.59812572885718, 6.152653973640351], [-75.59811750749007, 6.152657591080523], [-75.59811109516652, 6.152663015095696], [-75.59810242514587, 6.152671152378116], [-75.5980970974322, 6.152678384686493], [-75.5980888773731, 6.152685617512611], [-75.59807415455947, 6.152695651170724], [-75.59806114801029, 6.152699179797607], [-75.59805121099212, 6.152698275272591], [-75.59804046350352, 6.152695653335122], [-75.59803134120801, 6.152691950350667], [-75.59802203428245, 6.152687430077535], [-75.59800848701633, 6.15267839108734], [-75.5979947578391, 6.152668536603017], [-75.5979861766551, 6.152661123375243], [-75.59796783825404, 6.152645936493096], [-75.59796299251643, 6.152641564470098], [-75.59795961839302, 6.15263852421811], [-75.59795221312434, 6.152632376394205], [-75.59794363013928, 6.15262496407809], [-75.59793532012318, 6.15261963251614], [-75.59792601714827, 6.152615924983993], [-75.59791508823132, 6.152612400755897], [-75.59790578184403, 6.152610593604041], [-75.59789485379505, 6.152610594356869], [-75.59788320219813, 6.152610593206657], [-75.59787118839307, 6.152610594723188], [-75.59785872259812, 6.152609782060242], [-75.5978469828764, 6.152606888300321], [-75.59783867067412, 6.152604267161816], [-75.59782774176165, 6.152600743835638], [-75.59780750684958, 6.1525925185074035], [-75.59779856542053, 6.152587184591182], [-75.59778953188697, 6.152581671212228], [-75.59777670756804, 6.1525736249847345], [-75.59776424061144, 6.1525681111380015], [-75.59775150544132, 6.152565399418729], [-75.59773885898312, 6.152564585823565], [-75.59772711651274, 6.152565402395062], [-75.59771302668096, 6.152567210407176], [-75.59770254635262, 6.1525662172070605], [-75.59769414743222, 6.152563595583702], [-75.59768457378719, 6.15256088294134], [-75.59767581221082, 6.152558171771066], [-75.59766253428457, 6.152554555904146], [-75.59765169514117, 6.152551846707647], [-75.59763913958922, 6.152550036377457], [-75.59762748622641, 6.152546511147357], [-75.59761619692067, 6.1525428060425496], [-75.59760544738323, 6.152541993157134], [-75.59759569096238, 6.152538286920355], [-75.59758458231573, 6.152534581839591], [-75.59756543121105, 6.152527441538982], [-75.59755405122986, 6.152522921398557], [-75.59754348240543, 6.152518400926611], [-75.59753336560401, 6.152511168743239], [-75.59751773896856, 6.152502130813555], [-75.59750879697859, 6.15249761056047], [-75.5974956088641, 6.152491284739726], [-75.59748422869366, 6.152484866041507], [-75.5974747425855, 6.152479532960192], [-75.59746471719723, 6.152474197078466], [-75.59745297469031, 6.15246868421712], [-75.59744068992812, 6.152465159342004], [-75.59742244500661, 6.152463261873845], [-75.59740446914, 6.152462268074451], [-75.5973874866254, 6.152463263829318], [-75.59739408142507, 6.152474203588007], [-75.59740329656405, 6.152485862895899], [-75.59741350335268, 6.152502136295199], [-75.5974192853267, 6.152511988790456], [-75.59742488625645, 6.152524737013494], [-75.59741440977888, 6.152538296677721], [-75.59740844916936, 6.152546525640402], [-75.597406912401, 6.152558185736667], [-75.59740844812782, 6.152573645172275], [-75.59741693930343, 6.1526015795372055], [-75.59741784490261, 6.152614326198813], [-75.5974176648951, 6.152625988733396], [-75.59741721400098, 6.152636928422411], [-75.59741703476801, 6.152649494123777], [-75.59742335607775, 6.1526621493371945], [-75.59743203025913, 6.152682942429028], [-75.59743880524141, 6.152697315888175], [-75.59744765891814, 6.152719914446793], [-75.59745940412071, 6.152771535097074], [-75.59745371558799, 6.152827587378983], [-75.5974566970108, 6.152836625368648], [-75.59745769023995, 6.152849373411244], [-75.5974547117038, 6.152861940078138], [-75.59743990069049, 6.152882643139242], [-75.59743158854855, 6.1528926790395895], [-75.59742635323316, 6.152904430365226], [-75.59742328106645, 6.15291799106603], [-75.59742834042504, 6.152927846171683], [-75.59743367008201, 6.152936071723432], [-75.59743954168792, 6.152947824144833], [-75.5974432452603, 6.15296048034279], [-75.59744297569927, 6.152973045579338], [-75.59744053883384, 6.152981272764567], [-75.59743701629827, 6.152992121625264], [-75.59743259068244, 6.1530046881023575], [-75.59742735182917, 6.153019243885067], [-75.59742166216688, 6.153030997422316], [-75.59741624361081, 6.153041845565599], [-75.597413624291, 6.153049889207703], [-75.59741714699858, 6.15306082944828], [-75.59742274864325, 6.153071677300462], [-75.59742780731598, 6.153079903266376], [-75.59743476234902, 6.153088943615104], [-75.59744045311238, 6.153098798359197], [-75.59744226079113, 6.153110549764064], [-75.59744388579294, 6.15312058431619], [-75.59745391317796, 6.153137669536855], [-75.59745788889632, 6.1531485180684395], [-75.59746258622435, 6.153160270778867], [-75.59746710235363, 6.1531693094350715], [-75.59753566881567, 6.153340169473154], [-75.59760821113538, 6.153534533244908], [-75.5976102915229, 6.153573406457551], [-75.5976113771752, 6.153590672611781], [-75.59761381583095, 6.153602334151222], [-75.59761806127689, 6.153615895397328], [-75.59762637383201, 6.153635873856775], [-75.59763188213783, 6.153645727674733], [-75.59763685150033, 6.153656577693679], [-75.5976408265352, 6.153669142157192], [-75.59764290578359, 6.153680081281884], [-75.59764534475708, 6.153692737301039], [-75.59764678895651, 6.153707201790765], [-75.5976458877292, 6.153721755447474], [-75.59764335760933, 6.153731610421483], [-75.59764037854862, 6.153741464868562], [-75.5976383026323, 6.15375240342513], [-75.5976373093297, 6.153763251728984], [-75.59763749085293, 6.153776813770151], [-75.59763731129543, 6.153788565803737], [-75.59763595666988, 6.153799413154187], [-75.59763008454604, 6.153811166679026], [-75.59762294997843, 6.153820206893069], [-75.59761409926743, 6.153828342345476], [-75.59759485988886, 6.153835578183473], [-75.59758022894849, 6.153837386127804], [-75.59756514288064, 6.1538382922126384], [-75.59755150491237, 6.153838292598381], [-75.59753596821574, 6.153838293185046], [-75.59752278008695, 6.1538382931886115], [-75.59750742404938, 6.153838293799165], [-75.59749387640801, 6.153838293743753], [-75.5974796944158, 6.153840104020659], [-75.59746515277423, 6.153842815601943], [-75.59745332078101, 6.1538473366084805], [-75.59744157763289, 6.153852853472556], [-75.5974258633279, 6.153863521192652], [-75.59741791389486, 6.153869940843327], [-75.59741132076817, 6.153876268909421], [-75.59740454776586, 6.153883501925598], [-75.59739885769314, 6.153891639169915], [-75.59739397889399, 6.1538988701990975], [-75.59738277940735, 6.153915144712535], [-75.59737429054118, 6.15392599243391], [-75.59736516601183, 6.153935034195895], [-75.59735703786372, 6.153940367114453], [-75.59734701212128, 6.153944074702003], [-75.59733888301203, 6.153943260821577], [-75.59732415967423, 6.153930515416342], [-75.59731783728047, 6.153922290178589], [-75.597309163818, 6.153912435488098], [-75.59729796327875, 6.153903395915154], [-75.59728938233627, 6.15390068477188], [-75.59727863335186, 6.153898876502118], [-75.59726562703385, 6.1538970692737855], [-75.59725605131102, 6.153896165696461], [-75.59724485093669, 6.15389255147341], [-75.59723347073009, 6.15388613278145], [-75.59722579246174, 6.153878087723117], [-75.59721829422264, 6.153868053728044], [-75.5972128726331, 6.153858199481609], [-75.59720862771836, 6.153847349546474], [-75.59720456425138, 6.15383740551511], [-75.59719941390647, 6.153825744510917], [-75.59719372325168, 6.153808477256407], [-75.59718893551079, 6.153794105879199], [-75.59718414637341, 6.153783165472341], [-75.59717944982717, 6.153772318638521], [-75.59717520433061, 6.153762464091669], [-75.59717240233249, 6.153752429841299], [-75.59716824635073, 6.1537353422604415], [-75.59716517551571, 6.153716268570538], [-75.59716598591463, 6.153705328034021], [-75.59716743006985, 6.15368724855105], [-75.59714990843591, 6.153690142783236], [-75.5971310310375, 6.153689149762724], [-75.59712046318033, 6.1536872511028795], [-75.5971111567448, 6.153685624759058], [-75.59709697660672, 6.153683726500658], [-75.59708785589326, 6.153684629757994], [-75.59707809914082, 6.153686438377161], [-75.59706906683691, 6.153688247991022], [-75.59705587958113, 6.153691774773205], [-75.59704531058334, 6.153698194510109], [-75.59703573741334, 6.153708228412472], [-75.59702941561672, 6.153715371534102], [-75.59702318187685, 6.153722604634706], [-75.59701577630912, 6.153731645259139], [-75.59700981548689, 6.153737973860797], [-75.59700403609403, 6.153745204750329], [-75.59699771292924, 6.153752438286095], [-75.59699021432337, 6.153761479363278], [-75.59698326258106, 6.15376780736266], [-75.59697377796338, 6.153777661827128], [-75.59696158458928, 6.1537858903855485], [-75.59694830588366, 6.153787699869028], [-75.59692743997314, 6.15378589109893], [-75.59691750486694, 6.153784084284274], [-75.59690756863813, 6.153780558828368], [-75.59688137553198, 6.15377233444561], [-75.5968692699268, 6.153769623268091], [-75.59685752912026, 6.153767814390047], [-75.59684045797076, 6.153766007943916], [-75.59683160475673, 6.153766007629061], [-75.59682157918941, 6.153765103519381], [-75.59681336010102, 6.153765105542962], [-75.59679195131667, 6.153763298504595], [-75.59678039092408, 6.1537632987050275], [-75.59676132993006, 6.153760587014811], [-75.59675184591056, 6.153759594381432], [-75.59673287658639, 6.153756972651525], [-75.5967140001234, 6.153752454623551], [-75.59670017881017, 6.15374892817764], [-75.5966909670558, 6.153745222897003], [-75.59667850308688, 6.153740702595736], [-75.59666928862285, 6.153736997327787], [-75.59665321029146, 6.153727957963421], [-75.59664074443627, 6.1537208176604015], [-75.59662376190481, 6.1537117781739425], [-75.59661445894794, 6.153704545633965], [-75.59660524541998, 6.153697313562664], [-75.59659296022096, 6.153690172378933], [-75.59658591482122, 6.153684658349577], [-75.5965795918459, 6.153677426678524], [-75.59656766774695, 6.153662057556719], [-75.596560530255, 6.153653018985619], [-75.5965551109168, 6.153646601105371], [-75.59654906038834, 6.1536385535362195], [-75.59654372967606, 6.153631412868445], [-75.59653641313923, 6.153620474801709], [-75.59653189520444, 6.153611435237453], [-75.59652123842328, 6.1536059206959175], [-75.59651021753105, 6.153620474779595], [-75.59650416587645, 6.153630421024546], [-75.59649947198339, 6.153639459300484], [-75.59649360086262, 6.153650309646433], [-75.59648872304425, 6.153660163389084], [-75.5964837548819, 6.153670200194515], [-75.59647978240942, 6.153678244094066], [-75.59647535622102, 6.153688280070805], [-75.59647111096348, 6.153696326201674], [-75.59646478803599, 6.153708260020035], [-75.59646045348372, 6.153715403414204], [-75.59643561698041, 6.153756990569552], [-75.59640969575983, 6.15380400112612], [-75.5964049996905, 6.153815753447122], [-75.5964003034077, 6.1538257880261185], [-75.59639623911744, 6.153834827759669], [-75.59639072752252, 6.153845495541905], [-75.59638549035215, 6.1538574285985455], [-75.59638115598645, 6.153866470550261], [-75.59637627906855, 6.153876324289103], [-75.5963717643774, 6.153886178977856], [-75.59636787834559, 6.153896212327133], [-75.59636453819911, 6.153904260383334], [-75.59636002245391, 6.153915199967692], [-75.59635478396541, 6.153926861808377], [-75.59634990761135, 6.1539359018768405], [-75.59634403548615, 6.153944128601905], [-75.59633130072511, 6.153957690213775], [-75.59632028260414, 6.153968539384213], [-75.59631251415259, 6.153975773619967], [-75.5963043859284, 6.153984814140535], [-75.59629246207415, 6.154000183574045], [-75.59628090301305, 6.154016454404044], [-75.59627566444347, 6.154025496234959], [-75.59626898093074, 6.154035350627092], [-75.5962642839924, 6.154043577059068], [-75.59625751046966, 6.15405442727617], [-75.59624613117188, 6.15407069994396], [-75.59624134177643, 6.1540779305347275], [-75.59623511175847, 6.154084259538691], [-75.59622860830301, 6.154088782626193], [-75.596219214927, 6.154095109843086], [-75.59621099416873, 6.154100535416148], [-75.59620241523098, 6.154106049522995], [-75.59619518731196, 6.154110568902357], [-75.5961878724947, 6.15411319105008], [-75.59617929104859, 6.154114097096329], [-75.59616899358419, 6.154113194299434], [-75.59616113513601, 6.154111384601519], [-75.59615237352375, 6.154108672509738], [-75.59614261816846, 6.154106866615671], [-75.59613412754358, 6.154104154109217], [-75.59612482439135, 6.154101532346824], [-75.59611588214463, 6.154098639413919], [-75.59610440850501, 6.154095115998362], [-75.59609555849757, 6.154091500259941], [-75.59608851159993, 6.154086980714483], [-75.59607992980844, 6.1540805619407895], [-75.59607035577666, 6.154070708890682], [-75.59606258633949, 6.154058955735061], [-75.59605852211826, 6.1540481094230755], [-75.59605463801806, 6.154034548199927], [-75.59605228823811, 6.154023698067628], [-75.59605066278657, 6.1540137539115305], [-75.59604713762177, 6.1539946796973926], [-75.59604415766428, 6.153984826209614], [-75.59603982045468, 6.153972079954215], [-75.59603693026028, 6.153963039697608], [-75.59603268413102, 6.153951377889585], [-75.59602834667034, 6.153940439786187], [-75.59602545769283, 6.153932394006577], [-75.59602094181415, 6.153921545370364], [-75.59601714652018, 6.153912505900131], [-75.59601226853663, 6.1539007513333335], [-75.59600874392613, 6.1538907187752105], [-75.59600305283003, 6.153880050342146], [-75.59599799506411, 6.15387182435249], [-75.5959914898765, 6.153862784503196], [-75.59598110322759, 6.153853746358008], [-75.59597306295187, 6.153847417161897], [-75.59596439050033, 6.153840185157065], [-75.59595563030504, 6.15383385765446], [-75.59594614579099, 6.153826625983128], [-75.59593629892402, 6.153820297437567], [-75.59592645374636, 6.153814874767329], [-75.59591687911268, 6.153809360373205], [-75.59590585892867, 6.1538058356484795], [-75.59589655668935, 6.153803214779078], [-75.59588499420505, 6.153798693688141], [-75.59587153514354, 6.153794988257966], [-75.59586313486466, 6.153792278017278], [-75.59585373957489, 6.153789654887344], [-75.59583504409375, 6.153785948709281], [-75.59582510782657, 6.153785950029754], [-75.59581065507258, 6.153785951621368], [-75.59579828144264, 6.1537877584834275], [-75.59578437119107, 6.153790472374979], [-75.59577443518982, 6.153794993167929], [-75.59575790590745, 6.153806746090681], [-75.59574625463328, 6.153813889813755], [-75.5957374937528, 6.153822117025538], [-75.59572873166071, 6.153829350663915], [-75.59568546715036, 6.153869127982386], [-75.59564942985786, 6.153899776952081], [-75.59564202128654, 6.153904299011596], [-75.59563244890082, 6.1539117119814275], [-75.5956230570186, 6.153917046506914], [-75.59561266665148, 6.153921566796164], [-75.59560291311173, 6.153926087604118], [-75.5955912619926, 6.153928799544999], [-75.59557482224466, 6.153933321230981], [-75.59556533891062, 6.15393693664831], [-75.59555485994586, 6.153938837355744], [-75.59553706596017, 6.153941458931506], [-75.59552938910922, 6.153945981390854], [-75.59551439507875, 6.153956919503175], [-75.5955033777833, 6.153964966928248], [-75.59549560886799, 6.153972108943145], [-75.5954921764649, 6.153984042262561], [-75.59549181662328, 6.153999229776373], [-75.59549046361623, 6.154011163831051], [-75.59548793396277, 6.154023728325164], [-75.59548576633904, 6.154034578738624], [-75.59548233460649, 6.1540481384875845], [-75.59548134126035, 6.154058986805949], [-75.5954772780445, 6.154069925997973], [-75.59547673573705, 6.154085113495359], [-75.5954768275023, 6.154094152904481], [-75.59547682770786, 6.154102380898723], [-75.59547664634162, 6.154110607063858], [-75.5954752027791, 6.154124168895876], [-75.59547384870038, 6.154134021773102], [-75.59547032631144, 6.154146770103049], [-75.59546788646729, 6.154156622836875], [-75.59546553967381, 6.154166477830361], [-75.5954641870685, 6.154175517936216], [-75.59546265108918, 6.154184557125841], [-75.5954609335599, 6.154193599006682], [-75.59545912840396, 6.154202639505577], [-75.59545614805799, 6.154211680296002], [-75.59545380114625, 6.154219092476936], [-75.59545072866591, 6.154228133715532], [-75.59544729765099, 6.154239794902041], [-75.59544522119076, 6.154247840428918], [-75.59544278282415, 6.154256881295555], [-75.59542851155632, 6.154295938081761], [-75.59541225673809, 6.154337432864286], [-75.59540746922681, 6.154347287072551], [-75.59540196059177, 6.154352802511289], [-75.59539473483844, 6.154348282921525], [-75.5953911203881, 6.154341141123816], [-75.59538805021377, 6.154333728168197], [-75.5953847974594, 6.15432387328717], [-75.59538344140799, 6.154315646462516], [-75.59538145361944, 6.154306607233927], [-75.59537856283497, 6.154298560552378], [-75.59537131757874, 6.1542948610537325], [-75.59536139445429, 6.1543345937347445], [-75.59533742310246, 6.154386579880658], [-75.59530146883269, 6.1544205717186165], [-75.59525752015037, 6.15444856682636], [-75.59522955398852, 6.154472562316988], [-75.59520358589337, 6.154504551875346], [-75.59518760557835, 6.154544541846925], [-75.59517762177555, 6.154604523420469], [-75.59519560187694, 6.154660506773097], [-75.59522557057613, 6.1547084904084945], [-75.59527950812195, 6.154742477176861], [-75.59534743237948, 6.154752469532179], [-75.5954073620077, 6.154750468418085], [-75.59547727828952, 6.154726471371764], [-75.59555318999332, 6.1546924777179175], [-75.59562710247117, 6.154636491289025], [-75.59568503307352, 6.154602497398898], [-75.59572898174109, 6.1545745049722935], [-75.59577492735558, 6.154572503143255], [-75.59580089719483, 6.154580499926097], [-75.59583286131198, 6.154588493764166], [-75.59585283844625, 6.15460648893998], [-75.59586282802054, 6.154638478070772], [-75.59585883611082, 6.154672467230429], [-75.59584485236634, 6.1547024592618325], [-75.59581888409707, 6.154728452106109], [-75.59578692243839, 6.154762443534974], [-75.59575296449182, 6.154796436538586], [-75.59573298801963, 6.154828426801768], [-75.59571700887916, 6.154882412767594], [-75.59571301922368, 6.154952392271661], [-75.59572101274034, 6.155014372980611], [-75.59572501096758, 6.1550923490484575], [-75.59571502634998, 6.155168327330673], [-75.5956990494654, 6.155242306020905], [-75.59567508153903, 6.155328281800288], [-75.59566110411356, 6.155454244164039], [-75.59565711358127, 6.1555402194884765], [-75.59565512070529, 6.15563019376594], [-75.59565312693172, 6.15572016804782], [-75.59563714913824, 6.155770153482308], [-75.59558920577365, 6.155808143663778], [-75.59553926520294, 6.155830139609811], [-75.59548932214386, 6.155842139197773], [-75.59545336488156, 6.155854135832703], [-75.59543139050665, 6.155868133867533], [-75.59541341368397, 6.1558941267187715], [-75.5954134139161, 6.1559241185331635], [-75.59542540275625, 6.155954108073744], [-75.59547734417805, 6.155996093793494], [-75.59551530135509, 6.156024081931468], [-75.59556125118884, 6.15605007385263], [-75.59559521149308, 6.1560680669804775], [-75.595641159731, 6.156100052017648], [-75.59568710842764, 6.1560960539273735], [-75.5957170724908, 6.1560740575219075], [-75.59575103004784, 6.156044065024054], [-75.59577300303826, 6.15600207589579], [-75.59580496496577, 6.155966085525203], [-75.59583293114157, 6.15593409433847], [-75.59586688913633, 6.15591609620874], [-75.59590684463062, 6.15591809507246], [-75.59593281409099, 6.155930089644569], [-75.59596477944247, 6.155944083783488], [-75.59597676650277, 6.155974073307224], [-75.59598475943106, 6.156026058534914], [-75.59597677206345, 6.156086040324657], [-75.59593082980614, 6.156154024356458], [-75.59592148555726, 6.15617344597598], [-75.5959195716541, 6.156174973232455], [-75.59590559036462, 6.156186132468395], [-75.5958862095838, 6.156198871181252], [-75.59588303177425, 6.156202405307456], [-75.59587934659179, 6.156206927345057], [-75.59587518354762, 6.156211446283591], [-75.59587467030424, 6.156211969528706], [-75.59583844847572, 6.156254482748828], [-75.59578862778503, 6.156309899113153], [-75.59570100529068, 6.156400562191395], [-75.59564661248945, 6.156450674891651], [-75.59561697498546, 6.1564683084522445], [-75.59560166310689, 6.156477420100245], [-75.59559202171856, 6.156525119945986], [-75.59559129488636, 6.1565248151928325], [-75.59559162292754, 6.156526146204357], [-75.59560791955711, 6.156535660958235], [-75.59557060217871, 6.156615963549299], [-75.59551220107714, 6.156782048003076], [-75.59547756993747, 6.15686863893768], [-75.59547127476357, 6.156919021171973], [-75.5954429341773, 6.157192296678512], [-75.5954319215459, 6.157335566739007], [-75.59540516155279, 6.157411139382206], [-75.59537210425225, 6.157481987232016], [-75.59536895878503, 6.157538666402073], [-75.59537840886196, 6.157601639931774], [-75.59543222700114, 6.157660615794904], [-75.59553456360715, 6.157762945537947], [-75.59561800513474, 6.157829064949946], [-75.59573798576028, 6.157919435524413], [-75.5958576371461, 6.157988702916942], [-75.59594265432655, 6.158042228037196], [-75.59594964584437, 6.158052067412765], [-75.59598834610638, 6.15810652586948], [-75.59602640727536, 6.158209587815403], [-75.59603128971736, 6.158354584078098], [-75.5960312971248, 6.158492535106221], [-75.59609341818306, 6.158647136958516], [-75.59620124076032, 6.158770808454154], [-75.59628844968474, 6.158854842552914], [-75.5963217500089, 6.1589261927616485], [-75.59638359443763, 6.1590498674571545], [-75.5964027325887, 6.159172654354385], [-75.59641701368521, 6.159377199621019], [-75.59640747852436, 6.1595764165227305], [-75.5963805287568, 6.15969058328423], [-75.59634882326176, 6.1599019630991565], [-75.59634248575519, 6.160000271455743], [-75.59636786038861, 6.16010650780252], [-75.59646011695038, 6.160265893542035], [-75.59658538765584, 6.160487874802958], [-75.59674579368273, 6.1607408953073595], [-75.59688374933525, 6.160981902334436], [-75.59696642049812, 6.161130173752109], [-75.59697593836341, 6.161199940933111]]]}, "properties": {"OBJECTID": 36, "SE_ANNO_CAD_DATA": null, "SHAPE.AREA": 0, "SHAPE.LEN": 0, "BARRIO": "007", "NOMBARRIO": "LOMA DEL BARRO", "MUNICIPIO": 266, "nombre_barrio_estandarizado": "LOMA DEL BARRO", "municipio_estandarizado": "envigado"}}, {"type": "Feature", "geometry": {"type": "Polygon", "coordinates": [[[-75.58034057263446, 6.1574274403395615], [-75.58041472095444, 6.157572517468325], [-75.58045985428002, 6.157682131131516], [-75.58050821532429, 6.157901361388568], [-75.58058236532314, 6.1580690062398435], [-75.58066618365478, 6.158197961819807], [-75.58077256727498, 6.1582398721444624], [-75.58087001244623, 6.158239870680936], [-75.5808658480049, 6.158211979889392], [-75.5808468482446, 6.158014094160063], [-75.58081987611766, 6.1578486078620625], [-75.58079296416695, 6.157752041559612], [-75.58076446643814, 6.157633311115605], [-75.58068531007615, 6.157416428659368], [-75.58062336918833, 6.157276227027686], [-75.5805790413061, 6.1571859903782675], [-75.58055529611404, 6.157108421644459], [-75.58055212698748, 6.1569675269838235], [-75.58058867226822, 6.156784220258065], [-75.58061874908056, 6.156668652760483], [-75.5806662376661, 6.156598995514715], [-75.5807216418929, 6.15655625440086], [-75.58077704457176, 6.156521424046559], [-75.58085144457719, 6.1564311861695], [-75.58092584295395, 6.156331451779658], [-75.58095116948871, 6.156268127297226], [-75.58096553708825, 6.156178442963098], [-75.58088955033638, 6.15598689300079], [-75.58084619597345, 6.155855234543352], [-75.58082513512007, 6.1557444737652105], [-75.58083839324468, 6.155685974017384], [-75.58084310648535, 6.155594270549732], [-75.58084856513194, 6.1555022280606115], [-75.58085246237874, 6.15543982726175], [-75.58084387337252, 6.155288804145728], [-75.58085167179172, 6.155202223676851], [-75.58087244103872, 6.155011861892472], [-75.58090116669771, 6.154839468310997], [-75.58090759621805, 6.154800882457052], [-75.58088707877758, 6.154791037656287], [-75.58086653780843, 6.154781183927358], [-75.580891267721, 6.15469868488233], [-75.58089357248356, 6.154685676591643], [-75.58093570688159, 6.154674353434236], [-75.58093745181489, 6.15460620492589], [-75.58091168082825, 6.154520238877467], [-75.58088805918446, 6.154453616201214], [-75.5808665842453, 6.154389141192268], [-75.58084940424601, 6.154296727225427], [-75.58081933920134, 6.154172078900191], [-75.58078712597319, 6.153989399522302], [-75.58075920553803, 6.153847556839883], [-75.58075340362294, 6.153822303933079], [-75.58075377250856, 6.153821999280259], [-75.58075328187071, 6.153821782864092], [-75.58068303647228, 6.153445744187487], [-75.58070653421947, 6.153304089518173], [-75.580786324154, 6.153125922354048], [-75.58082152567728, 6.153067465694597], [-75.5808510193889, 6.153018591923741], [-75.58088052715841, 6.152974502509727], [-75.58090807002424, 6.152911283092526], [-75.58091170027532, 6.152842391347152], [-75.58090854414819, 6.1527400360232445], [-75.58089796965623, 6.152718060902891], [-75.58086623606756, 6.152650226157088], [-75.58078564921568, 6.152544260907339], [-75.58076259742653, 6.152504144138666], [-75.58075103916764, 6.1524726076298775], [-75.58074424245348, 6.152435314383188], [-75.58074880213925, 6.152356854711654], [-75.58076967411108, 6.152301308897062], [-75.58078680123936, 6.152273516748762], [-75.58080006336868, 6.152230428969506], [-75.58080181893688, 6.152174935801402], [-75.58078731201952, 6.152114705190484], [-75.58076330830505, 6.1520755504434135], [-75.58064732024098, 6.151957246431235], [-75.58061471177082, 6.151918114282263], [-75.58058593065006, 6.1518799264793325], [-75.58057821764446, 6.15185603259651], [-75.58056764329983, 6.151835014883013], [-75.58057230439202, 6.151792906221607], [-75.58065369794389, 6.151504717636427], [-75.5806889144061, 6.151451044470012], [-75.58073368207484, 6.151395431976167], [-75.5807545671911, 6.151344667824655], [-75.58078075658842, 6.151139865116484], [-75.58079302370619, 6.15108338630996], [-75.58080251289203, 6.1510584862025155], [-75.58080702948622, 6.150964718754284], [-75.58078287953778, 6.150873900678581], [-75.58073668059863, 6.15076018560062], [-75.58070382550837, 6.150633039096193], [-75.58069116345959, 6.150548886455272], [-75.58070106154533, 6.1504999600865675], [-75.58088824345603, 6.150271851228744], [-75.58091111538235, 6.1502473927296695], [-75.58093157230563, 6.150213849891575], [-75.58094582915119, 6.150185587954935], [-75.58097095381231, 6.1501128105274026], [-75.58102681777497, 6.150009508129568], [-75.58119235613253, 6.149845944444948], [-75.58131755215399, 6.149754467774656], [-75.58144965903801, 6.149678102932079], [-75.58151725152179, 6.149644846660857], [-75.5817000926035, 6.1496726313015415], [-75.58173158722308, 6.149653195794226], [-75.5817688862891, 6.149628861009889], [-75.58188231645934, 6.149567293153565], [-75.58197176284538, 6.149432125724458], [-75.58204908750726, 6.1493326405871365], [-75.58213158746662, 6.149228917389401], [-75.5822800964559, 6.149139513978396], [-75.58227643364106, 6.149138030003125], [-75.58228191790053, 6.14913472979251], [-75.58230219364941, 6.149134978019111], [-75.58231372135022, 6.14913512298652], [-75.58233742326348, 6.149137793867448], [-75.58239098550865, 6.149143827307321], [-75.58243598665499, 6.1491194353703165], [-75.58249732149757, 6.149079937648314], [-75.58251262279764, 6.149070085976147], [-75.58254084806097, 6.14905191027794], [-75.58257004319712, 6.149024322883079], [-75.58259675831067, 6.148999071883374], [-75.58262261738984, 6.148974630562737], [-75.58271075056878, 6.148848728210785], [-75.58270517096439, 6.148843503362522], [-75.58269104855772, 6.148834472039099], [-75.58268067858201, 6.148829958364203], [-75.58267044416075, 6.1488282638748935], [-75.58265566089773, 6.148829972660372], [-75.58265040461333, 6.148829974571872], [-75.5826402068253, 6.148829132457046], [-75.58263065036414, 6.1488282872407884], [-75.58261247762287, 6.148827313721314], [-75.58260119034844, 6.148830004614194], [-75.58258862633075, 6.1488283123473], [-75.5825769797533, 6.148822813061631], [-75.58256007742212, 6.148812934486933], [-75.58255051927918, 6.14880743685492], [-75.58253580184203, 6.148799391143725], [-75.58252630503017, 6.148792189918039], [-75.58252185682827, 6.14878668837051], [-75.5825151854018, 6.148774968426091], [-75.58251129480468, 6.148764095724245], [-75.58250440609906, 6.148751526085914], [-75.58249628915048, 6.148738819540828], [-75.58249077408703, 6.148731619854788], [-75.58248434915716, 6.148723433690692], [-75.58247693848581, 6.148715384289207], [-75.58246391435604, 6.148701832644633], [-75.5824549757284, 6.148691812492083], [-75.58244791734046, 6.148683762290547], [-75.58243945023291, 6.1486737416657675], [-75.58243157725086, 6.148663857397171], [-75.58242207647196, 6.148651154828393], [-75.58241656319969, 6.148643951515764], [-75.5824030803788, 6.148628565888957], [-75.58236884448331, 6.1486033031171985], [-75.58233676144856, 6.148580722299115], [-75.5823291797771, 6.148578042179229], [-75.58232059880649, 6.148574374204981], [-75.58231128413048, 6.148570846294766], [-75.58229134909817, 6.148563517424039], [-75.58227607357418, 6.148559993018097], [-75.58227085228341, 6.148559010206603], [-75.5822600833009, 6.148555482997865], [-75.58225151071726, 6.148552804051001], [-75.58224184488944, 6.148549136799643], [-75.58222691418668, 6.148544627079952], [-75.5822167149459, 6.148540114374754], [-75.58221728189982, 6.148537428308262], [-75.58222429156368, 6.148524715525371], [-75.58222654289823, 6.148512989502352], [-75.58222276233457, 6.148503951556489], [-75.58221618105357, 6.148494811427981], [-75.582214334966, 6.148492243709656], [-75.58221107477958, 6.148487713729886], [-75.58220249910636, 6.148479528012339], [-75.58219409562113, 6.148475014761163], [-75.58218337499359, 6.148472335348322], [-75.58217684555646, 6.148473188728654], [-75.58216925992643, 6.148474180115628], [-75.58215896356502, 6.148476869822764], [-75.58214749563554, 6.1484795615773065], [-75.58210264216052, 6.148492247564826], [-75.58209945425905, 6.148493149884221], [-75.58208104233631, 6.148499515055725], [-75.58207391834834, 6.148502202986491], [-75.58205874599, 6.148504894566273], [-75.58202180946107, 6.148509437148694], [-75.58201116141048, 6.148509443419619], [-75.58200148916453, 6.14851043585086], [-75.58199154526343, 6.148511290366012], [-75.58197591355503, 6.148513135227937], [-75.58196293662635, 6.148514977200829], [-75.58195524031625, 6.148513998213616], [-75.5819454684484, 6.148514001151787], [-75.58193682252306, 6.148513157847237], [-75.58192761901479, 6.148511327264206], [-75.5819167446475, 6.148510482978653], [-75.58190528429331, 6.148509504104525], [-75.58189642296362, 6.148509509872864], [-75.58188471829453, 6.148510502181887], [-75.58186989750617, 6.14851136128386], [-75.5818549038806, 6.148509536086491], [-75.5818450578799, 6.148507841508242], [-75.58182851123799, 6.148505029322975], [-75.58181396787313, 6.148502354819531], [-75.58180609846389, 6.1484988244327985], [-75.5817968942378, 6.1484951603648845], [-75.58178860076282, 6.148492479155957], [-75.58178791228683, 6.148492258270665], [-75.58177151907023, 6.148486984420333], [-75.5817570579038, 6.148484309517684], [-75.58174784354297, 6.148482476271271], [-75.58173736705469, 6.148480784738294], [-75.5817260042582, 6.14847980629241], [-75.58171189585298, 6.148477978619764], [-75.5817023298857, 6.148476286301218], [-75.58169040564889, 6.148474457111325], [-75.58167512296541, 6.148472631497248], [-75.58165896424964, 6.148468968494231], [-75.58163719559755, 6.1484644628757055], [-75.58162647480385, 6.148463621457678], [-75.58161651957342, 6.148463626179791], [-75.58160685791681, 6.148463631290917], [-75.58159567733287, 6.148462787574169], [-75.58158561299209, 6.148460959336967], [-75.5815763386118, 6.148459978930235], [-75.58156695329978, 6.148458285735771], [-75.58155520159731, 6.148456457516756], [-75.58153992835338, 6.148453780203848], [-75.58152457226558, 6.148450969486141], [-75.58150813329335, 6.148447445253476], [-75.58149776020527, 6.148443782308117], [-75.58148780526386, 6.1484384176599916], [-75.58148004298138, 6.148429381770194], [-75.58147865201568, 6.1484166743325765], [-75.58147684399974, 6.148398594119762], [-75.58147684044725, 6.14839224112511], [-75.58147846232461, 6.148385034050102], [-75.5814828932553, 6.148362432184763], [-75.58148342456498, 6.148360595226537], [-75.5814885666579, 6.148347035303804], [-75.58149515039004, 6.14833347022169], [-75.58150001088939, 6.148320895305528], [-75.58150244622936, 6.148314539564375], [-75.58150343009403, 6.148312703131173], [-75.58150706633191, 6.148305497169709], [-75.58151181890727, 6.14829376899966], [-75.58150631621571, 6.148291938602372], [-75.5815117416937, 6.148286564712264], [-75.58152030770265, 6.1482802055593675], [-75.58152916457101, 6.148273845904751], [-75.5815461301935, 6.148262960984997], [-75.58154866706441, 6.148262109732186], [-75.58156274034019, 6.1482512279423585], [-75.58156933052808, 6.148242184162777], [-75.5815726738562, 6.148233992355331], [-75.5815749293678, 6.148225936897976], [-75.5815794333494, 6.148206868752517], [-75.58157907327889, 6.148195145403255], [-75.58157525678018, 6.148184273230725], [-75.58156956997198, 6.148172552120072], [-75.58156459447244, 6.14815998044294], [-75.58155925911477, 6.148149958218892], [-75.58155329391556, 6.148140072843501], [-75.58154407065427, 6.148125534514835], [-75.58153186368115, 6.148115652183139], [-75.58152084881793, 6.148104783156321], [-75.58151307782667, 6.148098434250542], [-75.58150457580932, 6.148092219065976], [-75.58147467941916, 6.14807500691121], [-75.58145111200689, 6.148067815794801], [-75.58144080348073, 6.148063303596339], [-75.58143032307255, 6.148057802254152], [-75.58141804667913, 6.148052440683704], [-75.58140593913996, 6.14804425754857], [-75.58139626790019, 6.148032538511871], [-75.58139407981223, 6.14802985490998], [-75.58138832424783, 6.148021668199476], [-75.58137945556598, 6.148009101771391], [-75.5813732075791, 6.147996395201996], [-75.58137157904086, 6.147992859959046], [-75.58136514967939, 6.147978319875378], [-75.58135883087944, 6.147969284236971], [-75.5813503274175, 6.147959398466035], [-75.5813461965261, 6.1479548817250995], [-75.58134001484994, 6.147947681622311], [-75.58133386978284, 6.147941329375161], [-75.58132621205544, 6.147931307519861], [-75.5813184402795, 6.147921424540648], [-75.58131039456059, 6.147910554718934], [-75.58129874366735, 6.147895167422987], [-75.58129011297669, 6.1478853093875285], [-75.58128687851432, 6.147881615552548], [-75.58128183389881, 6.14787624796067], [-75.58127099050148, 6.147867216102866], [-75.58126156708164, 6.147858182807429], [-75.5812578641653, 6.1478554992918415], [-75.58124759616034, 6.147846465556844], [-75.5812350255332, 6.147832913476917], [-75.58122824762278, 6.147822891887718], [-75.58122315399167, 6.147808486382709], [-75.58122181024707, 6.147796764166675], [-75.58122272592993, 6.1477877215929615], [-75.5812238818395, 6.147785035392023], [-75.58122794101216, 6.147775995710097], [-75.58123378260909, 6.147758761819497], [-75.58123244024564, 6.147747887629627], [-75.58122917989388, 6.1477343321474835], [-75.58122430377419, 6.147721760885889], [-75.58122003544457, 6.147712720759894], [-75.5812181625588, 6.147707217596794], [-75.58121352889124, 6.147690977285874], [-75.5812116194996, 6.147681089481348], [-75.58120871810613, 6.147663860770342], [-75.58120573938963, 6.1476521374133695], [-75.58120536745311, 6.147650872585904], [-75.58113503109715, 6.147698024224864], [-75.58109274308245, 6.147732453644842], [-75.58105652263411, 6.147751926378172], [-75.5809979928262, 6.147806667723489], [-75.58098442680124, 6.147830951934922], [-75.58096991193437, 6.147866581589602], [-75.58096554453641, 6.147885319086468], [-75.58094463066453, 6.1479750630076095], [-75.5809345633547, 6.148011383593997], [-75.58088321560544, 6.148103760806442], [-75.58085005963703, 6.148211361728919], [-75.58083473179725, 6.1482587909306705], [-75.58081599875851, 6.14830420962469], [-75.58079546122028, 6.148344820065975], [-75.58077334146137, 6.1483783889908645], [-75.58076773146561, 6.148384463531341], [-75.5807504450151, 6.148403187509894], [-75.58071067560604, 6.148438799060923], [-75.58065063503646, 6.1484769875598655], [-75.58062543996647, 6.148492293426202], [-75.58062002609363, 6.148495581528114], [-75.58058057986882, 6.148519544167202], [-75.58054813492448, 6.1485494607434905], [-75.58053456352796, 6.148564209583934], [-75.58051670136226, 6.148583620735691], [-75.58048620053748, 6.1486167681646196], [-75.58047321038964, 6.148627111294743], [-75.58042045652729, 6.1486566495359645], [-75.5803448774176, 6.148696726689324], [-75.5803071217926, 6.148730919029726], [-75.5802189117553, 6.148805822045446], [-75.5802078237224, 6.148839156856144], [-75.58019641428342, 6.148873463305047], [-75.58019598213633, 6.148931449904494], [-75.5802000023998, 6.148968280156132], [-75.58021495242431, 6.149043469538878], [-75.58022138608925, 6.149101230395832], [-75.5802259436992, 6.149212950790621], [-75.58022878163936, 6.149301115375073], [-75.58022247122014, 6.149425855594241], [-75.58021933112352, 6.149518888638249], [-75.58017705682994, 6.149559946765765], [-75.58010788421349, 6.14966528433523], [-75.57997012928244, 6.149683156470589], [-75.5799096170146, 6.149691006083771], [-75.57988350816228, 6.1496279238811145], [-75.57982230820605, 6.14948006317896], [-75.57975647367809, 6.149321008738417], [-75.57971326180453, 6.1491985509341704], [-75.57961602991308, 6.149140923955289], [-75.57944643469304, 6.148900837288868], [-75.57928040597709, 6.149068297711872], [-75.57912821080427, 6.149221806341358], [-75.57911015580609, 6.149240021395064], [-75.57895941589584, 6.1493920601739385], [-75.57892525498372, 6.149398089959145], [-75.57887903573723, 6.149398091654377], [-75.57881673912576, 6.149371965094354], [-75.57872832287786, 6.149343827385935], [-75.57865358612415, 6.149295426283713], [-75.57865187806203, 6.149294318886706], [-75.57863831754254, 6.1492144539535945], [-75.57864166482456, 6.149197701316398], [-75.57864177687, 6.149197146569516], [-75.57864103819233, 6.149197005482125], [-75.5786147377127, 6.1491919574726], [-75.57861465214805, 6.149193508396495], [-75.57859197266615, 6.149199072263814], [-75.57858427749467, 6.149200958278568], [-75.57854224593224, 6.149211261690163], [-75.5784942984251, 6.149223019409162], [-75.57848570552049, 6.149225124026043], [-75.57848417533809, 6.149225501186027], [-75.578288173747, 6.149257095162543], [-75.57821449696176, 6.149269498735324], [-75.57816319266104, 6.149280298932204], [-75.57816151692323, 6.14928065057554], [-75.5781544952909, 6.1492822829011535], [-75.57815202570245, 6.14928285354984], [-75.57808478386303, 6.149301408197666], [-75.57808264497548, 6.149301998043691], [-75.57806740104606, 6.14930597639048], [-75.57801965828497, 6.149266692779912], [-75.57796664464551, 6.149216700364614], [-75.57791228101482, 6.149168485565525], [-75.5777269153541, 6.14899959518908], [-75.57772606432154, 6.148998819972328], [-75.57758244365422, 6.1491448444922465], [-75.5775809803894, 6.149145987089899], [-75.577541498584, 6.149176868741694], [-75.57753440317674, 6.149183812936322], [-75.57752250405917, 6.149195455357812], [-75.57751967905604, 6.1491925650594155], [-75.57751643722571, 6.149190153227466], [-75.57751449926361, 6.149189137344131], [-75.57751286013364, 6.1491882755218015], [-75.57751148307837, 6.149187812945872], [-75.57750903023539, 6.149186984885671], [-75.57750574402333, 6.149186423033276], [-75.57750504971065, 6.149186303428186], [-75.57750101081177, 6.149186255114465], [-75.577498390371, 6.149186638437834], [-75.57749701290405, 6.14918684036905], [-75.57749315616464, 6.149188040626688], [-75.57748953351393, 6.149189831028543], [-75.57748727842021, 6.149191424971556], [-75.57748623685579, 6.149192163214363], [-75.5774826524596, 6.14919514411638], [-75.57747927321013, 6.149197957675973], [-75.5774782492125, 6.14919934225741], [-75.5774737556337, 6.149205415010283], [-75.5774701586184, 6.149210276477701], [-75.57745753207173, 6.149231425285805], [-75.57744985118912, 6.149249028799453], [-75.57744976184532, 6.149249233554707], [-75.57744947386125, 6.149249081249497], [-75.5774397655179, 6.1492439051837025], [-75.5774183256908, 6.149232481525211], [-75.5774038664359, 6.149224776144624], [-75.57736843193267, 6.14920589258031], [-75.57737285375453, 6.149198612311528], [-75.57737890599522, 6.149190385730091], [-75.57738486768216, 6.14917330041985], [-75.57738739545763, 6.149158745048724], [-75.57738938132199, 6.149148891746334], [-75.57739651821049, 6.149119057633588], [-75.57740148591985, 6.1491064008269305], [-75.57741006537704, 6.1490893155408335], [-75.57741747197468, 6.149079277862352], [-75.57742803952885, 6.1490702402205475], [-75.57743960159992, 6.149061198683164], [-75.5774575761853, 6.149042213769486], [-75.57746696863916, 6.149035071344048], [-75.57748440270045, 6.149023139122542], [-75.57749207976391, 6.149018617791968], [-75.5775008392826, 6.149012471110305], [-75.57750960274889, 6.149006956367525], [-75.57752640204988, 6.148996016281874], [-75.57754672554083, 6.14898534849582], [-75.57755521678814, 6.14898164143558], [-75.57757129318492, 6.14897983432523], [-75.5775905324022, 6.148973414659048], [-75.5776131150344, 6.148965368674114], [-75.57762774865475, 6.148954520406898], [-75.57764382473057, 6.148941772920279], [-75.57765114196917, 6.148936437837202], [-75.57765854773787, 6.14893110413496], [-75.57767290886801, 6.148921069958047], [-75.57768835441051, 6.148908504523673], [-75.57769801852105, 6.14889756451739], [-75.57770425062543, 6.148891236557613], [-75.5777144562493, 6.148880387058822], [-75.57772574801405, 6.148864927794856], [-75.5777350496142, 6.148850554001755], [-75.57774137284322, 6.148842328824387], [-75.57774832896042, 6.148833286008657], [-75.5777565476048, 6.148823433364645], [-75.57776512845578, 6.148813577164262], [-75.57777226434695, 6.148804538001271], [-75.57778048088198, 6.1487963100144665], [-75.57778870353336, 6.1487917887609544], [-75.57779782546082, 6.148784557230125], [-75.5778101098937, 6.148774523130444], [-75.57782103901283, 6.148766476430037], [-75.57783070275602, 6.148760148180528], [-75.57783910278316, 6.148753820605862], [-75.57784858782799, 6.148746587322086], [-75.57786330984344, 6.1487338400403955], [-75.57787423970798, 6.148726698328484], [-75.57788534799485, 6.148719467154617], [-75.57789636758207, 6.148713136880838], [-75.57790766013312, 6.148705903913258], [-75.577924457941, 6.148693158364886], [-75.57793340022234, 6.148687825381806], [-75.57794189174471, 6.148682490053908], [-75.57795038207944, 6.148678782994856], [-75.57796058961124, 6.148672455735898], [-75.57797747831417, 6.148661515212537], [-75.57799301507654, 6.148648950239072], [-75.57800249937382, 6.148640812869421], [-75.57801342848653, 6.1486327661673705], [-75.57802182839372, 6.148624540006578], [-75.57802851151187, 6.148619206174237], [-75.57804025412756, 6.148605646031081], [-75.57804756996042, 6.1485928974285695], [-75.57805904099527, 6.148580152275788], [-75.57806861605826, 6.148572105780664], [-75.57807882176657, 6.148565775817362], [-75.57809417630654, 6.148559449027733], [-75.57810889979633, 6.148548509913166], [-75.57812253789888, 6.148540461887329], [-75.57812931378581, 6.148534134917836], [-75.57813292530125, 6.148523286507767], [-75.5781358151401, 6.148507014339393], [-75.57813671792447, 6.148497159035988], [-75.57813753132055, 6.148487124250503], [-75.57813924696772, 6.148475371862657], [-75.57814024039212, 6.148466330705307], [-75.57814078056616, 6.148453583165719], [-75.5781430402231, 6.148435503150573], [-75.57814692529787, 6.148422938364899], [-75.57815261460965, 6.148408383108899], [-75.57815595573221, 6.14839672142083], [-75.57815920656721, 6.148382256590925], [-75.57816354291207, 6.148361551928885], [-75.5781717624329, 6.148341573491943], [-75.57818287124529, 6.148313457876011], [-75.57818594185962, 6.148299084325161], [-75.57818205836841, 6.148290044106226], [-75.57815640636002, 6.148310837190397], [-75.57813870232633, 6.148332533066566], [-75.57812768220253, 6.148346998329872], [-75.57812036595037, 6.148357034668585], [-75.57811034171645, 6.148371406524295], [-75.57810040692854, 6.148385782468728], [-75.57809281829444, 6.1483985296748305], [-75.57808297321019, 6.148411276019234], [-75.57807656076676, 6.14841841852932], [-75.57806472845441, 6.148430984607059], [-75.57805858548517, 6.148436500265636], [-75.5780435039954, 6.148449065752684], [-75.5780327532854, 6.148454581049292], [-75.5780197477712, 6.148460999564253], [-75.57801098494392, 6.148465518905298], [-75.57799427709509, 6.148475373647993], [-75.57798117975233, 6.148482606285166], [-75.57796365681877, 6.148491647665588], [-75.57794188836748, 6.148500688743025], [-75.57793294668903, 6.148505208946563], [-75.57792264750586, 6.148508824380961], [-75.57791235359039, 6.148513345686397], [-75.5778998881324, 6.148517865719572], [-75.57788263671138, 6.148521391752515], [-75.57786990026425, 6.148525912188993], [-75.5778610473948, 6.148528804603899], [-75.57785075167145, 6.148533325917241], [-75.57784018378112, 6.148536853142654], [-75.57783024665959, 6.148541372724968], [-75.5778077575232, 6.148549508668067], [-75.5777862600761, 6.148555929288838], [-75.57777424689226, 6.148559454447881], [-75.57775139404845, 6.1485657830635105], [-75.57774163987419, 6.148567590400216], [-75.57772962698311, 6.148569489101795], [-75.57771824419558, 6.148571117151904], [-75.57770858078884, 6.148573015362966], [-75.5776962955655, 6.148574823161194], [-75.57768518554036, 6.14857663161608], [-75.57766477346516, 6.148580158431753], [-75.57764119799474, 6.148583865961802], [-75.57761943053772, 6.148584678914516], [-75.57760705531115, 6.1485846798721], [-75.57759540452855, 6.148584680045486], [-75.57757977860636, 6.14858305305714], [-75.57756884854533, 6.148581154781923], [-75.57755827932877, 6.148579345173921], [-75.57754509251822, 6.148576634164289], [-75.5775347050785, 6.148571118723078], [-75.57752549250293, 6.148564971982491], [-75.57751167168348, 6.148554033207964], [-75.577495232222, 6.148540475267616], [-75.577482947769, 6.148527817637706], [-75.57747229000715, 6.148516065286937], [-75.57746307763814, 6.148506210875668], [-75.57745521843911, 6.148498799110546], [-75.57744808255526, 6.1484926522912335], [-75.57744067708202, 6.1484862337379065], [-75.57742622408139, 6.148474571122877], [-75.57740156389991, 6.14844455774779], [-75.57737094331544, 6.148406768133465], [-75.57736136946208, 6.148390315614906], [-75.57735441297258, 6.148378654794054], [-75.57734890472516, 6.148370608764476], [-75.577342221312, 6.1483623812589645], [-75.57733490406582, 6.148355150405376], [-75.5773275854357, 6.148348007254901], [-75.57731159974233, 6.148335261698742], [-75.57727438555133, 6.148309948672586], [-75.57723744228872, 6.148290060676657], [-75.57722813728174, 6.148285539021194], [-75.5772105249509, 6.148279212203373], [-75.57719724648882, 6.1482737875485824], [-75.57718026525842, 6.148266646716582], [-75.57716644737644, 6.148262128752413], [-75.57715587926228, 6.148259234221164], [-75.57714368307262, 6.148255709258153], [-75.57713103946837, 6.148251188339307], [-75.57710168274185, 6.14824305395052], [-75.57707214666678, 6.148237629979837], [-75.57705607063039, 6.148235007932746], [-75.57703746135921, 6.148229494173207], [-75.57702743642622, 6.148224973274245], [-75.57701515070129, 6.148219550152589], [-75.57700024736693, 6.148213222009079], [-75.57698064795055, 6.148203367971954], [-75.57696899516569, 6.148196950009448], [-75.57695951103837, 6.148191434713845], [-75.57695047853633, 6.148186101673295], [-75.57694009097273, 6.148178870254241], [-75.57692762534012, 6.148171727516119], [-75.57690793552405, 6.148159795410338], [-75.57689745683619, 6.148154462112706], [-75.57688914727785, 6.14814994197536], [-75.5768779480562, 6.1481454213130835], [-75.57686485160136, 6.148140087986243], [-75.576843533508, 6.148131046872661], [-75.57683450131289, 6.148126527508015], [-75.576824926229, 6.148122007145827], [-75.57680586784194, 6.148107452841981], [-75.57677280779603, 6.148073101433948], [-75.57673071578033, 6.148027898412418], [-75.5767228586921, 6.148018858354323], [-75.57671536052014, 6.148010632053151], [-75.57670587687878, 6.147999964343429], [-75.57669774630938, 6.147987217933714], [-75.57669377281596, 6.14797899090293], [-75.57668952622271, 6.147969950605006], [-75.57668401683442, 6.147958288210913], [-75.5766787783132, 6.147947350493753], [-75.57667173256985, 6.147934783284278], [-75.57666315158323, 6.147920229059188], [-75.57665583639536, 6.147906669554755], [-75.57665195202338, 6.147897628412846], [-75.57664680204212, 6.1478840675046404], [-75.57664264687091, 6.147871501720414], [-75.57663370467962, 6.1478462782700625], [-75.5766289169154, 6.147835341993566], [-75.57662494344203, 6.147824492198075], [-75.57662241370446, 6.147817260836734], [-75.57661916058551, 6.147809125258951], [-75.57661699275866, 6.14780107847141], [-75.57661419388518, 6.147791043018894], [-75.57661166526445, 6.1477801039815905], [-75.57660750921418, 6.147764916341511], [-75.57660163742445, 6.147746837562597], [-75.57659802540857, 6.147727761522005], [-75.57659459180523, 6.147706154978679], [-75.57659007470708, 6.147674514653058], [-75.57658664302248, 6.147657245920892], [-75.57658149287866, 6.147634645021478], [-75.57657562358028, 6.147620272091591], [-75.57657110589288, 6.1476093327023245], [-75.5765655061857, 6.147597670739916], [-75.57655873197669, 6.147582212746442], [-75.576551505643, 6.147566843725997], [-75.57654473123456, 6.147552469736128], [-75.57654084588874, 6.147538909957354], [-75.5765378656424, 6.14752534852523], [-75.57652657243182, 6.147486294798855], [-75.5765196196672, 6.147469209399926], [-75.57651772100556, 6.147453840900464], [-75.57651772044508, 6.147439465881378], [-75.57651925651582, 6.147429430312896], [-75.57652738487769, 6.147409452321007], [-75.57653343683627, 6.1473977884051525], [-75.57653813410288, 6.147389742860348], [-75.57654508897267, 6.147377810595623], [-75.57655213333355, 6.147367955496735], [-75.57656125710393, 6.147358103025884], [-75.57657290920169, 6.147350687538679], [-75.57658266445777, 6.147345354277064], [-75.57659241673203, 6.147339026531429], [-75.57660858702582, 6.147327273129193], [-75.57661951437895, 6.147319045648491], [-75.57662836665988, 6.147311904042546], [-75.57663532289611, 6.147307385303885], [-75.57665311620084, 6.147299338976006], [-75.57666196785107, 6.1472956311041065], [-75.57667352941222, 6.147291925530985], [-75.57668463927482, 6.147288397529668], [-75.5766934898338, 6.147285776378021], [-75.5767046903742, 6.147282883513814], [-75.57671372158867, 6.147280261490547], [-75.57672402029286, 6.147276734688848], [-75.57673838087481, 6.14727221549496], [-75.5767480458053, 6.147269322804173], [-75.57675563264992, 6.1472667023226055], [-75.57676629086698, 6.147263175594424], [-75.5767783045595, 6.147256756475136], [-75.57678498952437, 6.147251241833359], [-75.57679230465344, 6.147245094001773], [-75.57680332474273, 6.147236054199721], [-75.57681904039266, 6.147223305776807], [-75.57683277068303, 6.147215079239397], [-75.57684342893276, 6.1472089333637365], [-75.57685543933594, 6.147200706081057], [-75.57686564882951, 6.147193472942301], [-75.57687919667731, 6.147182625425706], [-75.5768914809616, 6.1471708717779405], [-75.57690529946991, 6.147161832037984], [-75.57691297651724, 6.147157309820537], [-75.57692354504198, 6.147152790833272], [-75.57693591957704, 6.147146461284654], [-75.57695615199003, 6.147134707268934], [-75.57697132487132, 6.147123860049509], [-75.57698099098883, 6.147119339085909], [-75.57699146917525, 6.147114818725429], [-75.57700402284706, 6.147109486426153], [-75.57701784323731, 6.1471049653128516], [-75.57702904346478, 6.147101258765424], [-75.57703952132421, 6.147098546584029], [-75.57704837277082, 6.147095923616011], [-75.57706679897586, 6.1470895042992915], [-75.57708034731478, 6.147085888586169], [-75.57709118649767, 6.147083177373252], [-75.57710871040531, 6.147078654666378], [-75.57713264564245, 6.147073321706269], [-75.57714682435095, 6.147070428934395], [-75.5771583884103, 6.1470678073447536], [-75.57716976925798, 6.147064280741562], [-75.57718078701576, 6.147060574167895], [-75.57719551101545, 6.14705686870073], [-75.57721709765175, 6.147051531697895], [-75.57722748671385, 6.1470478254441385], [-75.57727472477544, 6.147032638504514], [-75.57729369237009, 6.147024410200565], [-75.57730317722742, 6.1470207037874065], [-75.5773114865839, 6.147016183036442], [-75.57732377138694, 6.147009042043055], [-75.57733849245024, 6.14699647470811], [-75.5773446359119, 6.1469882476965285], [-75.57735890618441, 6.1469709821782725], [-75.5773698346195, 6.146956606880542], [-75.57737660999605, 6.146943046312656], [-75.57738464830908, 6.14692125877226], [-75.57739160263407, 6.146899652758832], [-75.57739268664187, 6.146884282539654], [-75.57739069870789, 6.14686801129847], [-75.57738699604762, 6.146848121125171], [-75.5773861813173, 6.1468228087602155], [-75.57738988423677, 6.146801112654461], [-75.5773965678753, 6.146780319819227], [-75.57740180625288, 6.146769471700742], [-75.57740523966685, 6.146759525529605], [-75.57740894213212, 6.14674786390813], [-75.57741273624272, 6.146731411077948], [-75.57741345680449, 6.146717849885939], [-75.57741164972862, 6.146707996802864], [-75.57740424381917, 6.1466891009105655], [-75.57739449046143, 6.146679067372026], [-75.57738148246432, 6.14667183593577], [-75.57736088768158, 6.146661982173064], [-75.57735555703002, 6.146651043098883], [-75.57735537784347, 6.14664290806766], [-75.5773587201826, 6.146622115078031], [-75.57736477201185, 6.146608553481761], [-75.5773691967589, 6.146601319315709], [-75.57738265457886, 6.146588664053157], [-75.5773966563223, 6.146577725743556], [-75.5774098416876, 6.146570581312427], [-75.57741770087961, 6.146567870912287], [-75.57743531272556, 6.1465615432172225], [-75.57745021664306, 6.1465543109351355], [-75.57748246370231, 6.146538037274379], [-75.57749339173162, 6.1465308946910335], [-75.57750504380776, 6.146523481908417], [-75.57753846196675, 6.146507297525361], [-75.57757233405779, 6.146491025062694], [-75.57758678623206, 6.1464792727060376], [-75.57758759901685, 6.14647023151422], [-75.577588229669, 6.146459383927778], [-75.57759021806376, 6.146440488826239], [-75.57759663193534, 6.146430455046187], [-75.57760611394185, 6.146422408116748], [-75.57762183169145, 6.146407854212404], [-75.577631134844, 6.146399807241606], [-75.57763637260244, 6.146392395568201], [-75.57764224297067, 6.146380732530203], [-75.57764648856251, 6.146372686452753], [-75.5776527210232, 6.146361746747042], [-75.57766337930816, 6.1463426723978545], [-75.57767340466187, 6.1463219683181975], [-75.57767945728284, 6.146306509941135], [-75.57769797235733, 6.146270348384475], [-75.57771793362993, 6.146231565226808], [-75.57772470662499, 6.146226140566528], [-75.57773798482873, 6.146212580272004], [-75.57774277163293, 6.146206251160356], [-75.57774855223394, 6.146199019494205], [-75.5777568605792, 6.146189978304947], [-75.57776896539916, 6.146176418246735], [-75.57779678435223, 6.1461331138054245], [-75.57780084764879, 6.146114037823412], [-75.5777991329256, 6.146100478439013], [-75.57779878219519, 6.146100238739461], [-75.57779625549267, 6.1460985132712365], [-75.57779118307535, 6.146095053385552], [-75.57778359639917, 6.14609695331359], [-75.57777474507328, 6.1461014721587475], [-75.57775198395859, 6.14611313621977], [-75.57773274401765, 6.146124075391444], [-75.57770899000685, 6.146136642001508], [-75.57769552952348, 6.146146677228581], [-75.57768667918954, 6.146155716511325], [-75.57767963507719, 6.146161864845685], [-75.57766572426017, 6.146174611798719], [-75.57765163458501, 6.146187357806342], [-75.57764025202076, 6.14619802581558], [-75.5776340191447, 6.14620625325649], [-75.57762119478656, 6.146225147291412], [-75.57760882188391, 6.14624512676715], [-75.57760412579643, 6.146256788659956], [-75.57759870447047, 6.146270349021419], [-75.57759084821696, 6.146289424317517], [-75.57758036996593, 6.146301991975024], [-75.57757305402883, 6.146310218312393], [-75.57756618845241, 6.146315551201376], [-75.5775573381468, 6.146321971338814], [-75.57754947891998, 6.1463274871267455], [-75.57753466654188, 6.14633553174267], [-75.57752753074229, 6.146339148166448], [-75.57751777765326, 6.146342674150191], [-75.5774859818619, 6.1463536142194135], [-75.57745292333028, 6.146359129517358], [-75.57741363348316, 6.146359129192287], [-75.57738518113617, 6.146358135428995], [-75.57736747675453, 6.146361753107897], [-75.57735139996599, 6.146363651494854], [-75.57734001648568, 6.146361750862514], [-75.57733179761867, 6.146355423010707], [-75.57732782384382, 6.14634638411283], [-75.57731761708902, 6.146341050402571], [-75.5773114763847, 6.146336530648449], [-75.57728817030333, 6.146332009614682], [-75.57727281545449, 6.146332825034423], [-75.5772608019971, 6.146335535580086], [-75.577244634127, 6.146339153980158], [-75.5772320791036, 6.146344576692178], [-75.5772132030626, 6.146353618222977], [-75.57717102045379, 6.1463707950587105], [-75.57712305991433, 6.146387882230081], [-75.57711330465727, 6.146393398118303], [-75.57710056873036, 6.146405149420062], [-75.57709343235788, 6.146416902643779], [-75.57708918891657, 6.1464304627491435], [-75.57708602842214, 6.146442124468601], [-75.57708358917175, 6.1464540593604795], [-75.57708160100276, 6.146466626747169], [-75.57708033803291, 6.146477474674928], [-75.57707853048679, 6.146490222008251], [-75.57707509908276, 6.146506402767583], [-75.5770721172782, 6.146518968618504], [-75.5770679635374, 6.1465335236936], [-75.57706245318026, 6.14654979584882], [-75.57705387291608, 6.146558835633611], [-75.5770411368892, 6.146568691061745], [-75.57702948633191, 6.146575108427858], [-75.57701503452319, 6.146582250823423], [-75.57700347329845, 6.14658677278757], [-75.57698775535287, 6.146592286696592], [-75.57697122778073, 6.146596806395937], [-75.57696111035, 6.146599519545938], [-75.57694422113475, 6.146605848263152], [-75.57692723930789, 6.146612266027421], [-75.57691305942237, 6.146616788867429], [-75.57689752356045, 6.146619409715019], [-75.57688487810181, 6.146622936984129], [-75.57687223169384, 6.1466266423631755], [-75.57686067037174, 6.146626642071375], [-75.57684856766866, 6.1466258279979025], [-75.57683113456206, 6.146620315766837], [-75.57681686262003, 6.146616788134057], [-75.57680376433602, 6.146609377201502], [-75.5767899470965, 6.146604044620803], [-75.57677359853157, 6.146597715284441], [-75.57676266699829, 6.146594189621025], [-75.5767463184103, 6.146590482142592], [-75.57673385469589, 6.1465904825834885], [-75.57671786751607, 6.146591296519821], [-75.57670441027713, 6.146593194914649], [-75.57669429209926, 6.146595003070311], [-75.5766774017396, 6.146597718140759], [-75.57666294892611, 6.146600338278934], [-75.57664922067029, 6.146604858030519], [-75.57663467775166, 6.14661127758609], [-75.57661959512296, 6.1466176057189585], [-75.57660451170639, 6.146625834251232], [-75.57659267887796, 6.146631168486295], [-75.5765774136129, 6.146638399780427], [-75.57656494783959, 6.146644727949532], [-75.57655266517324, 6.1466500634493295], [-75.57653983908519, 6.14665828923126], [-75.57652656195678, 6.14666814274098], [-75.57651409579637, 6.146679081767471], [-75.57650569698312, 6.146686224797458], [-75.57649521947737, 6.146694451910155], [-75.57648347675632, 6.14670349338021], [-75.5764725478972, 6.14671253273355], [-75.57646197978276, 6.146719763976352], [-75.57644996697593, 6.1467288058445115], [-75.5764393996042, 6.146736942077134], [-75.576429372878, 6.146744988909874], [-75.57641989019596, 6.146754027617409], [-75.5764113984738, 6.146760447823331], [-75.57640272866544, 6.1467675903514545], [-75.57638881839384, 6.146779523606785], [-75.57638014751292, 6.1467875693253875], [-75.57637075352788, 6.14679570622769], [-75.57636081862131, 6.146802937128454], [-75.57635178521679, 6.146810170010441], [-75.57634076652236, 6.146816498431478], [-75.57632586256673, 6.146823729787769], [-75.5763087925925, 6.1468255389145865], [-75.57629867596259, 6.146823729795152], [-75.57628756448983, 6.146823732747942], [-75.57627275244683, 6.14682472544161], [-75.57626010796035, 6.146822828157181], [-75.57624863531589, 6.146831869226586], [-75.57623029956241, 6.146830059959471], [-75.57622126633451, 6.146816500585666], [-75.57621675081113, 6.1468037548057834], [-75.57621349906528, 6.14679308595435], [-75.57620934346069, 6.146773105721477], [-75.57620681284796, 6.1467459852894315], [-75.57620609267698, 6.146732423800869], [-75.57620482604851, 6.146716243087262], [-75.57620311108049, 6.146701688280513], [-75.5762017554874, 6.146685415778657], [-75.57620076219787, 6.14667366378625], [-75.57620012824859, 6.146662814150775], [-75.57619967597785, 6.146643919049425], [-75.57620012890071, 6.146631985594172], [-75.57620066913131, 6.146616796995149], [-75.5762040110419, 6.146598719881684], [-75.5762064497018, 6.1465851567228595], [-75.57620852769199, 6.14657060261272], [-75.57620970175384, 6.146557043743482], [-75.57621087514376, 6.146547098523859], [-75.57621286219086, 6.14653091568275], [-75.57621340423556, 6.146518168117186], [-75.57621250020738, 6.146507319783977], [-75.5762107845037, 6.14649186089086], [-75.57620970000691, 6.146477486574018], [-75.57620843474922, 6.146461214540414], [-75.576207713109, 6.1464458457834485], [-75.57620653858842, 6.146432285581261], [-75.57620346763981, 6.146416014117294], [-75.57620355773051, 6.146402452337879], [-75.57620473178956, 6.14638889256461], [-75.57620409817268, 6.146376234748009], [-75.57620346645287, 6.1463581532883165], [-75.57620174921976, 6.146343689804894], [-75.57620129767005, 6.1463283215535975], [-75.57620138826081, 6.146312048406803], [-75.57620138813884, 6.146300387458802], [-75.57620111556675, 6.146279414796714], [-75.57620111561937, 6.146264224281772], [-75.57620174799449, 6.146251476280579], [-75.57620174807103, 6.146238730423985], [-75.57620174794972, 6.146227069475957], [-75.57620201980608, 6.146209983582597], [-75.57620156765795, 6.1461954290148055], [-75.57620111514261, 6.146182862541956], [-75.57620012241362, 6.146165595599254], [-75.57619930880834, 6.146149323195599], [-75.5761991267636, 6.146132144561258], [-75.57619885483523, 6.146115058577419], [-75.57619200175047, 6.146111730213954], [-75.57620438015564, 6.1457126342774835], [-75.57621666187096, 6.145576658742991], [-75.57625556703559, 6.14533268792023], [-75.57625603609085, 6.145332550949572], [-75.57628785225286, 6.145257521763579], [-75.57636366105943, 6.1450787586149005], [-75.57639810251617, 6.144948428084232], [-75.57640327115514, 6.144906754472292], [-75.57640843995613, 6.1448791918897445], [-75.57640786679248, 6.144844744319973], [-75.5764187703073, 6.144774696237301], [-75.57643828856393, 6.144685128919953], [-75.57646420910375, 6.144597381411497], [-75.57649290920246, 6.14449633219766], [-75.57649319649516, 6.1444918365837], [-75.57649751162255, 6.14438223380346], [-75.57648499413644, 6.144272689564801], [-75.57642283817432, 6.14428221542397], [-75.57641667195728, 6.144282898804861], [-75.57640955871025, 6.1442836916252075], [-75.57640112082031, 6.144241035764793], [-75.57640754198245, 6.144238895571096], [-75.57641439963743, 6.144236609523023], [-75.57639711659986, 6.144177041003198], [-75.57639164919951, 6.144178593461229], [-75.57638311024911, 6.144181012377524], [-75.5763829965932, 6.144181045472603], [-75.57637182402071, 6.144150692986216], [-75.57637988299508, 6.144146892222731], [-75.5763829940972, 6.1441454225460985], [-75.57635069096769, 6.144060674295074], [-75.57629037245214, 6.143999451680587], [-75.57623845495765, 6.143947692352691], [-75.57617452716, 6.143882017290684], [-75.57613650507103, 6.143820495512993], [-75.57608932002255, 6.143744151036451], [-75.57606523772832, 6.143679652702632], [-75.57605646687087, 6.143645694865603], [-75.57602936449285, 6.143540746730911], [-75.57600278212647, 6.143474040894608], [-75.57599130142046, 6.143453794882258], [-75.57595590909752, 6.143391378005025], [-75.57596370615512, 6.143385896002071], [-75.5759586454317, 6.14337753585941], [-75.57594558211771, 6.143355966650527], [-75.57590933567836, 6.1433176659601445], [-75.57592071853402, 6.143306492610362], [-75.57591355312961, 6.143298694103543], [-75.57590996791927, 6.1433020664576645], [-75.57587772239383, 6.1432681304154615], [-75.57598291627394, 6.143190933178809], [-75.576053447274, 6.143133104936111], [-75.57605125007086, 6.143130394213745], [-75.57599191359586, 6.143057151419111], [-75.57599798778746, 6.143052925363838], [-75.57596524212695, 6.143011721945686], [-75.57597844463731, 6.143001952017939], [-75.5759591674554, 6.142977914747615], [-75.57595152289655, 6.142983738663375], [-75.57591260733025, 6.142941132890255], [-75.57593063051793, 6.142879678227505], [-75.57588721204368, 6.142850593113142], [-75.5758979262073, 6.142822465877997], [-75.57592572186736, 6.142749502076575], [-75.57589213247158, 6.142685179703513], [-75.57580761077789, 6.142647871019769], [-75.57584594233413, 6.142567556835761], [-75.57580259527586, 6.142522887557545], [-75.5757435801363, 6.142492956292138], [-75.57570932866071, 6.14247558738511], [-75.57563051463502, 6.142457191845236], [-75.57552051534942, 6.1424329759113405], [-75.5754195355186, 6.142386046437669], [-75.5753764532221, 6.142369566269708], [-75.57536501918845, 6.142321631327331], [-75.57535818409198, 6.14226417224123], [-75.57534390535254, 6.142226142652148], [-75.57532338607149, 6.142223117858292], [-75.57527417758715, 6.142103484247233], [-75.57521933549397, 6.141975436263409], [-75.57512951834222, 6.141763479001929], [-75.5751141263132, 6.1416930331641995], [-75.57501934309688, 6.141879254038706], [-75.57500788955844, 6.141901843657649], [-75.57498223628315, 6.141952432638648], [-75.57491264117152, 6.142087140994032], [-75.57482815784834, 6.142249069995591], [-75.57480811596959, 6.142287480073435], [-75.57480784264688, 6.142287370186576], [-75.57473849878404, 6.142259210810854], [-75.57468669027986, 6.142243209273284], [-75.57464096133074, 6.142243825478163], [-75.57463528269014, 6.142243900740866], [-75.57456148202327, 6.142245439582579], [-75.57450024292952, 6.142249125716642], [-75.57450268431272, 6.142266932689489], [-75.57450069464429, 6.142285220277489], [-75.5745006951197, 6.142307493460278], [-75.57450069597954, 6.142332853207756], [-75.57450715096964, 6.142378716493967], [-75.57451178741758, 6.142419273385975], [-75.57451236732894, 6.14247489478947], [-75.57452221668954, 6.142543262633878], [-75.57452808511184, 6.142564438922915], [-75.57456168621454, 6.1426716252510944], [-75.57459123168226, 6.142731301236394], [-75.57461853810071, 6.142765842520953], [-75.57464055288123, 6.142784382468588], [-75.57468284227399, 6.142852750474419], [-75.5747239751589, 6.142918800528988], [-75.57478446917189, 6.142999110669947], [-75.57480300931503, 6.1430338740703245], [-75.57482444224132, 6.143058206602497], [-75.57483197392636, 6.143065161659234], [-75.57485257901035, 6.143105374009252], [-75.57487165007585, 6.143138399896482], [-75.57488607187909, 6.143172363116133], [-75.57489118900376, 6.143202601095234], [-75.5748795592215, 6.143229117135122], [-75.57487211436157, 6.143249425420716], [-75.57487111325702, 6.143260268481924], [-75.5748693231455, 6.143279663521056], [-75.57487072157276, 6.1432964095854565], [-75.57492142150333, 6.143369447342174], [-75.57502207604531, 6.143491635820581], [-75.57505835854988, 6.143544202967562], [-75.57508405532917, 6.143588688811062], [-75.57514126828318, 6.143647305642101], [-75.57515801387613, 6.143660330663846], [-75.57518266521701, 6.143691034153862], [-75.5752315043037, 6.1437268530811195], [-75.57530842005886, 6.143763891960065], [-75.57538888994682, 6.1438076211450126], [-75.57542656661508, 6.1438225062751615], [-75.57544098459564, 6.1438323736614775], [-75.5754812858628, 6.143859950416365], [-75.57552640367257, 6.143899956896481], [-75.57554640426373, 6.143924147097924], [-75.57556035776288, 6.1439478709950555], [-75.5755771064125, 6.1439943907133365], [-75.57561215382508, 6.144087251801757], [-75.5756312259561, 6.14413982043409], [-75.57563826563408, 6.144168987717495], [-75.5756410559352, 6.144199224222568], [-75.57564989293408, 6.144218765133344], [-75.5756559413123, 6.144251794945171], [-75.57566524497294, 6.144330412277926], [-75.57566708858948, 6.144350689366965], [-75.57566525210346, 6.144369072944394], [-75.57566057750671, 6.144415818848319], [-75.5756622115056, 6.144429700510011], [-75.5756680197143, 6.144479086467427], [-75.57566896897958, 6.144485825500705], [-75.57567780788769, 6.144513271762979], [-75.57568338894922, 6.144553744485613], [-75.5756861818554, 6.144586772805835], [-75.57568710248329, 6.144648017759463], [-75.57568939475226, 6.144672927955016], [-75.57569082366805, 6.144688491307698], [-75.57569640655935, 6.144718265018167], [-75.57569733725364, 6.144742923205636], [-75.57570432048698, 6.1448255034915675], [-75.57570804189676, 6.144881793188774], [-75.57571083317475, 6.144911101184494], [-75.57571314455014, 6.1449713349890684], [-75.57571360917893, 6.144995060593035], [-75.57571994613166, 6.145062716559985], [-75.57572159679114, 6.145110848686549], [-75.57572413832393, 6.145124669918491], [-75.57574268308895, 6.145125624759582], [-75.57574854536132, 6.145157514498269], [-75.57574927032175, 6.14517695888443], [-75.57575047010485, 6.145235763253074], [-75.5757506606477, 6.14527236080258], [-75.57574580324975, 6.1452929350853704], [-75.57573682025236, 6.145352508190901], [-75.57573267289484, 6.1453800387366435], [-75.57572135816174, 6.145419081252517], [-75.57571385990609, 6.145463389779404], [-75.57570543986509, 6.145492216591427], [-75.57568676816587, 6.145536973159183], [-75.57567094112784, 6.1455765102654505], [-75.57566720285725, 6.145591628396446], [-75.57566230386631, 6.145611443445622], [-75.57564942639644, 6.145646913299736], [-75.5756488906045, 6.145648386836847], [-75.57563409769709, 6.145679258680837], [-75.57562494877257, 6.145709604262875], [-75.57562078910584, 6.145731197710649], [-75.5756198408658, 6.14573612505183], [-75.57561626145964, 6.145801155423685], [-75.57561592896738, 6.145805456878842], [-75.57560489051936, 6.145870381262757], [-75.57560450903676, 6.145871447215615], [-75.57559319247407, 6.145903164807134], [-75.57558969917177, 6.145928081191203], [-75.57558925777447, 6.145962313074461], [-75.57559081653103, 6.145985708837439], [-75.5755915019482, 6.145995994983051], [-75.57561210956895, 6.14605770738421], [-75.57562955986978, 6.146093077159981], [-75.57563226384706, 6.1460969155494585], [-75.57562589562413, 6.146119260998183], [-75.57563459967987, 6.1461316231567835], [-75.57563736911091, 6.146137049716869], [-75.57565703220203, 6.146175548727965], [-75.5756779151626, 6.146209252891699], [-75.57569813877494, 6.1462651185744], [-75.57573453433605, 6.146332096215396], [-75.57574522223706, 6.1463591393641845], [-75.57575771890346, 6.1464911811312355], [-75.57575647455931, 6.146603694799101], [-75.57574291761378, 6.146672531570162], [-75.575734742482, 6.146715832592886], [-75.57573012886222, 6.146786119805371], [-75.57572477408439, 6.14681990072531], [-75.5757095288901, 6.146939792367922], [-75.57570417101147, 6.1470279208658605], [-75.57570019031441, 6.14712085519546], [-75.57570037530047, 6.14715178322248], [-75.57570910725137, 6.147189829529961], [-75.57571935700533, 6.147219671134838], [-75.5757335889754, 6.1472492340650176], [-75.57574000786511, 6.1472625664702285], [-75.5757457198427, 6.1472722226374685], [-75.57574974335046, 6.1472790218845015], [-75.57575131511618, 6.147281091000801], [-75.57568966211521, 6.147324064924348], [-75.57566940756118, 6.14735168669696], [-75.5756415284205, 6.147372588966146], [-75.57564775184575, 6.147416815071475], [-75.5756474173471, 6.147446973511248], [-75.57564739823748, 6.147447695067232], [-75.57564735293272, 6.147448416749514], [-75.57564728322636, 6.147449135837166], [-75.57564718731183, 6.147449852338914], [-75.57564706790329, 6.1474505671457615], [-75.5756469222692, 6.147451275750436], [-75.57564675402264, 6.147451978135483], [-75.57564656136574, 6.147452676117798], [-75.57564634067236, 6.147453367002549], [-75.57564610097096, 6.14745404984215], [-75.57564583772769, 6.147454721042091], [-75.57564555006107, 6.1474553851270635], [-75.57564523886127, 6.1474560393804945], [-75.57564490502293, 6.147456681989926], [-75.57564455124277, 6.147457310230057], [-75.57564417574041, 6.147457929534037], [-75.57564377577114, 6.1474585326823386], [-75.57564335857865, 6.147459123256445], [-75.57564292143567, 6.1474596976530975], [-75.57564246254434, 6.147460257689193], [-75.57564198550908, 6.147460801539126], [-75.57564149032555, 6.147461328298863], [-75.57564097608177, 6.147461836164605], [-75.57564044640388, 6.1474623278311356], [-75.57563989856467, 6.147462799695268], [-75.57563933528702, 6.1474632544561025], [-75.57563875654482, 6.147463686689272], [-75.57563816325442, 6.147464099102584], [-75.57563755542016, 6.147464492600129], [-75.5756369348312, 6.14746486355694], [-75.57563630239079, 6.147465211968611], [-75.57563565810766, 6.14746553964333], [-75.57563500106549, 6.147465843873214], [-75.5756343339741, 6.147466124645215], [-75.57563366045531, 6.1474663837500465], [-75.57563297507205, 6.147466617597571], [-75.57563228416032, 6.1474668288694865], [-75.57563158681685, 6.147467017570148], [-75.57563088121766, 6.147467180092012], [-75.57563017368138, 6.147467315500529], [-75.57561602473369, 6.14746476276186], [-75.57561634653149, 6.14746612276996], [-75.57563997238032, 6.147494839386042], [-75.57563818477293, 6.147504040792444], [-75.57564455400542, 6.14751080884015], [-75.57565340715472, 6.14752617636886], [-75.57565900736249, 6.147542450110193], [-75.57566343393152, 6.147555105917342], [-75.57566912446826, 6.1475713792227555], [-75.57567372941938, 6.147584124578518], [-75.5756830331299, 6.147603018596678], [-75.5756914337262, 6.147618385593441], [-75.57569929400101, 6.1476346601892], [-75.57570787386997, 6.1476527413030855], [-75.5757134751677, 6.147665487278205], [-75.57571916518938, 6.147677148821456], [-75.5757305462775, 6.147699750438623], [-75.57573713969933, 6.1477133089265035], [-75.57574436554982, 6.147728768378108], [-75.57575068920389, 6.147743143655434], [-75.57575619727592, 6.147759416029571], [-75.57576071582953, 6.14777297728871], [-75.57576776005384, 6.1477936777204025], [-75.57576761915176, 6.147816199280111], [-75.57577483802862, 6.1478146338464885], [-75.5757751484836, 6.1478215188024565], [-75.57577372068077, 6.147829841506507], [-75.5757806368135, 6.147853393150677], [-75.57578463079405, 6.147867004855276], [-75.57579952091012, 6.147925196224253], [-75.5758027863138, 6.147937949843883], [-75.57580711252822, 6.147979295615752], [-75.57580846736099, 6.147992218472172], [-75.57579879551093, 6.148041528970725], [-75.5757963824142, 6.148053835325878], [-75.57577061516406, 6.148098566473543], [-75.57576375476691, 6.148108361918842], [-75.57573993679966, 6.148146517261985], [-75.5757284136921, 6.148164972867213], [-75.57572565470333, 6.148170163894717], [-75.57572298898751, 6.148175403293309], [-75.57572041291841, 6.14818068836821], [-75.57571792828526, 6.148186015494422], [-75.57571554141967, 6.1481913864496045], [-75.57571324418345, 6.14819679946481], [-75.5757110428778, 6.148202249989196], [-75.57570893931364, 6.148207738918149], [-75.57570692805388, 6.148213262661501], [-75.57570501452254, 6.148218822097204], [-75.5757032005088, 6.148224413600256], [-75.57570148239083, 6.148230035379965], [-75.57569986288283, 6.148235688327295], [-75.57569834195, 6.148241365209724], [-75.57569691961842, 6.148247071451657], [-75.57569559766858, 6.148252801619959], [-75.57569437607437, 6.148258550290243], [-75.57569325576517, 6.148264322882521], [-75.57569187859913, 6.148272280994813], [-75.5756884074581, 6.148308549029147], [-75.57568428163624, 6.148368129468458], [-75.5756836767165, 6.148373256767534], [-75.5756833158783, 6.148380487611069], [-75.57568132926602, 6.148396760865667], [-75.57567988381089, 6.148407608779005], [-75.57567843898819, 6.148417462190318], [-75.57567554811598, 6.1484365388682], [-75.57567618247802, 6.148450099871109], [-75.57567609124584, 6.148460045300851], [-75.57567554901263, 6.148466372929178], [-75.57567482675546, 6.148471706926669], [-75.57567338099682, 6.148481741160583], [-75.57567193767714, 6.148490780883758], [-75.5756694975274, 6.148502534067583], [-75.57566742049696, 6.148514285500368], [-75.57566597537509, 6.148523326136376], [-75.5756640785789, 6.1485349890033225], [-75.57566290594437, 6.148543214644343], [-75.57566136989924, 6.148553070303936], [-75.57565929103382, 6.148565003467759], [-75.5756571250466, 6.148576664920645], [-75.57565585910314, 6.148583896512706], [-75.5756540536409, 6.148597456624217], [-75.57565324113342, 6.148607310602919], [-75.57565089219112, 6.148619245973357], [-75.5756501710466, 6.1486283762394836], [-75.57564971840287, 6.148633799345923], [-75.57564890438847, 6.148644466108835], [-75.5756502602254, 6.148657033654072], [-75.57565288042485, 6.148673487209397], [-75.57565450713999, 6.148684154859278], [-75.57565549942589, 6.14869156813239], [-75.57565965477568, 6.148700607075064], [-75.57566308722018, 6.148708653196671], [-75.57566679182817, 6.148717693408784], [-75.57566886887986, 6.148723209190174], [-75.57567320430482, 6.148733064561454], [-75.57567717775451, 6.148743909848614], [-75.5756802494862, 6.148751144028456], [-75.57568404294484, 6.148758375631764], [-75.57568955405469, 6.148765517583411], [-75.57569262383153, 6.148771032193385], [-75.57569894801156, 6.148780070620821], [-75.57570292337161, 6.148785495878924], [-75.57570770940023, 6.148793632209533], [-75.5757121351747, 6.148800864379295], [-75.57571547624518, 6.148807192265636], [-75.57572198117913, 6.1488207529827], [-75.57572532449608, 6.148827172171122], [-75.5757293867034, 6.148834312972636], [-75.57573213176157, 6.148839174586935], [-75.57573824022454, 6.148847873211722], [-75.57574131036318, 6.148851398821413], [-75.57574401944726, 6.14885591795899], [-75.57575151712068, 6.148869480216024], [-75.57575720836937, 6.148879515289146], [-75.57576461482255, 6.148890453412642], [-75.57577130034042, 6.1488994946158755], [-75.57577744179366, 6.1489075403276345], [-75.57578132544748, 6.148913054627506], [-75.57578629309918, 6.148918388305891], [-75.57579098975754, 6.148923721482996], [-75.57579713265771, 6.1489337561850395], [-75.57580282346863, 6.148943699946057], [-75.57580643587116, 6.148948221958978], [-75.5758123968285, 6.148955363546419], [-75.57581781710495, 6.148962775352013], [-75.5758221542533, 6.148968109358346], [-75.57583064487527, 6.148977963671717], [-75.5758382315846, 6.148986190462204], [-75.57584464489538, 6.148994415679129], [-75.57584970258547, 6.148998937953499], [-75.57585756122053, 6.1490069835180705], [-75.57586758742187, 6.149017017570669], [-75.57587060031749, 6.149022912170289], [-75.57587410765419, 6.149024373440867], [-75.57594949514801, 6.14906950182194], [-75.57595183850596, 6.149074043515332], [-75.5759827586993, 6.14907069028287], [-75.57604418493891, 6.1491304915536436], [-75.57613336507889, 6.14921052807447], [-75.57623321587565, 6.149265409238924], [-75.57625230459753, 6.14928437717102], [-75.57628247990357, 6.149350120744819], [-75.57631484017706, 6.149487299446288], [-75.57632883420912, 6.149553331725953], [-75.57632452354308, 6.149587822742539], [-75.576306721283, 6.149630036486354], [-75.57626038173854, 6.149778766696667], [-75.57625927891513, 6.149802234948855], [-75.57625227498748, 6.1498857605039365], [-75.57624954842136, 6.149959389149147], [-75.57623877372245, 6.150019203259305], [-75.57620479708162, 6.15015636296916], [-75.57619938063452, 6.1502487789185265], [-75.57616328315162, 6.150378649248246], [-75.57615898047015, 6.150425862580002], [-75.57617514831226, 6.15053848928512], [-75.57617839499696, 6.150595357128139], [-75.57619351120263, 6.150736257974797], [-75.57620754476581, 6.150856237984469], [-75.57623017904503, 6.150940841054735], [-75.57626419466152, 6.1510510644392875], [-75.57630999884046, 6.151109800895495], [-75.57635310498911, 6.1511593774719096], [-75.57639808661756, 6.151194746266717], [-75.57644550641422, 6.151238393788402], [-75.57650585896451, 6.151290124733491], [-75.57652579818497, 6.1513132961479], [-75.57654744156879, 6.151353450790453], [-75.57657761698538, 6.151441288413329], [-75.57659598461062, 6.151505174929299], [-75.5766240652858, 6.151670441621775], [-75.57663753837741, 6.15173348744508], [-75.57665693405131, 6.151777138185028], [-75.57668237191129, 6.151823779416456], [-75.57672171081535, 6.151880363621063], [-75.57674865147634, 6.151925626991722], [-75.57677185350231, 6.151977670088307], [-75.57680741758418, 6.152081133245203], [-75.57682313295389, 6.152119668315699], [-75.57685707947866, 6.152183255380689], [-75.5768807901823, 6.152240376987937], [-75.57690888339901, 6.15230211269937], [-75.57692720453383, 6.152365701952862], [-75.57695310113223, 6.152446786724793], [-75.5769579524735, 6.152491513899787], [-75.57695848611093, 6.152587805840289], [-75.57695417767545, 6.152650852491744], [-75.57693637496062, 6.152749749039661], [-75.5769212885985, 6.152828425181656], [-75.57691374019639, 6.152914378107045], [-75.57692401739328, 6.153055927809259], [-75.57693264109558, 6.153095806221103], [-75.57696119915299, 6.1531437667715965], [-75.57700700138693, 6.153191724519698], [-75.57704923448678, 6.153218846683922], [-75.57712359837454, 6.153263032969335], [-75.57723214025012, 6.15332209461637], [-75.57732051248493, 6.153375981893589], [-75.57738894877505, 6.153425016445705], [-75.57745381845965, 6.153473229214527], [-75.57753680103536, 6.153538430915235], [-75.57759995587215, 6.153591996004319], [-75.57776670129913, 6.1536880618790075], [-75.57781304145296, 6.15373440401589], [-75.57787824484592, 6.153805536439893], [-75.57790416511445, 6.153840332543479], [-75.57798229913111, 6.153895296148293], [-75.57807929464215, 6.15395726480215], [-75.57815772403282, 6.154004354140357], [-75.57822777394708, 6.154039378207071], [-75.57832660436776, 6.154089224052892], [-75.57838318346745, 6.154127481100222], [-75.57842467520588, 6.1541495754279705], [-75.57853978533068, 6.154215008589682], [-75.57862653974512, 6.154269973790511], [-75.57871060198983, 6.15433086471331], [-75.57874195237318, 6.154362901444124], [-75.57881424388697, 6.154473655410258], [-75.57886543674562, 6.154555564248163], [-75.57888541788076, 6.154603285774792], [-75.57893660931794, 6.154709981066647], [-75.578957090012, 6.15477230751288], [-75.5789603265283, 6.154843438132664], [-75.57895492305934, 6.154915355481035], [-75.57893283375695, 6.155002651545535], [-75.57889344354133, 6.155070335688213], [-75.57884117763128, 6.15517380166218], [-75.5787968548112, 6.155224719837857], [-75.5787483601826, 6.155266214077427], [-75.57871010065607, 6.155309326888252], [-75.57864208781226, 6.155377524571424], [-75.5785930547478, 6.155432491413213], [-75.57853378289008, 6.1555348801320715], [-75.57852348430703, 6.155561108672834], [-75.57850893734606, 6.15560098415827], [-75.57850678294758, 6.15566295442072], [-75.57852193680692, 6.155727894132662], [-75.57853540793685, 6.155772081407887], [-75.57860073065174, 6.155850444817679], [-75.57864976598829, 6.155908640799222], [-75.57868802510968, 6.155938819651442], [-75.57877608024222, 6.156023836616597], [-75.57883966359222, 6.156081494827063], [-75.57893252068968, 6.156162561176489], [-75.57899556458287, 6.156221298730402], [-75.57904471038361, 6.156290013166118], [-75.57906788138433, 6.156351983918878], [-75.5790840504236, 6.156424729984022], [-75.57908457859993, 6.156455181613952], [-75.57908188779787, 6.156570501928753], [-75.57909482001449, 6.156682492894857], [-75.57910451924771, 6.156729912393], [-75.57911691490028, 6.1567638624163195], [-75.57915033442397, 6.156836389447042], [-75.57917350799012, 6.156872493324883], [-75.57920691668127, 6.15693715845519], [-75.57921503043279, 6.156989217250695], [-75.57922419398123, 6.157072742246858], [-75.57922796475147, 6.157183026275683], [-75.57922581155883, 6.157262241965059], [-75.57921126477171, 6.157328523141308], [-75.5792105782611, 6.157330770405739], [-75.58029543825084, 6.15731460177491], [-75.58034057263446, 6.1574274403395615]]]}, "properties": {"OBJECTID": 37, "SE_ANNO_CAD_DATA": null, "SHAPE.AREA": 0, "SHAPE.LEN": 0, "BARRIO": "002", "NOMBARRIO": "EL SALADO", "MUNICIPIO": 266, "nombre_barrio_estandarizado": "EL SALADO", "municipio_estandarizado": "envigado"}}, {"type": "Feature", "geometry": {"type": "Polygon", "coordinates": [[[-75.59244787669174, 6.154779738676641], [-75.59245627656813, 6.154782361278309], [-75.59246548984856, 6.15478507304777], [-75.59247271707876, 6.1547887799117795], [-75.59248229111033, 6.154792305406464], [-75.5924928592064, 6.154795920095123], [-75.59250180182758, 6.154799445040918], [-75.59251029187911, 6.154803153001061], [-75.59252040876932, 6.154806859385047], [-75.59253179060755, 6.154811377813176], [-75.5925443455349, 6.154814903287925], [-75.59255211398809, 6.154817522627124], [-75.59256141817116, 6.154819421186673], [-75.59257072192007, 6.154821230244421], [-75.59258228287925, 6.154823941453068], [-75.59259366395452, 6.154827557613404], [-75.59260278657386, 6.1548294561502335], [-75.592614439149, 6.154829452870863], [-75.59262401487553, 6.154827554790514], [-75.59263512394661, 6.154825747803929], [-75.59264713553877, 6.154823035066017], [-75.59265915087049, 6.154819417327727], [-75.5926689960097, 6.154815890597374], [-75.59267685244608, 6.15481299824808], [-75.59268606677465, 6.154808477384768], [-75.59270611859343, 6.154796814081516], [-75.59271641663072, 6.154794103340347], [-75.5927245455187, 6.154790395092538], [-75.59273402752915, 6.154786868317738], [-75.59306712966294, 6.154362861817458], [-75.59307977499667, 6.154343875310178], [-75.59308889950721, 6.154335738570585], [-75.59309874470985, 6.154334834565958], [-75.59311436960034, 6.154337545003072], [-75.59313659047032, 6.154342878661641], [-75.59316377816869, 6.154351104736203], [-75.59318970304804, 6.1543593297133485], [-75.59321110995451, 6.154368368617196], [-75.59323242777546, 6.154378222526682], [-75.59325573152574, 6.15439096706424], [-75.59326458536545, 6.1543963023925885], [-75.59328554125929, 6.1544071480228455], [-75.59329520561012, 6.1544106730646], [-75.5933071290931, 6.154414379695267], [-75.5933163414569, 6.154417090551235], [-75.59332374736194, 6.154418899780455], [-75.59333205913893, 6.154421611396645], [-75.59334127196746, 6.154424231842077], [-75.59335012389256, 6.154427124360483], [-75.5933590659977, 6.15442793796641], [-75.59336864222227, 6.154428752106582], [-75.5933785768881, 6.154430648493313], [-75.5933893256436, 6.1544342649988435], [-75.59339718543346, 6.154436162428619], [-75.59340684902033, 6.154438785202303], [-75.5934166042639, 6.154441495225793], [-75.59342491423459, 6.154444206848968], [-75.59343322615065, 6.154446016193314], [-75.59344099232545, 6.154448725938782], [-75.59344966498897, 6.154451348103193], [-75.59345851518464, 6.154450533006506], [-75.59346610347741, 6.15444971952256], [-75.59347432320571, 6.154448725770346], [-75.59348200017558, 6.154446826962386], [-75.59348931592889, 6.1544442048399395], [-75.5934965440063, 6.154438778695662], [-75.59350250456504, 6.154431638252815], [-75.59350674809785, 6.154423411317711], [-75.59350945962552, 6.154415182787975], [-75.5935124387751, 6.154405329234636], [-75.59351415454579, 6.154396290066949], [-75.59351496667648, 6.154386436197256], [-75.59351505812461, 6.15437549641715], [-75.59351568805292, 6.154363835278378], [-75.59351596008652, 6.154350273700409], [-75.5935150554563, 6.15433752608655], [-75.59351306796047, 6.154326679585885], [-75.59350936290222, 6.154305885733474], [-75.59350692289759, 6.154291511010018], [-75.59350529710838, 6.154277951423262], [-75.59350375960231, 6.154266017842492], [-75.5935016833773, 6.154253453121773], [-75.59349987691982, 6.154239891700741], [-75.59349779702924, 6.154224523453897], [-75.5934957195843, 6.154210962445719], [-75.59349499592484, 6.154199209341071], [-75.59349481355144, 6.15418917496893], [-75.59349499371018, 6.1541801351280405], [-75.59349526385789, 6.154170280276107], [-75.5934956267436, 6.154159432296532], [-75.59349616714542, 6.154148494854624], [-75.59349643703311, 6.154140448158642], [-75.59349553496826, 6.154128787232835], [-75.59349481151406, 6.154118751874066], [-75.59349345606475, 6.15410971226377], [-75.59349273232007, 6.154101664972471], [-75.59349210009731, 6.154091629170275], [-75.59349056412626, 6.1540753569143885], [-75.59348938901178, 6.154065505470185], [-75.59348162021877, 6.154046429223517], [-75.59347836904482, 6.154038382462453], [-75.59347475444909, 6.154029343886526], [-75.59347059769087, 6.154018405766668], [-75.59346544980168, 6.154005748388018], [-75.59345885587261, 6.15399218943915], [-75.59345253382638, 6.15397862826465], [-75.59344620881008, 6.15396687525913], [-75.59344160058342, 6.153957836087026], [-75.593436363319, 6.153947981781831], [-75.59343139418543, 6.153936048603545], [-75.59342760073395, 6.153927009087731], [-75.59342398643993, 6.1539189631862765], [-75.59342091639738, 6.153910826944294], [-75.59341712114421, 6.153901788341065], [-75.59341350834903, 6.153892747946986], [-75.59340772532514, 6.153874666476576], [-75.59340275733159, 6.153861105952558], [-75.59339661403132, 6.153842122155145], [-75.59339498604848, 6.153831273904985], [-75.59340239274175, 6.153786884776471], [-75.59341638964703, 6.153731828959439], [-75.59341982167639, 6.153722786876129], [-75.59342343566493, 6.153711033484504], [-75.5934262347531, 6.153700185418235], [-75.59343210494474, 6.153683914236439], [-75.59344764269741, 6.153689335518505], [-75.59346633866251, 6.153692952282778], [-75.59347509976445, 6.153692953101781], [-75.59348395196254, 6.153693856651238], [-75.59349253394134, 6.153695663782928], [-75.59350183662296, 6.153698375105649], [-75.59351005779837, 6.153702895318406], [-75.59351927086837, 6.153710037055195], [-75.59352739891044, 6.153718261725001], [-75.59353525837537, 6.153725494118837], [-75.59354230499885, 6.1537318218651045], [-75.5935525104596, 6.153738149628787], [-75.5935638919668, 6.153741674461471], [-75.59357509305296, 6.153743572831537], [-75.59358593238937, 6.153745382551695], [-75.5936032744328, 6.153748093676031], [-75.59361538051226, 6.153750713620895], [-75.59362576655514, 6.153754418680964], [-75.5936401277903, 6.153759752553735], [-75.59364888879712, 6.15376345737437], [-75.59366180713262, 6.153767978260984], [-75.59367544809923, 6.153772497443239], [-75.59368863527274, 6.153776202448841], [-75.5937015508987, 6.153780723347391], [-75.59371528007819, 6.15378424761468], [-75.59372819732778, 6.153786869038347], [-75.59373876550313, 6.153789760444982], [-75.5937500559144, 6.153792382542352], [-75.59376225044934, 6.153792382037589], [-75.59377453410431, 6.153791387518596], [-75.5937852841834, 6.1537887640734885], [-75.59379467764269, 6.153785237720363], [-75.59380352941204, 6.153779723222111], [-75.59381183843236, 6.15377330547651], [-75.59381897325584, 6.1537661620395925], [-75.5938252964796, 6.153758928523375], [-75.59382990280133, 6.153749888869331], [-75.59383477928797, 6.153737142090062], [-75.59383739827535, 6.153725480326943], [-75.59383974634581, 6.1537164398961055], [-75.59384236450504, 6.153707399960703], [-75.5938451642186, 6.153698358238793], [-75.59384904764616, 6.1536847980966485], [-75.59385311057056, 6.153673046140398], [-75.59385545962486, 6.153660298988789], [-75.59385536703724, 6.153647732767046], [-75.59385301944863, 6.153637697168452], [-75.59385021962258, 6.153628657348588], [-75.5938477793011, 6.15361961578135], [-75.59384588301289, 6.15360894965551], [-75.59385762589088, 6.153608948633298], [-75.59386575371455, 6.153612473904721], [-75.59388391083685, 6.153622509508358], [-75.59389429753739, 6.153627840090833], [-75.59390242692156, 6.153633176220286], [-75.59391200239014, 6.153642215653068], [-75.5939222105958, 6.153657672765371], [-75.5939269082574, 6.153666713304535], [-75.5939304325355, 6.1536757541224745], [-75.59393549190177, 6.153688411019676], [-75.59393937465177, 6.153698354172077], [-75.59394352943131, 6.153707394637337], [-75.59394976161815, 6.153714536388], [-75.59395707916475, 6.153718243698771], [-75.59397514414391, 6.153721947589475], [-75.59397487399313, 6.153731800629876], [-75.59397532649517, 6.153741656486205], [-75.59397848782378, 6.153752594916959], [-75.59398418001376, 6.153761634236996], [-75.59399673490198, 6.153777816762056], [-75.5940026061835, 6.153785229680679], [-75.59401218075355, 6.153794269114165], [-75.59402202820604, 6.153799603217489], [-75.59403024846799, 6.153804120711929], [-75.59404099487936, 6.153811352622946], [-75.59404885448376, 6.153817681832168], [-75.59405743756074, 6.153827533424558], [-75.5940642119147, 6.1538365747151], [-75.59406963188984, 6.153844802591294], [-75.59407432830908, 6.153853027656024], [-75.5940801090364, 6.1538620692557515], [-75.59408869064792, 6.153872735427528], [-75.5940974528215, 6.153880961521745], [-75.59410504202494, 6.153886294847005], [-75.59411416469379, 6.153890814281138], [-75.59412671892545, 6.153892713292301], [-75.5941369261912, 6.153892710685369], [-75.59414749272156, 6.153888189563632], [-75.59416104234617, 6.153874630349017], [-75.59416745538061, 6.153864685066991], [-75.59417332540713, 6.153855644693385], [-75.5941796479843, 6.153846603928011], [-75.5941870543915, 6.153838467395267], [-75.59419509241768, 6.153832050058503], [-75.59420394479109, 6.153828522712973], [-75.5942144230514, 6.153828521499923], [-75.5942239067337, 6.153832047404954], [-75.59423429419698, 6.153838464674306], [-75.59424341784128, 6.153845605020103], [-75.59425226888544, 6.153854647060305], [-75.59426112082001, 6.153863686383694], [-75.59427078783851, 6.153873719845141], [-75.59428072482159, 6.153884658782904], [-75.5942905692534, 6.153895326043119], [-75.59430005440446, 6.153904365903236], [-75.59430926879138, 6.153911777028942], [-75.59431821147241, 6.153917923767811], [-75.59432715457976, 6.15392434443962], [-75.59433582469444, 6.153928863356778], [-75.59435596735217, 6.153935190705289], [-75.5943655429639, 6.1539369984138705], [-75.59437683316033, 6.153937900942463], [-75.5943893887637, 6.153939710436312], [-75.59440049907467, 6.153941517011521], [-75.59441215033334, 6.153944227745483], [-75.59442217638798, 6.1539450423949145], [-75.5944335573507, 6.153946034888577], [-75.59444512107159, 6.153945040236987], [-75.59445722313316, 6.153944226495404], [-75.5944667977671, 6.153943413288456], [-75.59447881145275, 6.153941513275943], [-75.59448901773891, 6.153938889748423], [-75.59449877311657, 6.153934371660191], [-75.59450915987615, 6.153929848693981], [-75.59451810196705, 6.153924334650888], [-75.59452632262301, 6.153919813175081], [-75.59453806292525, 6.153912581342734], [-75.59454736599041, 6.1539062518754], [-75.59455585746025, 6.153899833234038], [-75.5945631730139, 6.153895312542181], [-75.59457085102163, 6.153889164558334], [-75.59457925035218, 6.15388274546071], [-75.59458837211872, 6.153874609625456], [-75.59459559953577, 6.153867377132199], [-75.59460399821485, 6.153859148980401], [-75.5946119463763, 6.153849292968952], [-75.59461826959905, 6.153842062159607], [-75.59462495318446, 6.153832028769015], [-75.59463118391456, 6.1538239802201], [-75.59463687405037, 6.153815844795992], [-75.59464545499551, 6.15380590072474], [-75.5946545786859, 6.153796858995239], [-75.59466369928539, 6.153790530414416], [-75.59467137796696, 6.15378601066875], [-75.5946798693454, 6.153783296028741], [-75.59469251273363, 6.15378067421072], [-75.59470434537255, 6.153781487304746], [-75.59471437371705, 6.153785194079342], [-75.59472900593587, 6.153796854231605], [-75.59473568988084, 6.153803272318688], [-75.594743097457, 6.153812314133404], [-75.59475168021449, 6.153821353850191], [-75.59475917630799, 6.153830394329976], [-75.59476468585585, 6.153837534155153], [-75.59477055890822, 6.153848473854249], [-75.59477579652632, 6.153859141803617], [-75.59478067412839, 6.153870078205899], [-75.59478537301871, 6.153880113208736], [-75.5947890767533, 6.153888158657627], [-75.59479314122835, 6.1538972013568545], [-75.59479874284717, 6.153908049255039], [-75.59480524853196, 6.153919799545782], [-75.59481111934117, 6.153930648846932], [-75.594821055117, 6.153946920018127], [-75.59482846210032, 6.153956955413044], [-75.59483397183811, 6.153965994700149], [-75.59483984271729, 6.153973136382842], [-75.59484671070877, 6.153981181813683], [-75.5948599884071, 6.153993114343756], [-75.59487191197769, 6.153999261040451], [-75.59488193696937, 6.1540011596732445], [-75.59489331801137, 6.15399844725088], [-75.5949024401465, 6.153993924098765], [-75.5949089440202, 6.153986692408491], [-75.59491282677736, 6.153977652654067], [-75.59491517508262, 6.153966804071814], [-75.59491698115708, 6.153957764470814], [-75.59491788392361, 6.153948722933769], [-75.59491797398765, 6.153937875387779], [-75.59492005176983, 6.153926936809339], [-75.59492366318511, 6.153917080185431], [-75.59495789530199, 6.1538736853163645], [-75.59498571356377, 6.153836528119826], [-75.59499068118569, 6.153827489418964], [-75.59499546664347, 6.153819443375632], [-75.59499998466691, 6.153808594188082], [-75.59500341486297, 6.153799553018494], [-75.59500693757658, 6.153787799170165], [-75.59500955687236, 6.153776951078981], [-75.59501316780475, 6.153764204125978], [-75.5950187698417, 6.153756157728329], [-75.59502572258916, 6.1537461221233025], [-75.59503204538596, 6.153735455824088], [-75.59503809605305, 6.1537264154732485], [-75.59504469166896, 6.153721894661973], [-75.59505417406638, 6.15373446041549], [-75.59505887187194, 6.15374259685944], [-75.5950684487595, 6.153748018142377], [-75.59507910561766, 6.153749826909182], [-75.59508868031953, 6.153751634609542], [-75.59510015207849, 6.1537525389532215], [-75.5951116240421, 6.153755160136377], [-75.59512345536989, 6.153758867175375], [-75.59513438552487, 6.153763384128263], [-75.59514495430659, 6.153771611358735], [-75.59515353526068, 6.153780651075262], [-75.59516021962247, 6.153790503738364], [-75.59516609102667, 6.153800358546546], [-75.59517133098885, 6.153810391816074], [-75.59517792736432, 6.153822959847273], [-75.59518262354125, 6.153832993048714], [-75.59518768190456, 6.15384655400205], [-75.59519165689274, 6.15385911850739], [-75.59519536178033, 6.153871866045469], [-75.59519771088524, 6.153880906231946], [-75.59520014941472, 6.1538899459834955], [-75.59520421442376, 6.1539080285315055], [-75.59520629343626, 6.153917067319089], [-75.59520836949312, 6.153927916081441], [-75.59520972677443, 6.153936955666638], [-75.59521406404752, 6.153981162882509], [-75.59521975774669, 6.154030883790172], [-75.59522093378652, 6.1540409196443715], [-75.5952220164685, 6.154049959660687], [-75.59522319097755, 6.154058005650715], [-75.59522499932491, 6.154068041141953], [-75.59522779815887, 6.154084313557676], [-75.59523222446661, 6.154096064910283], [-75.59523818716153, 6.1541087210035545], [-75.59524875586898, 6.15413032674705], [-75.59525923537753, 6.154150304682707], [-75.59526736459432, 6.15417290592429], [-75.59527676025603, 6.154201836771305], [-75.59528552332183, 6.154226243081364], [-75.5952916660007, 6.154259782454895], [-75.59529437912663, 6.154285005638918], [-75.59529311545444, 6.154303991054006], [-75.59528841877122, 6.1543230645880955], [-75.59528435676299, 6.15434467187292], [-75.59528417612383, 6.154357327104384], [-75.59529411345096, 6.1543627502408835], [-75.59530160907626, 6.154359225858991], [-75.5953103684983, 6.1543518114195415], [-75.59532391988559, 6.154338250366126], [-75.59533710516702, 6.154320168904932], [-75.59534604759709, 6.154305796710119], [-75.59535408426459, 6.154295940260169], [-75.59536130982062, 6.154292233664103], [-75.59536970933713, 6.154294040742214], [-75.59537131757874, 6.1542948610537325], [-75.59537856283497, 6.154298560552378], [-75.59538145361944, 6.154306607233927], [-75.59538344140799, 6.154315646462516], [-75.5953847974594, 6.15432387328717], [-75.59538805021377, 6.154333728168197], [-75.5953911203881, 6.154341141123816], [-75.59539473483844, 6.154348282921525], [-75.59540196059177, 6.154352802511289], [-75.59540746922681, 6.154347287072551], [-75.59541225673809, 6.154337432864286], [-75.59542851155632, 6.154295938081761], [-75.59544278282415, 6.154256881295555], [-75.59544522119076, 6.154247840428918], [-75.59544729765099, 6.154239794902041], [-75.59545072866591, 6.154228133715532], [-75.59545380114625, 6.154219092476936], [-75.59545614805799, 6.154211680296002], [-75.59545912840396, 6.154202639505577], [-75.5954609335599, 6.154193599006682], [-75.59546265108918, 6.154184557125841], [-75.5954641870685, 6.154175517936216], [-75.59546553967381, 6.154166477830361], [-75.59546788646729, 6.154156622836875], [-75.59547032631144, 6.154146770103049], [-75.59547384870038, 6.154134021773102], [-75.5954752027791, 6.154124168895876], [-75.59547664634162, 6.154110607063858], [-75.59547682770786, 6.154102380898723], [-75.5954768275023, 6.154094152904481], [-75.59547673573705, 6.154085113495359], [-75.5954772780445, 6.154069925997973], [-75.59548134126035, 6.154058986805949], [-75.59548233460649, 6.1540481384875845], [-75.59548576633904, 6.154034578738624], [-75.59548793396277, 6.154023728325164], [-75.59549046361623, 6.154011163831051], [-75.59549181662328, 6.153999229776373], [-75.5954921764649, 6.153984042262561], [-75.59549560886799, 6.153972108943145], [-75.5955033777833, 6.153964966928248], [-75.59551439507875, 6.153956919503175], [-75.59552938910922, 6.153945981390854], [-75.59553706596017, 6.153941458931506], [-75.59555485994586, 6.153938837355744], [-75.59556533891062, 6.15393693664831], [-75.59557482224466, 6.153933321230981], [-75.5955912619926, 6.153928799544999], [-75.59560291311173, 6.153926087604118], [-75.59561266665148, 6.153921566796164], [-75.5956230570186, 6.153917046506914], [-75.59563244890082, 6.1539117119814275], [-75.59564202128654, 6.153904299011596], [-75.59564942985786, 6.153899776952081], [-75.59568546715036, 6.153869127982386], [-75.59572873166071, 6.153829350663915], [-75.5957374937528, 6.153822117025538], [-75.59574625463328, 6.153813889813755], [-75.59575790590745, 6.153806746090681], [-75.59577443518982, 6.153794993167929], [-75.59578437119107, 6.153790472374979], [-75.59579828144264, 6.1537877584834275], [-75.59581065507258, 6.153785951621368], [-75.59582510782657, 6.153785950029754], [-75.59583504409375, 6.153785948709281], [-75.59585373957489, 6.153789654887344], [-75.59586313486466, 6.153792278017278], [-75.59587153514354, 6.153794988257966], [-75.59588499420505, 6.153798693688141], [-75.59589655668935, 6.153803214779078], [-75.59590585892867, 6.1538058356484795], [-75.59591687911268, 6.153809360373205], [-75.59592645374636, 6.153814874767329], [-75.59593629892402, 6.153820297437567], [-75.59594614579099, 6.153826625983128], [-75.59595563030504, 6.15383385765446], [-75.59596439050033, 6.153840185157065], [-75.59597306295187, 6.153847417161897], [-75.59598110322759, 6.153853746358008], [-75.5959914898765, 6.153862784503196], [-75.59599799506411, 6.15387182435249], [-75.59600305283003, 6.153880050342146], [-75.59600874392613, 6.1538907187752105], [-75.59601226853663, 6.1539007513333335], [-75.59601714652018, 6.153912505900131], [-75.59602094181415, 6.153921545370364], [-75.59602545769283, 6.153932394006577], [-75.59602834667034, 6.153940439786187], [-75.59603268413102, 6.153951377889585], [-75.59603693026028, 6.153963039697608], [-75.59603982045468, 6.153972079954215], [-75.59604415766428, 6.153984826209614], [-75.59604713762177, 6.1539946796973926], [-75.59605066278657, 6.1540137539115305], [-75.59605228823811, 6.154023698067628], [-75.59605463801806, 6.154034548199927], [-75.59605852211826, 6.1540481094230755], [-75.59606258633949, 6.154058955735061], [-75.59607035577666, 6.154070708890682], [-75.59607992980844, 6.1540805619407895], [-75.59608851159993, 6.154086980714483], [-75.59609555849757, 6.154091500259941], [-75.59610440850501, 6.154095115998362], [-75.59611588214463, 6.154098639413919], [-75.59612482439135, 6.154101532346824], [-75.59613412754358, 6.154104154109217], [-75.59614261816846, 6.154106866615671], [-75.59615237352375, 6.154108672509738], [-75.59616113513601, 6.154111384601519], [-75.59616899358419, 6.154113194299434], [-75.59617929104859, 6.154114097096329], [-75.5961878724947, 6.15411319105008], [-75.59619518731196, 6.154110568902357], [-75.59620241523098, 6.154106049522995], [-75.59621099416873, 6.154100535416148], [-75.596219214927, 6.154095109843086], [-75.59622860830301, 6.154088782626193], [-75.59623511175847, 6.154084259538691], [-75.59624134177643, 6.1540779305347275], [-75.59624613117188, 6.15407069994396], [-75.59625751046966, 6.15405442727617], [-75.5962642839924, 6.154043577059068], [-75.59626898093074, 6.154035350627092], [-75.59627566444347, 6.154025496234959], [-75.59628090301305, 6.154016454404044], [-75.59629246207415, 6.154000183574045], [-75.5963043859284, 6.153984814140535], [-75.59631251415259, 6.153975773619967], [-75.59632028260414, 6.153968539384213], [-75.59633130072511, 6.153957690213775], [-75.59634403548615, 6.153944128601905], [-75.59634990761135, 6.1539359018768405], [-75.59635478396541, 6.153926861808377], [-75.59636002245391, 6.153915199967692], [-75.59636453819911, 6.153904260383334], [-75.59636787834559, 6.153896212327133], [-75.5963717643774, 6.153886178977856], [-75.59637627906855, 6.153876324289103], [-75.59638115598645, 6.153866470550261], [-75.59638549035215, 6.1538574285985455], [-75.59639072752252, 6.153845495541905], [-75.59639623911744, 6.153834827759669], [-75.5964003034077, 6.1538257880261185], [-75.5964049996905, 6.153815753447122], [-75.59640969575983, 6.15380400112612], [-75.59643561698041, 6.153756990569552], [-75.59646045348372, 6.153715403414204], [-75.59646478803599, 6.153708260020035], [-75.59647111096348, 6.153696326201674], [-75.59647535622102, 6.153688280070805], [-75.59647978240942, 6.153678244094066], [-75.5964837548819, 6.153670200194515], [-75.59648872304425, 6.153660163389084], [-75.59649360086262, 6.153650309646433], [-75.59649947198339, 6.153639459300484], [-75.59650416587645, 6.153630421024546], [-75.59651021753105, 6.153620474779595], [-75.59652123842328, 6.1536059206959175], [-75.59653189520444, 6.153611435237453], [-75.59653641313923, 6.153620474801709], [-75.59654372967606, 6.153631412868445], [-75.59654906038834, 6.1536385535362195], [-75.5965551109168, 6.153646601105371], [-75.596560530255, 6.153653018985619], [-75.59656766774695, 6.153662057556719], [-75.5965795918459, 6.153677426678524], [-75.59658591482122, 6.153684658349577], [-75.59659296022096, 6.153690172378933], [-75.59660524541998, 6.153697313562664], [-75.59661445894794, 6.153704545633965], [-75.59662376190481, 6.1537117781739425], [-75.59664074443627, 6.1537208176604015], [-75.59665321029146, 6.153727957963421], [-75.59666928862285, 6.153736997327787], [-75.59667850308688, 6.153740702595736], [-75.5966909670558, 6.153745222897003], [-75.59670017881017, 6.15374892817764], [-75.5967140001234, 6.153752454623551], [-75.59673287658639, 6.153756972651525], [-75.59675184591056, 6.153759594381432], [-75.59676132993006, 6.153760587014811], [-75.59678039092408, 6.1537632987050275], [-75.59679195131667, 6.153763298504595], [-75.59681336010102, 6.153765105542962], [-75.59682157918941, 6.153765103519381], [-75.59683160475673, 6.153766007629061], [-75.59684045797076, 6.153766007943916], [-75.59685752912026, 6.153767814390047], [-75.5968692699268, 6.153769623268091], [-75.59688137553198, 6.15377233444561], [-75.59690756863813, 6.153780558828368], [-75.59691750486694, 6.153784084284274], [-75.59692743997314, 6.15378589109893], [-75.59694830588366, 6.153787699869028], [-75.59696158458928, 6.1537858903855485], [-75.59697377796338, 6.153777661827128], [-75.59698326258106, 6.15376780736266], [-75.59699021432337, 6.153761479363278], [-75.59699771292924, 6.153752438286095], [-75.59700403609403, 6.153745204750329], [-75.59700981548689, 6.153737973860797], [-75.59701577630912, 6.153731645259139], [-75.59702318187685, 6.153722604634706], [-75.59702941561672, 6.153715371534102], [-75.59703573741334, 6.153708228412472], [-75.59704531058334, 6.153698194510109], [-75.59705587958113, 6.153691774773205], [-75.59706906683691, 6.153688247991022], [-75.59707809914082, 6.153686438377161], [-75.59708785589326, 6.153684629757994], [-75.59709697660672, 6.153683726500658], [-75.5971111567448, 6.153685624759058], [-75.59712046318033, 6.1536872511028795], [-75.5971310310375, 6.153689149762724], [-75.59714990843591, 6.153690142783236], [-75.59716743006985, 6.15368724855105], [-75.59716598591463, 6.153705328034021], [-75.59716517551571, 6.153716268570538], [-75.59716824635073, 6.1537353422604415], [-75.59717240233249, 6.153752429841299], [-75.59717520433061, 6.153762464091669], [-75.59717944982717, 6.153772318638521], [-75.59718414637341, 6.153783165472341], [-75.59718893551079, 6.153794105879199], [-75.59719372325168, 6.153808477256407], [-75.59719941390647, 6.153825744510917], [-75.59720456425138, 6.15383740551511], [-75.59720862771836, 6.153847349546474], [-75.5972128726331, 6.153858199481609], [-75.59721829422264, 6.153868053728044], [-75.59722579246174, 6.153878087723117], [-75.59723347073009, 6.15388613278145], [-75.59724485093669, 6.15389255147341], [-75.59725605131102, 6.153896165696461], [-75.59726562703385, 6.1538970692737855], [-75.59727863335186, 6.153898876502118], [-75.59728938233627, 6.15390068477188], [-75.59729796327875, 6.153903395915154], [-75.597309163818, 6.153912435488098], [-75.59731783728047, 6.153922290178589], [-75.59732415967423, 6.153930515416342], [-75.59733888301203, 6.153943260821577], [-75.59734701212128, 6.153944074702003], [-75.59735703786372, 6.153940367114453], [-75.59736516601183, 6.153935034195895], [-75.59737429054118, 6.15392599243391], [-75.59738277940735, 6.153915144712535], [-75.59739397889399, 6.1538988701990975], [-75.59739885769314, 6.153891639169915], [-75.59740454776586, 6.153883501925598], [-75.59741132076817, 6.153876268909421], [-75.59741791389486, 6.153869940843327], [-75.5974258633279, 6.153863521192652], [-75.59744157763289, 6.153852853472556], [-75.59745332078101, 6.1538473366084805], [-75.59746515277423, 6.153842815601943], [-75.5974796944158, 6.153840104020659], [-75.59749387640801, 6.153838293743753], [-75.59750742404938, 6.153838293799165], [-75.59752278008695, 6.1538382931886115], [-75.59753596821574, 6.153838293185046], [-75.59755150491237, 6.153838292598381], [-75.59756514288064, 6.1538382922126384], [-75.59758022894849, 6.153837386127804], [-75.59759485988886, 6.153835578183473], [-75.59761409926743, 6.153828342345476], [-75.59762294997843, 6.153820206893069], [-75.59763008454604, 6.153811166679026], [-75.59763595666988, 6.153799413154187], [-75.59763731129543, 6.153788565803737], [-75.59763749085293, 6.153776813770151], [-75.5976373093297, 6.153763251728984], [-75.5976383026323, 6.15375240342513], [-75.59764037854862, 6.153741464868562], [-75.59764335760933, 6.153731610421483], [-75.5976458877292, 6.153721755447474], [-75.59764678895651, 6.153707201790765], [-75.59764534475708, 6.153692737301039], [-75.59764290578359, 6.153680081281884], [-75.5976408265352, 6.153669142157192], [-75.59763685150033, 6.153656577693679], [-75.59763188213783, 6.153645727674733], [-75.59762637383201, 6.153635873856775], [-75.59761806127689, 6.153615895397328], [-75.59761381583095, 6.153602334151222], [-75.5976113771752, 6.153590672611781], [-75.5976102915229, 6.153573406457551], [-75.59760821113538, 6.153534533244908], [-75.59753566881567, 6.153340169473154], [-75.59746710235363, 6.1531693094350715], [-75.59746258622435, 6.153160270778867], [-75.59745788889632, 6.1531485180684395], [-75.59745391317796, 6.153137669536855], [-75.59744388579294, 6.15312058431619], [-75.59744226079113, 6.153110549764064], [-75.59744045311238, 6.153098798359197], [-75.59743476234902, 6.153088943615104], [-75.59742780731598, 6.153079903266376], [-75.59742274864325, 6.153071677300462], [-75.59741714699858, 6.15306082944828], [-75.597413624291, 6.153049889207703], [-75.59741624361081, 6.153041845565599], [-75.59742166216688, 6.153030997422316], [-75.59742735182917, 6.153019243885067], [-75.59743259068244, 6.1530046881023575], [-75.59743701629827, 6.152992121625264], [-75.59744053883384, 6.152981272764567], [-75.59744297569927, 6.152973045579338], [-75.5974432452603, 6.15296048034279], [-75.59743954168792, 6.152947824144833], [-75.59743367008201, 6.152936071723432], [-75.59742834042504, 6.152927846171683], [-75.59742328106645, 6.15291799106603], [-75.59742635323316, 6.152904430365226], [-75.59743158854855, 6.1528926790395895], [-75.59743990069049, 6.152882643139242], [-75.5974547117038, 6.152861940078138], [-75.59745769023995, 6.152849373411244], [-75.5974566970108, 6.152836625368648], [-75.59745371558799, 6.152827587378983], [-75.59745940412071, 6.152771535097074], [-75.59744765891814, 6.152719914446793], [-75.59743880524141, 6.152697315888175], [-75.59743203025913, 6.152682942429028], [-75.59742335607775, 6.1526621493371945], [-75.59741703476801, 6.152649494123777], [-75.59741721400098, 6.152636928422411], [-75.5974176648951, 6.152625988733396], [-75.59741784490261, 6.152614326198813], [-75.59741693930343, 6.1526015795372055], [-75.59740844812782, 6.152573645172275], [-75.597406912401, 6.152558185736667], [-75.59740844916936, 6.152546525640402], [-75.59741440977888, 6.152538296677721], [-75.59742488625645, 6.152524737013494], [-75.5974192853267, 6.152511988790456], [-75.59741350335268, 6.152502136295199], [-75.59740329656405, 6.152485862895899], [-75.59739408142507, 6.152474203588007], [-75.5973874866254, 6.152463263829318], [-75.59740446914, 6.152462268074451], [-75.59742244500661, 6.152463261873845], [-75.59744068992812, 6.152465159342004], [-75.59745297469031, 6.15246868421712], [-75.59746471719723, 6.152474197078466], [-75.5974747425855, 6.152479532960192], [-75.59748422869366, 6.152484866041507], [-75.5974956088641, 6.152491284739726], [-75.59750879697859, 6.15249761056047], [-75.59751773896856, 6.152502130813555], [-75.59753336560401, 6.152511168743239], [-75.59754348240543, 6.152518400926611], [-75.59755405122986, 6.152522921398557], [-75.59756543121105, 6.152527441538982], [-75.59758458231573, 6.152534581839591], [-75.59759569096238, 6.152538286920355], [-75.59760544738323, 6.152541993157134], [-75.59761619692067, 6.1525428060425496], [-75.59762748622641, 6.152546511147357], [-75.59763913958922, 6.152550036377457], [-75.59765169514117, 6.152551846707647], [-75.59766253428457, 6.152554555904146], [-75.59767581221082, 6.152558171771066], [-75.59768457378719, 6.15256088294134], [-75.59769414743222, 6.152563595583702], [-75.59770254635262, 6.1525662172070605], [-75.59771302668096, 6.152567210407176], [-75.59772711651274, 6.152565402395062], [-75.59773885898312, 6.152564585823565], [-75.59775150544132, 6.152565399418729], [-75.59776424061144, 6.1525681111380015], [-75.59777670756804, 6.1525736249847345], [-75.59778953188697, 6.152581671212228], [-75.59779856542053, 6.152587184591182], [-75.59780750684958, 6.1525925185074035], [-75.59782774176165, 6.152600743835638], [-75.59783867067412, 6.152604267161816], [-75.5978469828764, 6.152606888300321], [-75.59785872259812, 6.152609782060242], [-75.59787118839307, 6.152610594723188], [-75.59788320219813, 6.152610593206657], [-75.59789485379505, 6.152610594356869], [-75.59790578184403, 6.152610593604041], [-75.59791508823132, 6.152612400755897], [-75.59792601714827, 6.152615924983993], [-75.59793532012318, 6.15261963251614], [-75.59794363013928, 6.15262496407809], [-75.59795221312434, 6.152632376394205], [-75.59795961839302, 6.15263852421811], [-75.59796299251643, 6.152641564470098], [-75.59796783825404, 6.152645936493096], [-75.5979861766551, 6.152661123375243], [-75.5979947578391, 6.152668536603017], [-75.59800848701633, 6.15267839108734], [-75.59802203428245, 6.152687430077535], [-75.59803134120801, 6.152691950350667], [-75.59804046350352, 6.152695653335122], [-75.59805121099212, 6.152698275272591], [-75.59806114801029, 6.152699179797607], [-75.59807415455947, 6.152695651170724], [-75.5980888773731, 6.152685617512611], [-75.5980970974322, 6.152678384686493], [-75.59810242514587, 6.152671152378116], [-75.59811109516652, 6.152663015095696], [-75.59811750749007, 6.152657591080523], [-75.59812572885718, 6.152653973640351], [-75.59813765155356, 6.152653068487039], [-75.59815165105405, 6.152651260903029], [-75.5981640246152, 6.1526494512885375], [-75.5981745038506, 6.152648546832331], [-75.59818570404263, 6.1526467393127575], [-75.59819861967871, 6.152647552489957], [-75.59820819515079, 6.1526467374154326], [-75.5982212931533, 6.152644927889575], [-75.59823429877547, 6.15264492696122], [-75.59824649155773, 6.152644022299034], [-75.59825742231418, 6.152644021525519], [-75.59826645493906, 6.1526430273736485], [-75.59827530662538, 6.152644020353073], [-75.59828641701854, 6.152644924586656], [-75.59829644332638, 6.15264673093874], [-75.59831423578716, 6.152651249677955], [-75.59832390248272, 6.152653964566234], [-75.59833582570687, 6.152655770723906], [-75.59835425193727, 6.15265947542195], [-75.59836292275206, 6.152662097517416], [-75.5983750273676, 6.15266851537635], [-75.59838180212874, 6.152674660837109], [-75.59838713236323, 6.152682074513079], [-75.59839318570884, 6.152689214350598], [-75.59840230618784, 6.15269644684129], [-75.5984098050595, 6.152701780534195], [-75.59842796056363, 6.152703680207079], [-75.59844214190913, 6.152726279917233], [-75.59844882668807, 6.152729894407659], [-75.59846472371144, 6.152723565344475], [-75.59847005222625, 6.152713711216158], [-75.59847321299011, 6.152702773711856], [-75.59847619327142, 6.152693731121014], [-75.59848359847355, 6.152673843415684], [-75.5984893801183, 6.152662993504319], [-75.59849533984344, 6.152651241364381], [-75.59851277046441, 6.152609744498582], [-75.5985202666458, 6.152591663594446], [-75.59852695012277, 6.152581628383784], [-75.59853652448021, 6.1525690612536295], [-75.59855169693962, 6.152553600955724], [-75.59856262402037, 6.152537418177271], [-75.59857328211955, 6.15251644421309], [-75.59857870158073, 6.152502071081623], [-75.59858114045032, 6.152492215652581], [-75.59858538413475, 6.152482181471135], [-75.59859161627715, 6.152473140226958], [-75.5985982089296, 6.152466720849853], [-75.59860760350608, 6.152457680482973], [-75.59861681583764, 6.152447012766401], [-75.59862232539962, 6.152434265625346], [-75.5986281932791, 6.152416998179143], [-75.59863334201592, 6.152397289618619], [-75.59863812863873, 6.152370168512116], [-75.59864174135895, 6.1523501880709635], [-75.5986463462972, 6.152323971018887], [-75.59864661490124, 6.152314930781692], [-75.59864724604716, 6.152306885972849], [-75.59864697719144, 6.152297845639979], [-75.59864625432255, 6.152289619375651], [-75.59864535011259, 6.152279765757285], [-75.59864390245681, 6.152270724834668], [-75.59864182560035, 6.152258791226889], [-75.59863857226966, 6.1522497518622306], [-75.59863333315421, 6.152239897649601], [-75.59862439024812, 6.152225523017521], [-75.59861734457951, 6.152215489551942], [-75.59860623411537, 6.152201929192989], [-75.59859539295401, 6.152187464352799], [-75.59858834850193, 6.152178424457601], [-75.59858103060901, 6.152167578649782], [-75.59857606335723, 6.152161249904304], [-75.59857073245152, 6.1521522098034955], [-75.59856468018337, 6.152140457376412], [-75.59856034470974, 6.152131417853911], [-75.59855682104458, 6.1521241852392805], [-75.59855293599183, 6.152114149946785], [-75.59854950347562, 6.152104297786359], [-75.59854471581961, 6.152092545530967], [-75.59853992894412, 6.152081697345488], [-75.5985322498532, 6.1520599085762315], [-75.59852610663613, 6.1520428234589195], [-75.59852366565893, 6.152028267095238], [-75.5985220039446, 6.1520186721117485], [-75.59852184411838, 6.152017754350717], [-75.5985213171451, 6.152014707474843], [-75.59851969155824, 6.152005669224941], [-75.59851725146044, 6.151991293671559], [-75.59851412004197, 6.151979458314632], [-75.5985131851321, 6.151975926128664], [-75.5985126908963, 6.151973853685005], [-75.59851073881154, 6.151965660525239], [-75.59851038562307, 6.151964173234824], [-75.59850902945365, 6.151953324621437], [-75.59850703855675, 6.151944393926251], [-75.59850659070418, 6.151942386350088], [-75.59850388044293, 6.151935243798412], [-75.59850171288123, 6.151926205474224], [-75.59850207362403, 6.151917164787531], [-75.59850342798275, 6.151908122880427], [-75.5985044119911, 6.151893318401058], [-75.59850448772819, 6.151892174378934], [-75.59850451055256, 6.151891852417519], [-75.59850351585193, 6.151883079606204], [-75.59850306296083, 6.1518791056938475], [-75.59850200903104, 6.151870412729306], [-75.59850044410496, 6.151857499323055], [-75.59849885202838, 6.151850337766962], [-75.59849662460496, 6.151829166158319], [-75.59849623928375, 6.151825155754039], [-75.5984947495038, 6.151809675316077], [-75.59849235825142, 6.151800517838575], [-75.59849212906252, 6.151799639290296], [-75.59848797366195, 6.151791593370193], [-75.59848237430836, 6.151780657825909], [-75.5984761399897, 6.151772520768757], [-75.59846981668233, 6.151764473647949], [-75.5984603388312, 6.151752843667842], [-75.59845965732708, 6.151741231443456], [-75.59846790747756, 6.151735175577288], [-75.59846954528989, 6.151734461523359], [-75.59847911890196, 6.15172731884672], [-75.59848480997961, 6.151718279336124], [-75.59848959484874, 6.151707338448851], [-75.59848990602855, 6.151704270315483], [-75.59849067935278, 6.151696670522378], [-75.59848941157344, 6.15168021712408], [-75.5984892312991, 6.151657617058232], [-75.5984910373078, 6.151648575665053], [-75.59849416792264, 6.151635522776913], [-75.59849600328259, 6.151627874418786], [-75.59849744978513, 6.151618833871495], [-75.59849760489067, 6.151614132836346], [-75.59849780942552, 6.151607892826835], [-75.59849801797694, 6.151605081950033], [-75.59849907322, 6.151590808719427], [-75.59850030845034, 6.1515784422086455], [-75.59850033865469, 6.1515781518539105], [-75.59850498501235, 6.151557481094047], [-75.59850584440503, 6.151553651774306], [-75.59850908663927, 6.151544980389256], [-75.59851048160229, 6.151542249624619], [-75.59851278584395, 6.15153814837842], [-75.59851815228964, 6.15152847940507], [-75.5985255348354, 6.151517871230363], [-75.59852564935036, 6.151518015324784], [-75.59853705294688, 6.151497843269643], [-75.59854476888401, 6.151483533097884], [-75.59856300192335, 6.151449719680625], [-75.59857378098572, 6.151425198454309], [-75.59857570182545, 6.1514208278522995], [-75.59850356768757, 6.151492404617598], [-75.59850096291916, 6.151475182935591], [-75.59849680751371, 6.151460628586532], [-75.59849328509749, 6.151444356128129], [-75.59848687058684, 6.151426275133575], [-75.59848153880556, 6.151397346310314], [-75.59846789768658, 6.151374746669097], [-75.59845588349118, 6.1513547690594255], [-75.59844775391016, 6.151341206835932], [-75.59843799863958, 6.151326019767187], [-75.59843022857876, 6.151312459409474], [-75.5984222805698, 6.151298899013526], [-75.59841433019174, 6.151286152295362], [-75.5984065613846, 6.151273407405406], [-75.59839662455525, 6.151258220314464], [-75.59838903844866, 6.151243664578582], [-75.59837720220473, 6.151223686098502], [-75.59836536970974, 6.151209312858306], [-75.59835389707015, 6.151195754245009], [-75.59833872298628, 6.151180386512272], [-75.598323185904, 6.151164114663233], [-75.59831026851722, 6.1511532653568235], [-75.59829987991367, 6.151142326896442], [-75.59827197036884, 6.151133289086868], [-75.59825860038339, 6.15112614778075], [-75.59824441885819, 6.151115208792132], [-75.59822707564442, 6.151099028902943], [-75.59821325546598, 6.15108456316944], [-75.59820548411948, 6.151067389226547], [-75.59819672412249, 6.151040268046737], [-75.59819455540658, 6.151023179847022], [-75.59819364962729, 6.150998682038142], [-75.59818904113332, 6.15097508824106], [-75.59817395618335, 6.1509553814133975], [-75.59816248484789, 6.1509389279398], [-75.59815254812432, 6.150926362653211], [-75.59813863660312, 6.1509128023377375], [-75.59810873796508, 6.150891108113649], [-75.59808254334769, 6.150872125262391], [-75.59806863287906, 6.1508639875757725], [-75.598056708977, 6.150857570619745], [-75.59803503062236, 6.150853051769495], [-75.59802112107582, 6.150851426123433], [-75.59800793308592, 6.150847719403211], [-75.59799085971463, 6.150843201648707], [-75.59797523604857, 6.150842387160154], [-75.59795843546475, 6.150837868077044], [-75.59794343934371, 6.150832354771937], [-75.59792898554332, 6.150824309227485], [-75.59790459920218, 6.150806231583747], [-75.59788264848412, 6.150795292411039], [-75.59787695814269, 6.1507762188159845], [-75.59787478788914, 6.150757323372967], [-75.59787487866582, 6.150741050496979], [-75.59787596056536, 6.150726495060115], [-75.59787713315109, 6.150709409581977], [-75.59787568846006, 6.150692232870134], [-75.59787351895415, 6.1506777682917075], [-75.5978701782615, 6.150660592668324], [-75.59786629312623, 6.150641607024787], [-75.59786204502038, 6.150628045785212], [-75.59785725635301, 6.150610869974096], [-75.5978465076708, 6.150600925922105], [-75.59783223713009, 6.150593786266702], [-75.59782004121347, 6.150588271987309], [-75.59780694394628, 6.150581855306393], [-75.59779502104742, 6.150574713267958], [-75.59777550894951, 6.15055925360178], [-75.59776214087783, 6.150538553860647], [-75.5977521145352, 6.150517761917975], [-75.59774127550061, 6.15050148887656], [-75.59773088420147, 6.150474367474974], [-75.59772465125997, 6.150443631241432], [-75.59772067400517, 6.150424646946151], [-75.59771769295759, 6.150406567302922], [-75.59771281518468, 6.150390385498994], [-75.59770911036692, 6.150373931286377], [-75.59770224482834, 6.150355036984492], [-75.59769465662343, 6.150339669376425], [-75.59768806268889, 6.150326109600272], [-75.59768219110863, 6.1503080286493566], [-75.59768029410068, 6.1502925709717], [-75.59767920684475, 6.150277382385083], [-75.59768074193397, 6.150258307081533], [-75.59767785069197, 6.150237514776633], [-75.5976737856916, 6.150219433172793], [-75.59767026079982, 6.150205059263034], [-75.59766601548938, 6.150187793107232], [-75.59766177011497, 6.150174233657118], [-75.59765625933007, 6.150153440534121], [-75.5976523734575, 6.150139879334787], [-75.59764614109656, 6.150124511456644], [-75.59763548152787, 6.15010724576539], [-75.59762111930434, 6.150093685806129], [-75.59760802279096, 6.150088351287762], [-75.59758778921524, 6.150081122193227], [-75.59756511596235, 6.150072985521909], [-75.59754497124123, 6.150066568756086], [-75.59752727032875, 6.150060422172606], [-75.59751110085541, 6.150054908223542], [-75.59749710087466, 6.150047676827503], [-75.5974839120427, 6.1500404441973995], [-75.59747334379456, 6.150032310113871], [-75.59746268624063, 6.150023270581572], [-75.59745329005557, 6.150011518113621], [-75.59743287618085, 6.1499952473331305], [-75.5974195980949, 6.149983585168671], [-75.59740767536104, 6.149969032412579], [-75.5973933119674, 6.14995095117121], [-75.59738572326974, 6.149939198949674], [-75.5973782260425, 6.149919310514498], [-75.59737569395337, 6.149901231391536], [-75.5973766869314, 6.1498767297527435], [-75.59738002868885, 6.149844275296887], [-75.59738363998423, 6.149818963528599], [-75.59738706986595, 6.149805401997898], [-75.59739565247617, 6.149782799970973], [-75.5974035080811, 6.14976562231236], [-75.59740567499006, 6.1497501647518416], [-75.59740901486965, 6.149721416108132], [-75.59740711837618, 6.1497023403155975], [-75.59740287030672, 6.149688780871992], [-75.59739203039628, 6.149666181100992], [-75.59738362912215, 6.149651716085391], [-75.59735526744788, 6.14962098078546], [-75.59734542051561, 6.149602899268371], [-75.59733629577073, 6.149578400731858], [-75.59733195751492, 6.149564125697913], [-75.59733833222576, 6.149565282646966], [-75.59734354314155, 6.149479856592061], [-75.59733135358196, 6.149406808776285], [-75.59731916412386, 6.149309407895752], [-75.59731916243379, 6.14928505936188], [-75.59727042187993, 6.149285062255541], [-75.59725823612241, 6.149272888483622], [-75.59723386539565, 6.149272890382213], [-75.59723386499572, 6.149260714304146], [-75.5972216778237, 6.1492607148096665], [-75.59720949206323, 6.14924854013187], [-75.59720949167286, 6.149236365861663], [-75.59719730629894, 6.149236364549504], [-75.59719730591773, 6.149224192087279], [-75.59718512195653, 6.149212015591437], [-75.59717293400688, 6.14918766755421], [-75.59716074825381, 6.149175493778154], [-75.59714856248814, 6.149163317289424], [-75.5971485603022, 6.1491511448354865], [-75.59713637454625, 6.149138970154222], [-75.59712418878647, 6.149126794568387], [-75.59705107351289, 6.1491146241673285], [-75.59703889048235, 6.1491024521815145], [-75.59702670381738, 6.149090275692492], [-75.5970145184538, 6.149090276182858], [-75.59700233451251, 6.149078102391903], [-75.59699014695433, 6.1490659277139486], [-75.59699014656192, 6.149053751633459], [-75.5969779608156, 6.149041577850132], [-75.59696577507421, 6.1490294049703405], [-75.59695358752246, 6.149017231194764], [-75.59695358711818, 6.149005052401731], [-75.59694140137393, 6.148992878616731], [-75.59694139893969, 6.148944180625513], [-75.59691702731419, 6.148944181603657], [-75.59691702783667, 6.1489320073261275], [-75.59689265801339, 6.148932007390087], [-75.59688047226352, 6.1489198317942755], [-75.59684391618428, 6.148919834153659], [-75.59684391399885, 6.1489076598885966], [-75.59683172864646, 6.148907662181137], [-75.59681954290697, 6.1488954883912115], [-75.59677080055413, 6.148895489424933], [-75.59677080198368, 6.148883315141592], [-75.59675861662237, 6.148883315624124], [-75.59675861623698, 6.148871139541339], [-75.59675780141033, 6.148864799607539], [-75.59675703080194, 6.148859009136442], [-75.59675438489796, 6.14885357675632], [-75.59671798063488, 6.148824559360615], [-75.5966799518766, 6.148791926325386], [-75.59663361426632, 6.148762186943405], [-75.59658998582252, 6.148721507729747], [-75.59657734022719, 6.148708942893069], [-75.59654780155451, 6.1486789283549035], [-75.59651492159408, 6.148636623783551], [-75.59648420883534, 6.148589522497147], [-75.59646260299614, 6.148564749184841], [-75.59644952284202, 6.1485497472593496], [-75.59639685943176, 6.148520731115906], [-75.5963519879405, 6.148507754261944], [-75.59633778728839, 6.148503647368028], [-75.59628305099568, 6.1485018413018215], [-75.59622704946648, 6.148504559045639], [-75.5961695123435, 6.148488288715212], [-75.59612786949117, 6.148459360908012], [-75.5960813497427, 6.1484151580313995], [-75.59603844373437, 6.1483699575651105], [-75.59600149919103, 6.1483202384776225], [-75.59597259121918, 6.148276665107466], [-75.59594693841221, 6.148216275472984], [-75.59592868873699, 6.148157515162827], [-75.59591604151952, 6.148109421031096], [-75.59590348362973, 6.148058885459229], [-75.59589264190923, 6.147996416785546], [-75.5958825206725, 6.147926987745559], [-75.59588279016364, 6.147871751922879], [-75.59587962498995, 6.147806571683969], [-75.59587654906277, 6.147748801720567], [-75.59587411018416, 6.1476927545417706], [-75.59586832582319, 6.147637698213896], [-75.59586283461341, 6.147585906886886], [-75.59586055327006, 6.1475643810779435], [-75.595857299009, 6.14751565273779], [-75.5958426623848, 6.147448665843346], [-75.59583163955992, 6.147398943701001], [-75.59581908205593, 6.147349221782242], [-75.59580345519032, 6.1472995003114175], [-75.5957833110033, 6.147249780899176], [-75.59576280189577, 6.147193730205735], [-75.59573732823762, 6.147132259286491], [-75.59571393093375, 6.147085250723065], [-75.59567093502196, 6.147044571888972], [-75.59559632447818, 6.147007510165491], [-75.59554570292467, 6.146982825307043], [-75.59551475993746, 6.146967736533008], [-75.59548067691267, 6.14695353454102], [-75.59546291221439, 6.146946132383669], [-75.59541368453229, 6.146933387198676], [-75.59536791993288, 6.146922107869399], [-75.59535867820894, 6.146919831098172], [-75.59530908920883, 6.146907084944519], [-75.59526564043023, 6.146893527835269], [-75.59521921447653, 6.14687644301281], [-75.59519932802937, 6.14687352542473], [-75.59517052885661, 6.146869304056791], [-75.59512148288759, 6.1468647859555015], [-75.59506936436672, 6.146851228448582], [-75.59502266622435, 6.146839297258744], [-75.59496792850639, 6.1468204057536], [-75.59491572033036, 6.1468023291850376], [-75.59486549919013, 6.146797812244244], [-75.59479929160403, 6.146781541291876], [-75.59476487712206, 6.14676436553473], [-75.59471239608678, 6.146734536365266], [-75.59467003363272, 6.146720163866573], [-75.59462315369633, 6.146703711324168], [-75.59456091895312, 6.146664932129947], [-75.59451123788153, 6.146630581607235], [-75.59444340367692, 6.146582671285414], [-75.59440880537943, 6.146498688720596], [-75.59439389651332, 6.146408284714724], [-75.59439443083984, 6.146259118468802], [-75.59440399567958, 6.14608635717008], [-75.59446260093442, 6.14578950916811], [-75.59447984932997, 6.145702140412765], [-75.59452372599127, 6.145250119483913], [-75.5944864184783, 6.145184126708513], [-75.59445525337523, 6.145143682249646], [-75.59445019479537, 6.145137119704338], [-75.5944012390618, 6.1451100000101], [-75.59430386783755, 6.1450945446914895], [-75.59420920890152, 6.145090030888182], [-75.59400923044878, 6.145092932742832], [-75.59376589729538, 6.145109126951923], [-75.59365425835315, 6.145122692029599], [-75.59354779896248, 6.145127148681516], [-75.59330822780241, 6.145137174899249], [-75.59268255269426, 6.145146242810609], [-75.59224917339348, 6.145120466159755], [-75.5921950717783, 6.145117246082175], [-75.59184524191043, 6.145035899633124], [-75.59176585444928, 6.145019957894642], [-75.59171020582956, 6.145008783042654], [-75.59158564635923, 6.144968107763308], [-75.59143958995219, 6.144907724700632], [-75.59132017947519, 6.1448189526777615], [-75.59118577381899, 6.144725935433306], [-75.59111567912096, 6.144678023667456], [-75.59106572706509, 6.144613929757141], [-75.59100538454913, 6.14447461979599], [-75.59097747093665, 6.144384218802562], [-75.59098974325077, 6.144140128396502], [-75.5910091600867, 6.144031642386976], [-75.59105657246984, 6.143882475422676], [-75.59112413100368, 6.143772180238005], [-75.5911885266626, 6.143676350287167], [-75.59124647785052, 6.1435500063587005], [-75.5912392779809, 6.143548928339882], [-75.59123772772236, 6.143548695369948], [-75.59125400680826, 6.143533598794357], [-75.59129446505763, 6.14341417450996], [-75.5913215568946, 6.143286615027197], [-75.59133067552372, 6.143180026902756], [-75.59132302404637, 6.1430988740682615], [-75.59132154724401, 6.143083207206491], [-75.5912848729644, 6.1429947029502605], [-75.59125343727429, 6.142935037831036], [-75.59122362733719, 6.142839122097998], [-75.5911836996561, 6.142735158464843], [-75.59114675332724, 6.1426854395953825], [-75.59109156474472, 6.142618631627799], [-75.59105136514219, 6.142538174444064], [-75.59101492196325, 6.142443269939678], [-75.59100141209046, 6.142408087165641], [-75.5909868750608, 6.142353646148103], [-75.59096563804255, 6.142274111422526], [-75.59092995079982, 6.142082635794111], [-75.59094741648104, 6.141975792932851], [-75.590968239619, 6.141848401255452], [-75.59098900428401, 6.1416088298790985], [-75.5909993684613, 6.141108899668952], [-75.59098382668846, 6.14093261257694], [-75.59096693464808, 6.140874754680003], [-75.59094814045768, 6.140750812361465], [-75.5909935651095, 6.140557437509677], [-75.59108117353915, 6.140416313883198], [-75.5911272336195, 6.140307826312976], [-75.59117329129529, 6.140137957194384], [-75.59121031533529, 6.139928129051548], [-75.59121337475618, 6.139891712379097], [-75.59122269320801, 6.139780818067044], [-75.59123044517678, 6.139688558995519], [-75.59123170602989, 6.139564884780399], [-75.59124073215075, 6.13944546280277], [-75.59124244520208, 6.139372146327942], [-75.59125391564847, 6.1393369763193055], [-75.59127893062812, 6.139260133157808], [-75.59135380202947, 6.139109157169572], [-75.5914027536819, 6.139016038541219], [-75.59145152484845, 6.138947239615664], [-75.59147545987842, 6.138910263449993], [-75.59149460610577, 6.138882328673671], [-75.59153181644665, 6.138820671928753], [-75.59156758201424, 6.138770133316264], [-75.59160804493615, 6.138720410028577], [-75.59165654594624, 6.138674391590407], [-75.59171146095133, 6.138623672509058], [-75.59175463324877, 6.138579464537072], [-75.59178741837516, 6.138537786777053], [-75.5918168605965, 6.138492584839774], [-75.59184549289324, 6.138428397553089], [-75.59187312876624, 6.1383705382229925], [-75.59191756600985, 6.138337991261021], [-75.59192118658375, 6.1383352415933325], [-75.59196760349396, 6.1383000171017015], [-75.59201754794542, 6.138239446845574], [-75.5920666802158, 6.138162601681972], [-75.59209531004515, 6.138096604447339], [-75.59210840608291, 6.138046068991919], [-75.59212131993102, 6.137988119166007], [-75.59213341900237, 6.13792754965193], [-75.59212881091214, 6.137879635010974], [-75.59211128638151, 6.137818161193564], [-75.59209294526617, 6.137751264145114], [-75.59207858230691, 6.137683460919779], [-75.59207523863357, 6.137631026084066], [-75.59209149229815, 6.1375677431934665], [-75.59212536217194, 6.137526248241332], [-75.59215697510102, 6.1374881852572845], [-75.59219770755097, 6.1374411747245565], [-75.59223257074422, 6.137401305917817], [-75.59228025916624, 6.137360621877655], [-75.59232903150361, 6.137319937105164], [-75.59236281256469, 6.13728567249861], [-75.59240020333256, 6.137238569664664], [-75.59242566864563, 6.1371717623561715], [-75.59242665996491, 6.137084069166385], [-75.59226395227354, 6.1370813622721405], [-75.59207754575357, 6.137095723416036], [-75.59197658778636, 6.137143699212868], [-75.59189132637468, 6.137138334250766], [-75.59186169059667, 6.137135652556464], [-75.59182069249258, 6.137142858660081], [-75.59178853453227, 6.137145544038504], [-75.59175628560826, 6.137149218918159], [-75.5917299105455, 6.137150067220653], [-75.59170579712065, 6.137152751600984], [-75.59167653083449, 6.137169137846674], [-75.59165340495262, 6.137184394990254], [-75.5916285665889, 6.137208832310308], [-75.59159705970106, 6.137235955401005], [-75.59156525481711, 6.137259546793154], [-75.59153635802805, 6.137277629106374], [-75.59150926103993, 6.1372965588648025], [-75.59147855031786, 6.137316477106061], [-75.59145145300973, 6.137339078330518], [-75.59142400556867, 6.137364365461585], [-75.591391757469, 6.137384283913995], [-75.59136249186443, 6.1374013771383025], [-75.59133982428405, 6.1374204463670425], [-75.59131715767955, 6.137441212547656], [-75.59124498790516, 6.1374864170605985], [-75.59123179327456, 6.137508170730172], [-75.5912146289839, 6.137529784506776], [-75.59118825738825, 6.137545183027876], [-75.59115863777309, 6.137558744819314], [-75.59113118830243, 6.137573154071474], [-75.59109043823285, 6.137590387889349], [-75.59104032022745, 6.137611155010015], [-75.59099588364923, 6.137633757922529], [-75.59095342194502, 6.13765904361841], [-75.59091008037879, 6.1376762800322044], [-75.59085570939432, 6.137688006146581], [-75.59080530944611, 6.1376943644920345], [-75.59074587527036, 6.137703405587612], [-75.59067379331046, 6.137714287148168], [-75.59061914262674, 6.137728698809444], [-75.59056847637598, 6.1377459336010896], [-75.59051500690884, 6.137772066354951], [-75.59045458817542, 6.13780017833215], [-75.59038630033207, 6.137821795522704], [-75.59032116827721, 6.137837194535021], [-75.59025559753451, 6.1378489196752675], [-75.59020357330175, 6.137857115695023], [-75.59014278087851, 6.137862487320947], [-75.59007630997021, 6.137867008568666], [-75.59002130533297, 6.137874355604283], [-75.58995301513885, 6.137882411557852], [-75.58988590921616, 6.137886933145312], [-75.58981862412973, 6.137882417500646], [-75.58975592882499, 6.137872531090541], [-75.58970743364658, 6.137861656488317], [-75.5896527779736, 6.137839905776561], [-75.58960237724929, 6.137820132480673], [-75.58954204343073, 6.1378002173981345], [-75.58949083040571, 6.137779455339484], [-75.58944395734733, 6.137757702191102], [-75.58938281133487, 6.137739624491598], [-75.58933583335453, 6.13771971073835], [-75.58928534267773, 6.137717027676463], [-75.58922961482398, 6.137707989856231], [-75.58917353229903, 6.137695277753115], [-75.5891163561878, 6.137677200694705], [-75.5890573650621, 6.137662793939094], [-75.5887723675933, 6.1375899171741795], [-75.588746999347, 6.137583420234068], [-75.58870150192183, 6.137592323161267], [-75.58863645998724, 6.137604896286661], [-75.58857053503124, 6.137608572093554], [-75.58850901958522, 6.13761761488416], [-75.58844895102672, 6.137622136590619], [-75.58839384218642, 6.13762849489633], [-75.58834416445217, 6.137646578173162], [-75.58830126322566, 6.137648416676423], [-75.58825341843564, 6.137645592332574], [-75.58818041842171, 6.137645594681675], [-75.58807150306818, 6.137639384317875], [-75.587990562078, 6.1376239905703365], [-75.5879238086644, 6.137610431277454], [-75.5876784904704, 6.137595044161551], [-75.58763406808423, 6.137546172780585], [-75.58758654018871, 6.137510013337931], [-75.58748429103493, 6.1374259698234885], [-75.58744745420043, 6.137378930468451], [-75.58740797054558, 6.137352801764327], [-75.58736478457983, 6.137326530031924], [-75.5873274915279, 6.1373129710284955], [-75.5872947121741, 6.137293055292351], [-75.58722245710938, 6.137322013449235], [-75.58716194607815, 6.137324699141782], [-75.58710694129573, 6.137308458364344], [-75.58705652180433, 6.137301255218936], [-75.58700903256423, 6.13730210502755], [-75.58695815475535, 6.137312983023429], [-75.58689457612003, 6.13732838225889], [-75.5868294462975, 6.137342792688781], [-75.58676018892926, 6.1373563569556815], [-75.58672261243339, 6.137364549692757], [-75.58663536084755, 6.13738446984602], [-75.58656952313595, 6.1374015642770745], [-75.58650915547324, 6.13741244290907], [-75.5864454005577, 6.137416965029796], [-75.58639935694531, 6.137408916146602], [-75.58634639792876, 6.13739620397597], [-75.58629329633506, 6.137388013806528], [-75.58624333541304, 6.1373717693455685], [-75.5862093949734, 6.137361883610912], [-75.58609098609568, 6.137340133208763], [-75.58596587583432, 6.137358643244694], [-75.58595430440464, 6.137374463666072], [-75.58592523290663, 6.1374224916415665], [-75.58588540016257, 6.137468542863514], [-75.58584909573888, 6.137511062862033], [-75.58581939106944, 6.1375688353948625], [-75.58577694623875, 6.137622232259703], [-75.58573746974325, 6.137681843912649], [-75.5857047634181, 6.1377379213329], [-75.585662956933, 6.13778227880128], [-75.58556060381284, 6.137845564740574], [-75.58532425055661, 6.137943178932878], [-75.58523780858503, 6.138006462990562], [-75.58508705158133, 6.138110432379382], [-75.58504570119311, 6.138131199180419], [-75.58500297427439, 6.138154789755617], [-75.58495852008582, 6.13817103576141], [-75.58489282440543, 6.138187847287015], [-75.58487768827328, 6.1381918034590255], [-75.5848001013984, 6.138218079421628], [-75.58473200861644, 6.138251418318514], [-75.58467583826952, 6.1382875800209495], [-75.5846270459012, 6.1383237422391925], [-75.58458100234671, 6.138356375192877], [-75.58453556149777, 6.138380813327521], [-75.58447956810716, 6.138406099841896], [-75.58441778932334, 6.138435906695493], [-75.58435724586232, 6.138469386295645], [-75.58431310734568, 6.1384784288066765], [-75.58426466373031, 6.138476593375727], [-75.58419956767808, 6.138473910790571], [-75.5841292861369, 6.138480270582499], [-75.58406941101887, 6.138485639851819], [-75.58401303146734, 6.138503722643276], [-75.58395344001725, 6.138519967571104], [-75.5839073600813, 6.138537202299137], [-75.58385507368304, 6.1385624889435055], [-75.58380158573291, 6.138589611255317], [-75.58374368753543, 6.138617582102084], [-75.58369157612547, 6.138643008928873], [-75.58364553407678, 6.138668295237197], [-75.58360739412853, 6.138683694280577], [-75.58356015191292, 6.138730590389671], [-75.58350606481339, 6.138765908394647], [-75.5834618914398, 6.138793029099162], [-75.58340988500159, 6.138818316174899], [-75.58334881433629, 6.138833714744647], [-75.58328152953605, 6.13886719427726], [-75.58325732660134, 6.138896151465633], [-75.58322751593644, 6.1389458754431345], [-75.58319569169412, 6.1389985645986975], [-75.58319685706118, 6.139050122553567], [-75.58319625898491, 6.1391012559675175], [-75.58320963180529, 6.139145609986177], [-75.58323048553807, 6.1391871387739885], [-75.58325698313377, 6.1392170824815375], [-75.58329399325666, 6.139242369104223], [-75.5833251508714, 6.139316527173375], [-75.58333429174738, 6.139375289227215], [-75.58331749867946, 6.139432215572328], [-75.5832959775991, 6.139480100397825], [-75.58327629240048, 6.139535190954888], [-75.58325607632112, 6.1395912704334235], [-75.58324224716927, 6.139649186001508], [-75.58322672392993, 6.139707948743106], [-75.58321271945925, 6.139763037181815], [-75.58318265876521, 6.139802872599404], [-75.58314589505044, 6.139834515025111], [-75.58311237905731, 6.139892288807514], [-75.58309502252887, 6.13993932809651], [-75.5830911419446, 6.139999079735842], [-75.58310232760034, 6.140047105857983], [-75.58312106554538, 6.140119287009471], [-75.5831336276085, 6.140168019803845], [-75.58314841407248, 6.140299104898669], [-75.58313949023294, 6.140394027199055], [-75.58312252205805, 6.140447423047963], [-75.58310001225692, 6.14046635210892], [-75.58304680714943, 6.140524268920833], [-75.58302532064077, 6.140538676229611], [-75.58299561130363, 6.14056127900506], [-75.58298015821919, 6.140573144719689], [-75.582960824719, 6.140588402317562], [-75.58293725711034, 6.140605634997309], [-75.58291809934487, 6.1406228698841225], [-75.58291368851059, 6.140637276086167], [-75.58287357282651, 6.140667082241662], [-75.5828570613169, 6.1406788084134005], [-75.58283645588399, 6.14069067279259], [-75.58280530043449, 6.140706918692734], [-75.58277305340894, 6.140715960688124], [-75.58274976768, 6.140726837187801], [-75.58272852833288, 6.14074661175579], [-75.58270584267015, 6.140777408683551], [-75.58269211764032, 6.14080184549188], [-75.58267648740159, 6.140818937671833], [-75.58266258740781, 6.140827130720662], [-75.58259276473196, 6.140876855395222], [-75.58256711387806, 6.140893100923332], [-75.58254192535257, 6.14095821907394], [-75.5825388549912, 6.141008789452461], [-75.5825517710319, 6.141062182027245], [-75.58256154440208, 6.141100180547259], [-75.58257470746184, 6.141124617688917], [-75.5825830336091, 6.141147218486564], [-75.58258726865782, 6.141165297821576], [-75.58258988007357, 6.141184224893283], [-75.5825920673921, 6.141202307789245], [-75.58259439843611, 6.141224908609506], [-75.58259612536389, 6.141245673437778], [-75.58259577197828, 6.1412647423042905], [-75.58259566805643, 6.141290026456715], [-75.58260000861488, 6.14130994238271], [-75.58260477298253, 6.141326895382178], [-75.58261796838327, 6.141370965480061], [-75.58260477528249, 6.141417864436717], [-75.58257591501561, 6.141442724232337], [-75.58255386437305, 6.141448235354707], [-75.58253226944629, 6.141454591403368], [-75.58251276039016, 6.141459112028801], [-75.58249000297657, 6.141467163426226], [-75.58247267818088, 6.141476204777376], [-75.58244791071053, 6.141492449662786], [-75.58243481986015, 6.14150247862022], [-75.5824142152319, 6.141511520441145], [-75.58239382347429, 6.14151787609964], [-75.58237773472858, 6.1415232445087735], [-75.58236309300983, 6.141526918905635], [-75.58234368667212, 6.141530450865012], [-75.58232788031003, 6.141531438518996], [-75.58231126050114, 6.141530451057774], [-75.58228585889513, 6.141527767449828], [-75.58227061539868, 6.141524095439162], [-75.58225244550886, 6.141521413068631], [-75.58222707761708, 6.141521413524899], [-75.58220848328735, 6.141523250014123], [-75.58219246499203, 6.141528618078279], [-75.58218163474324, 6.141544015424436], [-75.58217792824351, 6.141558565595969], [-75.58217920051723, 6.141576646588863], [-75.58217849541613, 6.141591900110173], [-75.58216350106012, 6.141618174730242], [-75.58215101104307, 6.141634419987712], [-75.58214525997644, 6.141649818120558], [-75.58213901479719, 6.141665213215104], [-75.58213485380634, 6.141683295132302], [-75.58212980744119, 6.141704905451068], [-75.58212402119487, 6.141731181712698], [-75.58212059998728, 6.141749261865773], [-75.58211742536695, 6.141767339924008], [-75.58211354511921, 6.141787258492003], [-75.58210666372412, 6.141808025120247], [-75.58209925612255, 6.141827939928843], [-75.5820909637906, 6.141848706138363], [-75.5820829222681, 6.141866786002342], [-75.58207198452816, 6.14188218477344], [-75.58205681404242, 6.141891224756672], [-75.58203973538606, 6.141901112946084], [-75.58201906172147, 6.141913827490337], [-75.58200145416474, 6.141922867488577], [-75.58198204954745, 6.141932756964369], [-75.5819581986418, 6.1419399592701485], [-75.58193226671875, 6.141943633936693], [-75.58190516983956, 6.141949991225696], [-75.58189116253382, 6.141958042847917], [-75.58187772014467, 6.141971603953271], [-75.58186586536426, 6.1419888361173705], [-75.58185820925615, 6.142004234410364], [-75.58185873872691, 6.142019630243495], [-75.58185849232505, 6.142036723176007], [-75.58185658834402, 6.142052119911093], [-75.58185369494299, 6.142072884461221], [-75.58185341385, 6.142093649053871], [-75.5818561302898, 6.1421135647002725], [-75.58185856491964, 6.142133483515579], [-75.58186227123169, 6.142156932069471], [-75.58186371747256, 6.142178684623159], [-75.58185560263713, 6.142209478097743], [-75.58184629065713, 6.142228406706627], [-75.58183581158342, 6.142245639462006], [-75.58182469834155, 6.142260049107511], [-75.58180843237103, 6.142278128909887], [-75.58179498961563, 6.1422953633198745], [-75.58178253517137, 6.142307936915039], [-75.5817678956164, 6.142318812339692], [-75.58175208667132, 6.142326016493772], [-75.58172841352233, 6.14233505775419], [-75.58170618491285, 6.142342263072527], [-75.58168416900317, 6.1423486202345465], [-75.58166709244381, 6.142353139044164], [-75.58164271274087, 6.142364017200024], [-75.58161886146097, 6.142374895515825], [-75.58160213708071, 6.142393822850127], [-75.5815754297048, 6.142418402818544], [-75.58142173730442, 6.142421091427938], [-75.5814096711644, 6.142440017061649], [-75.58139485233215, 6.142451744091336], [-75.58137290696877, 6.142462620429966], [-75.58135276088883, 6.1424706718521245], [-75.58133748458336, 6.142475192810739], [-75.58131112799565, 6.142485223427751], [-75.5812905237604, 6.142495110547229], [-75.58127662189096, 6.142503303595368], [-75.58125531092385, 6.142516864716419], [-75.5812330831617, 6.142532121808853], [-75.58122080569127, 6.1425429984782625], [-75.58120771706403, 6.142553874543524], [-75.58119695622277, 6.142564752931189], [-75.58118160743187, 6.142579162228724], [-75.58116597704479, 6.142594556531627], [-75.58115324038077, 6.142610802073969], [-75.58114431574573, 6.142623517740432], [-75.58113274261021, 6.1426442808091135], [-75.58112208704593, 6.14266688287988], [-75.58111404234471, 6.142685810795786], [-75.58110437732414, 6.142712085907675], [-75.58109788519177, 6.1427328497600024], [-75.58109164091258, 6.142759121918017], [-75.5810880431043, 6.142778050062641], [-75.58108613730404, 6.142793447717762], [-75.58108243265578, 6.142820570112958], [-75.58107982274551, 6.14283681196799], [-75.58107555513718, 6.142854894409646], [-75.58106916713047, 6.142876646830486], [-75.58106302989144, 6.142892892154723], [-75.58105442268881, 6.142912809145921], [-75.5810462022853, 6.142930891686638], [-75.58103773321905, 6.142947983645258], [-75.58102563328352, 6.1429705845548686], [-75.58101289414158, 6.142987817373464], [-75.5810026983066, 6.142999541067472], [-75.58098869232956, 6.143017623515076], [-75.5809800115562, 6.143030335293409], [-75.58096402866818, 6.143055621101396], [-75.5809552802648, 6.1430728554466985], [-75.58094603797036, 6.143089945714583], [-75.58093449916447, 6.143110712236646], [-75.5809254686405, 6.143125261903428], [-75.58091724605418, 6.143137832240585], [-75.5809058523421, 6.143154218667511], [-75.58089636074314, 6.143171310139395], [-75.58088754097855, 6.143188544829728], [-75.58087984960183, 6.14320394239306], [-75.58087307437636, 6.143219197208061], [-75.58086376122058, 6.143238265959958], [-75.58085130693834, 6.143259878607244], [-75.58083775927514, 6.143283470154323], [-75.58082675285105, 6.143300560803539], [-75.58081500352765, 6.143319631372648], [-75.58080011294336, 6.143336157638731], [-75.58078773078509, 6.143352119397351], [-75.5807777104418, 6.14336483493161], [-75.58076620720772, 6.143381926171407], [-75.58075484827697, 6.143399158656169], [-75.58074338009007, 6.14341808683079], [-75.58073540797007, 6.143431648646496], [-75.5807254934007, 6.14344888139087], [-75.58071617782291, 6.1434706352927675], [-75.5807084172138, 6.14349041168288], [-75.58070001927221, 6.143507645242189], [-75.5806893649457, 6.1435265731044435], [-75.58067980374476, 6.143541969751503], [-75.58066932426324, 6.143553693911646], [-75.58065521163437, 6.14357008080924], [-75.58056524290325, 6.1436360478826035], [-75.58054827204656, 6.14365314110879], [-75.5805332772579, 6.143665854439805], [-75.580522093501, 6.143680264424701], [-75.58050166513286, 6.143720097658429], [-75.58049210431527, 6.143742698067018], [-75.58048497819988, 6.143759931815942], [-75.58047456904458, 6.143786063162716], [-75.58045985658576, 6.143810502944368], [-75.5804482861252, 6.143831266910265], [-75.58043879238237, 6.14384398171093], [-75.58042598592192, 6.143862060177611], [-75.5804132499289, 6.143880141016413], [-75.58040142916279, 6.143896387565176], [-75.5803873178159, 6.143910794506334], [-75.58037352392819, 6.143922661239083], [-75.58036247988053, 6.143934386316261], [-75.58035154322991, 6.143952464797218], [-75.58034459329967, 6.143971395571731], [-75.58034053631282, 6.143987639899653], [-75.58034342808743, 6.144012076967901], [-75.58034649834684, 6.144040186479152], [-75.58034840399138, 6.144056430952484], [-75.58034921718331, 6.144076346771864], [-75.58034794660351, 6.144091602138444], [-75.5803469604496, 6.144111520315906], [-75.58034424167244, 6.144126917382954], [-75.58033891584546, 6.144145844838037], [-75.58034315042688, 6.144163077987819], [-75.58035137033703, 6.144180311787148], [-75.58035987362919, 6.144196556051091], [-75.58037024745663, 6.144214636525263], [-75.58037631565796, 6.144229044591277], [-75.58037857520956, 6.14424712445953], [-75.58037522413134, 6.1442625218669855], [-75.58036241623765, 6.144276930655474], [-75.58035119737606, 6.144287807641884], [-75.58034036655783, 6.144302356059628], [-75.58031281139625, 6.144321426998169], [-75.58031633950124, 6.144343886468317], [-75.58031337541857, 6.144366486676094], [-75.58031147089534, 6.14438908628899], [-75.58031002446391, 6.144416209549111], [-75.58030949706823, 6.144431605078036], [-75.58031083855742, 6.1444550542307415], [-75.58031461412622, 6.144475818246993], [-75.58031570626471, 6.144497571632345], [-75.58031436666815, 6.14451649882935], [-75.5803142625316, 6.144543621937485], [-75.58030551293143, 6.1445690482268205], [-75.58029196215324, 6.14458712848433], [-75.58028049690733, 6.144597863816256], [-75.58025121218213, 6.144608741232655], [-75.58022584392495, 6.144610578760601], [-75.58020580389605, 6.144609730739936], [-75.58018392842321, 6.144610579509942], [-75.58016893328556, 6.144609731542558], [-75.58014525816073, 6.144607895724218], [-75.58012990959769, 6.14460606129483], [-75.58011057598343, 6.144606908639561], [-75.5800926168244, 6.144611430790549], [-75.5800740929096, 6.144617786443649], [-75.58005973427049, 6.144622307485515], [-75.58003715077818, 6.14463050085454], [-75.58001185401349, 6.144638552722306], [-75.57999460117956, 6.144641378105914], [-75.57997583077817, 6.144643071665258], [-75.57994820533739, 6.144641379672345], [-75.5799321859746, 6.144635868841042], [-75.57990240690668, 6.144626829780745], [-75.57988469593886, 6.14462231076027], [-75.57986444338614, 6.144620474681285], [-75.57984348409154, 6.1446223117028556], [-75.57981920962278, 6.144630504185772], [-75.5798021338225, 6.144643075672989], [-75.57978904512267, 6.14465395264036], [-75.57977404895553, 6.144667514009177], [-75.57975969051535, 6.144681075915884], [-75.57975055211715, 6.144700992768805], [-75.57974226148303, 6.144721758083896], [-75.57973150068088, 6.144748030365021], [-75.57972518511653, 6.1447696432213785], [-75.57971812814984, 6.144790548139957], [-75.57971036660007, 6.1448103254465565], [-75.57970186284756, 6.144833915255585], [-75.57969537193995, 6.144851007618393], [-75.57968679862606, 6.144874595955285], [-75.57967875596344, 6.144896209012403], [-75.57967459142645, 6.144910757797504], [-75.57967018090214, 6.1449323695958356], [-75.57966728892646, 6.144948755672279], [-75.57966294894793, 6.144964012300691], [-75.57965571630963, 6.144985765198178], [-75.57964859207694, 6.145007520284768], [-75.57964037098607, 6.145028284361925], [-75.57963349027948, 6.145044527861109], [-75.5796235760536, 6.145068966185448], [-75.57961281390702, 6.145096085605524], [-75.57959937459486, 6.145121371802392], [-75.5795824715846, 6.1451458113155555], [-75.57956910179256, 6.145160218294079], [-75.57955519831167, 6.145171096483462], [-75.5795326193979, 6.145183809354449], [-75.57951790757613, 6.145190023642132], [-75.57948925718068, 6.145203583113947], [-75.57946424051414, 6.145206410705151], [-75.57944734161701, 6.145203585633035], [-75.57942024239844, 6.145196382479193], [-75.57939117082184, 6.145188332672917], [-75.57935052482885, 6.145178303629687], [-75.5792938943049, 6.14517562150102], [-75.57925765992329, 6.14517195039854], [-75.57923599725858, 6.145168418712366], [-75.57921387232841, 6.145164745506349], [-75.57919210317283, 6.145165733866097], [-75.57915678501271, 6.145164746186722], [-75.5791315917451, 6.145157542857965], [-75.57912047779207, 6.145144831682697], [-75.5790857958287, 6.145125902019667], [-75.57907214171844, 6.145119546181042], [-75.57905541594033, 6.145112343570406], [-75.57904081000676, 6.145106976875773], [-75.57902136830077, 6.145102457141943], [-75.57899021313528, 6.145098784108376], [-75.57897214957458, 6.145102455989494], [-75.57895408381667, 6.145108671983742], [-75.57893683195394, 6.14511601867998], [-75.57892158823806, 6.145118703249093], [-75.57889999663338, 6.14512223484265], [-75.57888073270415, 6.145152181689999], [-75.57886972447344, 6.145173791883436], [-75.57886213852177, 6.145191026050306], [-75.57885490760164, 6.145209955476869], [-75.57884650887546, 6.145236229924288], [-75.57884343985228, 6.145254308409999], [-75.57884209975232, 6.145272390305501], [-75.57883451421681, 6.145309399584639], [-75.57882936363623, 6.145331152383886], [-75.57882728158438, 6.145354600005229], [-75.57882682442822, 6.14537183231788], [-75.57882375561447, 6.14538807912099], [-75.5788148999474, 6.1454205677624225], [-75.57880805578206, 6.1454359648606225], [-75.5787946834145, 6.145457719365864], [-75.57878067720267, 6.145471279565106], [-75.57875167333574, 6.145483852548825], [-75.57873424405295, 6.145485686972601], [-75.57869388044546, 6.145482156009165], [-75.57867772049802, 6.145482158048088], [-75.57865323396076, 6.145482157775167], [-75.57863418231322, 6.14548117022924], [-75.57861339900413, 6.14547848592878], [-75.57859523030437, 6.145476649702488], [-75.57857854055207, 6.1454758035480355], [-75.57855144320489, 6.145473118973971], [-75.57851231415734, 6.14546860019899], [-75.5784813361967, 6.145473968073124], [-75.5784603784057, 6.145474816880446], [-75.57842869422207, 6.145476654079028], [-75.5784006798469, 6.145475807412596], [-75.57835424735818, 6.145468602559972], [-75.578327961646, 6.145466767517032], [-75.57830844955457, 6.145466767636762], [-75.57828562128238, 6.145468605493821], [-75.57826311080822, 6.1454739731853385], [-75.57823118129023, 6.145483013523352], [-75.57820404689892, 6.145491206196051], [-75.57817497534265, 6.145508298114377], [-75.57815581643636, 6.145519176324075], [-75.57813792883717, 6.145537258504281], [-75.57811824051645, 6.145556184749876], [-75.57810758613353, 6.145567061707435], [-75.5780892399315, 6.14558782672195], [-75.57807668040336, 6.145605061379601], [-75.57806521341838, 6.145623141513376], [-75.57805653429035, 6.145654784892358], [-75.57805484025141, 6.1456710277807405], [-75.5780543817386, 6.14568910814442], [-75.5780563569579, 6.145708178496161], [-75.5780608738344, 6.14572795352726], [-75.57807145998598, 6.145748859221122], [-75.57807858773482, 6.145763266739484], [-75.57808158481104, 6.145782196547159], [-75.57807505990489, 6.1458076211584185], [-75.57806863920882, 6.14582655029614], [-75.5780606988781, 6.145853671477985], [-75.57805276050736, 6.145866383289787], [-75.578048123209, 6.145872619463171], [-75.57803868527388, 6.145885312291496], [-75.57802700531012, 6.1459015590595065], [-75.57801292897376, 6.145922322461992], [-75.57800001695912, 6.145941392313913], [-75.57798773672087, 6.145956788518713], [-75.5779770810073, 6.145968516231575], [-75.5779614515231, 6.145982074310012], [-75.57794437487593, 6.145991114407635], [-75.57791872469548, 6.146005522758345], [-75.577903623806, 6.146015552340734], [-75.57788901496733, 6.146024593188442], [-75.57787003339041, 6.146039849042879], [-75.57785514614291, 6.146050725628976], [-75.57784415643312, 6.146059312340747], [-75.57782657602918, 6.146073101331657], [-75.57781292921968, 6.146084209708095], [-75.57779625549267, 6.1460985132712365], [-75.57779878219519, 6.146100238739461], [-75.5777991329256, 6.146100478439013], [-75.57780084764879, 6.146114037823412], [-75.57779678435223, 6.1461331138054245], [-75.57776896539916, 6.146176418246735], [-75.5777568605792, 6.146189978304947], [-75.57774855223394, 6.146199019494205], [-75.57774277163293, 6.146206251160356], [-75.57773798482873, 6.146212580272004], [-75.57772470662499, 6.146226140566528], [-75.57771793362993, 6.146231565226808], [-75.57769797235733, 6.146270348384475], [-75.57767945728284, 6.146306509941135], [-75.57767340466187, 6.1463219683181975], [-75.57766337930816, 6.1463426723978545], [-75.5776527210232, 6.146361746747042], [-75.57764648856251, 6.146372686452753], [-75.57764224297067, 6.146380732530203], [-75.57763637260244, 6.146392395568201], [-75.577631134844, 6.146399807241606], [-75.57762183169145, 6.146407854212404], [-75.57760611394185, 6.146422408116748], [-75.57759663193534, 6.146430455046187], [-75.57759021806376, 6.146440488826239], [-75.577588229669, 6.146459383927778], [-75.57758759901685, 6.14647023151422], [-75.57758678623206, 6.1464792727060376], [-75.57757233405779, 6.146491025062694], [-75.57753846196675, 6.146507297525361], [-75.57750504380776, 6.146523481908417], [-75.57749339173162, 6.1465308946910335], [-75.57748246370231, 6.146538037274379], [-75.57745021664306, 6.1465543109351355], [-75.57743531272556, 6.1465615432172225], [-75.57741770087961, 6.146567870912287], [-75.5774098416876, 6.146570581312427], [-75.5773966563223, 6.146577725743556], [-75.57738265457886, 6.146588664053157], [-75.5773691967589, 6.146601319315709], [-75.57736477201185, 6.146608553481761], [-75.5773587201826, 6.146622115078031], [-75.57735537784347, 6.14664290806766], [-75.57735555703002, 6.146651043098883], [-75.57736088768158, 6.146661982173064], [-75.57738148246432, 6.14667183593577], [-75.57739449046143, 6.146679067372026], [-75.57740424381917, 6.1466891009105655], [-75.57741164972862, 6.146707996802864], [-75.57741345680449, 6.146717849885939], [-75.57741273624272, 6.146731411077948], [-75.57740894213212, 6.14674786390813], [-75.57740523966685, 6.146759525529605], [-75.57740180625288, 6.146769471700742], [-75.5773965678753, 6.146780319819227], [-75.57738988423677, 6.146801112654461], [-75.5773861813173, 6.1468228087602155], [-75.57738699604762, 6.146848121125171], [-75.57739069870789, 6.14686801129847], [-75.57739268664187, 6.146884282539654], [-75.57739160263407, 6.146899652758832], [-75.57738464830908, 6.14692125877226], [-75.57737660999605, 6.146943046312656], [-75.5773698346195, 6.146956606880542], [-75.57735890618441, 6.1469709821782725], [-75.5773446359119, 6.1469882476965285], [-75.57733849245024, 6.14699647470811], [-75.57732377138694, 6.147009042043055], [-75.5773114865839, 6.147016183036442], [-75.57730317722742, 6.1470207037874065], [-75.57729369237009, 6.147024410200565], [-75.57727472477544, 6.147032638504514], [-75.57722748671385, 6.1470478254441385], [-75.57721709765175, 6.147051531697895], [-75.57719551101545, 6.14705686870073], [-75.57718078701576, 6.147060574167895], [-75.57716976925798, 6.147064280741562], [-75.5771583884103, 6.1470678073447536], [-75.57714682435095, 6.147070428934395], [-75.57713264564245, 6.147073321706269], [-75.57710871040531, 6.147078654666378], [-75.57709118649767, 6.147083177373252], [-75.57708034731478, 6.147085888586169], [-75.57706679897586, 6.1470895042992915], [-75.57704837277082, 6.147095923616011], [-75.57703952132421, 6.147098546584029], [-75.57702904346478, 6.147101258765424], [-75.57701784323731, 6.1471049653128516], [-75.57700402284706, 6.147109486426153], [-75.57699146917525, 6.147114818725429], [-75.57698099098883, 6.147119339085909], [-75.57697132487132, 6.147123860049509], [-75.57695615199003, 6.147134707268934], [-75.57693591957704, 6.147146461284654], [-75.57692354504198, 6.147152790833272], [-75.57691297651724, 6.147157309820537], [-75.57690529946991, 6.147161832037984], [-75.5768914809616, 6.1471708717779405], [-75.57687919667731, 6.147182625425706], [-75.57686564882951, 6.147193472942301], [-75.57685543933594, 6.147200706081057], [-75.57684342893276, 6.1472089333637365], [-75.57683277068303, 6.147215079239397], [-75.57681904039266, 6.147223305776807], [-75.57680332474273, 6.147236054199721], [-75.57679230465344, 6.147245094001773], [-75.57678498952437, 6.147251241833359], [-75.5767783045595, 6.147256756475136], [-75.57676629086698, 6.147263175594424], [-75.57675563264992, 6.1472667023226055], [-75.5767480458053, 6.147269322804173], [-75.57673838087481, 6.14727221549496], [-75.57672402029286, 6.147276734688848], [-75.57671372158867, 6.147280261490547], [-75.5767046903742, 6.147282883513814], [-75.5766934898338, 6.147285776378021], [-75.57668463927482, 6.147288397529668], [-75.57667352941222, 6.147291925530985], [-75.57666196785107, 6.1472956311041065], [-75.57665311620084, 6.147299338976006], [-75.57663532289611, 6.147307385303885], [-75.57662836665988, 6.147311904042546], [-75.57661951437895, 6.147319045648491], [-75.57660858702582, 6.147327273129193], [-75.57659241673203, 6.147339026531429], [-75.57658266445777, 6.147345354277064], [-75.57657290920169, 6.147350687538679], [-75.57656125710393, 6.147358103025884], [-75.57655213333355, 6.147367955496735], [-75.57654508897267, 6.147377810595623], [-75.57653813410288, 6.147389742860348], [-75.57653343683627, 6.1473977884051525], [-75.57652738487769, 6.147409452321007], [-75.57651925651582, 6.147429430312896], [-75.57651772044508, 6.147439465881378], [-75.57651772100556, 6.147453840900464], [-75.5765196196672, 6.147469209399926], [-75.57652657243182, 6.147486294798855], [-75.5765378656424, 6.14752534852523], [-75.57654084588874, 6.147538909957354], [-75.57654473123456, 6.147552469736128], [-75.576551505643, 6.147566843725997], [-75.57655873197669, 6.147582212746442], [-75.5765655061857, 6.147597670739916], [-75.57657110589288, 6.1476093327023245], [-75.57657562358028, 6.147620272091591], [-75.57658149287866, 6.147634645021478], [-75.57658664302248, 6.147657245920892], [-75.57659007470708, 6.147674514653058], [-75.57659459180523, 6.147706154978679], [-75.57659802540857, 6.147727761522005], [-75.57660163742445, 6.147746837562597], [-75.57660750921418, 6.147764916341511], [-75.57661166526445, 6.1477801039815905], [-75.57661419388518, 6.147791043018894], [-75.57661699275866, 6.14780107847141], [-75.57661916058551, 6.147809125258951], [-75.57662241370446, 6.147817260836734], [-75.57662494344203, 6.147824492198075], [-75.5766289169154, 6.147835341993566], [-75.57663370467962, 6.1478462782700625], [-75.57664264687091, 6.147871501720414], [-75.57664680204212, 6.1478840675046404], [-75.57665195202338, 6.147897628412846], [-75.57665583639536, 6.147906669554755], [-75.57666315158323, 6.147920229059188], [-75.57667173256985, 6.147934783284278], [-75.5766787783132, 6.147947350493753], [-75.57668401683442, 6.147958288210913], [-75.57668952622271, 6.147969950605006], [-75.57669377281596, 6.14797899090293], [-75.57669774630938, 6.147987217933714], [-75.57670587687878, 6.147999964343429], [-75.57671536052014, 6.148010632053151], [-75.5767228586921, 6.148018858354323], [-75.57673071578033, 6.148027898412418], [-75.57677280779603, 6.148073101433948], [-75.57680586784194, 6.148107452841981], [-75.576824926229, 6.148122007145827], [-75.57683450131289, 6.148126527508015], [-75.576843533508, 6.148131046872661], [-75.57686485160136, 6.148140087986243], [-75.5768779480562, 6.1481454213130835], [-75.57688914727785, 6.14814994197536], [-75.57689745683619, 6.148154462112706], [-75.57690793552405, 6.148159795410338], [-75.57692762534012, 6.148171727516119], [-75.57694009097273, 6.148178870254241], [-75.57695047853633, 6.148186101673295], [-75.57695951103837, 6.148191434713845], [-75.57696899516569, 6.148196950009448], [-75.57698064795055, 6.148203367971954], [-75.57700024736693, 6.148213222009079], [-75.57701515070129, 6.148219550152589], [-75.57702743642622, 6.148224973274245], [-75.57703746135921, 6.148229494173207], [-75.57705607063039, 6.148235007932746], [-75.57707214666678, 6.148237629979837], [-75.57710168274185, 6.14824305395052], [-75.57713103946837, 6.148251188339307], [-75.57714368307262, 6.148255709258153], [-75.57715587926228, 6.148259234221164], [-75.57716644737644, 6.148262128752413], [-75.57718026525842, 6.148266646716582], [-75.57719724648882, 6.1482737875485824], [-75.5772105249509, 6.148279212203373], [-75.57722813728174, 6.148285539021194], [-75.57723744228872, 6.148290060676657], [-75.57727438555133, 6.148309948672586], [-75.57731159974233, 6.148335261698742], [-75.5773275854357, 6.148348007254901], [-75.57733490406582, 6.148355150405376], [-75.577342221312, 6.1483623812589645], [-75.57734890472516, 6.148370608764476], [-75.57735441297258, 6.148378654794054], [-75.57736136946208, 6.148390315614906], [-75.57737094331544, 6.148406768133465], [-75.57740156389991, 6.14844455774779], [-75.57742622408139, 6.148474571122877], [-75.57744067708202, 6.1484862337379065], [-75.57744808255526, 6.1484926522912335], [-75.57745521843911, 6.148498799110546], [-75.57746307763814, 6.148506210875668], [-75.57747229000715, 6.148516065286937], [-75.577482947769, 6.148527817637706], [-75.577495232222, 6.148540475267616], [-75.57751167168348, 6.148554033207964], [-75.57752549250293, 6.148564971982491], [-75.5775347050785, 6.148571118723078], [-75.57754509251822, 6.148576634164289], [-75.57755827932877, 6.148579345173921], [-75.57756884854533, 6.148581154781923], [-75.57757977860636, 6.14858305305714], [-75.57759540452855, 6.148584680045486], [-75.57760705531115, 6.1485846798721], [-75.57761943053772, 6.148584678914516], [-75.57764119799474, 6.148583865961802], [-75.57766477346516, 6.148580158431753], [-75.57768518554036, 6.14857663161608], [-75.5776962955655, 6.148574823161194], [-75.57770858078884, 6.148573015362966], [-75.57771824419558, 6.148571117151904], [-75.57772962698311, 6.148569489101795], [-75.57774163987419, 6.148567590400216], [-75.57775139404845, 6.1485657830635105], [-75.57777424689226, 6.148559454447881], [-75.5777862600761, 6.148555929288838], [-75.5778077575232, 6.148549508668067], [-75.57783024665959, 6.148541372724968], [-75.57784018378112, 6.148536853142654], [-75.57785075167145, 6.148533325917241], [-75.5778610473948, 6.148528804603899], [-75.57786990026425, 6.148525912188993], [-75.57788263671138, 6.148521391752515], [-75.5778998881324, 6.148517865719572], [-75.57791235359039, 6.148513345686397], [-75.57792264750586, 6.148508824380961], [-75.57793294668903, 6.148505208946563], [-75.57794188836748, 6.148500688743025], [-75.57796365681877, 6.148491647665588], [-75.57798117975233, 6.148482606285166], [-75.57799427709509, 6.148475373647993], [-75.57801098494392, 6.148465518905298], [-75.5780197477712, 6.148460999564253], [-75.5780327532854, 6.148454581049292], [-75.5780435039954, 6.148449065752684], [-75.57805858548517, 6.148436500265636], [-75.57806472845441, 6.148430984607059], [-75.57807656076676, 6.14841841852932], [-75.57808297321019, 6.148411276019234], [-75.57809281829444, 6.1483985296748305], [-75.57810040692854, 6.148385782468728], [-75.57811034171645, 6.148371406524295], [-75.57812036595037, 6.148357034668585], [-75.57812768220253, 6.148346998329872], [-75.57813870232633, 6.148332533066566], [-75.57815640636002, 6.148310837190397], [-75.57818205836841, 6.148290044106226], [-75.57818594185962, 6.148299084325161], [-75.57818287124529, 6.148313457876011], [-75.5781717624329, 6.148341573491943], [-75.57816354291207, 6.148361551928885], [-75.57815920656721, 6.148382256590925], [-75.57815595573221, 6.14839672142083], [-75.57815261460965, 6.148408383108899], [-75.57814692529787, 6.148422938364899], [-75.5781430402231, 6.148435503150573], [-75.57814078056616, 6.148453583165719], [-75.57814024039212, 6.148466330705307], [-75.57813924696772, 6.148475371862657], [-75.57813753132055, 6.148487124250503], [-75.57813671792447, 6.148497159035988], [-75.5781358151401, 6.148507014339393], [-75.57813292530125, 6.148523286507767], [-75.57812931378581, 6.148534134917836], [-75.57812253789888, 6.148540461887329], [-75.57810889979633, 6.148548509913166], [-75.57809417630654, 6.148559449027733], [-75.57807882176657, 6.148565775817362], [-75.57806861605826, 6.148572105780664], [-75.57805904099527, 6.148580152275788], [-75.57804756996042, 6.1485928974285695], [-75.57804025412756, 6.148605646031081], [-75.57802851151187, 6.148619206174237], [-75.57802182839372, 6.148624540006578], [-75.57801342848653, 6.1486327661673705], [-75.57800249937382, 6.148640812869421], [-75.57799301507654, 6.148648950239072], [-75.57797747831417, 6.148661515212537], [-75.57796058961124, 6.148672455735898], [-75.57795038207944, 6.148678782994856], [-75.57794189174471, 6.148682490053908], [-75.57793340022234, 6.148687825381806], [-75.577924457941, 6.148693158364886], [-75.57790766013312, 6.148705903913258], [-75.57789636758207, 6.148713136880838], [-75.57788534799485, 6.148719467154617], [-75.57787423970798, 6.148726698328484], [-75.57786330984344, 6.1487338400403955], [-75.57784858782799, 6.148746587322086], [-75.57783910278316, 6.148753820605862], [-75.57783070275602, 6.148760148180528], [-75.57782103901283, 6.148766476430037], [-75.5778101098937, 6.148774523130444], [-75.57779782546082, 6.148784557230125], [-75.57778870353336, 6.1487917887609544], [-75.57778048088198, 6.1487963100144665], [-75.57777226434695, 6.148804538001271], [-75.57776512845578, 6.148813577164262], [-75.5777565476048, 6.148823433364645], [-75.57774832896042, 6.148833286008657], [-75.57774137284322, 6.148842328824387], [-75.5777350496142, 6.148850554001755], [-75.57772574801405, 6.148864927794856], [-75.5777144562493, 6.148880387058822], [-75.57770425062543, 6.148891236557613], [-75.57769801852105, 6.14889756451739], [-75.57768835441051, 6.148908504523673], [-75.57767290886801, 6.148921069958047], [-75.57765854773787, 6.14893110413496], [-75.57765114196917, 6.148936437837202], [-75.57764382473057, 6.148941772920279], [-75.57762774865475, 6.148954520406898], [-75.5776131150344, 6.148965368674114], [-75.5775905324022, 6.148973414659048], [-75.57757129318492, 6.14897983432523], [-75.57755521678814, 6.14898164143558], [-75.57754672554083, 6.14898534849582], [-75.57752640204988, 6.148996016281874], [-75.57750960274889, 6.149006956367525], [-75.5775008392826, 6.149012471110305], [-75.57749207976391, 6.149018617791968], [-75.57748440270045, 6.149023139122542], [-75.57746696863916, 6.149035071344048], [-75.5774575761853, 6.149042213769486], [-75.57743960159992, 6.149061198683164], [-75.57742803952885, 6.1490702402205475], [-75.57741747197468, 6.149079277862352], [-75.57741006537704, 6.1490893155408335], [-75.57740148591985, 6.1491064008269305], [-75.57739651821049, 6.149119057633588], [-75.57738938132199, 6.149148891746334], [-75.57738739545763, 6.149158745048724], [-75.57738486768216, 6.14917330041985], [-75.57737890599522, 6.149190385730091], [-75.57737285375453, 6.149198612311528], [-75.57736843193267, 6.14920589258031], [-75.5774038664359, 6.149224776144624], [-75.5774183256908, 6.149232481525211], [-75.5774397655179, 6.1492439051837025], [-75.57744947386125, 6.149249081249497], [-75.57744976184532, 6.149249233554707], [-75.57744985118912, 6.149249028799453], [-75.57745753207173, 6.149231425285805], [-75.5774701586184, 6.149210276477701], [-75.5774737556337, 6.149205415010283], [-75.5774782492125, 6.14919934225741], [-75.57747927321013, 6.149197957675973], [-75.5774826524596, 6.14919514411638], [-75.57748623685579, 6.149192163214363], [-75.57748727842021, 6.149191424971556], [-75.57748953351393, 6.149189831028543], [-75.57749315616464, 6.149188040626688], [-75.57749701290405, 6.14918684036905], [-75.577498390371, 6.149186638437834], [-75.57750101081177, 6.149186255114465], [-75.57750504971065, 6.149186303428186], [-75.57750574402333, 6.149186423033276], [-75.57750903023539, 6.149186984885671], [-75.57751148307837, 6.149187812945872], [-75.57751286013364, 6.1491882755218015], [-75.57751449926361, 6.149189137344131], [-75.57751643722571, 6.149190153227466], [-75.57751967905604, 6.1491925650594155], [-75.57752250405917, 6.149195455357812], [-75.57753440317674, 6.149183812936322], [-75.577541498584, 6.149176868741694], [-75.5775809803894, 6.149145987089899], [-75.57758244365422, 6.1491448444922465], [-75.57772606432154, 6.148998819972328], [-75.5777269153541, 6.14899959518908], [-75.57791228101482, 6.149168485565525], [-75.57796664464551, 6.149216700364614], [-75.57801965828497, 6.149266692779912], [-75.57806740104606, 6.14930597639048], [-75.57808264497548, 6.149301998043691], [-75.57808478386303, 6.149301408197666], [-75.57815202570245, 6.14928285354984], [-75.5781544952909, 6.1492822829011535], [-75.57816151692323, 6.14928065057554], [-75.57816319266104, 6.149280298932204], [-75.57821449696176, 6.149269498735324], [-75.578288173747, 6.149257095162543], [-75.57848417533809, 6.149225501186027], [-75.57848570552049, 6.149225124026043], [-75.5784942984251, 6.149223019409162], [-75.57854224593224, 6.149211261690163], [-75.57858427749467, 6.149200958278568], [-75.57859197266615, 6.149199072263814], [-75.57861465214805, 6.149193508396495], [-75.5786147377127, 6.1491919574726], [-75.57864103819233, 6.149197005482125], [-75.57864177687, 6.149197146569516], [-75.57864166482456, 6.149197701316398], [-75.57863831754254, 6.1492144539535945], [-75.57865187806203, 6.149294318886706], [-75.57865358612415, 6.149295426283713], [-75.57872832287786, 6.149343827385935], [-75.57881673912576, 6.149371965094354], [-75.57887903573723, 6.149398091654377], [-75.57892525498372, 6.149398089959145], [-75.57895941589584, 6.1493920601739385], [-75.57911015580609, 6.149240021395064], [-75.57912821080427, 6.149221806341358], [-75.57928040597709, 6.149068297711872], [-75.57944643469304, 6.148900837288868], [-75.57961602991308, 6.149140923955289], [-75.57971326180453, 6.1491985509341704], [-75.57975647367809, 6.149321008738417], [-75.57982230820605, 6.14948006317896], [-75.57988350816228, 6.1496279238811145], [-75.5799096170146, 6.149691006083771], [-75.57997012928244, 6.149683156470589], [-75.58010788421349, 6.14966528433523], [-75.58017705682994, 6.149559946765765], [-75.58021933112352, 6.149518888638249], [-75.58022247122014, 6.149425855594241], [-75.58022878163936, 6.149301115375073], [-75.5802259436992, 6.149212950790621], [-75.58022138608925, 6.149101230395832], [-75.58021495242431, 6.149043469538878], [-75.5802000023998, 6.148968280156132], [-75.58019598213633, 6.148931449904494], [-75.58019641428342, 6.148873463305047], [-75.5802078237224, 6.148839156856144], [-75.5802189117553, 6.148805822045446], [-75.5803071217926, 6.148730919029726], [-75.5803448774176, 6.148696726689324], [-75.58042045652729, 6.1486566495359645], [-75.58047321038964, 6.148627111294743], [-75.58048620053748, 6.1486167681646196], [-75.58051670136226, 6.148583620735691], [-75.58053456352796, 6.148564209583934], [-75.58054813492448, 6.1485494607434905], [-75.58058057986882, 6.148519544167202], [-75.58062002609363, 6.148495581528114], [-75.58062543996647, 6.148492293426202], [-75.58065063503646, 6.1484769875598655], [-75.58071067560604, 6.148438799060923], [-75.5807504450151, 6.148403187509894], [-75.58076773146561, 6.148384463531341], [-75.58077334146137, 6.1483783889908645], [-75.58079546122028, 6.148344820065975], [-75.58081599875851, 6.14830420962469], [-75.58083473179725, 6.1482587909306705], [-75.58085005963703, 6.148211361728919], [-75.58088321560544, 6.148103760806442], [-75.5809345633547, 6.148011383593997], [-75.58094463066453, 6.1479750630076095], [-75.58096554453641, 6.147885319086468], [-75.58096991193437, 6.147866581589602], [-75.58098442680124, 6.147830951934922], [-75.5809979928262, 6.147806667723489], [-75.58105652263411, 6.147751926378172], [-75.58109274308245, 6.147732453644842], [-75.58113503109715, 6.147698024224864], [-75.58120536745311, 6.147650872585904], [-75.58120573938963, 6.1476521374133695], [-75.58120871810613, 6.147663860770342], [-75.5812116194996, 6.147681089481348], [-75.58121352889124, 6.147690977285874], [-75.5812181625588, 6.147707217596794], [-75.58122003544457, 6.147712720759894], [-75.58122430377419, 6.147721760885889], [-75.58122917989388, 6.1477343321474835], [-75.58123244024564, 6.147747887629627], [-75.58123378260909, 6.147758761819497], [-75.58122794101216, 6.147775995710097], [-75.5812238818395, 6.147785035392023], [-75.58122272592993, 6.1477877215929615], [-75.58122181024707, 6.147796764166675], [-75.58122315399167, 6.147808486382709], [-75.58122824762278, 6.147822891887718], [-75.5812350255332, 6.147832913476917], [-75.58124759616034, 6.147846465556844], [-75.5812578641653, 6.1478554992918415], [-75.58126156708164, 6.147858182807429], [-75.58127099050148, 6.147867216102866], [-75.58128183389881, 6.14787624796067], [-75.58128687851432, 6.147881615552548], [-75.58129011297669, 6.1478853093875285], [-75.58129874366735, 6.147895167422987], [-75.58131039456059, 6.147910554718934], [-75.5813184402795, 6.147921424540648], [-75.58132621205544, 6.147931307519861], [-75.58133386978284, 6.147941329375161], [-75.58134001484994, 6.147947681622311], [-75.5813461965261, 6.1479548817250995], [-75.5813503274175, 6.147959398466035], [-75.58135883087944, 6.147969284236971], [-75.58136514967939, 6.147978319875378], [-75.58137157904086, 6.147992859959046], [-75.5813732075791, 6.147996395201996], [-75.58137945556598, 6.148009101771391], [-75.58138832424783, 6.148021668199476], [-75.58139407981223, 6.14802985490998], [-75.58139626790019, 6.148032538511871], [-75.58140593913996, 6.14804425754857], [-75.58141804667913, 6.148052440683704], [-75.58143032307255, 6.148057802254152], [-75.58144080348073, 6.148063303596339], [-75.58145111200689, 6.148067815794801], [-75.58147467941916, 6.14807500691121], [-75.58150457580932, 6.148092219065976], [-75.58151307782667, 6.148098434250542], [-75.58152084881793, 6.148104783156321], [-75.58153186368115, 6.148115652183139], [-75.58154407065427, 6.148125534514835], [-75.58155329391556, 6.148140072843501], [-75.58155925911477, 6.148149958218892], [-75.58156459447244, 6.14815998044294], [-75.58156956997198, 6.148172552120072], [-75.58157525678018, 6.148184273230725], [-75.58157907327889, 6.148195145403255], [-75.5815794333494, 6.148206868752517], [-75.5815749293678, 6.148225936897976], [-75.5815726738562, 6.148233992355331], [-75.58156933052808, 6.148242184162777], [-75.58156274034019, 6.1482512279423585], [-75.58154866706441, 6.148262109732186], [-75.5815461301935, 6.148262960984997], [-75.58152916457101, 6.148273845904751], [-75.58152030770265, 6.1482802055593675], [-75.5815117416937, 6.148286564712264], [-75.58150631621571, 6.148291938602372], [-75.58151181890727, 6.14829376899966], [-75.58150706633191, 6.148305497169709], [-75.58150343009403, 6.148312703131173], [-75.58150244622936, 6.148314539564375], [-75.58150001088939, 6.148320895305528], [-75.58149515039004, 6.14833347022169], [-75.5814885666579, 6.148347035303804], [-75.58148342456498, 6.148360595226537], [-75.5814828932553, 6.148362432184763], [-75.58147846232461, 6.148385034050102], [-75.58147684044725, 6.14839224112511], [-75.58147684399974, 6.148398594119762], [-75.58147865201568, 6.1484166743325765], [-75.58148004298138, 6.148429381770194], [-75.58148780526386, 6.1484384176599916], [-75.58149776020527, 6.148443782308117], [-75.58150813329335, 6.148447445253476], [-75.58152457226558, 6.148450969486141], [-75.58153992835338, 6.148453780203848], [-75.58155520159731, 6.148456457516756], [-75.58156695329978, 6.148458285735771], [-75.5815763386118, 6.148459978930235], [-75.58158561299209, 6.148460959336967], [-75.58159567733287, 6.148462787574169], [-75.58160685791681, 6.148463631290917], [-75.58161651957342, 6.148463626179791], [-75.58162647480385, 6.148463621457678], [-75.58163719559755, 6.1484644628757055], [-75.58165896424964, 6.148468968494231], [-75.58167512296541, 6.148472631497248], [-75.58169040564889, 6.148474457111325], [-75.5817023298857, 6.148476286301218], [-75.58171189585298, 6.148477978619764], [-75.5817260042582, 6.14847980629241], [-75.58173736705469, 6.148480784738294], [-75.58174784354297, 6.148482476271271], [-75.5817570579038, 6.148484309517684], [-75.58177151907023, 6.148486984420333], [-75.58178791228683, 6.148492258270665], [-75.58178860076282, 6.148492479155957], [-75.5817968942378, 6.1484951603648845], [-75.58180609846389, 6.1484988244327985], [-75.58181396787313, 6.148502354819531], [-75.58182851123799, 6.148505029322975], [-75.5818450578799, 6.148507841508242], [-75.5818549038806, 6.148509536086491], [-75.58186989750617, 6.14851136128386], [-75.58188471829453, 6.148510502181887], [-75.58189642296362, 6.148509509872864], [-75.58190528429331, 6.148509504104525], [-75.5819167446475, 6.148510482978653], [-75.58192761901479, 6.148511327264206], [-75.58193682252306, 6.148513157847237], [-75.5819454684484, 6.148514001151787], [-75.58195524031625, 6.148513998213616], [-75.58196293662635, 6.148514977200829], [-75.58197591355503, 6.148513135227937], [-75.58199154526343, 6.148511290366012], [-75.58200148916453, 6.14851043585086], [-75.58201116141048, 6.148509443419619], [-75.58202180946107, 6.148509437148694], [-75.58205874599, 6.148504894566273], [-75.58207391834834, 6.148502202986491], [-75.58208104233631, 6.148499515055725], [-75.58209945425905, 6.148493149884221], [-75.58210264216052, 6.148492247564826], [-75.58214749563554, 6.1484795615773065], [-75.58215896356502, 6.148476869822764], [-75.58216925992643, 6.148474180115628], [-75.58217684555646, 6.148473188728654], [-75.58218337499359, 6.148472335348322], [-75.58219409562113, 6.148475014761163], [-75.58220249910636, 6.148479528012339], [-75.58221107477958, 6.148487713729886], [-75.582214334966, 6.148492243709656], [-75.58221618105357, 6.148494811427981], [-75.58222276233457, 6.148503951556489], [-75.58222654289823, 6.148512989502352], [-75.58222429156368, 6.148524715525371], [-75.58221728189982, 6.148537428308262], [-75.5822167149459, 6.148540114374754], [-75.58222691418668, 6.148544627079952], [-75.58224184488944, 6.148549136799643], [-75.58225151071726, 6.148552804051001], [-75.5822600833009, 6.148555482997865], [-75.58227085228341, 6.148559010206603], [-75.58227607357418, 6.148559993018097], [-75.58229134909817, 6.148563517424039], [-75.58231128413048, 6.148570846294766], [-75.58232059880649, 6.148574374204981], [-75.5823291797771, 6.148578042179229], [-75.58233676144856, 6.148580722299115], [-75.58236884448331, 6.1486033031171985], [-75.5824030803788, 6.148628565888957], [-75.58241656319969, 6.148643951515764], [-75.58242207647196, 6.148651154828393], [-75.58243157725086, 6.148663857397171], [-75.58243945023291, 6.1486737416657675], [-75.58244791734046, 6.148683762290547], [-75.5824549757284, 6.148691812492083], [-75.58246391435604, 6.148701832644633], [-75.58247693848581, 6.148715384289207], [-75.58248434915716, 6.148723433690692], [-75.58249077408703, 6.148731619854788], [-75.58249628915048, 6.148738819540828], [-75.58250440609906, 6.148751526085914], [-75.58251129480468, 6.148764095724245], [-75.5825151854018, 6.148774968426091], [-75.58252185682827, 6.14878668837051], [-75.58252630503017, 6.148792189918039], [-75.58253580184203, 6.148799391143725], [-75.58255051927918, 6.14880743685492], [-75.58256007742212, 6.148812934486933], [-75.5825769797533, 6.148822813061631], [-75.58258862633075, 6.1488283123473], [-75.58260119034844, 6.148830004614194], [-75.58261247762287, 6.148827313721314], [-75.58263065036414, 6.1488282872407884], [-75.5826402068253, 6.148829132457046], [-75.58265040461333, 6.148829974571872], [-75.58265566089773, 6.148829972660372], [-75.58267044416075, 6.1488282638748935], [-75.58268067858201, 6.148829958364203], [-75.58269104855772, 6.148834472039099], [-75.58270517096439, 6.148843503362522], [-75.58271075056878, 6.148848728210785], [-75.58275039663516, 6.148792093556541], [-75.58272969902023, 6.148658979427567], [-75.58293070704339, 6.148575678693424], [-75.58297377766655, 6.148498127748975], [-75.58294420453733, 6.148430752800137], [-75.58293219133226, 6.148403381862797], [-75.582932991329, 6.148378615108448], [-75.58293299279514, 6.148378544582737], [-75.58293562221509, 6.148296944532808], [-75.58293905166482, 6.148204242971986], [-75.58294571102796, 6.148185209616605], [-75.58294689515975, 6.148181822612919], [-75.58295253882319, 6.148165701706326], [-75.58295260473169, 6.14816550791345], [-75.5829630802849, 6.148135571826151], [-75.58297681018404, 6.148084068426466], [-75.58300021279898, 6.148015393981498], [-75.5830117898943, 6.147981429391076], [-75.58302829418781, 6.147932997314926], [-75.58304646808173, 6.147891740119845], [-75.5830925506376, 6.147787134356684], [-75.5831019324527, 6.14776583937969], [-75.58310538048988, 6.147758012317379], [-75.58312370645248, 6.147729546284758], [-75.58315026116787, 6.147688299193524], [-75.58315381463981, 6.147682478689735], [-75.58317002169078, 6.147655930522888], [-75.58324612235077, 6.147531262619764], [-75.58324947867177, 6.147525768540033], [-75.58325212426898, 6.147521432413403], [-75.58331919592156, 6.147405260464162], [-75.58332798533628, 6.1473926086912725], [-75.58332989696855, 6.147389855549996], [-75.58336239837578, 6.147343062075756], [-75.58336920797062, 6.1473332596069366], [-75.5833944889547, 6.147296866380285], [-75.583469742866, 6.14719665264441], [-75.58354308453836, 6.147125266754929], [-75.58363686621392, 6.14704551687274], [-75.58367381098405, 6.147013899569429], [-75.58373422480096, 6.146962190306328], [-75.58377354983071, 6.146910197893163], [-75.58380188234744, 6.146844294156714], [-75.58380943335702, 6.146813312639036], [-75.58382932085404, 6.146711273716701], [-75.58384082487133, 6.146678461297283], [-75.58384095761276, 6.146678078227657], [-75.5838560551822, 6.146635026852062], [-75.58390912606814, 6.146584065523753], [-75.58391231232898, 6.146583388324373], [-75.58391335531537, 6.146582386979301], [-75.58398014768808, 6.146568193486899], [-75.58404452440483, 6.146552827320685], [-75.58411947748552, 6.146532723222007], [-75.58412010084797, 6.146532554759621], [-75.58417215170736, 6.14651074421602], [-75.5841916780957, 6.146481350214961], [-75.58419610189385, 6.146474691936949], [-75.58418786609218, 6.146688987945023], [-75.58420424115879, 6.14679378249159], [-75.58422388992328, 6.1468694243787425], [-75.5842238932238, 6.146951295501628], [-75.58422089099855, 6.147074451695237], [-75.58432066015247, 6.147071332767807], [-75.58441426366262, 6.147086970843287], [-75.58444370472641, 6.1470925811032275], [-75.5845452100348, 6.14711191479218], [-75.58469643923144, 6.147143645169261], [-75.58482897896018, 6.147189897811556], [-75.58495057326786, 6.147227316232504], [-75.58496268948782, 6.1472655346930605], [-75.58499110833412, 6.147355171766399], [-75.58497863731328, 6.147414421555423], [-75.58498487633074, 6.147517448747035], [-75.5849973480239, 6.14758605534486], [-75.58502856808452, 6.147686361500448], [-75.58504415863896, 6.147776796559939], [-75.58508781079382, 6.1479077687178005], [-75.58517223713177, 6.148047403542638], [-75.58520941779635, 6.148088560996295], [-75.58528616216276, 6.148120237499589], [-75.58533610635837, 6.148162880952171], [-75.5854082064388, 6.148216709153603], [-75.58540199265826, 6.148216893828796], [-75.58536884922653, 6.148217887818576], [-75.585324406295, 6.148219219476512], [-75.58527776239812, 6.148236705094687], [-75.58527764645233, 6.148236824994872], [-75.585232223366, 6.148283945072464], [-75.58521883138766, 6.14830195142401], [-75.58524583427157, 6.148326205661717], [-75.58544374424528, 6.1483577341309195], [-75.58548858313074, 6.148364877225041], [-75.58566536019055, 6.148446810170484], [-75.58592117025313, 6.148603691288425], [-75.58592282729309, 6.148604707591462], [-75.58601123138533, 6.1485128297856], [-75.58601804953767, 6.148505744024401], [-75.5861146421077, 6.148414829196415], [-75.5861928042437, 6.1483370856789765], [-75.58619550563871, 6.14833439470626], [-75.58671981365273, 6.14868554812928], [-75.58713684778378, 6.148970021815611], [-75.58750649168385, 6.149216563313901], [-75.58770765144453, 6.1493664020988765], [-75.58783864607636, 6.149463975897878], [-75.58803897331512, 6.1495869600664985], [-75.58825568177404, 6.149719999473315], [-75.58856524316919, 6.149926467425312], [-75.58890019098698, 6.150137224831537], [-75.58909350788642, 6.1502687407414305], [-75.58913714349329, 6.150298426194553], [-75.58942148484469, 6.150459624499646], [-75.58971530403832, 6.150544960453647], [-75.5898375487036, 6.1506684072994435], [-75.58980619366118, 6.150766756944929], [-75.58977833540568, 6.150830249098827], [-75.58976725436023, 6.150850333645986], [-75.5897627960034, 6.150858420569774], [-75.58975922181297, 6.150858825757019], [-75.58968867247133, 6.150866838173104], [-75.58968789803824, 6.150868080519201], [-75.58961282826742, 6.150988519138377], [-75.58958237979296, 6.151037369624081], [-75.58953907641097, 6.151137880126601], [-75.5895025284955, 6.151197289117005], [-75.58948299085561, 6.151249480601057], [-75.58949521485323, 6.151319929623245], [-75.58951547467966, 6.151430317188624], [-75.58952794281915, 6.151472272934343], [-75.58952688713187, 6.151507958484404], [-75.58950616945886, 6.1515587760701145], [-75.58949798649326, 6.151611944036924], [-75.58949951824728, 6.151650135804304], [-75.58948658896065, 6.151754335001137], [-75.58948390159209, 6.15180394316587], [-75.58950634436457, 6.151935142909467], [-75.58955597360007, 6.152129356241789], [-75.58956661482223, 6.152168413318632], [-75.58957221027359, 6.1521955447415655], [-75.58957522333736, 6.152225690238189], [-75.58957866875387, 6.152262296002052], [-75.5895816804614, 6.152301486826678], [-75.5895829737094, 6.152330339694883], [-75.58958310207463, 6.152335395592363], [-75.58958562355517, 6.152331555484351], [-75.58959429436003, 6.152325407261549], [-75.58960509656079, 6.152318432314024], [-75.58960829598695, 6.152316368146696], [-75.58961651501782, 6.152308142731209], [-75.5896222951272, 6.152299914682711], [-75.58962699005434, 6.152290874610492], [-75.5896306937271, 6.152281019346662], [-75.58963530039995, 6.15227016973429], [-75.58964044892788, 6.152260226997744], [-75.58964631931286, 6.1522493766790785], [-75.58965164786878, 6.152237624909024], [-75.58965528183876, 6.152230350228073], [-75.5896579701859, 6.1522249678540355], [-75.58966528710934, 6.152217734974735], [-75.58967621500308, 6.15221321309058], [-75.58968560989801, 6.152212400851512], [-75.58969608718311, 6.1522159274657735], [-75.5897037645793, 6.15222306771032], [-75.58971261824082, 6.152232108048703], [-75.58972020593396, 6.152244040352269], [-75.5897276127238, 6.15225760087734], [-75.58973357407191, 6.152269262614163], [-75.58973745854165, 6.152279205826061], [-75.58973953841672, 6.152290868312563], [-75.58974143352593, 6.152302802015347], [-75.589744687856, 6.15231636370029], [-75.58974965436119, 6.15232702854249], [-75.58975588834895, 6.152339776564017], [-75.58976067568669, 6.152349630411355], [-75.5897635657733, 6.152358671654817], [-75.58976763150524, 6.1523706038666335], [-75.58976925786655, 6.15237964310455], [-75.58977196852463, 6.152389497986323], [-75.58977774825601, 6.152398536962585], [-75.58978759549915, 6.152413907365817], [-75.58979364638171, 6.152424844498167], [-75.58979771261265, 6.152436506386893], [-75.58979879721038, 6.1524500659406955], [-75.58979789456086, 6.152463627903728], [-75.58980087535122, 6.152479086770175], [-75.58980503182192, 6.152494273228608], [-75.58981162645136, 6.15251154261038], [-75.58981740681372, 6.152522389742246], [-75.58983176991303, 6.152535948153925], [-75.5898417051087, 6.152543180503982], [-75.58985326653699, 6.152551405779634], [-75.58986636402679, 6.152556740490861], [-75.58987476492572, 6.1525612599079835], [-75.58988804307148, 6.152566593741904], [-75.58989815950352, 6.152573012443118], [-75.58990755454846, 6.152583046443568], [-75.58991514244524, 6.1525937130275], [-75.58992309027519, 6.152604652705021], [-75.58993655106981, 6.152614685962142], [-75.589948021713, 6.15262001952347], [-75.58996121038203, 6.152622731957204], [-75.58997313217726, 6.1526253519931675], [-75.58998406166239, 6.152628244451512], [-75.5899959866682, 6.152633578518981], [-75.5900082689338, 6.15264180390798], [-75.59001630947625, 6.152648945997826], [-75.59002552055715, 6.152656991911776], [-75.59003771722598, 6.152669737210005], [-75.59005415645332, 6.152684110962077], [-75.59006942169486, 6.152690529083507], [-75.59007989879417, 6.15269233703046], [-75.59009706211451, 6.152694144174185], [-75.59011043095217, 6.152694144393652], [-75.59012542271508, 6.152693149482136], [-75.59013436559735, 6.152697668975497], [-75.59014367099996, 6.152703182101232], [-75.59015288276268, 6.152706706705721], [-75.59016335940098, 6.152708605965064], [-75.59017618745379, 6.152709598774307], [-75.59019145141306, 6.15270959883573], [-75.5902111440871, 6.152707700535339], [-75.59022676815711, 6.152706705264624], [-75.59024049820087, 6.152710411358521], [-75.59025251383386, 6.15271673856214], [-75.59026244914034, 6.152720263269326], [-75.59027229437365, 6.152722162878206], [-75.59028719730904, 6.152723156464122], [-75.59029722362614, 6.152722160330705], [-75.5903081517471, 6.152722160636739], [-75.59031944419068, 6.152723153662049], [-75.59033136627284, 6.152723968239956], [-75.59034473650159, 6.152726679781172], [-75.59035449153012, 6.152727673034299], [-75.59036578179376, 6.152731199300099], [-75.59037860656562, 6.152733006695709], [-75.59039116242444, 6.152733005428776], [-75.59041067306252, 6.152731196604193], [-75.59042467313274, 6.152729296992957], [-75.59044571918996, 6.152725771100984], [-75.59046288182046, 6.152723148245694], [-75.59047633983432, 6.1527247753659635], [-75.59048564343198, 6.152730288492812], [-75.59049277898619, 6.1527367080846], [-75.59049937497085, 6.152751082578147], [-75.59049847063362, 6.152760936009233], [-75.59049585173241, 6.152774497255121], [-75.59049259990863, 6.152789050635889], [-75.59048844616177, 6.15280351527395], [-75.59048438138294, 6.152818071696369], [-75.59048284687341, 6.152828739145401], [-75.59048203423511, 6.152841485185935], [-75.59048194407147, 6.1528523327693385], [-75.59048131451014, 6.152864086146132], [-75.59048095215792, 6.152873940563144], [-75.5904825780208, 6.15288939875996], [-75.59048745686655, 6.152906576096801], [-75.59049667077946, 6.152922848203214], [-75.59050850349087, 6.152938215272191], [-75.59052431212855, 6.152956296075124], [-75.59054002991823, 6.152968863337522], [-75.59055321765427, 6.152971754763986], [-75.59056522984004, 6.152968047595607], [-75.5905698935102, 6.152964678057337], [-75.59057399098926, 6.152961718102954], [-75.5905807641228, 6.152954486947512], [-75.59058961719087, 6.152943638419682], [-75.59059593876826, 6.152932698209959], [-75.59060045359462, 6.152922845336543], [-75.59060542095904, 6.152912989362581], [-75.5906118348454, 6.152903949079812], [-75.59061851851844, 6.152893914808391], [-75.59063008049033, 6.1528776413129815], [-75.590636855358, 6.152867785606682], [-75.5906433557962, 6.152856847241246], [-75.59064553062625, 6.15285342649765], [-75.59065139435883, 6.152844190891908], [-75.5906766850026, 6.1528287304294045], [-75.59069664678631, 6.152824208069537], [-75.5907110097222, 6.152827101925686], [-75.59071733309754, 6.152834243294014], [-75.59071778446237, 6.152845183175279], [-75.59071706303706, 6.1528640756064785], [-75.5907181476759, 6.152877637860226], [-75.59071977387491, 6.1528939097232085], [-75.59072185243602, 6.152908464351899], [-75.59072320707833, 6.152925551204294], [-75.59072230466904, 6.152943630842545], [-75.59072013704726, 6.152962706589018], [-75.59071959549803, 6.152977895038153], [-75.59072239628959, 6.15299516111115], [-75.59072917188323, 6.153019569102369], [-75.59073323722832, 6.153040363082863], [-75.59073784454566, 6.153061155336458], [-75.59074335675845, 6.153086377706345], [-75.59074624747853, 6.153106356484075], [-75.59074480441477, 6.153121726508572], [-75.59074100991513, 6.1531379984655485], [-75.59073631461233, 6.153158700263473], [-75.59073243223719, 6.153170632162374], [-75.59073008313567, 6.153183200322949], [-75.59072927187928, 6.153195856850959], [-75.59072674227168, 6.1532103208380615], [-75.5907224976681, 6.15322840313889], [-75.59071780057639, 6.153242957206515], [-75.59071192950667, 6.153255525286221], [-75.59070362192061, 6.153270078798542], [-75.59069522166206, 6.153285267424459], [-75.59068826700532, 6.153295303013572], [-75.59068149286432, 6.153306240901703], [-75.59067580313109, 6.153314288608723], [-75.59066957207226, 6.153326945227756], [-75.59066613816455, 6.153335983704503], [-75.59066324919074, 6.153349546261394], [-75.5906620763296, 6.153364008183608], [-75.59066189495593, 6.153374858920398], [-75.59066333937592, 6.1533866112690205], [-75.59066325130235, 6.1533956515860195], [-75.59066207751968, 6.153407313578975], [-75.59066072167688, 6.153419245871357], [-75.59065991119304, 6.153432807379667], [-75.59066415522318, 6.153451701022132], [-75.59067445492472, 6.153467973272805], [-75.59068122958985, 6.153480630043973], [-75.59068556569704, 6.153496901408728], [-75.59068656023314, 6.15351498268798], [-75.59068610903809, 6.153524023863447], [-75.59068710220897, 6.153533062547787], [-75.59069297370961, 6.153544815102925], [-75.59070489764224, 6.153548431397417], [-75.5907144715947, 6.153549336012586], [-75.59072495061388, 6.153547436300333], [-75.59073533669891, 6.153544812871519], [-75.59074482085956, 6.153542100700786], [-75.59075602237031, 6.153541288704378], [-75.5907692995071, 6.153538393577718], [-75.59077950747749, 6.153533872446413], [-75.59078781581152, 6.153529352400211], [-75.59079747966408, 6.153524017526597], [-75.590807506079, 6.153519498180422], [-75.59081753213518, 6.15352031019117], [-75.59082791868317, 6.153526729359215], [-75.59083270693274, 6.153536763995356], [-75.5908332496954, 6.153546617632196], [-75.59083451527168, 6.153558370846768], [-75.59083740544486, 6.153570032999087], [-75.5908410193969, 6.153580066103145], [-75.59084824634505, 6.153594529736731], [-75.59085384740136, 6.153602666380301], [-75.59086369285522, 6.1536152322959925], [-75.59087037683997, 6.153624274089558], [-75.5908776941923, 6.1536352113743735], [-75.59088257096586, 6.1536452455794555], [-75.59088862352323, 6.153660433656081], [-75.59089413524183, 6.153673993399362], [-75.59089964515425, 6.153687553151234], [-75.59090316774734, 6.153698491680812], [-75.59090687173568, 6.1537075316674406], [-75.59091202312545, 6.153717568154809], [-75.59091626630696, 6.153730133240416], [-75.59091879727356, 6.153742789813974], [-75.59092241042976, 6.1537582492033005], [-75.59092927471758, 6.153772621474355], [-75.59093388349393, 6.1537808497249324], [-75.59093948415966, 6.153791514173405], [-75.59094580622829, 6.1538015504005745], [-75.59095411732895, 6.153808783366037], [-75.59096965302386, 6.153816014705821], [-75.59097913774657, 6.153818636593513], [-75.59098807968829, 6.153820534236697], [-75.59099765269764, 6.153818634395721], [-75.59100822221981, 6.1538186337069], [-75.59102339734885, 6.153817820491393], [-75.59103423722485, 6.153816011235346], [-75.591046429749, 6.153811490407021], [-75.59105663592129, 6.1538069710861265], [-75.5910702763364, 6.153797025081673], [-75.59108472727414, 6.1538005513440135], [-75.59109186433446, 6.1538151040064015], [-75.59109574645575, 6.153826044403345], [-75.59109782483628, 6.153835897814292], [-75.59110216057009, 6.153845752017836], [-75.5911147173844, 6.153857684561468], [-75.59112113037536, 6.153866724048283], [-75.59112998288276, 6.153874769860073], [-75.59113847504507, 6.153879289704972], [-75.59115048800686, 6.153885617789811], [-75.59115897836288, 6.153890137643026], [-75.59116837382726, 6.153894657621591], [-75.59118165157739, 6.153902883554469], [-75.59119113622961, 6.153909031345632], [-75.59120315026118, 6.153917257085295], [-75.59121371720371, 6.15392548261851], [-75.59122193870539, 6.153930815638582], [-75.59123232498807, 6.153939041144348], [-75.59124171931336, 6.153945189372682], [-75.59125400401236, 6.153952602837431], [-75.5912631279088, 6.153957935091009], [-75.5912737868259, 6.153964263418127], [-75.59128326961023, 6.153967789387002], [-75.59129302542627, 6.153969686687819], [-75.59130368450765, 6.153968781478112], [-75.5913147932382, 6.153966159047111], [-75.59132798162933, 6.153958745748146], [-75.59133592920733, 6.153953411061216], [-75.59134532364494, 6.153943557090761], [-75.59135408495138, 6.15393614268724], [-75.59136266675021, 6.153927102717509], [-75.59137386534796, 6.1539154408691], [-75.59138687248003, 6.1539028733922265], [-75.5913994247121, 6.153890940075369], [-75.59141243177704, 6.1538818994101465], [-75.59142137529949, 6.153879278451396], [-75.59143040598849, 6.15387656394912], [-75.5914407040224, 6.153873852333213], [-75.59144991745426, 6.15386933149793], [-75.59145867909923, 6.15386571422304], [-75.59146680586788, 6.1538611950482185], [-75.59147701546755, 6.153854775330122], [-75.5914896595691, 6.153847632279666], [-75.59149724598319, 6.153841212642854], [-75.59150528597223, 6.153834072060757], [-75.59151576319526, 6.153826026413209], [-75.59152443253332, 6.153820511020611], [-75.59153635677033, 6.153815990581509], [-75.59154773684301, 6.153816982240527], [-75.59155776505132, 6.153818610607168], [-75.5915666166631, 6.153820508678419], [-75.59157962111118, 6.153826021882588], [-75.59159253938272, 6.153834068733308], [-75.59160455464486, 6.153843107222813], [-75.59161304383495, 6.1538494361345375], [-75.59162307030395, 6.153856667987636], [-75.59163318954405, 6.153865707547193], [-75.59163905875398, 6.153874746952687], [-75.59164655699038, 6.153887403802113], [-75.591652156619, 6.153899155848331], [-75.59165748736682, 6.153911901878554], [-75.59166245542342, 6.153921756618405], [-75.5916675137389, 6.153928988187656], [-75.59167528332706, 6.153936129742654], [-75.59168070186625, 6.153941644525045], [-75.59168765737965, 6.153947067763556], [-75.5916957882933, 6.153954210275463], [-75.59170265146528, 6.153957914404605], [-75.59170906603913, 6.1539624343830415], [-75.59171827750309, 6.153965147085858], [-75.59172803435818, 6.153966141198518], [-75.59173688614067, 6.153966956178707], [-75.59175187844548, 6.153971473372257], [-75.59188384523813, 6.153931599942585], [-75.59193316102407, 6.15392174463759], [-75.59197715129909, 6.153937111860894], [-75.59202294992339, 6.153995872386914], [-75.59207534148403, 6.154087177535165], [-75.59208058200336, 6.154096216369112], [-75.59208627236926, 6.154105255730064], [-75.59209205428125, 6.154115290940503], [-75.5920990981278, 6.15412514462975], [-75.59210596433013, 6.154135992763758], [-75.592113098036, 6.154145935519852], [-75.59212032737928, 6.154156786409863], [-75.59212845897117, 6.15416853789927], [-75.59213559345767, 6.154179386537357], [-75.59214254894526, 6.154191136506718], [-75.59214742635318, 6.1542001780070255], [-75.59215140166036, 6.154210212046916], [-75.59215591780284, 6.154221872608547], [-75.5921607050485, 6.154232811302739], [-75.59216440997403, 6.154241853073714], [-75.5921689276265, 6.154252520949718], [-75.5921726288399, 6.154265267651307], [-75.59217479788218, 6.154276115998719], [-75.59217479853143, 6.154287053534475], [-75.59217425710273, 6.154298716062045], [-75.59217470947338, 6.1543122759426305], [-75.59217425890613, 6.154320322619816], [-75.59217227357402, 6.154334877075368], [-75.59216847889117, 6.154346629541065], [-75.59216513767228, 6.154358383420281], [-75.592161343756, 6.1543710390565405], [-75.5921583629457, 6.154382791185034], [-75.59215646804074, 6.1543936402887045], [-75.59215619753257, 6.154402680577404], [-75.59215673909071, 6.154411720537562], [-75.5921580945305, 6.154420761968441], [-75.59215972064811, 6.154428807598301], [-75.59216306301087, 6.154437033843187], [-75.59216712777744, 6.154446887535861], [-75.59217137434575, 6.154455113908466], [-75.59217860033027, 6.154464153038849], [-75.59218275536135, 6.154471385369813], [-75.59218582737124, 6.154481419276013], [-75.59218835717118, 6.154493082252954], [-75.59218962432935, 6.154506643599479], [-75.59218862931097, 6.154519209696496], [-75.59218862936568, 6.154531141721015], [-75.59218745736786, 6.154540182772622], [-75.59218637241776, 6.154550037071806], [-75.59218519912064, 6.154561790364516], [-75.59218357306621, 6.154571825395833], [-75.59218339348459, 6.154579870756547], [-75.59218411691035, 6.154589904318921], [-75.59218574366919, 6.15459975810165], [-75.59218727976729, 6.154608798654374], [-75.59219016958487, 6.15461702619283], [-75.59219405369858, 6.154626880762077], [-75.5921987531505, 6.154635919508018], [-75.59220353842302, 6.1546449596450605], [-75.59220922971662, 6.154654001708982], [-75.59221410678248, 6.15466222592128], [-75.59222070203589, 6.1546728936463895], [-75.59222684436928, 6.154682927100607], [-75.59223479384166, 6.154695492235012], [-75.59223930987314, 6.15470191275654], [-75.59224888458138, 6.154710048148205], [-75.59225828057217, 6.154717280329636], [-75.59226667945583, 6.154723609660528], [-75.59227228003421, 6.154729033138697], [-75.59233081278417, 6.154758771392967], [-75.59238961704011, 6.154785076438467], [-75.59240081740604, 6.154785889031552], [-75.59241021084269, 6.1547858895006495], [-75.59241897220213, 6.154784262083733], [-75.59242710143167, 6.15478136841236], [-75.5924368564212, 6.154779740687903], [-75.59244787669174, 6.154779738676641]]]}, "properties": {"OBJECTID": 38, "SE_ANNO_CAD_DATA": null, "SHAPE.AREA": 0, "SHAPE.LEN": 0, "BARRIO": "040", "NOMBARRIO": "EL CERRO TUTELAR", "MUNICIPIO": 266, "nombre_barrio_estandarizado": "EL CERRO TUTELAR", "municipio_estandarizado": "envigado"}}, {"type": "Feature", "geometry": {"type": "Polygon", "coordinates": [[[-75.56308510589062, 6.174759257906217], [-75.56326229825171, 6.174934239293537], [-75.56343998655099, 6.174975341190803], [-75.56366956321676, 6.175031749714865], [-75.56406160407333, 6.174946476756025], [-75.56411194343276, 6.174943069732328], [-75.56433343601712, 6.174935317883293], [-75.56442092562894, 6.174928673153575], [-75.56447519144906, 6.1749131711408], [-75.56455319798586, 6.174880893047802], [-75.56458088433138, 6.174775682684458], [-75.56459417310361, 6.17475906820976], [-75.56463182656766, 6.174750210938279], [-75.5646883078957, 6.174784542902528], [-75.5647503246665, 6.174788972283902], [-75.5647780116194, 6.1748000486717824], [-75.5648189868583, 6.174834378540356], [-75.56502549622762, 6.174722120004635], [-75.5651417813293, 6.174666745633443], [-75.5652458815797, 6.174639060107012], [-75.56542118049809, 6.1746001015425875], [-75.56552196020016, 6.174558018884675], [-75.56565728049328, 6.174505425841061], [-75.56568718022535, 6.174441192946998], [-75.56573258806857, 6.174281716465746], [-75.56577384851016, 6.174233647358441], [-75.56584361972637, 6.174178273051104], [-75.56589566744407, 6.174130652776966], [-75.56590010043499, 6.1740354101838095], [-75.56591465006079, 6.173961923782033], [-75.565960055781, 6.1739209472052705], [-75.56602650459277, 6.173920946723358], [-75.56611952791954, 6.173959709534494], [-75.5661996425121, 6.173975061556289], [-75.56626498290863, 6.173975061868436], [-75.5663236775514, 6.173890893983284], [-75.56636320934997, 6.173782902501786], [-75.56629559008977, 6.173716559784231], [-75.56624080490955, 6.17360823040557], [-75.56621465955689, 6.173503638717849], [-75.56623209041888, 6.17339780072971], [-75.56627193583688, 6.173306906008993], [-75.56635660469684, 6.173212273616258], [-75.56644767633246, 6.173151936138459], [-75.56655724754609, 6.1730996390369395], [-75.5667913325085, 6.173056060627106], [-75.56703288942985, 6.17299006700539], [-75.56730359832721, 6.1729336507465415], [-75.56749534896203, 6.172877618125173], [-75.56758873396475, 6.172845246582013], [-75.56770385367476, 6.172788716689088], [-75.56778105330376, 6.1727077820290415], [-75.56782214289353, 6.1726181316780675], [-75.56789454718896, 6.172456887725877], [-75.56789703938841, 6.172301243922183], [-75.56790699905237, 6.172206612174978], [-75.5679457056467, 6.171965667659574], [-75.56796686939055, 6.171847379550339], [-75.56802184563722, 6.171724633820142], [-75.5681040242953, 6.171647435295288], [-75.56830075482823, 6.17155529254445], [-75.56847258154599, 6.171478093479058], [-75.56862369961908, 6.171436458336342], [-75.5689237747412, 6.171315678478567], [-75.56903635897994, 6.171254242455372], [-75.56912102808882, 6.171130972773869], [-75.56914219539557, 6.171053772170898], [-75.56914842041253, 6.1709628779681305], [-75.56910986295622, 6.170776565789876], [-75.56905881445428, 6.170614696401525], [-75.56901145176427, 6.170474596966387], [-75.56896538355524, 6.170326425845113], [-75.5689230487942, 6.170216851452905], [-75.56882702691381, 6.1700554268782195], [-75.56868881769651, 6.169893555803482], [-75.56854664899637, 6.169736140154404], [-75.56846820642683, 6.169617849936528], [-75.56843070279706, 6.169528872713957], [-75.56839085869542, 6.16937820955914], [-75.56839210354829, 6.169284822344786], [-75.568405782659, 6.16910979688545], [-75.56840867778308, 6.16909927553151], [-75.56844313348155, 6.168974075743463], [-75.56852663762777, 6.168786542501271], [-75.56864616850036, 6.168542492295029], [-75.56878078814374, 6.168240372564701], [-75.56886669992491, 6.168052355808069], [-75.56898769003105, 6.167781413564094], [-75.5690312673592, 6.167680555945898], [-75.56913472837394, 6.167445875624886], [-75.56917208417701, 6.167369921467409], [-75.56925942867855, 6.167171256658555], [-75.56928557680135, 6.167091565714618], [-75.56930077406945, 6.167065204957485], [-75.56908329188852, 6.16704162215376], [-75.56880667351854, 6.167052181035129], [-75.56852582920175, 6.167128201229119], [-75.56806463952925, 6.167272755309697], [-75.56776479171694, 6.167344551591844], [-75.56761064396248, 6.1673783386439425], [-75.56717229255781, 6.167465618775614], [-75.56677742432146, 6.167560640524333], [-75.56652926192126, 6.167596670598537], [-75.56634555341101, 6.1675924469746075], [-75.56602881380073, 6.167455188324989], [-75.56577054086343, 6.167332117777855], [-75.56525742096247, 6.1671568471680835], [-75.56501670103027, 6.167076603622086], [-75.56485085987293, 6.167125208331819], [-75.5647093822239, 6.167188555404809], [-75.56456368222418, 6.167224453602554], [-75.56439475402605, 6.167228676468703], [-75.56409701751217, 6.167270906659582], [-75.56389738250918, 6.167275255531016], [-75.56388433578691, 6.167275121253475], [-75.5638840308564, 6.167277083709501], [-75.56381453047148, 6.167275037836758], [-75.5637584213274, 6.167275829637565], [-75.56376483615453, 6.167267411438784], [-75.56373699223488, 6.167268877226832], [-75.56352157281779, 6.167265656897658], [-75.56337045902733, 6.1672431318367], [-75.56325149632487, 6.167227041038485], [-75.56317116667692, 6.167229703309323], [-75.56304824292087, 6.1672478525510765], [-75.56289005466977, 6.1672750777626275], [-75.56268450982085, 6.1673144043618775], [-75.56249810766268, 6.1673537291872105], [-75.56237216200014, 6.167402131321508], [-75.56228845613688, 6.167429546764464], [-75.56225340190801, 6.167474123866336], [-75.5622510458582, 6.1674752255462275], [-75.56215249892809, 6.167565640381074], [-75.56213551339552, 6.167607400163816], [-75.56196217291583, 6.16789148478942], [-75.56192790750804, 6.167956424736139], [-75.56189534069, 6.168030831469212], [-75.56187919571614, 6.168076074323176], [-75.56185740315573, 6.168137141674197], [-75.56183906127274, 6.168222259540834], [-75.56183489033688, 6.168236136736129], [-75.56180867655608, 6.1683232941562185], [-75.56173486221704, 6.168484436114678], [-75.56172818961434, 6.168499003422268], [-75.56163073711052, 6.168721962991216], [-75.5616099350547, 6.16877428837254], [-75.56158135791742, 6.168846177900185], [-75.56153661683813, 6.168960308776214], [-75.56149515563551, 6.169078542046924], [-75.56150941400055, 6.169114257691603], [-75.56145768738048, 6.169244386773625], [-75.56139271553951, 6.169394195835037], [-75.56133313732369, 6.169540380635159], [-75.5613216477252, 6.16955638423198], [-75.56130764925136, 6.169567817020551], [-75.56125590308676, 6.169593277716096], [-75.56124077621249, 6.169595283463511], [-75.56122280885074, 6.1695940173799135], [-75.56110632640696, 6.169550352881684], [-75.56098372882374, 6.169504727846202], [-75.56085073982942, 6.16945492248048], [-75.56082832525685, 6.16944424620649], [-75.56072050612279, 6.169392902990139], [-75.56062320156491, 6.169346176130713], [-75.56056661744955, 6.169317735898461], [-75.56053804603526, 6.169303375179133], [-75.56051858707588, 6.169295677241451], [-75.56043922478825, 6.169275275507745], [-75.56035653849483, 6.169252869987081], [-75.5602973735277, 6.169238916771832], [-75.56020952446342, 6.1692127198464375], [-75.56012613866606, 6.16919344673693], [-75.56012620108298, 6.169193276465919], [-75.5601261235357, 6.169193305770059], [-75.56012330172334, 6.169192793153985], [-75.56012168511477, 6.169192497150684], [-75.56012022330997, 6.169192081965767], [-75.56011744711641, 6.169191287051018], [-75.56011320875247, 6.169190377114349], [-75.56010574287882, 6.169188558708375], [-75.56009272601527, 6.169185629638881], [-75.56008505870388, 6.169183813105373], [-75.56007956905778, 6.169182684968925], [-75.56007718729197, 6.169182196455305], [-75.56006962026301, 6.1691803821515885], [-75.56005842016003, 6.169177855709999], [-75.56005419746137, 6.169176821835708], [-75.56005014842303, 6.1691758332353634], [-75.56004804161127, 6.169175602876159], [-75.56004369061245, 6.169175128352734], [-75.56002875668494, 6.169173107176076], [-75.56002437971581, 6.169172491737719], [-75.56001443162205, 6.169171087591511], [-75.56000286642816, 6.169169661386149], [-75.56000050638941, 6.169169370765623], [-75.55999772312447, 6.169168984537479], [-75.55998739007407, 6.169167553310697], [-75.55998190271963, 6.169166902527027], [-75.55997629155283, 6.169166240585396], [-75.5599675128855, 6.169165127359628], [-75.55996004547647, 6.169164118128466], [-75.55995441815011, 6.1691632890057], [-75.55995046047697, 6.169162703193896], [-75.55994531141091, 6.169161766895572], [-75.55994269211759, 6.16916128946858], [-75.55994159705904, 6.169161059668285], [-75.55993462059706, 6.1691595752314035], [-75.55992220786227, 6.169157354778996], [-75.55991494584828, 6.16915603897351], [-75.55990964432436, 6.1691549578477325], [-75.559899609122, 6.169152908590319], [-75.55988235410106, 6.1691496771306165], [-75.55987716537103, 6.169148758200169], [-75.55986923897265, 6.1691473542745605], [-75.55986277719433, 6.169146011113655], [-75.55986146873774, 6.169145738038387], [-75.55986057371395, 6.169145590453272], [-75.55985783798678, 6.169145133475867], [-75.55985571949735, 6.1691447286805765], [-75.55985047174599, 6.169144122852395], [-75.55984078606403, 6.169142810563072], [-75.55983372251124, 6.169142001906459], [-75.559827269982, 6.169141080011387], [-75.55982312888979, 6.169140486039467], [-75.55981808183778, 6.169139912697587], [-75.55980980896811, 6.169138971528191], [-75.55980433352657, 6.169138167892237], [-75.55980224261002, 6.169137861511076], [-75.55980048923803, 6.1691376791768056], [-75.55979638961581, 6.169137255880251], [-75.5597959037779, 6.169137101806972], [-75.55978448630202, 6.1691335158940594], [-75.55976652545948, 6.169127962477438], [-75.55975494830366, 6.169124232675436], [-75.55975148944731, 6.169123117372876], [-75.55974197019165, 6.169120155201917], [-75.55973655917171, 6.169118469757379], [-75.55973429550815, 6.1691177437997675], [-75.55971395681061, 6.169111199166808], [-75.55970764492365, 6.169108713403984], [-75.5597044735867, 6.169107462911708], [-75.55970435002237, 6.169107315233343], [-75.5597042282647, 6.16910716754629], [-75.55970421424544, 6.169107258023749], [-75.55970071115779, 6.16910577315631], [-75.55970040891025, 6.169107544838446], [-75.55970018666095, 6.169108856852849], [-75.55969488766874, 6.1691066094226885], [-75.5595235737907, 6.169157406365291], [-75.55940739932497, 6.169208565619274], [-75.55935867447525, 6.169230021830474], [-75.55909483281935, 6.169375249315935], [-75.55885077893402, 6.169527079191549], [-75.55874994033854, 6.1696175572340195], [-75.5587491191129, 6.169618293503457], [-75.55865949247313, 6.169698711959482], [-75.55858611297388, 6.169790509993374], [-75.55871843646499, 6.169902277233], [-75.55869892003037, 6.169944162222044], [-75.55867610333901, 6.16999313495556], [-75.55867562614537, 6.169994217650379], [-75.55867499259142, 6.169995660024998], [-75.55867398643399, 6.16999833196018], [-75.55867353421598, 6.16999953658862], [-75.5586730201914, 6.170001227016508], [-75.55867233280719, 6.1700034996148245], [-75.55864523203519, 6.170104721967493], [-75.55864429202717, 6.170108754257165], [-75.55864361876625, 6.170112840414744], [-75.55864331666321, 6.170115584006043], [-75.55863418974214, 6.170219979245624], [-75.55863408522738, 6.17022135398194], [-75.55863395061633, 6.170225492700446], [-75.55863408521951, 6.17022963464534], [-75.55863419028181, 6.170231009278307], [-75.55864331287192, 6.170335403584693], [-75.55864361330387, 6.170338146991844], [-75.55864397560745, 6.170340418160711], [-75.55864398117495, 6.170340448873386], [-75.55864415908265, 6.170341567295495], [-75.55864526323036, 6.170347454919574], [-75.55864661676094, 6.170354672181816], [-75.5586467464814, 6.170355349634166], [-75.55876530391141, 6.170950799335963], [-75.55876559785808, 6.170952191142575], [-75.55876819589139, 6.170963857830102], [-75.55877146887164, 6.170978565381021], [-75.558771987641, 6.170980686620415], [-75.55877211017088, 6.170981183286926], [-75.55877265323544, 6.170983096466231], [-75.55878206871095, 6.171014302357112], [-75.55878215779225, 6.1710146057068], [-75.55879054516886, 6.171042406270676], [-75.5587906873204, 6.171042850404969], [-75.5587912009151, 6.171044458139724], [-75.55879156727745, 6.171045504231447], [-75.55879413187118, 6.171052650573598], [-75.55879443310758, 6.1710534908433825], [-75.55879867357562, 6.1710742195758215], [-75.55881406190854, 6.171128548968057], [-75.55881759295963, 6.171149217823619], [-75.5588204601563, 6.171160499876923], [-75.55884583235438, 6.171234965318581], [-75.55887009524425, 6.17129155297093], [-75.55887131423106, 6.171296521473681], [-75.55887230544228, 6.171304473701031], [-75.5588947630788, 6.171505130393585], [-75.55891870317544, 6.171505762967993], [-75.5589232711238, 6.171505886562933], [-75.5589481375417, 6.171586759974009], [-75.5589513306812, 6.1716510686926025], [-75.55895158666982, 6.1716562199331815], [-75.55895525510115, 6.171657330610642], [-75.55901419441958, 6.171675207858284], [-75.559035845013, 6.171681776007593], [-75.55904325789479, 6.171684025926686], [-75.55905158297698, 6.1716817211189525], [-75.55905234554558, 6.171678739343361], [-75.55906452308206, 6.171631203730636], [-75.55909498999951, 6.171565434860848], [-75.55916553188086, 6.171510100073351], [-75.55922223208194, 6.171469716060284], [-75.5592391200375, 6.171463835037264], [-75.55924196231598, 6.171465597022295], [-75.55930543300508, 6.17150496010309], [-75.55936680842566, 6.17154085336585], [-75.55939098502361, 6.171549540317781], [-75.55947131244824, 6.171578398920668], [-75.55950165875986, 6.171589303785933], [-75.55951506501603, 6.171586396812947], [-75.55958439654218, 6.17157136266566], [-75.55958605878705, 6.17157100207126], [-75.55958697860699, 6.171572361934765], [-75.55961659935991, 6.171616153322977], [-75.55962248311322, 6.171624851400565], [-75.55965260153843, 6.171669378136521], [-75.55965523907597, 6.171673275684427], [-75.55965990266242, 6.171676949215003], [-75.55968116398819, 6.1716936921457695], [-75.55969687683054, 6.171695743912819], [-75.55973123755645, 6.171692520962627], [-75.55975108792639, 6.171690657960778], [-75.55975120919, 6.171690702582478], [-75.55980360177796, 6.171710246739235], [-75.55981097178243, 6.171711468890211], [-75.55984074832766, 6.171716404887937], [-75.55984447985489, 6.171715981900561], [-75.55985386781077, 6.171714917818832], [-75.55986634175845, 6.1717135061828285], [-75.55986996733431, 6.171713781670437], [-75.55988807171822, 6.17171515741296], [-75.55990726360436, 6.171721583652314], [-75.55995651817766, 6.171752273264845], [-75.55996337255903, 6.171756544711802], [-75.55996197244562, 6.171785151755908], [-75.55996686189198, 6.171790522096284], [-75.55997013123674, 6.1717924257731385], [-75.55996958633962, 6.171793517835356], [-75.55997306088679, 6.171797331792979], [-75.55998932063922, 6.171806798157188], [-75.56000414946023, 6.171807232210273], [-75.56003588239919, 6.171808161755031], [-75.56010483197535, 6.171776238971799], [-75.5601574816171, 6.171788362802265], [-75.56019369449929, 6.17180287929949], [-75.56023437439084, 6.171840324882379], [-75.56024095278407, 6.171846379633516], [-75.56025130096124, 6.171925422328648], [-75.56023965956548, 6.171939363509169], [-75.56023510755473, 6.171944814531726], [-75.56024409191969, 6.1719488713982935], [-75.5602540865668, 6.1719514931174295], [-75.5602801876334, 6.171962312568797], [-75.56028455863273, 6.17196412505269], [-75.56029898975359, 6.17196921350804], [-75.56031262636326, 6.171974957641836], [-75.56033593596038, 6.17198519019838], [-75.56034771974896, 6.171989608794379], [-75.56036029300239, 6.171994577804688], [-75.56036994414065, 6.171998654966707], [-75.56037852191159, 6.172001753632422], [-75.56038770922784, 6.1720046188194875], [-75.56039890661933, 6.172006567522122], [-75.56040606235402, 6.172008504932574], [-75.56041599137988, 6.1720096894446925], [-75.56042543185039, 6.172009590677269], [-75.56042878312232, 6.172009555565528], [-75.56043352707934, 6.171998554252782], [-75.56044683231853, 6.172001698881156], [-75.56047000780173, 6.1720071430582895], [-75.56054098306232, 6.17202381668916], [-75.56054943228216, 6.172026105896635], [-75.56055464677019, 6.172042910623381], [-75.56065771148606, 6.172074550886879], [-75.56069501769404, 6.172140637350341], [-75.5606899861881, 6.172268340341965], [-75.56068997896593, 6.172268529333572], [-75.56068959649511, 6.172278233068836], [-75.56066069091388, 6.1723586905931604], [-75.56059375356372, 6.17251987920846], [-75.56048056930575, 6.172695804812174], [-75.56048409052734, 6.172752576189517], [-75.56050788059353, 6.172785902546389], [-75.56053720300312, 6.172826978438758], [-75.56052609279772, 6.172845059659356], [-75.560521845238, 6.172852019067762], [-75.56047614073424, 6.1728741679674295], [-75.56041600034021, 6.172905096435849], [-75.56041557591243, 6.172905315462381], [-75.56041487403995, 6.172906074667664], [-75.56050508650759, 6.1729199560334695], [-75.56068214491259, 6.1729569883773685], [-75.56081310005207, 6.17300762685338], [-75.56094754331903, 6.173060011490584], [-75.56105230730614, 6.17306699584629], [-75.56118389659743, 6.172979476626214], [-75.56132008786157, 6.172923604027201], [-75.56140390065869, 6.17291487468072], [-75.56154009159714, 6.172857255323256], [-75.56154882126644, 6.172872970838039], [-75.56177930031431, 6.17305282016078], [-75.56204136142689, 6.173243704546197], [-75.562121678632, 6.1733030723485705], [-75.56204135829356, 6.173467203209924], [-75.56202913397965, 6.1735021250356485], [-75.56201865647928, 6.173535298962994], [-75.56203572762927, 6.1735370846168], [-75.56205236450813, 6.173530466050937], [-75.56213249241299, 6.173498598524979], [-75.56220946413352, 6.173546983141678], [-75.56228093774014, 6.173612962667712], [-75.56235160027894, 6.1736772780215174], [-75.5624736542585, 6.173858717684051], [-75.5625948179793, 6.173923025679267], [-75.56266959261286, 6.173950516208441], [-75.56268828464647, 6.173982406829568], [-75.56266849179687, 6.174023093486187], [-75.56260691345656, 6.174070377037566], [-75.56258052270061, 6.174131955742707], [-75.56260735453925, 6.174190071210636], [-75.56267601684821, 6.1742642724792445], [-75.5627092390964, 6.174301927237425], [-75.56279687029394, 6.174533920668906], [-75.56287328160323, 6.174641346317994], [-75.56295190951157, 6.174697827085539], [-75.56304272248272, 6.174736590273448], [-75.56308510589062, 6.174759257906217]]]}, "properties": {"OBJECTID": 39, "SE_ANNO_CAD_DATA": null, "SHAPE.AREA": 0, "SHAPE.LEN": 0, "BARRIO": "032", "NOMBARRIO": "LOMA DEL ATRAVESADO", "MUNICIPIO": 266, "nombre_barrio_estandarizado": "LOMA DEL ATRAVESADO", "municipio_estandarizado": "envigado"}}, {"type": "Feature", "geometry": {"type": "Polygon", "coordinates": [[[-75.57504692247741, 6.167487579789389], [-75.5750234830431, 6.167581014203678], [-75.57508049598418, 6.167601745927218], [-75.57526967741637, 6.1676639419067145], [-75.57551410878564, 6.167760207887976], [-75.5758613712355, 6.167858684018208], [-75.57627601221778, 6.168001212880319], [-75.57640558663797, 6.168001211544728], [-75.57656626102856, 6.167964925964935], [-75.57659729407014, 6.167924135193404], [-75.57661182330354, 6.167909361688984], [-75.57663590937278, 6.167878414802087], [-75.57664697612198, 6.167858031908439], [-75.57665677836525, 6.167826837711806], [-75.57668782981581, 6.167603807873059], [-75.57669805080154, 6.167568042387496], [-75.576733009698, 6.167524257268171], [-75.57676599873247, 6.167500358071328], [-75.57679874895322, 6.167470220009181], [-75.57683054155885, 6.167422489398772], [-75.57684511593304, 6.167371251973968], [-75.57683249972696, 6.167341096573694], [-75.57684270427146, 6.167255369423188], [-75.57688964629853, 6.167186992067026], [-75.57693046762981, 6.1671349450475965], [-75.57700700640106, 6.167079833006568], [-75.57709170873632, 6.167045134648955], [-75.57717679304612, 6.167041074894868], [-75.57726761909, 6.167042095439019], [-75.57732987189638, 6.1670522969475785], [-75.57736252954068, 6.1670553601575016], [-75.57746050016354, 6.1671145485770165], [-75.57759837097421, 6.167191111175556], [-75.57779306877948, 6.167311243287343], [-75.57792474489737, 6.1673508585527435], [-75.57802209311457, 6.167315642269324], [-75.57814881055748, 6.167266987364735], [-75.57825406938336, 6.167226573123804], [-75.57829963529186, 6.167226573105116], [-75.57838455864433, 6.167255569178824], [-75.57845705192074, 6.167303206229581], [-75.57854611648733, 6.167365344144901], [-75.57862482267534, 6.167406766213409], [-75.57868281695605, 6.16741505340981], [-75.57875738109703, 6.167400551490455], [-75.57885680220936, 6.167361195163939], [-75.5789935026421, 6.167338408300861], [-75.57907411863836, 6.167348477244982], [-75.57919502427244, 6.1673428775841925], [-75.5793679466113, 6.167373920821442], [-75.5793861883456, 6.167365108926463], [-75.57958295686215, 6.167416890241621], [-75.57974451250769, 6.167443811520428], [-75.58001998816157, 6.167491444907962], [-75.58009455164228, 6.16750801445532], [-75.58022711481279, 6.167601219899768], [-75.5803638170011, 6.167692352958508], [-75.58051082663486, 6.167798875991499], [-75.58051242936574, 6.167794627156316], [-75.58065974116101, 6.16736577606335], [-75.58069651660192, 6.1669979386215905], [-75.58058606245531, 6.16654337323057], [-75.58045363229698, 6.166061507736752], [-75.58043750787466, 6.165930212190287], [-75.58043641541315, 6.1659252865969485], [-75.58020436155086, 6.1659203543141095], [-75.58006135570149, 6.165910494562063], [-75.5795830235177, 6.165893244252557], [-75.5798221807359, 6.165518452246842], [-75.57945742518926, 6.1651597936485025], [-75.579272096704, 6.164891659147359], [-75.5789132637306, 6.164382992124653], [-75.57863174074532, 6.163997860125013], [-75.57848978936404, 6.163828306532359], [-75.57841881244416, 6.163792817408013], [-75.57768145157482, 6.163437943182758], [-75.57739360379905, 6.163288106034788], [-75.57703477809942, 6.162818870134424], [-75.57694814337566, 6.162697175635105], [-75.57686443531979, 6.162508831090254], [-75.5767144590827, 6.162208881615456], [-75.57656448238426, 6.161954272995689], [-75.57625987964394, 6.161477908110644], [-75.5760924659327, 6.161230276232578], [-75.57583366579051, 6.160834326956011], [-75.57575344603522, 6.160733182611029], [-75.575533718823, 6.160475084232912], [-75.57535584441615, 6.160283256702948], [-75.5751988960839, 6.160077477320007], [-75.57504445026476, 6.159939552181078], [-75.57474251987779, 6.159752145042863], [-75.57473802608614, 6.159754068046582], [-75.57473778316886, 6.159753896538448], [-75.57469877497967, 6.159726537284833], [-75.57469819072016, 6.15972695146743], [-75.57467019430695, 6.159714263952411], [-75.57461468319833, 6.159702243621916], [-75.57446018501886, 6.159659098788218], [-75.57445868800662, 6.1596586810942515], [-75.57444601249057, 6.159653414494476], [-75.57438421586981, 6.159611556949127], [-75.5742388207058, 6.1595532760929865], [-75.57413315731694, 6.159494999550661], [-75.57389423302935, 6.159363230847254], [-75.57375920087632, 6.1592704620523495], [-75.57348961204144, 6.159062844098402], [-75.57328407463885, 6.158904975456598], [-75.57311104096287, 6.158749979451373], [-75.5728921194268, 6.158584457816999], [-75.57274323567012, 6.158447719843142], [-75.57266052957408, 6.15846914983748], [-75.57262031282721, 6.158497292951981], [-75.57257735915837, 6.158527717635312], [-75.57253970757533, 6.158573250333042], [-75.57251755019195, 6.158604241004634], [-75.57248059320528, 6.15863588349934], [-75.57244441592374, 6.15865236241785], [-75.572413346978, 6.15866284968479], [-75.57238290177372, 6.15865879975842], [-75.57233034072227, 6.158644473018123], [-75.57228584144629, 6.1586190006120365], [-75.57217289226823, 6.158602770917342], [-75.57207729321776, 6.1585597180784895], [-75.57202949390864, 6.158521445148344], [-75.57193867616212, 6.158487960727891], [-75.5718860964825, 6.158468824250271], [-75.5718048390487, 6.158449691362703], [-75.57169968104536, 6.15843533974369], [-75.57163506238186, 6.158446514942194], [-75.57160973433004, 6.158458566585639], [-75.57158421636517, 6.158477516466363], [-75.57156833790239, 6.158500062450653], [-75.57154519571219, 6.158540411594804], [-75.5714838374345, 6.1586526043145], [-75.5714394782236, 6.158731094569087], [-75.5713974679393, 6.158809458678246], [-75.57135599911226, 6.158889214288889], [-75.57130916534173, 6.158984899667656], [-75.57129346119817, 6.1590218940241765], [-75.57128276162727, 6.159047100192813], [-75.57123711249952, 6.15916407305655], [-75.57119818188251, 6.159241932305783], [-75.57114106831862, 6.159342887497396], [-75.57110737596896, 6.15941228359161], [-75.57107008189931, 6.159498910079949], [-75.57102780892224, 6.159589524122963], [-75.57097861710896, 6.159690216908825], [-75.57094006570023, 6.159756601400689], [-75.57093208003185, 6.1597655515531935], [-75.57092633654825, 6.159768336732608], [-75.57092386239852, 6.159767973464661], [-75.57096829693462, 6.159824823733701], [-75.57092735229503, 6.160002038967281], [-75.57089654311169, 6.16013537671057], [-75.57080869410125, 6.1605156035063455], [-75.57078429077887, 6.160527808914569], [-75.57066959558973, 6.1605937107697555], [-75.57063055108574, 6.160591269044667], [-75.57061008453556, 6.160626197024031], [-75.57059525807804, 6.160651497240469], [-75.5707638869422, 6.160711607271096], [-75.5708883150169, 6.160739609082555], [-75.57104074018646, 6.160742718147716], [-75.57118694456973, 6.160727158726663], [-75.57128337467604, 6.160727157401276], [-75.57133492955303, 6.160791922026692], [-75.57139536329402, 6.160873392127676], [-75.57144202353845, 6.160972954455824], [-75.57147002268078, 6.161028959919375], [-75.57162342859316, 6.161171551053036], [-75.5717606717743, 6.161263031285822], [-75.57174482900696, 6.161278927532873], [-75.57174993944315, 6.161334317409765], [-75.57143242012293, 6.161850146895692], [-75.57125511198959, 6.162176843658461], [-75.57115556979392, 6.162304413123866], [-75.57111111491623, 6.162384826050046], [-75.57110679763706, 6.162382894942338], [-75.57105525190339, 6.16233507842981], [-75.57094901376989, 6.162245740387198], [-75.57091946869922, 6.16218911853539], [-75.57087043689035, 6.162158918771731], [-75.57081888964372, 6.162170243469249], [-75.57078117417537, 6.162222462280962], [-75.57074722669171, 6.162260842046866], [-75.57071202614657, 6.1622847488064005], [-75.57056995746267, 6.16231809444407], [-75.570518411085, 6.162318725502713], [-75.57045743541246, 6.162318723965983], [-75.57035559960472, 6.162335083777323], [-75.57034742754847, 6.162337599502932], [-75.57033472276946, 6.162342780658647], [-75.57026182376774, 6.162316645021293], [-75.57007624449525, 6.16223257329919], [-75.56992865836435, 6.162152056710434], [-75.56993755765714, 6.162162687526428], [-75.56998286182113, 6.162216804183024], [-75.56999260600155, 6.16227252530218], [-75.56999128717929, 6.162397876098822], [-75.56998565470337, 6.162499530611107], [-75.56998565198676, 6.162499716867487], [-75.56996762906438, 6.162509166575157], [-75.56989126685345, 6.162545366764411], [-75.56979279771018, 6.16259363742253], [-75.56973050293055, 6.162637884003677], [-75.56964409335419, 6.162692188278252], [-75.56956170242626, 6.162748504667517], [-75.56946725367999, 6.1628128632440555], [-75.56938486244617, 6.162871189423411], [-75.56928840516456, 6.162931528122935], [-75.56917587010508, 6.163007954932905], [-75.56909950734348, 6.163026056000583], [-75.56902515422387, 6.163046167117293], [-75.56892065859292, 6.163074325324755], [-75.56886037253697, 6.163098460538556], [-75.56879606703824, 6.1631266193583025], [-75.56875989451487, 6.16315075314011], [-75.56872171414571, 6.1631869554113585], [-75.56869759943869, 6.163231203220851], [-75.56866745549362, 6.163285505598844], [-75.56866228948206, 6.16331481864242], [-75.56866556581178, 6.163313868014858], [-75.56870181104009, 6.163303336887809], [-75.56870202243412, 6.163303527536781], [-75.56873134289891, 6.163300355667284], [-75.56881054545845, 6.163282557374196], [-75.56889063728941, 6.16327009798168], [-75.56895115258975, 6.163252299352808], [-75.56899653705932, 6.16326208887127], [-75.56905082380564, 6.163278996794878], [-75.56913600567425, 6.1633254208892705], [-75.56920541774502, 6.163353009160569], [-75.56926237610031, 6.16337169880107], [-75.56934424490495, 6.163369027533391], [-75.5694127692483, 6.163364578057812], [-75.56949768767151, 6.163326813218965], [-75.56956887990223, 6.163303674994499], [-75.56965431210698, 6.163267185145987], [-75.56973885447637, 6.163237817509664], [-75.5698002563375, 6.163218238881682], [-75.56986077235881, 6.16321467782717], [-75.56991556632501, 6.1632354346456495], [-75.56999387749525, 6.163271922271786], [-75.57006240127356, 6.163311078055871], [-75.57011757558998, 6.163322650134393], [-75.57020834886222, 6.163328877272698], [-75.57026975080085, 6.163329768170438], [-75.57035109034692, 6.1633614593708606], [-75.57043207197036, 6.1634077380176056], [-75.57051394511375, 6.163464691493911], [-75.57058513753071, 6.163520759837742], [-75.57064120356196, 6.163552798925997], [-75.57068213981799, 6.163556356125818], [-75.57076457917705, 6.163561127987746], [-75.57083309973255, 6.163578034825616], [-75.57090073396645, 6.163630540971112], [-75.57097370909271, 6.163699066267252], [-75.57102087517424, 6.163760472492993], [-75.57105933782636, 6.163829412925335], [-75.57107001876017, 6.163847213600393], [-75.57110917248302, 6.1638623399924946], [-75.57116078906299, 6.163872129953476], [-75.57118837631069, 6.163888149344383], [-75.57122664183215, 6.163907728147406], [-75.57127157502968, 6.163914219670807], [-75.57130806061276, 6.163914220793529], [-75.57135789513515, 6.163923117951752], [-75.57139794186294, 6.163925787940435], [-75.57143353899718, 6.1639311283920355], [-75.57146201666745, 6.163958715850687], [-75.57148248358332, 6.163989863410126], [-75.57150384204989, 6.164038812765943], [-75.57151807973473, 6.164097548029436], [-75.57156008664585, 6.164153072631786], [-75.57158055380792, 6.164183330553714], [-75.57159657295352, 6.164220709781257], [-75.57161081140502, 6.164255416968582], [-75.57163751069324, 6.164274995499552], [-75.57168378635569, 6.164279443573193], [-75.5718733375345, 6.1642741030403725], [-75.57191014794566, 6.164281710479258], [-75.57194129411619, 6.164305740066606], [-75.57197066224334, 6.16435557559971], [-75.5719804506649, 6.164401853121516], [-75.57198401061375, 6.164444569657796], [-75.57193939492869, 6.164552696583335], [-75.57193583411383, 6.1646087629671396], [-75.57192871859871, 6.164711105291821], [-75.57194295725985, 6.1647840808668075], [-75.5719619820383, 6.164835180521459], [-75.57201270659607, 6.164882346211698], [-75.57205452978175, 6.164893917370178], [-75.57212839599458, 6.164894805659453], [-75.57217645060717, 6.164894806889371], [-75.57221026618767, 6.164904595856639], [-75.57225921211885, 6.164933962201056], [-75.57231108511138, 6.1649753749904805], [-75.57234312178552, 6.165025212956359], [-75.57239028723814, 6.165111537526905], [-75.57247062599946, 6.165273034429227], [-75.57250978414007, 6.165324651587357], [-75.57254448885061, 6.165329989902504], [-75.57258186766865, 6.1653237619127745], [-75.57262191287914, 6.165318419710304], [-75.5726548398439, 6.165320201770401], [-75.57276874996016, 6.165363807443785], [-75.5728354927386, 6.165374484256104], [-75.57299450534065, 6.165374618479739], [-75.57317871713293, 6.165397756677711], [-75.57321342365566, 6.165413774061393], [-75.57324190239171, 6.165434243437592], [-75.57326770883475, 6.165448482971186], [-75.5732872865767, 6.165474289701202], [-75.573315031799, 6.165524537049005], [-75.57339957291896, 6.16564645666747], [-75.5734816900539, 6.165791893430836], [-75.57355644479489, 6.1659129272527], [-75.5735844516641, 6.165921522734823], [-75.57362819582788, 6.1659189480735845], [-75.57371053332659, 6.165844322547515], [-75.5738186042091, 6.165798003613885], [-75.57388847098703, 6.165812663960266], [-75.57398766558049, 6.1658120110227435], [-75.57404923301867, 6.165815912993448], [-75.57414365262423, 6.165828749531675], [-75.57421006323348, 6.165883473223801], [-75.57424220328424, 6.165947388976085], [-75.57426087367827, 6.166016721136528], [-75.57426001223203, 6.1661081505473145], [-75.57423273401295, 6.166313281296635], [-75.57421821644485, 6.166361937289779], [-75.57422339700467, 6.166436994254807], [-75.57422243882961, 6.166513989425785], [-75.57420527093002, 6.16656134549201], [-75.57418114405233, 6.166610451159045], [-75.57415390523886, 6.1666777269107165], [-75.57413234054336, 6.166746183102695], [-75.57411084974949, 6.166869266803734], [-75.5741169372438, 6.166937390438919], [-75.57414822599807, 6.166984737404402], [-75.57422900526792, 6.167036469557173], [-75.57428299934664, 6.1670503060330875], [-75.57433838140332, 6.167044770175986], [-75.57439378057943, 6.16701601628586], [-75.57443948353222, 6.167001338036737], [-75.57453168290237, 6.1669711179039455], [-75.57460352057026, 6.16695239406529], [-75.57470877070016, 6.166986432308593], [-75.5747801072056, 6.167014537313793], [-75.57483364619954, 6.167031598106049], [-75.57489306919402, 6.167035679351617], [-75.5750201792857, 6.167029329189516], [-75.57504692247741, 6.167487579789389]]]}, "properties": {"OBJECTID": 40, "SE_ANNO_CAD_DATA": null, "SHAPE.AREA": 0, "SHAPE.LEN": 0, "BARRIO": "016", "NOMBARRIO": "LA PRADERA", "MUNICIPIO": 266, "nombre_barrio_estandarizado": "LA PRADERA", "municipio_estandarizado": "envigado"}}]}