{"type": "FeatureCollection", "name": "itagui_Barrios", "features": [{"type": "Feature", "geometry": {"type": "Polygon", "coordinates": [[[-75.59234885627912, 6.191600091599681], [-75.59178242818747, 6.191299446538735], [-75.59105053308728, 6.1908529953621], [-75.59047732721834, 6.190494704774702], [-75.58935746017568, 6.18972272938256], [-75.58931228034591, 6.189641348561731], [-75.58546816115796, 6.186895901305729], [-75.58538581748095, 6.186837092202147], [-75.58508897397076, 6.187053380338801], [-75.5843320537504, 6.187642033739028], [-75.58378993486258, 6.188205086156545], [-75.58340636755052, 6.188809081990106], [-75.58316088779566, 6.189351652177066], [-75.58283359439733, 6.190702951227531], [-75.58253187331509, 6.1920542473441404], [-75.58222376114871, 6.193250856345299], [-75.58154834337563, 6.195290246373415], [-75.58406019898617, 6.196007179646409], [-75.5867247376376, 6.196765279786392], [-75.58729186360668, 6.1969373608159986], [-75.5877636457584, 6.19680262242087], [-75.58802954284073, 6.196056212991068], [-75.58817142997825, 6.195866715781605], [-75.58836420483544, 6.195089190736876], [-75.58841806469883, 6.194957399532669], [-75.58862310189623, 6.194743281552856], [-75.58886091787222, 6.194642957307488], [-75.58925063559612, 6.1944846295309235], [-75.58947025522352, 6.1943707161543555], [-75.58970441419234, 6.1942022799429415], [-75.58986803013839, 6.194084872712559], [-75.59008867856228, 6.194001012982888], [-75.5901977617209, 6.193920693390915], [-75.59037185565784, 6.19399517437704], [-75.59085247792649, 6.194227892856063], [-75.59092663979835, 6.194269127105249], [-75.59117741047575, 6.194342943741895], [-75.59122318272406, 6.194230996820809], [-75.59135873825255, 6.19389838953175], [-75.5916376242734, 6.193210396789414], [-75.59166846652651, 6.193211215233634], [-75.59171553328406, 6.193108176227427], [-75.5917311134699, 6.193074071511422], [-75.59180338742549, 6.192838958305343], [-75.59185094478066, 6.1928407293249625], [-75.59234885627912, 6.191600091599681]]]}, "properties": {"OBJECTID": 1, "CODIGO_BAR": "64", "IDEM.Barrios_5.AREA": 767583.592427, "PERIMETRO": 3605.58457113, "NMG": "San Fernando", "MUNICIPIO": "360", "SE_ANNO_CAD_DATA": null, "SHAPE.AREA": 0, "SHAPE.LEN": 0, "nombre_barrio_estandarizado": "San Fernando", "municipio_estandarizado": "itagui"}}, {"type": "Feature", "geometry": {"type": "Polygon", "coordinates": [[[-75.60603665397504, 6.184903235380711], [-75.6054933977575, 6.184885186330468], [-75.60496765100451, 6.184877310180715], [-75.60501282015379, 6.184773316910152], [-75.6051596314052, 6.1845438484152675], [-75.60520195229336, 6.184079279682589], [-75.60532949116632, 6.182812167459419], [-75.60507423997205, 6.182778274581819], [-75.60494209044685, 6.182653947841652], [-75.60457332712548, 6.182554503094328], [-75.60450783841615, 6.182841611091561], [-75.6039617922785, 6.183294909726941], [-75.60393157988344, 6.1833209078942915], [-75.6038974193343, 6.1833503012112825], [-75.60301984737741, 6.1831808088750595], [-75.60301370556174, 6.18322235205391], [-75.60301361107288, 6.183222979941449], [-75.60300354325588, 6.183291093988652], [-75.60299444681851, 6.1833526198393045], [-75.60246700217358, 6.183315352133751], [-75.6023309039204, 6.183262234008421], [-75.60185540619662, 6.183105148682071], [-75.60191356609027, 6.183010197646789], [-75.60139459172578, 6.18291189044195], [-75.60097331197296, 6.18283166035717], [-75.6010021166849, 6.18291643420878], [-75.60107554958839, 6.183254399780229], [-75.60109476765447, 6.183555067557239], [-75.60107782927572, 6.183614975614372], [-75.60107687480186, 6.183618375076167], [-75.60107274695545, 6.18363306023087], [-75.6009993347539, 6.1836127183270815], [-75.60008898079654, 6.182944746019332], [-75.60005472677678, 6.183013670170398], [-75.60004635649321, 6.183030512415701], [-75.5999788753872, 6.183166297123783], [-75.59939050553109, 6.184246927861901], [-75.59874341302891, 6.185480157264853], [-75.598568375331, 6.18591308485684], [-75.59823748784942, 6.186555130681335], [-75.59804042515157, 6.186989189616364], [-75.59778406553508, 6.187376907610335], [-75.59770783573474, 6.187492205595828], [-75.59830979938609, 6.187068298409095], [-75.59853511009916, 6.186874998645777], [-75.59885923836293, 6.186556227949799], [-75.59887617970423, 6.186555097193757], [-75.59930251793374, 6.186148153616398], [-75.59933301608962, 6.186208060017185], [-75.5994504811682, 6.18629282569428], [-75.59962159408184, 6.186383243976346], [-75.59975882443602, 6.186466880311748], [-75.59996944404625, 6.186111944469727], [-75.60020488518359, 6.185359128965404], [-75.60024271313603, 6.1852178361983], [-75.6003132916654, 6.185025674577823], [-75.60037709385324, 6.184868555423159], [-75.60068995662662, 6.1850437384722685], [-75.60144048432572, 6.185429136213287], [-75.60163192736883, 6.185516160684524], [-75.6016533843511, 6.185476597379365], [-75.60180981326488, 6.185550059593693], [-75.60176634185412, 6.185711699855515], [-75.60190527080248, 6.18586428613113], [-75.60205718474703, 6.185972788601579], [-75.60227855864848, 6.186059810670782], [-75.60243498656246, 6.186102752995425], [-75.60257390741099, 6.186116309304714], [-75.60279527328237, 6.18608577673123], [-75.60304657184074, 6.186076719050084], [-75.60318549388246, 6.186129835469564], [-75.60326964023677, 6.186179563473822], [-75.60332950590647, 6.186268855076891], [-75.60360340732792, 6.1865118601366875], [-75.60403820491638, 6.186000921103131], [-75.60403820233502, 6.185948926295804], [-75.6042527925377, 6.185943261181938], [-75.60442220741102, 6.185947771388236], [-75.60442615490734, 6.185858473422565], [-75.60511736771713, 6.18589233804186], [-75.60600849119432, 6.185958966642539], [-75.60603665397504, 6.184903235380711]]]}, "properties": {"OBJECTID": 2, "CODIGO_BAR": "58", "IDEM.Barrios_5.AREA": 219308.433623, "PERIMETRO": 3067.32052324, "NMG": "Santa Mar¡a No. 1", "MUNICIPIO": "360", "SE_ANNO_CAD_DATA": null, "SHAPE.AREA": 0, "SHAPE.LEN": 0, "nombre_barrio_estandarizado": "Santa Mar¡a No. 1", "municipio_estandarizado": "itagui"}}, {"type": "Feature", "geometry": {"type": "Polygon", "coordinates": [[[-75.60170669050564, 6.179850930132226], [-75.60168803265401, 6.179485832885596], [-75.60099235271058, 6.180167465994626], [-75.60088732434521, 6.180287286736941], [-75.60052480595589, 6.1807010111302985], [-75.59996295871566, 6.181346462654124], [-75.59959817466647, 6.181674279573216], [-75.59944853019208, 6.181739849130414], [-75.59911139655807, 6.181720650639794], [-75.59881152460682, 6.181514947472078], [-75.59850318130353, 6.181309243880673], [-75.59795991736664, 6.1810470368470725], [-75.59755726909916, 6.180850379519433], [-75.59723650968488, 6.180757708607533], [-75.59667519635549, 6.180888856724257], [-75.59627256402652, 6.181000781382657], [-75.59585129070322, 6.181000801877973], [-75.59561750299353, 6.181038114224185], [-75.59528998473961, 6.1812811519091575], [-75.59518666044184, 6.181649646033609], [-75.59519571686992, 6.18211760366057], [-75.59525220095827, 6.182399052073032], [-75.59527084600701, 6.182595730268066], [-75.59518671623064, 6.182801454094433], [-75.59511639611874, 6.182826839631515], [-75.59508337457707, 6.182838759362379], [-75.59476543740081, 6.182744957859792], [-75.59419451074399, 6.182642125899993], [-75.59369812371462, 6.182492943443218], [-75.59323447725293, 6.1821075199173], [-75.59291652607445, 6.18163053576859], [-75.59257937486213, 6.181199893847973], [-75.59239188178276, 6.180974965623365], [-75.59206434860268, 6.18091846207682], [-75.59128097769158, 6.180974398570248], [-75.59122276096016, 6.180978556454937], [-75.59108232123597, 6.1809885831623985], [-75.59069469295756, 6.1810076670414045], [-75.5906839355894, 6.181023563468876], [-75.5899884256528, 6.182211087970794], [-75.58967834078169, 6.182666930220779], [-75.58985866460668, 6.182794904064488], [-75.59341092296422, 6.185315824067503], [-75.59345554311395, 6.1853474883903345], [-75.59351408244052, 6.185389034081553], [-75.59401394674313, 6.185743766540402], [-75.59447642014042, 6.185203443409484], [-75.59536587838429, 6.185897425119548], [-75.59547995636187, 6.185981065775761], [-75.59563751992853, 6.186179996604428], [-75.5958408300047, 6.186427528216172], [-75.59567481391959, 6.186640039044512], [-75.59533600604331, 6.187062801098803], [-75.59490797948735, 6.1876212056185995], [-75.59481085348003, 6.1877591098654925], [-75.5954312199506, 6.188193444700063], [-75.5960668275232, 6.18863844694458], [-75.5962678595968, 6.188497144810638], [-75.59750058668436, 6.1875430822071396], [-75.59770038748002, 6.187494033017195], [-75.59770783573474, 6.187492205595828], [-75.59778406553508, 6.187376907610335], [-75.59804042515157, 6.186989189616364], [-75.59823748784942, 6.186555130681335], [-75.598568375331, 6.18591308485684], [-75.59874341302891, 6.185480157264853], [-75.59939050553109, 6.184246927861901], [-75.5999788753872, 6.183166297123783], [-75.60004635649321, 6.183030512415701], [-75.60005472677678, 6.183013670170398], [-75.60008898079654, 6.182944746019332], [-75.60013358772137, 6.182854315757958], [-75.60082414273685, 6.181397277699088], [-75.60139273960343, 6.180287257404509], [-75.6013983872403, 6.180277084271696], [-75.60163159121734, 6.179954924200196], [-75.60170669050564, 6.179850930132226]]]}, "properties": {"OBJECTID": 3, "CODIGO_BAR": "59", "IDEM.Barrios_5.AREA": 528518.996168, "PERIMETRO": 4268.71666476, "NMG": "Santa Mar¡a No. 2", "MUNICIPIO": "360", "SE_ANNO_CAD_DATA": null, "SHAPE.AREA": 0, "SHAPE.LEN": 0, "nombre_barrio_estandarizado": "Santa Mar¡a No. 2", "municipio_estandarizado": "itagui"}}, {"type": "Feature", "geometry": {"type": "Polygon", "coordinates": [[[-75.59841711273911, 6.177006072914866], [-75.5982697189147, 6.176916784593979], [-75.59696521296262, 6.176190048568749], [-75.59685848058706, 6.176125624731199], [-75.59558755391102, 6.175479232153007], [-75.5949337436897, 6.175843426557318], [-75.59422798952738, 6.17638602487564], [-75.59395182950128, 6.176677794933745], [-75.59373703855928, 6.176928611080246], [-75.59302106321871, 6.177655474383756], [-75.59232043083045, 6.178459113798589], [-75.59198290465146, 6.178986336305749], [-75.59148172974724, 6.179774611096343], [-75.59123114297948, 6.180214814484044], [-75.59069469295756, 6.1810076670414045], [-75.59108232123597, 6.1809885831623985], [-75.59122276096016, 6.180978556454937], [-75.59128097769158, 6.180974398570248], [-75.59206434860268, 6.18091846207682], [-75.59239188178276, 6.180974965623365], [-75.59257937486213, 6.181199893847973], [-75.59291652607445, 6.18163053576859], [-75.59323447725293, 6.1821075199173], [-75.59369812371462, 6.182492943443218], [-75.59419451074399, 6.182642125899993], [-75.59476543740081, 6.182744957859792], [-75.59508337457707, 6.182838759362379], [-75.59511639611874, 6.182826839631515], [-75.59518671623064, 6.182801454094433], [-75.59527084600701, 6.182595730268066], [-75.59525220095827, 6.182399052073032], [-75.59519571686992, 6.18211760366057], [-75.59518666044184, 6.181649646033609], [-75.59528998473961, 6.1812811519091575], [-75.59561750299353, 6.181038114224185], [-75.59551867540323, 6.180961256975223], [-75.5952221900424, 6.180708076844439], [-75.5956219827434, 6.1802875734619445], [-75.59662033531231, 6.179236313090997], [-75.59713983645511, 6.178654166553787], [-75.59761190866175, 6.178246089754422], [-75.59787730638307, 6.177964623989645], [-75.59795014664705, 6.177842544459062], [-75.59814099914009, 6.177510216384108], [-75.59828755338557, 6.177242627637621], [-75.59830264378293, 6.177215077291778], [-75.59841711273911, 6.177006072914866]]]}, "properties": {"OBJECTID": 4, "CODIGO_BAR": "61", "IDEM.Barrios_5.AREA": 326057.346406, "PERIMETRO": 2584.39701679, "NMG": "La Esmeralda", "MUNICIPIO": "360", "SE_ANNO_CAD_DATA": null, "SHAPE.AREA": 0, "SHAPE.LEN": 0, "nombre_barrio_estandarizado": "La Esmeralda", "municipio_estandarizado": "itagui"}}, {"type": "Feature", "geometry": {"type": "Polygon", "coordinates": [[[-75.60180771985723, 6.178962483388575], [-75.60100580923711, 6.178511528304369], [-75.6006793978242, 6.1783092174776435], [-75.5997012939826, 6.177744109065297], [-75.59945733268466, 6.17760622041103], [-75.59854530516837, 6.177082929087196], [-75.59841711273911, 6.177006072914866], [-75.59830264378293, 6.177215077291778], [-75.59828755338557, 6.177242627637621], [-75.59814099914009, 6.177510216384108], [-75.59795014664705, 6.177842544459062], [-75.59787730638307, 6.177964623989645], [-75.59761190866175, 6.178246089754422], [-75.59713983645511, 6.178654166553787], [-75.59662033531231, 6.179236313090997], [-75.5956219827434, 6.1802875734619445], [-75.5952221900424, 6.180708076844439], [-75.59551867540323, 6.180961256975223], [-75.59561750299353, 6.181038114224185], [-75.59585129070322, 6.181000801877973], [-75.59627256402652, 6.181000781382657], [-75.59667519635549, 6.180888856724257], [-75.59723650968488, 6.180757708607533], [-75.59755726909916, 6.180850379519433], [-75.59795991736664, 6.1810470368470725], [-75.59850318130353, 6.181309243880673], [-75.59881152460682, 6.181514947472078], [-75.59911139655807, 6.181720650639794], [-75.59944853019208, 6.181739849130414], [-75.59959817466647, 6.181674279573216], [-75.59996295871566, 6.181346462654124], [-75.60052480595589, 6.1807010111302985], [-75.60088732434521, 6.180287286736941], [-75.60099235271058, 6.180167465994626], [-75.60168803265401, 6.179485832885596], [-75.60147682461151, 6.1793411630591475], [-75.60180771985723, 6.178962483388575]]]}, "properties": {"OBJECTID": 5, "CODIGO_BAR": "60", "IDEM.Barrios_5.AREA": 195142.11762, "PERIMETRO": 1926.58256517, "NMG": "Simon Bol¡var", "MUNICIPIO": "360", "SE_ANNO_CAD_DATA": null, "SHAPE.AREA": 0, "SHAPE.LEN": 0, "nombre_barrio_estandarizado": "Simon Bol¡var", "municipio_estandarizado": "itagui"}}, {"type": "Feature", "geometry": {"type": "Polygon", "coordinates": [[[-75.60457332712548, 6.182554503094328], [-75.60381716935187, 6.18241212965596], [-75.60305819355376, 6.182320621802532], [-75.60313384284665, 6.1819849090181025], [-75.6030626888237, 6.181969088375059], [-75.6029949212411, 6.1819419656236265], [-75.60287294123823, 6.181893368300736], [-75.60245730284065, 6.181715932093608], [-75.60211112734662, 6.181571272250117], [-75.60169549067527, 6.181418701693369], [-75.60105399099699, 6.181567944136765], [-75.60102349576722, 6.181555512375194], [-75.60104551571958, 6.181508036661672], [-75.60088569859789, 6.181431183720991], [-75.60082414273685, 6.181397277699088], [-75.60013358772137, 6.182854315757958], [-75.60008898079654, 6.182944746019332], [-75.6009993347539, 6.1836127183270815], [-75.60107274695545, 6.18363306023087], [-75.60107687480186, 6.183618375076167], [-75.60107782927572, 6.183614975614372], [-75.60109476765447, 6.183555067557239], [-75.60107554958839, 6.183254399780229], [-75.6010021166849, 6.18291643420878], [-75.60097331197296, 6.18283166035717], [-75.60139459172578, 6.18291189044195], [-75.60191356609027, 6.183010197646789], [-75.60185540619662, 6.183105148682071], [-75.6023309039204, 6.183262234008421], [-75.60246700217358, 6.183315352133751], [-75.60299444681851, 6.1833526198393045], [-75.60300354325588, 6.183291093988652], [-75.60301361107288, 6.183222979941449], [-75.60301370556174, 6.18322235205391], [-75.60301984737741, 6.1831808088750595], [-75.6038974193343, 6.1833503012112825], [-75.60393157988344, 6.1833209078942915], [-75.6039617922785, 6.183294909726941], [-75.60450783841615, 6.182841611091561], [-75.60457332712548, 6.182554503094328]]]}, "properties": {"OBJECTID": 6, "CODIGO_BAR": "57", "IDEM.Barrios_5.AREA": 66201.1369208, "PERIMETRO": 1388.98531361, "NMG": "Balcones de Sevilla", "MUNICIPIO": "360", "SE_ANNO_CAD_DATA": null, "SHAPE.AREA": 0, "SHAPE.LEN": 0, "nombre_barrio_estandarizado": "Balcones de Sevilla", "municipio_estandarizado": "itagui"}}, {"type": "Feature", "geometry": {"type": "Polygon", "coordinates": [[[-75.60696713054219, 6.1824740849791375], [-75.60654979730505, 6.182309085659057], [-75.60642270278268, 6.181825313508859], [-75.60634757461922, 6.181488478449276], [-75.60627018861824, 6.181190076380953], [-75.60625380827197, 6.181126778877242], [-75.60623234759794, 6.181125650996604], [-75.60605785164404, 6.1811143589328665], [-75.60595846766303, 6.181169751324174], [-75.60574785223238, 6.181484000435274], [-75.60560612753838, 6.1817417256729374], [-75.6055349766287, 6.181782421374217], [-75.60550583681318, 6.181797380153028], [-75.605490930348, 6.18180503115745], [-75.60533506763711, 6.1817440033631215], [-75.60471557054561, 6.181605015384165], [-75.60455123784143, 6.181567724466037], [-75.60287007566022, 6.181224212323164], [-75.60245613762163, 6.18113833180573], [-75.60234375786695, 6.181063736804517], [-75.60203596782856, 6.180720135124817], [-75.60191003067314, 6.18057546131954], [-75.60184395720984, 6.1805404239275195], [-75.60166381432678, 6.180540435326967], [-75.60155991301582, 6.180616173575581], [-75.60139841879548, 6.180823033651826], [-75.60112850334205, 6.181093200504088], [-75.60091844799669, 6.1813690140501265], [-75.60088569859789, 6.181431183720991], [-75.60104551571958, 6.181508036661672], [-75.60102349576722, 6.181555512375194], [-75.60105399099699, 6.181567944136765], [-75.60169549067527, 6.181418701693369], [-75.60211112734662, 6.181571272250117], [-75.60245730284065, 6.181715932093608], [-75.60287294123823, 6.181893368300736], [-75.6029949212411, 6.1819419656236265], [-75.6030626888237, 6.181969088375059], [-75.60313384284665, 6.1819849090181025], [-75.60305819355376, 6.182320621802532], [-75.60381716935187, 6.18241212965596], [-75.60457332712548, 6.182554503094328], [-75.60494209044685, 6.182653947841652], [-75.60507423997205, 6.182778274581819], [-75.60532949116632, 6.182812167459419], [-75.60578634713748, 6.182856219303308], [-75.60623247015162, 6.182879926713768], [-75.60630362293104, 6.182883312301653], [-75.60648602336471, 6.18284825892022], [-75.60658766776002, 6.18281999443083], [-75.60662606320659, 6.1827239125018], [-75.60668647616924, 6.1825713150626305], [-75.60683499377335, 6.182560000527824], [-75.60691744513095, 6.182595034428747], [-75.60694328765103, 6.1825321255684385], [-75.60696713054219, 6.1824740849791375]]]}, "properties": {"OBJECTID": 7, "CODIGO_BAR": "56", "IDEM.Barrios_5.AREA": 66786.3284395, "PERIMETRO": 1681.49394962, "NMG": "Ferrara", "MUNICIPIO": "360", "SE_ANNO_CAD_DATA": null, "SHAPE.AREA": 0, "SHAPE.LEN": 0, "nombre_barrio_estandarizado": "Ferrara", "municipio_estandarizado": "itagui"}}, {"type": "Feature", "geometry": {"type": "Polygon", "coordinates": [[[-75.60509379391915, 6.179620125660179], [-75.60504656918464, 6.179611226956185], [-75.6048419304884, 6.17957266885393], [-75.60450423469942, 6.1795512131770405], [-75.60417331453343, 6.179536541658465], [-75.60378028791557, 6.179688031162945], [-75.60372045011137, 6.180026005116817], [-75.60354708686144, 6.180059927159498], [-75.60350858322074, 6.18006199716501], [-75.60337880605381, 6.180068979516961], [-75.60308967390802, 6.180047521096284], [-75.60288976554676, 6.180029449717133], [-75.60274124469393, 6.179995547643653], [-75.60248034941621, 6.179997825257319], [-75.602459619276, 6.180075537598052], [-75.60245435625214, 6.180095270297313], [-75.60245381421831, 6.180097296261176], [-75.60241167354212, 6.180088987191844], [-75.60225898873131, 6.180058877150697], [-75.60220590691509, 6.180079226429946], [-75.6021189425052, 6.180078101781703], [-75.60211103558379, 6.180078100719174], [-75.60210538883027, 6.1800781030546865], [-75.60163159121734, 6.179954924200196], [-75.6013983872403, 6.180277084271696], [-75.60139273960343, 6.180287257404509], [-75.60082414273685, 6.181397277699088], [-75.60088569859789, 6.181431183720991], [-75.60091844799669, 6.1813690140501265], [-75.60112850334205, 6.181093200504088], [-75.60139841879548, 6.180823033651826], [-75.60155991301582, 6.180616173575581], [-75.60166381432678, 6.180540435326967], [-75.60184395720984, 6.1805404239275195], [-75.60191003067314, 6.18057546131954], [-75.60203596782856, 6.180720135124817], [-75.60234375786695, 6.181063736804517], [-75.60245613762163, 6.18113833180573], [-75.60287007566022, 6.181224212323164], [-75.60455123784143, 6.181567724466037], [-75.60471557054561, 6.181605015384165], [-75.60485331266555, 6.180890635755424], [-75.60488097696441, 6.180777599143272], [-75.60497073077455, 6.180287028314887], [-75.60504853634393, 6.179863308683475], [-75.60505272020856, 6.17984052644163], [-75.60507347136179, 6.179727507469781], [-75.60509379391915, 6.179620125660179]]]}, "properties": {"OBJECTID": 8, "CODIGO_BAR": "55", "IDEM.Barrios_5.AREA": 58113.3281774, "PERIMETRO": 1347.08699263, "NMG": "La Aldea", "MUNICIPIO": "360", "SE_ANNO_CAD_DATA": null, "SHAPE.AREA": 0, "SHAPE.LEN": 0, "nombre_barrio_estandarizado": "La Aldea", "municipio_estandarizado": "itagui"}}, {"type": "Feature", "geometry": {"type": "Polygon", "coordinates": [[[-75.60611801633561, 6.17732434913174], [-75.60591696120862, 6.177048562379374], [-75.60590397225907, 6.177030477781714], [-75.60555238929153, 6.176568400311015], [-75.60554361846903, 6.176556871216776], [-75.60546967616516, 6.176459689097619], [-75.60432336249347, 6.177026062750409], [-75.60386709436848, 6.177225031145739], [-75.60377440669436, 6.177388264604973], [-75.60364180115792, 6.177621793314225], [-75.60380613574009, 6.177702035573832], [-75.60377621169444, 6.177775509403801], [-75.60390386161188, 6.1778270417456], [-75.60397217009344, 6.177854619392038], [-75.60398572229371, 6.17783992426337], [-75.60438159009982, 6.177976668314914], [-75.60440649939764, 6.177985697265968], [-75.60497398101721, 6.17819139225227], [-75.60536982528214, 6.177984515364645], [-75.60538846091994, 6.1779743409562595], [-75.6055668957228, 6.177796865722587], [-75.60578147265237, 6.177637474597503], [-75.60584076196129, 6.177565129764046], [-75.60598700999081, 6.177415915218953], [-75.60611801633561, 6.17732434913174]]]}, "properties": {"OBJECTID": 9, "CODIGO_BAR": "29", "IDEM.Barrios_5.AREA": 29265.5429804, "PERIMETRO": 697.62542482, "NMG": "Las Americas", "MUNICIPIO": "360", "SE_ANNO_CAD_DATA": null, "SHAPE.AREA": 0, "SHAPE.LEN": 0, "nombre_barrio_estandarizado": "Las Americas", "municipio_estandarizado": "itagui"}}, {"type": "Feature", "geometry": {"type": "Polygon", "coordinates": [[[-75.60812882180034, 6.17580956053313], [-75.60805314902034, 6.175789220408301], [-75.60778999118685, 6.175708985851482], [-75.6075765993661, 6.175660289582439], [-75.60731958596628, 6.175601639041615], [-75.6070728081818, 6.175566615694086], [-75.60672665344104, 6.175685324197692], [-75.60653297544604, 6.175903492041738], [-75.60637655740871, 6.175989410141218], [-75.60624047004724, 6.176070802255362], [-75.60623199998678, 6.176075324328562], [-75.60587285964762, 6.176244898428873], [-75.60563004477818, 6.176354558421958], [-75.60546967616516, 6.176459689097619], [-75.60554361846903, 6.176556871216776], [-75.60555238929153, 6.176568400311015], [-75.60590397225907, 6.177030477781714], [-75.60591696120862, 6.177048562379374], [-75.60623205115806, 6.1768337772689685], [-75.60626819180153, 6.176808907312688], [-75.60684811600012, 6.176416640928689], [-75.60694243110486, 6.176556796249822], [-75.60709209333432, 6.176770419486891], [-75.60710482310611, 6.176740907985157], [-75.60716718670741, 6.17659634201198], [-75.60724172456841, 6.176548862875727], [-75.60729424042646, 6.17652173197237], [-75.6073868468382, 6.176467468705595], [-75.60758053373394, 6.176377028938434], [-75.60758737286656, 6.176375191786333], [-75.60763530911206, 6.176362329605963], [-75.60812882180034, 6.17580956053313]]]}, "properties": {"OBJECTID": 10, "CODIGO_BAR": "30", "IDEM.Barrios_5.AREA": 22026.523405, "PERIMETRO": 740.8168084, "NMG": "Las Acacias", "MUNICIPIO": "360", "SE_ANNO_CAD_DATA": null, "SHAPE.AREA": 0, "SHAPE.LEN": 0, "nombre_barrio_estandarizado": "Las Acacias", "municipio_estandarizado": "itagui"}}, {"type": "Feature", "geometry": {"type": "Polygon", "coordinates": [[[-75.6091760816834, 6.179834597784907], [-75.60893832886877, 6.179678630249423], [-75.6086525897606, 6.17971482134974], [-75.60834710160192, 6.179997426593625], [-75.60824828001141, 6.18001778028687], [-75.60796931056123, 6.17995450323504], [-75.60788911691182, 6.179900252285686], [-75.60757851060296, 6.179650471191264], [-75.6074977528857, 6.17959169986793], [-75.60728992948926, 6.179434598164396], [-75.60704935176486, 6.179254893489633], [-75.60675625833709, 6.179122664735739], [-75.60668227906204, 6.179087628806732], [-75.60659361587638, 6.179032249225008], [-75.60649536343267, 6.179133985719638], [-75.60623223192376, 6.17942450088363], [-75.60619513832555, 6.179465278134258], [-75.60593916951683, 6.179746664141342], [-75.60546951242529, 6.179740429776537], [-75.60526152048459, 6.17973766862325], [-75.60517697035536, 6.179733100777565], [-75.60516374564597, 6.179732386298513], [-75.60507347136179, 6.179727507469781], [-75.60505272020856, 6.17984052644163], [-75.60504853634393, 6.179863308683475], [-75.60497073077455, 6.180287028314887], [-75.60488097696441, 6.180777599143272], [-75.60485331266555, 6.180890635755424], [-75.60471557054561, 6.181605015384165], [-75.60533506763711, 6.1817440033631215], [-75.605490930348, 6.18180503115745], [-75.60550583681318, 6.181797380153028], [-75.6055349766287, 6.181782421374217], [-75.60560612753838, 6.1817417256729374], [-75.60574785223238, 6.181484000435274], [-75.60595846766303, 6.181169751324174], [-75.60605785164404, 6.1811143589328665], [-75.60623234759794, 6.181125650996604], [-75.60625380827197, 6.181126778877242], [-75.60627018861824, 6.181190076380953], [-75.60634757461922, 6.181488478449276], [-75.60642270278268, 6.181825313508859], [-75.60654979730505, 6.182309085659057], [-75.60696713054219, 6.1824740849791375], [-75.60694328765103, 6.1825321255684385], [-75.60691744513095, 6.182595034428747], [-75.60707612766585, 6.182589370987153], [-75.60737711460398, 6.182538486451676], [-75.60772892016197, 6.182399430022184], [-75.60793503719468, 6.182372285223397], [-75.60785992479039, 6.1822965595975425], [-75.60795478812402, 6.182163172628983], [-75.60815637462773, 6.181973262048705], [-75.6082523699097, 6.181883959927767], [-75.60828173032009, 6.181843264797151], [-75.60838958497273, 6.1817663950233985], [-75.6086719458897, 6.181831933027473], [-75.60893002114959, 6.181877126587102], [-75.60893362939689, 6.181846607498598], [-75.60893510049473, 6.181834173891094], [-75.6089559835039, 6.18168044707037], [-75.60899436224462, 6.181400122098556], [-75.60904291963818, 6.181294997572548], [-75.609058721125, 6.181163878375302], [-75.60908187101975, 6.181123184807874], [-75.60914507193563, 6.180492454148114], [-75.60915465776169, 6.180286732156603], [-75.6091760816834, 6.179834597784907]]]}, "properties": {"OBJECTID": 11, "CODIGO_BAR": "54", "IDEM.Barrios_5.AREA": 119436.687429, "PERIMETRO": 1663.04354501, "NMG": "Terranova", "MUNICIPIO": "360", "SE_ANNO_CAD_DATA": null, "SHAPE.AREA": 0, "SHAPE.LEN": 0, "nombre_barrio_estandarizado": "Terranova", "municipio_estandarizado": "itagui"}}, {"type": "Feature", "geometry": {"type": "Polygon", "coordinates": [[[-75.6096120029862, 6.179383563647812], [-75.60878803682785, 6.178596912754695], [-75.60796237938025, 6.177828347366971], [-75.60787315111487, 6.1777571432440705], [-75.60794768279304, 6.177631671083907], [-75.6080227780455, 6.177479070552102], [-75.60827629972397, 6.177055176711391], [-75.60817182551928, 6.177004319273574], [-75.60800805697475, 6.176945554585938], [-75.60804134658781, 6.176557847825055], [-75.60763530911206, 6.176362329605963], [-75.60758737286656, 6.176375191786333], [-75.60758053373394, 6.176377028938434], [-75.6073868468382, 6.176467468705595], [-75.60729424042646, 6.17652173197237], [-75.60724172456841, 6.176548862875727], [-75.60716718670741, 6.17659634201198], [-75.60710482310611, 6.176740907985157], [-75.60709209333432, 6.176770419486891], [-75.60694243110486, 6.176556796249822], [-75.60684811600012, 6.176416640928689], [-75.60626819180153, 6.176808907312688], [-75.60623205115806, 6.1768337772689685], [-75.60591696120862, 6.177048562379374], [-75.60611801633561, 6.17732434913174], [-75.60598700999081, 6.177415915218953], [-75.60584076196129, 6.177565129764046], [-75.60578147265237, 6.177637474597503], [-75.6055668957228, 6.177796865722587], [-75.60538846091994, 6.1779743409562595], [-75.60536982528214, 6.177984515364645], [-75.60598707462682, 6.1783597437138855], [-75.60589560382476, 6.1785292998604495], [-75.60583631682852, 6.178634424425452], [-75.60573833561507, 6.178602244399428], [-75.60568836150055, 6.178585830118235], [-75.60548393534503, 6.178556455505669], [-75.60528968487746, 6.178679675643827], [-75.60523774374902, 6.178859401367811], [-75.60528292400144, 6.178914784641437], [-75.60521065844019, 6.179182678013769], [-75.60509379391915, 6.179620125660179], [-75.60507347136179, 6.179727507469781], [-75.60516374564597, 6.179732386298513], [-75.60517697035536, 6.179733100777565], [-75.60526152048459, 6.17973766862325], [-75.60546951242529, 6.179740429776537], [-75.60593916951683, 6.179746664141342], [-75.60619513832555, 6.179465278134258], [-75.60623223192376, 6.17942450088363], [-75.60649536343267, 6.179133985719638], [-75.60659361587638, 6.179032249225008], [-75.60668227906204, 6.179087628806732], [-75.60675625833709, 6.179122664735739], [-75.60704935176486, 6.179254893489633], [-75.60728992948926, 6.179434598164396], [-75.6074977528857, 6.17959169986793], [-75.60757851060296, 6.179650471191264], [-75.60788911691182, 6.179900252285686], [-75.60796931056123, 6.17995450323504], [-75.60824828001141, 6.18001778028687], [-75.60834710160192, 6.179997426593625], [-75.6086525897606, 6.17971482134974], [-75.60893832886877, 6.179678630249423], [-75.6091760816834, 6.179834597784907], [-75.6092410241649, 6.179852679381771], [-75.6096120029862, 6.179383563647812]]]}, "properties": {"OBJECTID": 12, "CODIGO_BAR": "31", "IDEM.Barrios_5.AREA": 108467.699252, "PERIMETRO": 1792.45021021, "NMG": "El Tablazo", "MUNICIPIO": "360", "SE_ANNO_CAD_DATA": null, "SHAPE.AREA": 0, "SHAPE.LEN": 0, "nombre_barrio_estandarizado": "El Tablazo", "municipio_estandarizado": "itagui"}}, {"type": "Feature", "geometry": {"type": "Polygon", "coordinates": [[[-75.61103984038616, 6.182681763655731], [-75.61103248144208, 6.182461348289855], [-75.610978823876, 6.182321190957114], [-75.61092856399264, 6.182320064708452], [-75.6108910951967, 6.18237284913291], [-75.61082184723737, 6.182470408035102], [-75.61060329207557, 6.182321220297935], [-75.61056884783841, 6.182385651377941], [-75.61047736451593, 6.182370964190803], [-75.6100046781215, 6.182053377095354], [-75.60965058728912, 6.181817164839001], [-75.60954159358398, 6.181767439610465], [-75.60935636668127, 6.181735803935445], [-75.60926939919624, 6.181721115996981], [-75.6091467972627, 6.181705207169331], [-75.6091333868455, 6.1817034676096405], [-75.6089559835039, 6.18168044707037], [-75.60893510049473, 6.181834173891094], [-75.60893362939689, 6.181846607498598], [-75.60893002114959, 6.181877126587102], [-75.6086719458897, 6.181831933027473], [-75.60838958497273, 6.1817663950233985], [-75.60828173032009, 6.181843264797151], [-75.6082523699097, 6.181883959927767], [-75.60815637462773, 6.181973262048705], [-75.60795478812402, 6.182163172628983], [-75.60785992479039, 6.1822965595975425], [-75.60793503719468, 6.182372285223397], [-75.60794237940915, 6.182371156161914], [-75.6081445480409, 6.182412963918684], [-75.60847264953914, 6.182484150132349], [-75.60853646375668, 6.1824988397498934], [-75.60880979061959, 6.182596027107961], [-75.60884876371351, 6.182700015722027], [-75.608980930018, 6.183015368284741], [-75.60925709738696, 6.183336362605878], [-75.60943668371439, 6.183451642797741], [-75.60964055648772, 6.183600831675101], [-75.60973317517103, 6.183693511565874], [-75.60984442388714, 6.183684460368851], [-75.61008554669168, 6.183572538358016], [-75.6101781518706, 6.1834708017861635], [-75.61028937940122, 6.183191600715289], [-75.61062479810926, 6.182947423373936], [-75.6110099091614, 6.182664810403935], [-75.61103984038616, 6.182681763655731]]]}, "properties": {"OBJECTID": 13, "CODIGO_BAR": "53", "IDEM.Barrios_5.AREA": 38674.4334615, "PERIMETRO": 937.70902492, "NMG": "Loma Linda", "MUNICIPIO": "360", "SE_ANNO_CAD_DATA": null, "SHAPE.AREA": 0, "SHAPE.LEN": 0, "nombre_barrio_estandarizado": "Loma Linda", "municipio_estandarizado": "itagui"}}, {"type": "Feature", "geometry": {"type": "Polygon", "coordinates": [[[-75.61320852180805, 6.184144734075695], [-75.61310992774717, 6.184069290601635], [-75.6128199472676, 6.183877785793433], [-75.61272134967373, 6.183750106365002], [-75.6126691480719, 6.183639834226017], [-75.61261114488256, 6.1835353684777665], [-75.61257634219707, 6.1834425097713765], [-75.61244873715383, 6.18318134152472], [-75.6124197310543, 6.183065264150212], [-75.61237332212373, 6.182873738777106], [-75.61227470772236, 6.182554527980951], [-75.61222249816461, 6.182357199867049], [-75.61220508809942, 6.182206297851661], [-75.61221667948134, 6.182107629236253], [-75.61227466566787, 6.182014760786054], [-75.61238483204454, 6.181794201705546], [-75.61240801333135, 6.181579454961904], [-75.61246599079966, 6.181405331175211], [-75.61252976561799, 6.181196384211139], [-75.61262051381908, 6.181026060912504], [-75.6126146851727, 6.18101439732389], [-75.61258813806644, 6.180951099690119], [-75.61257684101383, 6.180903626828532], [-75.6125694960371, 6.180864065880218], [-75.61256203049797, 6.180819266477981], [-75.61255932660872, 6.180803028332776], [-75.61254011770069, 6.180703561011191], [-75.61251243942175, 6.180622179523532], [-75.61247008060558, 6.180536276661179], [-75.6124689492604, 6.1805249742002095], [-75.61245934893098, 6.180511411630928], [-75.61245144206777, 6.180511410725189], [-75.61243280495803, 6.1804831545434675], [-75.61242038081414, 6.180469591390449], [-75.61236447316912, 6.180449249984399], [-75.61231026066775, 6.180449254319908], [-75.61218884783877, 6.1804436140432255], [-75.61207477356339, 6.180413103943183], [-75.61199176042751, 6.180399546019463], [-75.61185397034, 6.18037921104754], [-75.61174215856124, 6.180393915531693], [-75.61174128695632, 6.180400381159335], [-75.61172578488171, 6.1805152535613255], [-75.61172522700998, 6.18051938245034], [-75.61160157731655, 6.18048020593941], [-75.61152192686524, 6.180454969894189], [-75.61146434432077, 6.180676519826452], [-75.61144002631644, 6.1806858481355125], [-75.61137004139313, 6.180712696523135], [-75.6113673167395, 6.1807045543517996], [-75.61133056313368, 6.1805946959146185], [-75.61132541910371, 6.180579321366778], [-75.61128700655088, 6.180423339393048], [-75.61125425083834, 6.180382649315709], [-75.61113791186709, 6.180286581050547], [-75.61108990986844, 6.18024702181676], [-75.6110385246162, 6.18028658753499], [-75.61102902238896, 6.180293937255514], [-75.6110136779039, 6.1803058070732515], [-75.61099361477214, 6.1802921539307745], [-75.61098544124323, 6.180286592508416], [-75.61087701178997, 6.180214258571546], [-75.61001748290299, 6.1796593329496945], [-75.60999715299242, 6.179646900642289], [-75.6096120029862, 6.179383563647812], [-75.6092410241649, 6.179852679381771], [-75.6091760816834, 6.179834597784907], [-75.60915465776169, 6.180286732156603], [-75.60914507193563, 6.180492454148114], [-75.60908187101975, 6.181123184807874], [-75.609058721125, 6.181163878375302], [-75.60904291963818, 6.181294997572548], [-75.60899436224462, 6.181400122098556], [-75.6089559835039, 6.18168044707037], [-75.6091333868455, 6.1817034676096405], [-75.6091467972627, 6.181705207169331], [-75.60926939919624, 6.181721115996981], [-75.60935636668127, 6.181735803935445], [-75.60954159358398, 6.181767439610465], [-75.60965058728912, 6.181817164839001], [-75.6100046781215, 6.182053377095354], [-75.61047736451593, 6.182370964190803], [-75.61056884783841, 6.182385651377941], [-75.61060329207557, 6.182321220297935], [-75.61082184723737, 6.182470408035102], [-75.6108910951967, 6.18237284913291], [-75.61092856399264, 6.182320064708452], [-75.610978823876, 6.182321190957114], [-75.61103248144208, 6.182461348289855], [-75.61103984038616, 6.182681763655731], [-75.6110522747034, 6.182817402571491], [-75.61130245222155, 6.182957542151957], [-75.61129342000864, 6.182975628960837], [-75.6113374705084, 6.1830095353931585], [-75.6113922526131, 6.18308300242915], [-75.6114137132739, 6.183115780437313], [-75.61164580432714, 6.183041160637754], [-75.61170114744205, 6.183059240112233], [-75.61176609716199, 6.18315305457686], [-75.61184007637324, 6.183189218592584], [-75.61190501926377, 6.18319938728627], [-75.61191801130882, 6.1832412077596555], [-75.6119507734163, 6.183342935516701], [-75.61217556259177, 6.183769051515968], [-75.61217669035234, 6.183772443439353], [-75.61228118050808, 6.183970243021293], [-75.61239639503559, 6.184158998886149], [-75.61250765164314, 6.18424263433276], [-75.61261099820956, 6.184299143369355], [-75.61270077549807, 6.1841601043147705], [-75.61272844636397, 6.184151059545548], [-75.61276967203392, 6.184182705053975], [-75.61282162897918, 6.1842188714140285], [-75.61292441413934, 6.1843025077366365], [-75.61297185072969, 6.184314937543617], [-75.61302944529912, 6.184234678957526], [-75.6131022967671, 6.184288930404261], [-75.6131853010486, 6.184183801683228], [-75.61319207771949, 6.184174758449488], [-75.61319336831802, 6.184175071233044], [-75.61320852180805, 6.184144734075695]]]}, "properties": {"OBJECTID": 14, "CODIGO_BAR": "52", "IDEM.Barrios_5.AREA": 106017.353235, "PERIMETRO": 1826.71458417, "NMG": "Calatrava", "MUNICIPIO": "360", "SE_ANNO_CAD_DATA": null, "SHAPE.AREA": 0, "SHAPE.LEN": 0, "nombre_barrio_estandarizado": "Calatrava", "municipio_estandarizado": "itagui"}}, {"type": "Feature", "geometry": {"type": "Polygon", "coordinates": [[[-75.61347555698157, 6.184110305123565], [-75.61328524051115, 6.183997289089845], [-75.61315252753154, 6.183926089919685], [-75.6132095548238, 6.183831134978723], [-75.61315929056278, 6.183770101311719], [-75.61322365869486, 6.18365480320317], [-75.61313555449297, 6.183546298946131], [-75.61307795833609, 6.183597167339977], [-75.61278993923978, 6.183415207792289], [-75.61271538892379, 6.183299921356903], [-75.6126396880434, 6.182937090008904], [-75.61261934536925, 6.182776585067878], [-75.61262325622228, 6.182246458495898], [-75.61278869664294, 6.182029420987991], [-75.61280901647771, 6.181906212083886], [-75.61274854713956, 6.181353485084192], [-75.61268021314534, 6.181285671938575], [-75.61271069398016, 6.181133073513507], [-75.61262315764587, 6.181031351146896], [-75.61262079024706, 6.181026614648046], [-75.61262051381908, 6.181026060912504], [-75.61252976561799, 6.181196384211139], [-75.61246599079966, 6.181405331175211], [-75.61240801333135, 6.181579454961904], [-75.61238483204454, 6.181794201705546], [-75.61227466566787, 6.182014760786054], [-75.61221667948134, 6.182107629236253], [-75.61220508809942, 6.182206297851661], [-75.61222249816461, 6.182357199867049], [-75.61227470772236, 6.182554527980951], [-75.61237332212373, 6.182873738777106], [-75.6124197310543, 6.183065264150212], [-75.61244873715383, 6.18318134152472], [-75.61257634219707, 6.1834425097713765], [-75.61261114488256, 6.1835353684777665], [-75.6126691480719, 6.183639834226017], [-75.61272134967373, 6.183750106365002], [-75.6128199472676, 6.183877785793433], [-75.61310992774717, 6.184069290601635], [-75.61320852180805, 6.184144734075695], [-75.61319336831802, 6.184175071233044], [-75.61322934864364, 6.184183797394696], [-75.61328469787135, 6.184283263026029], [-75.61330728820285, 6.184303606276471], [-75.61347555698157, 6.184110305123565]]]}, "properties": {"OBJECTID": 15, "CODIGO_BAR": "51", "IDEM.Barrios_5.AREA": 12897.5411414, "PERIMETRO": 863.38142051, "NMG": "El Progreso", "MUNICIPIO": "360", "SE_ANNO_CAD_DATA": null, "SHAPE.AREA": 0, "SHAPE.LEN": 0, "nombre_barrio_estandarizado": "El Progreso", "municipio_estandarizado": "itagui"}}, {"type": "Feature", "geometry": {"type": "Polygon", "coordinates": [[[-75.61220700035307, 6.174442674822734], [-75.61137745068788, 6.1743907468653605], [-75.61044738623768, 6.174390819948232], [-75.61027515698824, 6.174476736795467], [-75.60997418926323, 6.174714130432382], [-75.60991377324245, 6.174801170148986], [-75.60980761997465, 6.174956034877984], [-75.60971276173775, 6.1750928126030775], [-75.60963991929447, 6.175151594355346], [-75.60931749817696, 6.17548845811203], [-75.60856703046163, 6.175799355912219], [-75.60839870311727, 6.175825046125332], [-75.60826322412998, 6.175845722149173], [-75.60812882180034, 6.17580956053313], [-75.60763530911206, 6.176362329605963], [-75.60804134658781, 6.176557847825055], [-75.60800805697475, 6.176945554585938], [-75.60817182551928, 6.177004319273574], [-75.60827629972397, 6.177055176711391], [-75.6080227780455, 6.177479070552102], [-75.60794768279304, 6.177631671083907], [-75.60787315111487, 6.1777571432440705], [-75.60796237938025, 6.177828347366971], [-75.60878803682785, 6.178596912754695], [-75.6096120029862, 6.179383563647812], [-75.60999715299242, 6.179646900642289], [-75.61001748290299, 6.1796593329496945], [-75.61087701178997, 6.180214258571546], [-75.61098544124323, 6.180286592508416], [-75.61099361477214, 6.1802921539307745], [-75.6110136779039, 6.1803058070732515], [-75.61102902238896, 6.180293937255514], [-75.6110385246162, 6.18028658753499], [-75.61108990986844, 6.18024702181676], [-75.61113791186709, 6.180286581050547], [-75.61125425083834, 6.180382649315709], [-75.61128700655088, 6.180423339393048], [-75.61132541910371, 6.180579321366778], [-75.61133056313368, 6.1805946959146185], [-75.6113673167395, 6.1807045543517996], [-75.61137004139313, 6.180712696523135], [-75.61144002631644, 6.1806858481355125], [-75.61146434432077, 6.180676519826452], [-75.61151868460753, 6.180467448349672], [-75.61152192686524, 6.180454969894189], [-75.6115315182434, 6.180331762129092], [-75.61154111380692, 6.180286547938628], [-75.61158288824383, 6.180090997937454], [-75.61158683083924, 6.179973443023923], [-75.61159077200668, 6.179818587345608], [-75.61163424650584, 6.179712331530912], [-75.61166925041447, 6.179629816475142], [-75.6116534354027, 6.179593645752783], [-75.61162632925354, 6.179569910765129], [-75.61157493971584, 6.179569914676752], [-75.6115551740325, 6.179546179775287], [-75.61156307578759, 6.17948401005787], [-75.61159469519805, 6.179436534170327], [-75.61164156451115, 6.179420706043067], [-75.61170876358275, 6.179424092430296], [-75.61173876344797, 6.179430409062988], [-75.61176050468404, 6.179434989793112], [-75.61178387177145, 6.179439909692813], [-75.61183526040688, 6.179431993404831], [-75.61192956140776, 6.179389032647402], [-75.61197304062397, 6.179325730694583], [-75.61201651273325, 6.179214955493289], [-75.61206336676962, 6.179005840432556], [-75.61206336328121, 6.1789583653589295], [-75.61207521782089, 6.178902979314124], [-75.6121147378429, 6.178792203658995], [-75.61217006127997, 6.178557088621531], [-75.61218586381321, 6.178432751050274], [-75.6121745635277, 6.178362672046954], [-75.61209323247012, 6.178191997571619], [-75.61205934395986, 6.178133222763483], [-75.6119825388601, 6.178054107650146], [-75.6118961369892, 6.178033768551724], [-75.61186451265272, 6.178036030401508], [-75.61179957396126, 6.178049600324839], [-75.6117735942421, 6.178024735123848], [-75.61169735294666, 6.177954660525523], [-75.6115906172934, 6.177852937980631], [-75.61143474351692, 6.17767774934096], [-75.61144038489635, 6.177604276369309], [-75.61147482543838, 6.177516107405112], [-75.61149345605301, 6.177461851604195], [-75.61150700223722, 6.177378205248748], [-75.61150021952744, 6.177306995609097], [-75.61147988828338, 6.177273087300059], [-75.61139404988056, 6.177241443585393], [-75.61131216772895, 6.177223365793034], [-75.61128279880295, 6.177173631916939], [-75.61127150093574, 6.17712389968783], [-75.61126471814363, 6.177051558142182], [-75.61129181926665, 6.176997300522388], [-75.61133699386657, 6.176965647954689], [-75.61138273336299, 6.176945298836678], [-75.61150470875202, 6.1769475484396565], [-75.61152680331003, 6.176943702514817], [-75.61155666163424, 6.176938502137395], [-75.61159505904328, 6.176911370618331], [-75.61162216164144, 6.176862764294917], [-75.61171304158401, 6.176398191378153], [-75.61170625368092, 6.176245596130029], [-75.6116700992017, 6.176080570486896], [-75.61176269525644, 6.175888407148431], [-75.61174291673142, 6.175710945236743], [-75.61169829574868, 6.175590003540998], [-75.61177339574716, 6.175518786843204], [-75.6118185739865, 6.175547042070166], [-75.61185242796465, 6.175493642716729], [-75.61187097517293, 6.175464386526944], [-75.61187447289474, 6.175458870832433], [-75.6119094800968, 6.175398960173096], [-75.6119936013427, 6.175159323619621], [-75.6121714459549, 6.174712827241485], [-75.61218641286092, 6.174599110226634], [-75.61218902636612, 6.1745792531948895], [-75.61220700035307, 6.174442674822734]]]}, "properties": {"OBJECTID": 16, "CODIGO_BAR": "32", "IDEM.Barrios_5.AREA": 206686.273453, "PERIMETRO": 2195.18140921, "NMG": "Fatima", "MUNICIPIO": "360", "SE_ANNO_CAD_DATA": null, "SHAPE.AREA": 0, "SHAPE.LEN": 0, "nombre_barrio_estandarizado": "Fatima", "municipio_estandarizado": "itagui"}}, {"type": "Feature", "geometry": {"type": "Polygon", "coordinates": [[[-75.61565571687849, 6.175351174107329], [-75.61493723155344, 6.174151367870437], [-75.61488478594, 6.174063791578014], [-75.61487801065608, 6.174068312646894], [-75.61471594774609, 6.174145188819909], [-75.61443135161471, 6.174304590636534], [-75.61387231559934, 6.174542007422917], [-75.61369949924881, 6.174542854868692], [-75.6136652380406, 6.174543023228414], [-75.6136379647532, 6.174543158151947], [-75.61322234313612, 6.17452284555858], [-75.61277565893724, 6.174477669785998], [-75.61220700035307, 6.174442674822734], [-75.61218902636612, 6.1745792531948895], [-75.61218641286092, 6.174599110226634], [-75.6121714459549, 6.174712827241485], [-75.6119936013427, 6.175159323619621], [-75.6119094800968, 6.175398960173096], [-75.61187447289474, 6.175458870832433], [-75.61187097517293, 6.175464386526944], [-75.61185242796465, 6.175493642716729], [-75.6118185739865, 6.175547042070166], [-75.61177339574716, 6.175518786843204], [-75.61169829574868, 6.175590003540998], [-75.61174291673142, 6.175710945236743], [-75.61176269525644, 6.175888407148431], [-75.6116700992017, 6.176080570486896], [-75.61170625368092, 6.176245596130029], [-75.61171304158401, 6.176398191378153], [-75.61162216164144, 6.176862764294917], [-75.61159505904328, 6.176911370618331], [-75.61155666163424, 6.176938502137395], [-75.61152680331003, 6.176943702514817], [-75.61150470875202, 6.1769475484396565], [-75.61138273336299, 6.176945298836678], [-75.61133699386657, 6.176965647954689], [-75.61129181926665, 6.176997300522388], [-75.61126471814363, 6.177051558142182], [-75.61127150093574, 6.17712389968783], [-75.61128279880295, 6.177173631916939], [-75.61131216772895, 6.177223365793034], [-75.61139404988056, 6.177241443585393], [-75.61147988828338, 6.177273087300059], [-75.61150021952744, 6.177306995609097], [-75.61150700223722, 6.177378205248748], [-75.61149345605301, 6.177461851604195], [-75.61147482543838, 6.177516107405112], [-75.61144038489635, 6.177604276369309], [-75.61143474351692, 6.17767774934096], [-75.6115906172934, 6.177852937980631], [-75.61169735294666, 6.177954660525523], [-75.6117735942421, 6.178024735123848], [-75.61179957396126, 6.178049600324839], [-75.61186451265272, 6.178036030401508], [-75.6118961369892, 6.178033768551724], [-75.6119825388601, 6.178054107650146], [-75.61205934395986, 6.178133222763483], [-75.61209323247012, 6.178191997571619], [-75.6121745635277, 6.178362672046954], [-75.61218586381321, 6.178432751050274], [-75.61217006127997, 6.178557088621531], [-75.6121147378429, 6.178792203658995], [-75.61207521782089, 6.178902979314124], [-75.61206336328121, 6.1789583653589295], [-75.61206336676962, 6.179005840432556], [-75.61201651273325, 6.179214955493289], [-75.61197304062397, 6.179325730694583], [-75.61192956140776, 6.179389032647402], [-75.61183526040688, 6.179431993404831], [-75.61178387177145, 6.179439909692813], [-75.61176050468404, 6.179434989793112], [-75.61173876344797, 6.179430409062988], [-75.61170876358275, 6.179424092430296], [-75.61164156451115, 6.179420706043067], [-75.61159469519805, 6.179436534170327], [-75.61156307578759, 6.17948401005787], [-75.6115551740325, 6.179546179775287], [-75.61157493971584, 6.179569914676752], [-75.61162632925354, 6.179569910765129], [-75.6116534354027, 6.179593645752783], [-75.61166925041447, 6.179629816475142], [-75.61163424650584, 6.179712331530912], [-75.61159077200668, 6.179818587345608], [-75.61158683083924, 6.179973443023923], [-75.61158288824383, 6.180090997937454], [-75.61154111380692, 6.180286547938628], [-75.6115315182434, 6.180331762129092], [-75.61152192686524, 6.180454969894189], [-75.61160157731655, 6.18048020593941], [-75.61172522700998, 6.18051938245034], [-75.61172578488171, 6.1805152535613255], [-75.61174128695632, 6.180400381159335], [-75.61174215856124, 6.180393915531693], [-75.61185397034, 6.18037921104754], [-75.61199176042751, 6.180399546019463], [-75.61207477356339, 6.180413103943183], [-75.61218884783877, 6.1804436140432255], [-75.61231026066775, 6.180449254319908], [-75.61236447316912, 6.180449249984399], [-75.61242038081414, 6.180469591390449], [-75.61243280495803, 6.1804831545434675], [-75.61245144206777, 6.180511410725189], [-75.61245934893098, 6.180511411630928], [-75.6124689492604, 6.1805249742002095], [-75.61247008060558, 6.180536276661179], [-75.61251243942175, 6.180622179523532], [-75.61254011770069, 6.180703561011191], [-75.61255932660872, 6.180803028332776], [-75.61256203049797, 6.180819266477981], [-75.6125694960371, 6.180864065880218], [-75.61257684101383, 6.180903626828532], [-75.61258813806644, 6.180951099690119], [-75.6126146851727, 6.18101439732389], [-75.61262051381908, 6.181026060912504], [-75.61262315764587, 6.181031351146896], [-75.61267623793022, 6.181012131036611], [-75.61269202998515, 6.180790585050624], [-75.61267035890593, 6.180736085292134], [-75.61262879484745, 6.180631568409817], [-75.61254235220173, 6.1804141964617205], [-75.61266093144687, 6.18028645788523], [-75.6127710419131, 6.18019037150825], [-75.61288679634694, 6.180062634155595], [-75.61294492234282, 6.179581108425146], [-75.61307480799921, 6.179609355530502], [-75.61317758669982, 6.179630824325139], [-75.61332723537923, 6.179659068204541], [-75.61350342501431, 6.179650011887947], [-75.613655890988, 6.179605916815684], [-75.61372590907939, 6.179529049011011], [-75.61379987725279, 6.1794352241706845], [-75.61388345053452, 6.179388872317097], [-75.61393878848752, 6.179342524620124], [-75.61397603368455, 6.179045244894908], [-75.61383595515831, 6.178663203528305], [-75.61378173087598, 6.178526437824453], [-75.61368402037945, 6.178333158720799], [-75.61362810876383, 6.178267605227808], [-75.61358180232602, 6.178258566265328], [-75.61350782494667, 6.178239357031872], [-75.61345191488016, 6.178203190958788], [-75.61339656394028, 6.17806303322447], [-75.61339654760809, 6.1778867022108495], [-75.61339370258904, 6.177618814401954], [-75.61338182725162, 6.177408572429728], [-75.61334340440966, 6.177128253242636], [-75.6134021309833, 6.177109031694643], [-75.61353653069594, 6.177104499841698], [-75.61360259276512, 6.176993722156931], [-75.61353707842306, 6.176898778611091], [-75.61372228946726, 6.176745040016782], [-75.61380586622514, 6.1767642473174185], [-75.61389396283064, 6.1767879771034835], [-75.61396793485996, 6.176754060072061], [-75.61400294053685, 6.176659109701566], [-75.6140108416989, 6.176609375458737], [-75.61398486100587, 6.1765596414383594], [-75.61387868521349, 6.176430792080443], [-75.61397806746092, 6.176370877700014], [-75.61412375479836, 6.176278178578487], [-75.61435641002176, 6.176254421445706], [-75.61441513900735, 6.176241982101576], [-75.61457042991337, 6.176209190357605], [-75.61461446572335, 6.1760724152902124], [-75.61481039904159, 6.175859895992629], [-75.6148363775377, 6.175890414135048], [-75.61485614336952, 6.175892672926236], [-75.6149058224037, 6.175718595664227], [-75.6152045530979, 6.175740047322845], [-75.61539880089828, 6.175625867376012], [-75.61563426127296, 6.1753907382859525], [-75.61565571687849, 6.175351174107329]]]}, "properties": {"OBJECTID": 17, "CODIGO_BAR": "50", "IDEM.Barrios_5.AREA": 165974.163987, "PERIMETRO": 2463.46081379, "NMG": "El Rosario", "MUNICIPIO": "360", "SE_ANNO_CAD_DATA": null, "SHAPE.AREA": 0, "SHAPE.LEN": 0, "nombre_barrio_estandarizado": "El Rosario", "municipio_estandarizado": "itagui"}}, {"type": "Feature", "geometry": {"type": "Polygon", "coordinates": [[[-75.62026010994848, 6.173293547067218], [-75.61992067249027, 6.172732933520142], [-75.61984442495812, 6.172607473117179], [-75.61995755225759, 6.1725246142184], [-75.62000648282664, 6.172488773269862], [-75.61998897168036, 6.1724254759838], [-75.61999347913171, 6.172320357029982], [-75.61987431950178, 6.172236721711564], [-75.61972184022528, 6.172129356139058], [-75.61963598433113, 6.171913470213441], [-75.61955013896272, 6.171784619708273], [-75.61942081852708, 6.171741678891784], [-75.61935644316203, 6.171741684786504], [-75.61933204707742, 6.171729481652316], [-75.61931352339423, 6.171720214018575], [-75.61918757576659, 6.171508852988956], [-75.6190486437827, 6.171317840157798], [-75.61901193276996, 6.1712681086469585], [-75.61884873142426, 6.171243256426493], [-75.61866068411679, 6.171215015949683], [-75.6184410203206, 6.171243293633287], [-75.61843085550038, 6.171244425806856], [-75.61837043983452, 6.171317902151343], [-75.61829872650632, 6.17136877383491], [-75.61811295275228, 6.17149538737548], [-75.6178549069887, 6.171732781903901], [-75.61764147186902, 6.171976953462636], [-75.61749895418, 6.172057482137908], [-75.61747941193553, 6.172068525532194], [-75.61740600440956, 6.172109223982433], [-75.6169407165622, 6.172373763296434], [-75.61674421209847, 6.172512812330216], [-75.61637886522927, 6.172666569895149], [-75.61629247131242, 6.172729875781235], [-75.61619930237995, 6.172807876131254], [-75.61660652872217, 6.1736781960540235], [-75.61646931208891, 6.1737392477649085], [-75.61648569107949, 6.173778807547144], [-75.61638066097443, 6.17382855205762], [-75.61645464940968, 6.173973227485445], [-75.61653609271201, 6.174135139195435], [-75.61654050056885, 6.174143900461037], [-75.61673023206909, 6.174055718062758], [-75.61694520371626, 6.1745493631669985], [-75.61695611300843, 6.174574540908514], [-75.61695615987325, 6.174574518980489], [-75.61704537024532, 6.174455826258441], [-75.61709787775558, 6.174328095425762], [-75.61729211254422, 6.174081664811217], [-75.61774890520525, 6.173523238569951], [-75.61791152478003, 6.173357065025624], [-75.61808770559523, 6.173289228895584], [-75.6179052711673, 6.172904932200835], [-75.61804869767398, 6.172829187680275], [-75.61824746883394, 6.172780564681632], [-75.61868340782198, 6.172681054705053], [-75.61841860346803, 6.173116257610508], [-75.61845305888738, 6.173210072213672], [-75.61857560254653, 6.1732484918547526], [-75.61910133865779, 6.173249574294738], [-75.62026010994848, 6.173293547067218]]]}, "properties": {"OBJECTID": 18, "CODIGO_BAR": "48", "IDEM.Barrios_5.AREA": 73066.8131658, "PERIMETRO": 1530.23781692, "NMG": "Santa Mar¡a La Nueva", "MUNICIPIO": "360", "SE_ANNO_CAD_DATA": null, "SHAPE.AREA": 0, "SHAPE.LEN": 0, "nombre_barrio_estandarizado": "Santa Mar¡a La Nueva", "municipio_estandarizado": "itagui"}}, {"type": "Feature", "geometry": {"type": "Polygon", "coordinates": [[[-75.61695611300843, 6.174574540908514], [-75.61694520371626, 6.1745493631669985], [-75.61673023206909, 6.174055718062758], [-75.61654050056885, 6.174143900461037], [-75.61653609271201, 6.174135139195435], [-75.61645464940968, 6.173973227485445], [-75.61638066097443, 6.17382855205762], [-75.61648569107949, 6.173778807547144], [-75.61646931208891, 6.1737392477649085], [-75.61660652872217, 6.1736781960540235], [-75.61619930237995, 6.172807876131254], [-75.61564311440875, 6.173289447749884], [-75.61518122914539, 6.17376422897114], [-75.61516146786771, 6.17380153006134], [-75.61510726598715, 6.173904393952563], [-75.61488478594, 6.174063791578014], [-75.61493723155344, 6.174151367870437], [-75.61565571687849, 6.175351174107329], [-75.61577993183889, 6.175127357719707], [-75.61637623399243, 6.174843589843859], [-75.61695611300843, 6.174574540908514]]]}, "properties": {"OBJECTID": 19, "CODIGO_BAR": "49", "IDEM.Barrios_5.AREA": 32134.2611125, "PERIMETRO": 805.93505804, "NMG": "La Uni¢n", "MUNICIPIO": "360", "SE_ANNO_CAD_DATA": null, "SHAPE.AREA": 0, "SHAPE.LEN": 0, "nombre_barrio_estandarizado": "La Uni¢n", "municipio_estandarizado": "itagui"}}, {"type": "Feature", "geometry": {"type": "Polygon", "coordinates": [[[-75.60778999118685, 6.175708985851482], [-75.60771667772512, 6.175578636296858], [-75.60771022145882, 6.175567156473706], [-75.60726870415401, 6.174782151001227], [-75.60726588069708, 6.174776498149635], [-75.60658600089857, 6.175087388918278], [-75.60623194322169, 6.175245658881708], [-75.60511781753114, 6.175743081805896], [-75.60502393261511, 6.175784047614025], [-75.6039285845341, 6.176261982877956], [-75.60378177462577, 6.176475626424355], [-75.60315839799887, 6.1773788014131545], [-75.6032199525868, 6.177404795789841], [-75.60339671310561, 6.1775019928828625], [-75.60364180115792, 6.177621793314225], [-75.60377440669436, 6.177388264604973], [-75.60386709436848, 6.177225031145739], [-75.60432336249347, 6.177026062750409], [-75.60546967616516, 6.176459689097619], [-75.60563004477818, 6.176354558421958], [-75.60587285964762, 6.176244898428873], [-75.60623199998678, 6.176075324328562], [-75.60624047004724, 6.176070802255362], [-75.60637655740871, 6.175989410141218], [-75.60653297544604, 6.175903492041738], [-75.60672665344104, 6.175685324197692], [-75.6070728081818, 6.175566615694086], [-75.60731958596628, 6.175601639041615], [-75.6075765993661, 6.175660289582439], [-75.60778999118685, 6.175708985851482]]]}, "properties": {"OBJECTID": 20, "CODIGO_BAR": "28", "IDEM.Barrios_5.AREA": 43023.8869204, "PERIMETRO": 1266.34891538, "NMG": "Artex", "MUNICIPIO": "360", "SE_ANNO_CAD_DATA": null, "SHAPE.AREA": 0, "SHAPE.LEN": 0, "nombre_barrio_estandarizado": "Artex", "municipio_estandarizado": "itagui"}}, {"type": "Feature", "geometry": {"type": "Polygon", "coordinates": [[[-75.6083242629242, 6.168811655959371], [-75.60821526248236, 6.16861159479264], [-75.60787696483219, 6.1679910669114895], [-75.60740650749595, 6.16706309670161], [-75.60634701895901, 6.165305503522879], [-75.60623123960461, 6.165069272889921], [-75.60589351318569, 6.164469088660034], [-75.60548339550041, 6.163757655149845], [-75.60548236969682, 6.16375587734281], [-75.60514355151363, 6.163701643661758], [-75.60444336346505, 6.164127826759996], [-75.604438281309, 6.164136867887783], [-75.60416950747432, 6.164448857984131], [-75.60415033135413, 6.16480152438333], [-75.60416558404047, 6.16488968791236], [-75.60416163681681, 6.164966550407417], [-75.60412380581622, 6.1650151582169315], [-75.60396459804868, 6.165563379607889], [-75.6039041896856, 6.165781538544076], [-75.60374668933656, 6.166533220742432], [-75.6036241901114, 6.167163954523901], [-75.60358241716806, 6.1673832420189925], [-75.60398507058976, 6.167796918224979], [-75.6040607589357, 6.1680907991940925], [-75.60399640595944, 6.168432163327297], [-75.60411781878719, 6.168461543907053], [-75.60374290426017, 6.1691386381086435], [-75.60334025549135, 6.168845906734977], [-75.60328888849939, 6.169148839669806], [-75.6033346291985, 6.169162401244974], [-75.60359836412411, 6.169506005930728], [-75.60343452640241, 6.1696828549795555], [-75.60336064309185, 6.1697626072367795], [-75.60319630333325, 6.169547852633906], [-75.60314605438103, 6.169702713345359], [-75.60309637452174, 6.169909567067549], [-75.6030737866875, 6.1699265230715135], [-75.60299417565847, 6.170096077498635], [-75.60287278022237, 6.170323281806007], [-75.60277284211409, 6.17053918156994], [-75.6027863959075, 6.170564048643592], [-75.60277566852297, 6.17060022142796], [-75.60286320252412, 6.170677076890969], [-75.60291063987347, 6.170722287078918], [-75.6021912474114, 6.171244546299164], [-75.60038823725698, 6.172508367963551], [-75.59887207693755, 6.173600355244887], [-75.59751119649366, 6.174565733516197], [-75.5968104275224, 6.175073289832469], [-75.59641219816885, 6.175366054144495], [-75.59633670966444, 6.17542155135545], [-75.59602777780462, 6.175648666873609], [-75.59600120584967, 6.175666570701862], [-75.59598267981112, 6.175680194236977], [-75.59685848058706, 6.176125624731199], [-75.59696521296262, 6.176190048568749], [-75.5982697189147, 6.176916784593979], [-75.59841711273911, 6.177006072914866], [-75.59854530516837, 6.177082929087196], [-75.59945733268466, 6.17760622041103], [-75.5997012939826, 6.177744109065297], [-75.6006793978242, 6.1783092174776435], [-75.60100580923711, 6.178511528304369], [-75.60180771985723, 6.178962483388575], [-75.60147682461151, 6.1793411630591475], [-75.60168803265401, 6.179485832885596], [-75.60170669050564, 6.179850930132226], [-75.60163159121734, 6.179954924200196], [-75.60210538883027, 6.1800781030546865], [-75.60211103558379, 6.180078100719174], [-75.6021189425052, 6.180078101781703], [-75.60220590691509, 6.180079226429946], [-75.60225898873131, 6.180058877150697], [-75.60241167354212, 6.180088987191844], [-75.60245381421831, 6.180097296261176], [-75.60245435625214, 6.180095270297313], [-75.602459619276, 6.180075537598052], [-75.60248034941621, 6.179997825257319], [-75.60274124469393, 6.179995547643653], [-75.60288976554676, 6.180029449717133], [-75.60308967390802, 6.180047521096284], [-75.60337880605381, 6.180068979516961], [-75.60350858322074, 6.18006199716501], [-75.60354708686144, 6.180059927159498], [-75.60372045011137, 6.180026005116817], [-75.60378028791557, 6.179688031162945], [-75.60417331453343, 6.179536541658465], [-75.60450423469942, 6.1795512131770405], [-75.6048419304884, 6.17957266885393], [-75.60504656918464, 6.179611226956185], [-75.60509379391915, 6.179620125660179], [-75.60521065844019, 6.179182678013769], [-75.60528292400144, 6.178914784641437], [-75.60523774374902, 6.178859401367811], [-75.60528968487746, 6.178679675643827], [-75.60548393534503, 6.178556455505669], [-75.60568836150055, 6.178585830118235], [-75.60573833561507, 6.178602244399428], [-75.60583631682852, 6.178634424425452], [-75.60589560382476, 6.1785292998604495], [-75.60598707462682, 6.1783597437138855], [-75.60536982528214, 6.177984515364645], [-75.60497398101721, 6.17819139225227], [-75.60440649939764, 6.177985697265968], [-75.60438159009982, 6.177976668314914], [-75.60398572229371, 6.17783992426337], [-75.60397217009344, 6.177854619392038], [-75.60390386161188, 6.1778270417456], [-75.60377621169444, 6.177775509403801], [-75.60380613574009, 6.177702035573832], [-75.60364180115792, 6.177621793314225], [-75.60339671310561, 6.1775019928828625], [-75.6032199525868, 6.177404795789841], [-75.60315839799887, 6.1773788014131545], [-75.60378177462577, 6.176475626424355], [-75.6039285845341, 6.176261982877956], [-75.60442683080298, 6.175620044068298], [-75.604923507746, 6.1749801218044595], [-75.60512621499991, 6.174645529431474], [-75.60541076832699, 6.173821496651564], [-75.6054423847752, 6.17373671918704], [-75.60549828115464, 6.173598815468137], [-75.60552255985797, 6.1735422971540235], [-75.60556151945316, 6.1734484764980095], [-75.6056196762134, 6.173361436354466], [-75.60527970556994, 6.173032533250671], [-75.60498716320804, 6.172633545566883], [-75.60465114564317, 6.172326116583825], [-75.6048425652294, 6.172112472888342], [-75.6050153519309, 6.171948562821295], [-75.60511585973875, 6.171828740022185], [-75.60544221786786, 6.1712646813841], [-75.60545181646413, 6.1712443344367225], [-75.60568781750486, 6.170589856691787], [-75.60597464135574, 6.169971545209878], [-75.60623157150646, 6.169869797373501], [-75.60665395308924, 6.169701348093807], [-75.60746257786747, 6.169382535441652], [-75.60750944461394, 6.169354275274882], [-75.60778105247333, 6.169192618467031], [-75.6083242629242, 6.168811655959371]]]}, "properties": {"OBJECTID": 21, "CODIGO_BAR": "02", "IDEM.Barrios_5.AREA": 862177.701993, "PERIMETRO": 5841.69039847, "NMG": "Zona Industrial No. 1", "MUNICIPIO": "360", "SE_ANNO_CAD_DATA": null, "SHAPE.AREA": 0, "SHAPE.LEN": 0, "nombre_barrio_estandarizado": "Zona Industrial No. 1", "municipio_estandarizado": "itagui"}}, {"type": "Feature", "geometry": {"type": "Polygon", "coordinates": [[[-75.60726588069708, 6.174776498149635], [-75.6072234776127, 6.174694894266785], [-75.6062650942779, 6.172850481562498], [-75.60623177913652, 6.1728629183882795], [-75.60601324540471, 6.1729465790967515], [-75.6056196762134, 6.173361436354466], [-75.60556151945316, 6.1734484764980095], [-75.60552255985797, 6.1735422971540235], [-75.60549917878886, 6.17359672809814], [-75.60549828115464, 6.173598815468137], [-75.6054423847752, 6.17373671918704], [-75.60541076832699, 6.173821496651564], [-75.60512621499991, 6.174645529431474], [-75.604923507746, 6.1749801218044595], [-75.60442683080298, 6.175620044068298], [-75.6039285845341, 6.176261982877956], [-75.60502393261511, 6.175784047614025], [-75.60511781753114, 6.175743081805896], [-75.60623194322169, 6.175245658881708], [-75.60658600089857, 6.175087388918278], [-75.60726588069708, 6.174776498149635]]]}, "properties": {"OBJECTID": 22, "CODIGO_BAR": "27", "IDEM.Barrios_5.AREA": 50626.0939916, "PERIMETRO": 1112.69326645, "NMG": "Villa Paula", "MUNICIPIO": "360", "SE_ANNO_CAD_DATA": null, "SHAPE.AREA": 0, "SHAPE.LEN": 0, "nombre_barrio_estandarizado": "Villa Paula", "municipio_estandarizado": "itagui"}}, {"type": "Feature", "geometry": {"type": "Polygon", "coordinates": [[[-75.60890614877928, 6.172168701078331], [-75.6085232258674, 6.171417058214753], [-75.60843794460995, 6.171244123329187], [-75.60791439147559, 6.170185040109804], [-75.60750944461394, 6.169354275274882], [-75.60750142964783, 6.169359109706462], [-75.60746257786747, 6.169382535441652], [-75.60665395308924, 6.169701348093807], [-75.60623157150646, 6.169869797373501], [-75.60597464135574, 6.169971545209878], [-75.60568781750486, 6.170589856691787], [-75.60545181646413, 6.1712443344367225], [-75.60544221786786, 6.1712646813841], [-75.60511585973875, 6.171828740022185], [-75.6050153519309, 6.171948562821295], [-75.6048425652294, 6.172112472888342], [-75.60465114564317, 6.172326116583825], [-75.60498716320804, 6.172633545566883], [-75.60527970556994, 6.173032533250671], [-75.6056196762134, 6.173361436354466], [-75.60601324540471, 6.1729465790967515], [-75.60623177913652, 6.1728629183882795], [-75.6062650942779, 6.172850481562498], [-75.60626699104166, 6.1728541319374095], [-75.60633140784428, 6.172838055759482], [-75.60659092395385, 6.172789422076096], [-75.60707147668283, 6.172714785508541], [-75.60779824353192, 6.172666129814966], [-75.60890614877928, 6.172168701078331]]]}, "properties": {"OBJECTID": 23, "CODIGO_BAR": "26", "IDEM.Barrios_5.AREA": 113168.882897, "PERIMETRO": 1389.36437491, "NMG": "Los Naranjos", "MUNICIPIO": "360", "SE_ANNO_CAD_DATA": null, "SHAPE.AREA": 0, "SHAPE.LEN": 0, "nombre_barrio_estandarizado": "Los Naranjos", "municipio_estandarizado": "itagui"}}, {"type": "Feature", "geometry": {"type": "Polygon", "coordinates": [[[-75.61496008487809, 6.16309842371125], [-75.61452691996571, 6.162536685629577], [-75.61438007233515, 6.162200989088945], [-75.61386728422416, 6.161595173225373], [-75.61306591177828, 6.160612980253995], [-75.61243300086194, 6.1599249355204675], [-75.61216675695198, 6.160089288953064], [-75.61139047792308, 6.160566773938545], [-75.61076657698892, 6.160962869448515], [-75.61016312925828, 6.161316094017782], [-75.60961081823858, 6.161618130076547], [-75.60910452795113, 6.161817789189869], [-75.60795897342385, 6.162181290732847], [-75.60760610537018, 6.162355346164649], [-75.60666823906297, 6.162629512015769], [-75.60562694283696, 6.1628878105889795], [-75.60514826287395, 6.163170262274898], [-75.60516597161829, 6.163179950488284], [-75.60543290181742, 6.163669272600193], [-75.60547993156565, 6.1637554860509915], [-75.60548236969682, 6.16375587734281], [-75.60548339550041, 6.163757655149845], [-75.60589351318569, 6.164469088660034], [-75.60623123960461, 6.165069272889921], [-75.60634701895901, 6.165305503522879], [-75.60740650749595, 6.16706309670161], [-75.60787696483219, 6.1679910669114895], [-75.60812872553224, 6.168452862324354], [-75.60819180982513, 6.168568578479221], [-75.60821526248236, 6.16861159479264], [-75.60832085561053, 6.168539246677489], [-75.60844563465841, 6.168302997662942], [-75.60862802450056, 6.168201252747606], [-75.60886123905239, 6.168126633887921], [-75.60884542291203, 6.168070119556673], [-75.60947614654259, 6.167528643145449], [-75.60943830814142, 6.1674585636811585], [-75.60966473756667, 6.167302562272727], [-75.60991376253331, 6.167223419496591], [-75.6104761644831, 6.166797239390573], [-75.6104925446012, 6.166837931524725], [-75.61093525204868, 6.166677388955202], [-75.61113119511192, 6.166606162567148], [-75.61120460312475, 6.166576767707264], [-75.61122098271147, 6.166611808494196], [-75.61130173088333, 6.16658128281069], [-75.61128478627805, 6.166532679311181], [-75.61135593452951, 6.166506675814958], [-75.6113491577989, 6.166487461511984], [-75.6115761478264, 6.166259114621779], [-75.6119279198563, 6.165872513245141], [-75.61198043228273, 6.165823904575827], [-75.61182118624802, 6.165802440993155], [-75.61194370338748, 6.1655232384037495], [-75.61215429914556, 6.165092565583452], [-75.6124236455971, 6.164930905400335], [-75.61248744850744, 6.16485743024464], [-75.61295048833748, 6.16476696512714], [-75.61302615691997, 6.16474661236306], [-75.61315262983547, 6.16454766493148], [-75.61321699649528, 6.164441406557304], [-75.61326160757974, 6.16443801265874], [-75.61327854500233, 6.164407491578623], [-75.61339373531573, 6.1643125351097625], [-75.61345811032967, 6.164323831102615], [-75.61347715169855, 6.164271764017172], [-75.61350440516897, 6.164197230461778], [-75.61354674728793, 6.1640808036506884], [-75.61368508689915, 6.163964366987255], [-75.61369581635047, 6.1639734101275225], [-75.61373647022742, 6.163928192881237], [-75.61379462968063, 6.163861496917895], [-75.61394991475457, 6.163811750263869], [-75.61395217207806, 6.163802707603351], [-75.61406284840999, 6.163769918499211], [-75.61410180878575, 6.163726963380815], [-75.61420457307386, 6.163598095866159], [-75.61418762843253, 6.163575491555139], [-75.61424974093143, 6.163529142000746], [-75.61432597701443, 6.163557393274833], [-75.61440012598884, 6.163500719022917], [-75.61458628308426, 6.16335843284486], [-75.61465573502602, 6.163305301141877], [-75.61496008487809, 6.16309842371125]]]}, "properties": {"OBJECTID": 24, "CODIGO_BAR": "03", "IDEM.Barrios_5.AREA": 502279.339359, "PERIMETRO": 3104.28350518, "NMG": "Zona Industrial No. 2", "MUNICIPIO": "360", "SE_ANNO_CAD_DATA": null, "SHAPE.AREA": 0, "SHAPE.LEN": 0, "nombre_barrio_estandarizado": "Zona Industrial No. 2", "municipio_estandarizado": "itagui"}}, {"type": "Feature", "geometry": {"type": "Polygon", "coordinates": [[[-75.60547993156565, 6.1637554860509915], [-75.60543290181742, 6.163669272600193], [-75.60516597161829, 6.163179950488284], [-75.60514826287395, 6.163170262274898], [-75.60514111121319, 6.163174482174647], [-75.60451209517097, 6.163645428342291], [-75.60411320915692, 6.164003752334165], [-75.60362227459588, 6.164474686830329], [-75.60337171032374, 6.165001911974565], [-75.60327456700419, 6.165426756348575], [-75.60319276952684, 6.165918141270298], [-75.60292277173191, 6.167257877339542], [-75.60268381912829, 6.168576135895536], [-75.60247187514327, 6.16936807555679], [-75.60221108729885, 6.170028380987621], [-75.6020218812666, 6.1703866897116795], [-75.60183778554479, 6.1706938121078885], [-75.60162811375334, 6.170929278113503], [-75.60143378211777, 6.171118674497019], [-75.60112693632544, 6.171302960437466], [-75.60051324631728, 6.1717636632980435], [-75.60000184914193, 6.17231649367432], [-75.59952174449371, 6.172665532355816], [-75.59948239778666, 6.172694136888325], [-75.59903017048177, 6.17302290639071], [-75.59869571924202, 6.173254940494627], [-75.59846761839616, 6.173411945841894], [-75.59814031308775, 6.173637177899758], [-75.59760925491067, 6.174054171706005], [-75.59691191578307, 6.1745241440925], [-75.59656151569412, 6.174784129914055], [-75.5960793170889, 6.175085829319477], [-75.59558755391102, 6.175479232153007], [-75.59598267981112, 6.175680194236977], [-75.59600120584967, 6.175666570701862], [-75.59602777780462, 6.175648666873609], [-75.59633670966444, 6.17542155135545], [-75.59641219816885, 6.175366054144495], [-75.5968104275224, 6.175073289832469], [-75.59751119649366, 6.174565733516197], [-75.59887207693755, 6.173600355244887], [-75.60038823725698, 6.172508367963551], [-75.6021912474114, 6.171244546299164], [-75.60291063987347, 6.170722287078918], [-75.60286320252412, 6.170677076890969], [-75.60277566852297, 6.17060022142796], [-75.6027863959075, 6.170564048643592], [-75.60277284211409, 6.17053918156994], [-75.60287278022237, 6.170323281806007], [-75.60299417565847, 6.170096077498635], [-75.6030737866875, 6.1699265230715135], [-75.60309637452174, 6.169909567067549], [-75.60314605438103, 6.169702713345359], [-75.60319630333325, 6.169547852633906], [-75.60336064309185, 6.1697626072367795], [-75.60343452640241, 6.1696828549795555], [-75.60359836412411, 6.169506005930728], [-75.6033346291985, 6.169162401244974], [-75.60328888849939, 6.169148839669806], [-75.60334025549135, 6.168845906734977], [-75.60374290426017, 6.1691386381086435], [-75.60411781878719, 6.168461543907053], [-75.60399640595944, 6.168432163327297], [-75.6040607589357, 6.1680907991940925], [-75.60398507058976, 6.167796918224979], [-75.60358241716806, 6.1673832420189925], [-75.6036241901114, 6.167163954523901], [-75.60374668933656, 6.166533220742432], [-75.6039041896856, 6.165781538544076], [-75.60396459804868, 6.165563379607889], [-75.60412380581622, 6.1650151582169315], [-75.60416163681681, 6.164966550407417], [-75.60416558404047, 6.16488968791236], [-75.60415033135413, 6.16480152438333], [-75.60416950747432, 6.164448857984131], [-75.604438281309, 6.164136867887783], [-75.60444336346505, 6.164127826759996], [-75.60514355151363, 6.163701643661758], [-75.60547993156565, 6.1637554860509915]]]}, "properties": {"OBJECTID": 25, "CODIGO_BAR": "01", "IDEM.Barrios_5.AREA": 119810.703078, "PERIMETRO": 3985.61846241, "NMG": "La Santa Cruz", "MUNICIPIO": "360", "SE_ANNO_CAD_DATA": null, "SHAPE.AREA": 0, "SHAPE.LEN": 0, "nombre_barrio_estandarizado": "La Santa Cruz", "municipio_estandarizado": "itagui"}}, {"type": "Feature", "geometry": {"type": "Polygon", "coordinates": [[[-75.61275925654544, 6.174155525956411], [-75.61274061355415, 6.17406170976979], [-75.61244634029856, 6.17326145967325], [-75.61222831383499, 6.1726228374660685], [-75.61173579358423, 6.1713467308006855], [-75.61195771209893, 6.171243853064414], [-75.61257942167506, 6.17095556832759], [-75.61251237145308, 6.170782888660947], [-75.61231565363343, 6.170276259623964], [-75.6122083366885, 6.16996881703005], [-75.61218461394765, 6.169908912660921], [-75.61211175329088, 6.169732585420776], [-75.6119191546101, 6.169264643185776], [-75.61178925007717, 6.1689481611064965], [-75.61174183367068, 6.168970713266033], [-75.61106266112814, 6.1692937374405865], [-75.61098903010658, 6.169328755909415], [-75.6109837823425, 6.169331253361535], [-75.61098345791008, 6.169331408643799], [-75.61083754831525, 6.168959825919385], [-75.61082348177743, 6.168924002631722], [-75.61067676846385, 6.168550370575664], [-75.6101758999731, 6.168785520150631], [-75.61012774397956, 6.1686850460986005], [-75.61006007409311, 6.168543854579168], [-75.60996354048677, 6.168342445513003], [-75.60990085062248, 6.168232806719482], [-75.60958066785766, 6.16823057093047], [-75.60884542291203, 6.168070119556673], [-75.60886123905239, 6.168126633887921], [-75.60862802450056, 6.168201252747606], [-75.60844563465841, 6.168302997662942], [-75.60832085561053, 6.168539246677489], [-75.60821526248236, 6.16861159479264], [-75.6083242629242, 6.168811655959371], [-75.60778105247333, 6.169192618467031], [-75.60750944461394, 6.169354275274882], [-75.60791439147559, 6.170185040109804], [-75.60843794460995, 6.171244123329187], [-75.6085232258674, 6.171417058214753], [-75.60890614877928, 6.172168701078331], [-75.60779824353192, 6.172666129814966], [-75.60707147668283, 6.172714785508541], [-75.60659092395385, 6.172789422076096], [-75.60633140784428, 6.172838055759482], [-75.60626699104166, 6.1728541319374095], [-75.6072234776127, 6.174694894266785], [-75.60726588069708, 6.174776498149635], [-75.60726870415401, 6.174782151001227], [-75.60771022145882, 6.175567156473706], [-75.60771667772512, 6.175578636296858], [-75.60778999118685, 6.175708985851482], [-75.60805314902034, 6.175789220408301], [-75.60812882180034, 6.17580956053313], [-75.60826322412998, 6.175845722149173], [-75.60839870311727, 6.175825046125332], [-75.60856703046163, 6.175799355912219], [-75.60931749817696, 6.17548845811203], [-75.60963991929447, 6.175151594355346], [-75.60971276173775, 6.1750928126030775], [-75.60980761997465, 6.174956034877984], [-75.60991377324245, 6.174801170148986], [-75.60997418926323, 6.174714130432382], [-75.61027515698824, 6.174476736795467], [-75.61044738623768, 6.174390819948232], [-75.61137745068788, 6.1743907468653605], [-75.61220700035307, 6.174442674822734], [-75.61222336404578, 6.17426747191611], [-75.61223804191087, 6.1742154767485475], [-75.61232895827278, 6.174214339543402], [-75.61234533294677, 6.174182688322094], [-75.61272481291215, 6.1741883083184765], [-75.61275473985928, 6.174171350263197], [-75.61275925654544, 6.174155525956411]]]}, "properties": {"OBJECTID": 26, "CODIGO_BAR": "24", "IDEM.Barrios_5.AREA": 355296.33606, "PERIMETRO": 2994.00557382, "NMG": "Centro", "MUNICIPIO": "360", "SE_ANNO_CAD_DATA": null, "SHAPE.AREA": 0, "SHAPE.LEN": 0, "nombre_barrio_estandarizado": "Centro", "municipio_estandarizado": "itagui"}}, {"type": "Feature", "geometry": {"type": "Polygon", "coordinates": [[[-75.61178925007717, 6.1689481611064965], [-75.6115876124158, 6.168423702781808], [-75.61149441916632, 6.168197642993012], [-75.61111937936654, 6.1671430712198045], [-75.61107927941912, 6.167050387863653], [-75.61102223419917, 6.166920403605467], [-75.61093525204868, 6.166677388955202], [-75.6104925446012, 6.166837931524725], [-75.6104761644831, 6.166797239390573], [-75.60991376253331, 6.167223419496591], [-75.60966473756667, 6.167302562272727], [-75.60943830814142, 6.1674585636811585], [-75.60947614654259, 6.167528643145449], [-75.60884542291203, 6.168070119556673], [-75.60958066785766, 6.16823057093047], [-75.60990085062248, 6.168232806719482], [-75.60996354048677, 6.168342445513003], [-75.61006007409311, 6.168543854579168], [-75.61012774397956, 6.1686850460986005], [-75.6101758999731, 6.168785520150631], [-75.61067676846385, 6.168550370575664], [-75.61082348177743, 6.168924002631722], [-75.61083754831525, 6.168959825919385], [-75.61098345791008, 6.169331408643799], [-75.6109837823425, 6.169331253361535], [-75.61098903010658, 6.169328755909415], [-75.61106266112814, 6.1692937374405865], [-75.61174183367068, 6.168970713266033], [-75.61178925007717, 6.1689481611064965]]]}, "properties": {"OBJECTID": 27, "CODIGO_BAR": "25", "IDEM.Barrios_5.AREA": 43770.5585805, "PERIMETRO": 1003.37558466, "NMG": "Asturias", "MUNICIPIO": "360", "SE_ANNO_CAD_DATA": null, "SHAPE.AREA": 0, "SHAPE.LEN": 0, "nombre_barrio_estandarizado": "Asturias", "municipio_estandarizado": "itagui"}}, {"type": "Feature", "geometry": {"type": "Polygon", "coordinates": [[[-75.61516146786771, 6.17380153006134], [-75.61484409414223, 6.1736625267209275], [-75.61495420033154, 6.173549483143346], [-75.61487174571212, 6.173446630137125], [-75.61480736674261, 6.173418378228204], [-75.61471136033961, 6.1733211779835635], [-75.61468311896158, 6.173239795721171], [-75.61463116659603, 6.173248842155658], [-75.6145707299116, 6.173100773576855], [-75.61451085817038, 6.172931228919343], [-75.61480110411604, 6.172805737178738], [-75.61466836515537, 6.172405611665622], [-75.61472257474533, 6.172379609337539], [-75.61467229727828, 6.172161459463865], [-75.61465591744167, 6.172128680919365], [-75.61446671021463, 6.171721778296718], [-75.6142419255729, 6.171316007659134], [-75.61420013126035, 6.171243670112438], [-75.61415268923086, 6.171161158861472], [-75.61419616504824, 6.171088813782975], [-75.6140973271866, 6.170889883929846], [-75.61418485212471, 6.170850313533871], [-75.61407075719505, 6.170549656650525], [-75.6140058016871, 6.170365417665292], [-75.61328640059301, 6.170643537823713], [-75.6128967709782, 6.170807468914354], [-75.61258365396961, 6.170953594773736], [-75.61257942167506, 6.17095556832759], [-75.61246654611053, 6.171007908096999], [-75.61238109698753, 6.1710475322719995], [-75.61195771209893, 6.171243853064414], [-75.61173579358423, 6.1713467308006855], [-75.61222831383499, 6.1726228374660685], [-75.61244634029856, 6.17326145967325], [-75.61274061355415, 6.17406170976979], [-75.61275925654544, 6.174155525956411], [-75.61275473985928, 6.174171350263197], [-75.61272481291215, 6.1741883083184765], [-75.61234533294677, 6.174182688322094], [-75.61232895827278, 6.174214339543402], [-75.61223804191087, 6.1742154767485475], [-75.61222336404578, 6.17426747191611], [-75.61220700035307, 6.174442674822734], [-75.61277565893724, 6.174477669785998], [-75.61322234313612, 6.17452284555858], [-75.6136379647532, 6.174543158151947], [-75.6136652380406, 6.174543023228414], [-75.61369949924881, 6.174542854868692], [-75.61387231559934, 6.174542007422917], [-75.61443135161471, 6.174304590636534], [-75.61471594774609, 6.174145188819909], [-75.61487801065608, 6.174068312646894], [-75.61488478594, 6.174063791578014], [-75.61502607129982, 6.173962568076274], [-75.61510726598715, 6.173904393952563], [-75.61516146786771, 6.17380153006134]]]}, "properties": {"OBJECTID": 28, "CODIGO_BAR": "33", "IDEM.Barrios_5.AREA": 108100.980482, "PERIMETRO": 1529.31206982, "NMG": "Playa Rica", "MUNICIPIO": "360", "SE_ANNO_CAD_DATA": null, "SHAPE.AREA": 0, "SHAPE.LEN": 0, "nombre_barrio_estandarizado": "Playa Rica", "municipio_estandarizado": "itagui"}}, {"type": "Feature", "geometry": {"type": "Polygon", "coordinates": [[[-75.61894289337388, 6.169707125987305], [-75.61891520793061, 6.169537576661161], [-75.61879715253052, 6.169178142167366], [-75.61868419146431, 6.168938522792021], [-75.6186214977625, 6.168808539975977], [-75.61850176447098, 6.1686050908614], [-75.61847465452125, 6.168558750125671], [-75.61816353117871, 6.168816495233931], [-75.61806246320947, 6.168953275639556], [-75.61800458731004, 6.169022992042366], [-75.61795457067731, 6.169083243164873], [-75.61792920944497, 6.169113794013593], [-75.61790662263616, 6.169140923817448], [-75.61782588427255, 6.1692765718158835], [-75.61766326148292, 6.16938509748281], [-75.6173792291724, 6.169507200606577], [-75.617318405451, 6.16950474590712], [-75.61727039137982, 6.169502807720577], [-75.61726741980652, 6.169502687626267], [-75.61725896566456, 6.169700496871499], [-75.61721266628173, 6.169753627410241], [-75.61705683855568, 6.170074656027542], [-75.61699078099177, 6.170206911246074], [-75.61687899300114, 6.170455594718712], [-75.61681067785612, 6.170610455330386], [-75.61685361423902, 6.170826346298012], [-75.61692196368169, 6.171067100509788], [-75.61700611922224, 6.171243424136301], [-75.61706259964448, 6.171360974360621], [-75.61735350182728, 6.171854788649043], [-75.61742733900503, 6.171980127759139], [-75.61746964427036, 6.172051943398825], [-75.61747778317982, 6.17206942856371], [-75.61747941193553, 6.172068525532194], [-75.61749895418, 6.172057482137908], [-75.61764147186902, 6.171976953462636], [-75.6178549069887, 6.171732781903901], [-75.61811295275228, 6.17149538737548], [-75.61829872650632, 6.17136877383491], [-75.61837043983452, 6.171317902151343], [-75.61843085550038, 6.171244425806856], [-75.6184410203206, 6.171243293633287], [-75.61866068411679, 6.171215015949683], [-75.61867818042569, 6.1710929379272015], [-75.61861436661802, 6.171066946523113], [-75.6185669283714, 6.171028519661002], [-75.61856466316878, 6.170961829320072], [-75.6187024426582, 6.170895126130561], [-75.61877694807853, 6.170514197668555], [-75.6188316947744, 6.170212395677488], [-75.61888364581503, 6.170196564932132], [-75.61893557552031, 6.1699603211003895], [-75.61894289337388, 6.169707125987305]]]}, "properties": {"OBJECTID": 29, "CODIGO_BAR": "35", "IDEM.Barrios_5.AREA": 54036.344241, "PERIMETRO": 983.82409551, "NMG": "San Isidro", "MUNICIPIO": "360", "SE_ANNO_CAD_DATA": null, "SHAPE.AREA": 0, "SHAPE.LEN": 0, "nombre_barrio_estandarizado": "San Isidro", "municipio_estandarizado": "itagui"}}, {"type": "Feature", "geometry": {"type": "Polygon", "coordinates": [[[-75.61747778317982, 6.17206942856371], [-75.61746964427036, 6.172051943398825], [-75.61742733900503, 6.171980127759139], [-75.61735350182728, 6.171854788649043], [-75.61706259964448, 6.171360974360621], [-75.61700611922224, 6.171243424136301], [-75.61692196368169, 6.171067100509788], [-75.61685361423902, 6.170826346298012], [-75.61681067785612, 6.170610455330386], [-75.61687899300114, 6.170455594718712], [-75.61699078099177, 6.170206911246074], [-75.61705683855568, 6.170074656027542], [-75.61721266628173, 6.169753627410241], [-75.61725896566456, 6.169700496871499], [-75.61726741980652, 6.169502687626267], [-75.61705452811847, 6.16949592505677], [-75.61687890960282, 6.169520808419043], [-75.61653159700015, 6.169524672812339], [-75.61640269812003, 6.169526106484334], [-75.61638420476, 6.169526311294091], [-75.6163667302864, 6.169526506574943], [-75.61613633306402, 6.1695265269611745], [-75.61603581904579, 6.169542360150332], [-75.61587827010634, 6.169575152632526], [-75.61548977396288, 6.169733434444172], [-75.61464445349795, 6.170109907222339], [-75.61413454902774, 6.170315670332759], [-75.61400844699652, 6.170364395739609], [-75.6140058016871, 6.170365417665292], [-75.61407075719505, 6.170549656650525], [-75.61418485212471, 6.170850313533871], [-75.6140973271866, 6.170889883929846], [-75.61419616504824, 6.171088813782975], [-75.61415268923086, 6.171161158861472], [-75.61420013126035, 6.171243670112438], [-75.6142419255729, 6.171316007659134], [-75.61446671021463, 6.171721778296718], [-75.61465591744167, 6.172128680919365], [-75.61467229727828, 6.172161459463865], [-75.61472257474533, 6.172379609337539], [-75.61466836515537, 6.172405611665622], [-75.61480110411604, 6.172805737178738], [-75.61451085817038, 6.172931228919343], [-75.6145707299116, 6.173100773576855], [-75.61463116659603, 6.173248842155658], [-75.61468311896158, 6.173239795721171], [-75.61471136033961, 6.1733211779835635], [-75.61480736674261, 6.173418378228204], [-75.61487174571212, 6.173446630137125], [-75.61495420033154, 6.173549483143346], [-75.61484409414223, 6.1736625267209275], [-75.61516146786771, 6.17380153006134], [-75.61518122914539, 6.17376422897114], [-75.61564311440875, 6.173289447749884], [-75.61619930237995, 6.172807876131254], [-75.61629247131242, 6.172729875781235], [-75.61637886522927, 6.172666569895149], [-75.61674421209847, 6.172512812330216], [-75.6169407165622, 6.172373763296434], [-75.61740600440956, 6.172109223982433], [-75.61747778317982, 6.17206942856371]]]}, "properties": {"OBJECTID": 30, "CODIGO_BAR": "34", "IDEM.Barrios_5.AREA": 109925.80431, "PERIMETRO": 1501.86567754, "NMG": "Satexco", "MUNICIPIO": "360", "SE_ANNO_CAD_DATA": null, "SHAPE.AREA": 0, "SHAPE.LEN": 0, "nombre_barrio_estandarizado": "Satexco", "municipio_estandarizado": "itagui"}}, {"type": "Feature", "geometry": {"type": "Polygon", "coordinates": [[[-75.61888907529237, 6.1678499933932756], [-75.61887692897052, 6.167841985312523], [-75.61884107273121, 6.167818347851042], [-75.61816054000845, 6.166985355396326], [-75.61760375303353, 6.167014795770821], [-75.61765121222206, 6.167275898185858], [-75.61774840308709, 6.1679687836901245], [-75.6182024188244, 6.167983436447317], [-75.61834020452478, 6.167999248026502], [-75.61876413600191, 6.168037733673322], [-75.61881285944328, 6.1680421571632715], [-75.61888907529237, 6.1678499933932756]]]}, "properties": {"OBJECTID": 31, "CODIGO_BAR": "19", "IDEM.Barrios_5.AREA": 10870.4726732, "PERIMETRO": 434.80566633, "NMG": "San Juan Bautista", "MUNICIPIO": "360", "SE_ANNO_CAD_DATA": null, "SHAPE.AREA": 0, "SHAPE.LEN": 0, "nombre_barrio_estandarizado": "San Juan Bautista", "municipio_estandarizado": "itagui"}}, {"type": "Feature", "geometry": {"type": "Polygon", "coordinates": [[[-75.61792920944497, 6.169113794013593], [-75.61692965107417, 6.168606364956946], [-75.61608878748395, 6.168258297053891], [-75.61586742067311, 6.168180323663796], [-75.61565283034207, 6.168109130773785], [-75.61343704916881, 6.169132270890688], [-75.61321117950163, 6.169239671300145], [-75.6122504775086, 6.169670392150092], [-75.61211175329088, 6.169732585420776], [-75.61218461394765, 6.169908912660921], [-75.6122083366885, 6.16996881703005], [-75.61231565363343, 6.170276259623964], [-75.61251237145308, 6.170782888660947], [-75.61257942167506, 6.17095556832759], [-75.61258365396961, 6.170953594773736], [-75.6128967709782, 6.170807468914354], [-75.61328640059301, 6.170643537823713], [-75.6140058016871, 6.170365417665292], [-75.61413454902774, 6.170315670332759], [-75.61464445349795, 6.170109907222339], [-75.61548977396288, 6.169733434444172], [-75.61587827010634, 6.169575152632526], [-75.61603581904579, 6.169542360150332], [-75.61613633306402, 6.1695265269611745], [-75.6163667302864, 6.169526506574943], [-75.61638420476, 6.169526311294091], [-75.61640269812003, 6.169526106484334], [-75.61653159700015, 6.169524672812339], [-75.61687890960282, 6.169520808419043], [-75.61705452811847, 6.16949592505677], [-75.61726741980652, 6.169502687626267], [-75.61727039137982, 6.169502807720577], [-75.617318405451, 6.16950474590712], [-75.6173792291724, 6.169507200606577], [-75.61766326148292, 6.16938509748281], [-75.61782588427255, 6.1692765718158835], [-75.61786112522488, 6.1692173643148065], [-75.61790662263616, 6.169140923817448], [-75.61792920944497, 6.169113794013593]]]}, "properties": {"OBJECTID": 32, "CODIGO_BAR": "23", "IDEM.Barrios_5.AREA": 85993.8984134, "PERIMETRO": 1491.59653004, "NMG": "Las Mercedes", "MUNICIPIO": "360", "SE_ANNO_CAD_DATA": null, "SHAPE.AREA": 0, "SHAPE.LEN": 0, "nombre_barrio_estandarizado": "Las Mercedes", "municipio_estandarizado": "itagui"}}, {"type": "Feature", "geometry": {"type": "Polygon", "coordinates": [[[-75.61553443569177, 6.1637878781790825], [-75.61496008487809, 6.16309842371125], [-75.61465573502602, 6.163305301141877], [-75.61458628308426, 6.16335843284486], [-75.61440012598884, 6.163500719022917], [-75.61432597701443, 6.163557393274833], [-75.61424974093143, 6.163529142000746], [-75.61418762843253, 6.163575491555139], [-75.61420457307386, 6.163598095866159], [-75.61410180878575, 6.163726963380815], [-75.61406284840999, 6.163769918499211], [-75.61395217207806, 6.163802707603351], [-75.61394991475457, 6.163811750263869], [-75.61379462968063, 6.163861496917895], [-75.61373647022742, 6.163928192881237], [-75.61369581635047, 6.1639734101275225], [-75.61368508689915, 6.163964366987255], [-75.61354674728793, 6.1640808036506884], [-75.61350440516897, 6.164197230461778], [-75.61347715169855, 6.164271764017172], [-75.61345811032967, 6.164323831102615], [-75.61339373531573, 6.1643125351097625], [-75.61327854500233, 6.164407491578623], [-75.61326160757974, 6.16443801265874], [-75.61321699649528, 6.164441406557304], [-75.61315262983547, 6.16454766493148], [-75.61302615691997, 6.16474661236306], [-75.61295048833748, 6.16476696512714], [-75.61248744850744, 6.16485743024464], [-75.6124236455971, 6.164930905400335], [-75.61215429914556, 6.165092565583452], [-75.61194370338748, 6.1655232384037495], [-75.61182118624802, 6.165802440993155], [-75.61198043228273, 6.165823904575827], [-75.61206570271332, 6.16583407118554], [-75.6121165332522, 6.165947100204645], [-75.61219620779923, 6.166153208476786], [-75.61223368286343, 6.166250155480584], [-75.61230179142814, 6.166426346194032], [-75.61240178580677, 6.166388727620155], [-75.61247910016097, 6.1663596416392945], [-75.61299238859075, 6.166147098797678], [-75.61309126501506, 6.166807203618086], [-75.61311669072292, 6.167001619688354], [-75.61317093529776, 6.167409665473258], [-75.61353289069909, 6.167253649619829], [-75.61400269944446, 6.167043367618109], [-75.61416873042957, 6.167175604359189], [-75.61460413966034, 6.1675214483289675], [-75.614695068849, 6.167660471485297], [-75.6147285300381, 6.167485414570903], [-75.61475710588815, 6.167335918690351], [-75.61479553967412, 6.167134857341802], [-75.61489093494616, 6.166703062789954], [-75.61501735520046, 6.165857561902081], [-75.61519459830895, 6.165039187517646], [-75.61543226779271, 6.164272801233311], [-75.61553443569177, 6.1637878781790825]]]}, "properties": {"OBJECTID": 33, "CODIGO_BAR": "20", "IDEM.Barrios_5.AREA": 107365.843689, "PERIMETRO": 1559.36910725, "NMG": "San Jose", "MUNICIPIO": "360", "SE_ANNO_CAD_DATA": null, "SHAPE.AREA": 0, "SHAPE.LEN": 0, "nombre_barrio_estandarizado": "San Jose", "municipio_estandarizado": "itagui"}}, {"type": "Feature", "geometry": {"type": "Polygon", "coordinates": [[[-75.61311669072292, 6.167001619688354], [-75.61309126501506, 6.166807203618086], [-75.61299238859075, 6.166147098797678], [-75.61247910016097, 6.1663596416392945], [-75.61240178580677, 6.166388727620155], [-75.61230179142814, 6.166426346194032], [-75.61223368286343, 6.166250155480584], [-75.61219620779923, 6.166153208476786], [-75.6121165332522, 6.165947100204645], [-75.61206570271332, 6.16583407118554], [-75.61198043228273, 6.165823904575827], [-75.6119279198563, 6.165872513245141], [-75.6115761478264, 6.166259114621779], [-75.6113491577989, 6.166487461511984], [-75.61135593452951, 6.166506675814958], [-75.61128478627805, 6.166532679311181], [-75.61130173088333, 6.16658128281069], [-75.61122098271147, 6.166611808494196], [-75.61120460312475, 6.166576767707264], [-75.61113119511192, 6.166606162567148], [-75.61093525204868, 6.166677388955202], [-75.61102223419917, 6.166920403605467], [-75.61107927941912, 6.167050387863653], [-75.61111937936654, 6.1671430712198045], [-75.61149441916632, 6.168197642993012], [-75.61161206968715, 6.1681433464197335], [-75.61200974043079, 6.167959818941614], [-75.61234199554552, 6.167806479775675], [-75.61275420733243, 6.1676165503562475], [-75.61255821697877, 6.16709661410542], [-75.61311669072292, 6.167001619688354]]]}, "properties": {"OBJECTID": 34, "CODIGO_BAR": "21", "IDEM.Barrios_5.AREA": 35287.679631, "PERIMETRO": 878.21367539, "NMG": "Araucaria", "MUNICIPIO": "360", "SE_ANNO_CAD_DATA": null, "SHAPE.AREA": 0, "SHAPE.LEN": 0, "nombre_barrio_estandarizado": "Araucaria", "municipio_estandarizado": "itagui"}}, {"type": "Feature", "geometry": {"type": "Polygon", "coordinates": [[[-75.61565283034207, 6.168109130773785], [-75.61496162477432, 6.167893297327219], [-75.6148616703098, 6.167869568396141], [-75.61478049537298, 6.167772641153991], [-75.61472725982615, 6.167709073993716], [-75.614695068849, 6.167660471485297], [-75.61460413966034, 6.1675214483289675], [-75.61416873042957, 6.167175604359189], [-75.61400269944446, 6.167043367618109], [-75.61353289069909, 6.167253649619829], [-75.61317093529776, 6.167409665473258], [-75.61311669072292, 6.167001619688354], [-75.61255821697877, 6.16709661410542], [-75.61275420733243, 6.1676165503562475], [-75.61234199554552, 6.167806479775675], [-75.61200974043079, 6.167959818941614], [-75.61161206968715, 6.1681433464197335], [-75.61149441916632, 6.168197642993012], [-75.6115876124158, 6.168423702781808], [-75.61178925007717, 6.1689481611064965], [-75.6119191546101, 6.169264643185776], [-75.61211175329088, 6.169732585420776], [-75.6122504775086, 6.169670392150092], [-75.61321117950163, 6.169239671300145], [-75.61343704916881, 6.169132270890688], [-75.61565283034207, 6.168109130773785]]]}, "properties": {"OBJECTID": 35, "CODIGO_BAR": "22", "IDEM.Barrios_5.AREA": 68567.1836038, "PERIMETRO": 1262.36615265, "NMG": "La Gloria", "MUNICIPIO": "360", "SE_ANNO_CAD_DATA": null, "SHAPE.AREA": 0, "SHAPE.LEN": 0, "nombre_barrio_estandarizado": "La Gloria", "municipio_estandarizado": "itagui"}}, {"type": "Feature", "geometry": {"type": "Polygon", "coordinates": [[[-75.61881285944328, 6.1680421571632715], [-75.61876413600191, 6.168037733673322], [-75.61834020452478, 6.167999248026502], [-75.6182024188244, 6.167983436447317], [-75.61774840308709, 6.1679687836901245], [-75.61765121222206, 6.167275898185858], [-75.61760375303353, 6.167014795770821], [-75.61816054000845, 6.166985355396326], [-75.61710388624351, 6.165746605751063], [-75.6170558827807, 6.16568783268993], [-75.61701086334266, 6.165632456882654], [-75.61677011611953, 6.165336326699994], [-75.61593088564325, 6.164224152920206], [-75.6157817969138, 6.164115653543383], [-75.61559430162298, 6.163887341146638], [-75.61553725897885, 6.163792398187952], [-75.61553443569177, 6.1637878781790825], [-75.61543226779271, 6.164272801233311], [-75.61519459830895, 6.165039187517646], [-75.61501735520046, 6.165857561902081], [-75.61489093494616, 6.166703062789954], [-75.61479553967412, 6.167134857341802], [-75.61475710588815, 6.167335918690351], [-75.6147285300381, 6.167485414570903], [-75.614695068849, 6.167660471485297], [-75.61472725982615, 6.167709073993716], [-75.6148616703098, 6.167869568396141], [-75.61496162477432, 6.167893297327219], [-75.61565283034207, 6.168109130773785], [-75.61586742067311, 6.168180323663796], [-75.61608878748395, 6.168258297053891], [-75.61692965107417, 6.168606364956946], [-75.61792920944497, 6.169113794013593], [-75.61795457067731, 6.169083243164873], [-75.61800458731004, 6.169022992042366], [-75.61806246320947, 6.168953275639556], [-75.61816353117871, 6.168816495233931], [-75.61847465452125, 6.168558750125671], [-75.61879933086819, 6.168302134365542], [-75.61881287422926, 6.168193621341793], [-75.61881285944328, 6.1680421571632715]]]}, "properties": {"OBJECTID": 36, "CODIGO_BAR": "18", "IDEM.Barrios_5.AREA": 125005.824208, "PERIMETRO": 1742.14132497, "NMG": "La Independencia", "MUNICIPIO": "360", "SE_ANNO_CAD_DATA": null, "SHAPE.AREA": 0, "SHAPE.LEN": 0, "nombre_barrio_estandarizado": "La Independencia", "municipio_estandarizado": "itagui"}}, {"type": "Feature", "geometry": {"type": "Polygon", "coordinates": [[[-75.62532749521792, 6.155227328051747], [-75.62517216216095, 6.15487558509632], [-75.6250453404696, 6.154674658135617], [-75.62459090803347, 6.154082456458763], [-75.62417715148047, 6.154093830232752], [-75.62383834103142, 6.154359952522436], [-75.62339527076061, 6.154636520218587], [-75.62284410443131, 6.15496979177916], [-75.62204507216221, 6.155489723287493], [-75.62105626071468, 6.1560696533386645], [-75.62048914551963, 6.156215869226779], [-75.61971782558048, 6.156419679817034], [-75.61903861529288, 6.156559705219897], [-75.61843931573361, 6.156719714231978], [-75.61795988254399, 6.1569197004797855], [-75.61748045345898, 6.157169672823782], [-75.61666143025668, 6.157639611109361], [-75.61564264447227, 6.158219535793031], [-75.61489353089279, 6.158619484431834], [-75.61414442054408, 6.159029430492527], [-75.61329542402729, 6.1594893693597665], [-75.61276604660367, 6.159719345772695], [-75.61243300086194, 6.1599249355204675], [-75.61306591177828, 6.160612980253995], [-75.61386728422416, 6.161595173225373], [-75.61438007233515, 6.162200989088945], [-75.61452691996571, 6.162536685629577], [-75.61496008487809, 6.16309842371125], [-75.61553443569177, 6.1637878781790825], [-75.6155863309963, 6.163780460540218], [-75.61620697473205, 6.16369174090324], [-75.61634136877213, 6.163677033678998], [-75.61653953499925, 6.163227143722355], [-75.61661913849352, 6.163028198474699], [-75.61657620053977, 6.162778399438665], [-75.61654851765216, 6.162639370570248], [-75.61650502896921, 6.162560250951143], [-75.61611764601675, 6.162482290780582], [-75.6162345119052, 6.162200828899404], [-75.61623620600737, 6.1621963066059005], [-75.61641350861615, 6.162084389464364], [-75.6168319289041, 6.161921583188414], [-75.61705158910827, 6.161882001571232], [-75.61726164432513, 6.161790425714543], [-75.61756150421994, 6.161883087454813], [-75.6177246612768, 6.1614682392669256], [-75.6176399023618, 6.160847693721764], [-75.61777990525877, 6.160415895224652], [-75.6177550474185, 6.160280255498952], [-75.61772963332305, 6.160255391169523], [-75.61842584602013, 6.159738765425805], [-75.62068669863291, 6.158150432763273], [-75.62141339944313, 6.157646233759434], [-75.62181375118398, 6.157552376485291], [-75.62291320203627, 6.1576675607768365], [-75.62292026138176, 6.157676978872331], [-75.62296402540933, 6.15756196654904], [-75.62300171470936, 6.157448767809153], [-75.62307710114946, 6.157316696828919], [-75.62317761979033, 6.157190912910754], [-75.62327185943354, 6.157090286309474], [-75.62339751381253, 6.156970787615837], [-75.62352316740647, 6.156857579341478], [-75.62367395443555, 6.1567317895423725], [-75.62381846098543, 6.156643733368108], [-75.62394411886463, 6.156561968100864], [-75.62416402170787, 6.1564550376761344], [-75.62430853254659, 6.156398424462356], [-75.62450958877696, 6.156310363901282], [-75.62467923131074, 6.156247458600881], [-75.62479860459986, 6.15615940480146], [-75.62493053958828, 6.156033617205563], [-75.62501221204424, 6.155926703175768], [-75.62508131856794, 6.155838653515654], [-75.62513157417203, 6.1557380299037705], [-75.62515669799629, 6.15564369742476], [-75.6251830634683, 6.155603720563084], [-75.62519064341029, 6.1555729345491175], [-75.62519771835538, 6.155531470515932], [-75.62520629766112, 6.155458092271637], [-75.62520997252726, 6.155411084128308], [-75.62521168596288, 6.155365095465938], [-75.62521133212368, 6.155342895427291], [-75.62521021366288, 6.1552722418093015], [-75.62520882052502, 6.155258944592619], [-75.62532749521792, 6.155227328051747]]]}, "properties": {"OBJECTID": 37, "CODIGO_BAR": "04", "IDEM.Barrios_5.AREA": 448090.420821, "PERIMETRO": 3927.30325852, "NMG": "Zona Industrial No. 3", "MUNICIPIO": "360", "SE_ANNO_CAD_DATA": null, "SHAPE.AREA": 0, "SHAPE.LEN": 0, "nombre_barrio_estandarizado": "Zona Industrial No. 3", "municipio_estandarizado": "itagui"}}, {"type": "Feature", "geometry": {"type": "Polygon", "coordinates": [[[-75.62047294295046, 6.166774896126986], [-75.62014821580472, 6.166473128146716], [-75.61992683801725, 6.166292297200197], [-75.61960208652819, 6.165735072530102], [-75.61963366411086, 6.165263720990461], [-75.61964437934849, 6.165116775952371], [-75.61965621711076, 6.164880536050661], [-75.61965734364428, 6.164857929046398], [-75.619654487851, 6.16452222003215], [-75.6189271658388, 6.164512115832559], [-75.6180998886526, 6.164468109619606], [-75.618053099506, 6.165331195845223], [-75.61803787655248, 6.165612011943046], [-75.6177865732243, 6.165608294649024], [-75.61758216729278, 6.165605271620577], [-75.61718180086942, 6.165601916801686], [-75.61711912629043, 6.16566861352259], [-75.6170558827807, 6.16568783268993], [-75.61710388624351, 6.165746605751063], [-75.61816054000845, 6.166985355396326], [-75.61884107273121, 6.167818347851042], [-75.61887692897052, 6.167841985312523], [-75.61888907529237, 6.1678499933932756], [-75.61897943322207, 6.1679155443563785], [-75.61931260519154, 6.167929077367937], [-75.6197310124319, 6.167598979471295], [-75.6201931951326, 6.167112607546275], [-75.62024271924523, 6.167060490818571], [-75.62038091114714, 6.1669150657195155], [-75.62038373447457, 6.16691167517034], [-75.62047294295046, 6.166774896126986]]]}, "properties": {"OBJECTID": 38, "CODIGO_BAR": "17", "IDEM.Barrios_5.AREA": 77113.9610456, "PERIMETRO": 1242.4364737, "NMG": "Camparola", "MUNICIPIO": "360", "SE_ANNO_CAD_DATA": null, "SHAPE.AREA": 0, "SHAPE.LEN": 0, "nombre_barrio_estandarizado": "Camparola", "municipio_estandarizado": "itagui"}}, {"type": "Feature", "geometry": {"type": "Polygon", "coordinates": [[[-75.62030770775674, 6.163152194545883], [-75.61993049217062, 6.163135276609012], [-75.619619910711, 6.163117218966082], [-75.61803368585615, 6.16301450707781], [-75.61786258488331, 6.1630043489024615], [-75.61723752796055, 6.163615916121089], [-75.61677449316814, 6.163748206983752], [-75.61675247230906, 6.163751662872283], [-75.61665195636425, 6.1637674342512305], [-75.6164480679596, 6.163708091281893], [-75.61634136877213, 6.163677033678998], [-75.61620697473205, 6.16369174090324], [-75.6155863309963, 6.163780460540218], [-75.61553443569177, 6.1637878781790825], [-75.61553725897885, 6.163792398187952], [-75.61559430162298, 6.163887341146638], [-75.6157817969138, 6.164115653543383], [-75.61593088564325, 6.164224152920206], [-75.61677011611953, 6.165336326699994], [-75.61701086334266, 6.165632456882654], [-75.6170558827807, 6.16568783268993], [-75.61711912629043, 6.16566861352259], [-75.61718180086942, 6.165601916801686], [-75.61758216729278, 6.165605271620577], [-75.6177865732243, 6.165608294649024], [-75.61803787655248, 6.165612011943046], [-75.618053099506, 6.165331195845223], [-75.6180998886526, 6.164468109619606], [-75.6189271658388, 6.164512115832559], [-75.619654487851, 6.16452222003215], [-75.61965734364428, 6.164857929046398], [-75.61965621711076, 6.164880536050661], [-75.61981822511204, 6.16488189008006], [-75.62019097966787, 6.164885006472428], [-75.62019662816552, 6.1647704354204], [-75.62020563388332, 6.164587727071684], [-75.62022987772603, 6.1641898475429135], [-75.62025356503187, 6.163876744295879], [-75.6202670999021, 6.163694756817867], [-75.62030770775674, 6.163152194545883]]]}, "properties": {"OBJECTID": 39, "CODIGO_BAR": "16", "IDEM.Barrios_5.AREA": 87609.0898567, "PERIMETRO": 1532.99301236, "NMG": "San Pio X", "MUNICIPIO": "360", "SE_ANNO_CAD_DATA": null, "SHAPE.AREA": 0, "SHAPE.LEN": 0, "nombre_barrio_estandarizado": "San Pio X", "municipio_estandarizado": "itagui"}}, {"type": "Feature", "geometry": {"type": "MultiPolygon", "coordinates": [[[[-75.62189290215241, 6.1642699388907065], [-75.62181209086198, 6.1642481347551605], [-75.62177633612961, 6.164238486322543], [-75.62157045476043, 6.164182936210226], [-75.62148913723351, 6.164167119364726], [-75.6210373827096, 6.164147948434687], [-75.6209808752185, 6.163752336869947], [-75.62076742019512, 6.163738793568587], [-75.62068723378087, 6.163732018809127], [-75.6202670999021, 6.163694756817867], [-75.62025356503187, 6.163876744295879], [-75.62022987772603, 6.1641898475429135], [-75.62020563388332, 6.164587727071684], [-75.62019662816552, 6.1647704354204], [-75.62019097966787, 6.164885006472428], [-75.61981822511204, 6.16488189008006], [-75.61965621711076, 6.164880536050661], [-75.61964437934849, 6.165116775952371], [-75.61963366411086, 6.165263720990461], [-75.61960208652819, 6.165735072530102], [-75.61992683801725, 6.166292297200197], [-75.62014821580472, 6.166473128146716], [-75.62047294295046, 6.166774896126986], [-75.62068749435143, 6.1664459485253476], [-75.62096528368798, 6.1660243059090565], [-75.62127412830931, 6.1655890988039115], [-75.62129050232225, 6.165565360848929], [-75.62170944317896, 6.164954939045182], [-75.6217105737054, 6.164951547787321], [-75.62187201582023, 6.164351325446351], [-75.62189290215241, 6.1642699388907065]]], [[[-75.62038416548044, 6.16691832149208], [-75.62038373447457, 6.16691167517034], [-75.62038091114714, 6.1669150657195155], [-75.62038416548044, 6.16691832149208]]]]}, "properties": {"OBJECTID": 40, "CODIGO_BAR": "14", "IDEM.Barrios_5.AREA": 47945.6237848, "PERIMETRO": 981.00089744, "NMG": "Monteverde", "MUNICIPIO": "360", "SE_ANNO_CAD_DATA": null, "SHAPE.AREA": 0, "SHAPE.LEN": 0, "nombre_barrio_estandarizado": "Monteverde", "municipio_estandarizado": "itagui"}}, {"type": "Feature", "geometry": {"type": "Polygon", "coordinates": [[[-75.62298426674148, 6.162437559465765], [-75.62289559524946, 6.162287234560175], [-75.62284081109468, 6.162200204888883], [-75.62276964606147, 6.162062310432037], [-75.62267588545622, 6.1618419072270925], [-75.622537484866, 6.161310663960564], [-75.62251882977205, 6.161107204684012], [-75.62246087644277, 6.1611061066091555], [-75.62240024549641, 6.16110495570524], [-75.62241099667882, 6.16133102186028], [-75.62235678816431, 6.161352503162021], [-75.62215238926044, 6.16153563915664], [-75.6218508479185, 6.161567316272078], [-75.62136635618663, 6.1616758763841615], [-75.6209998765602, 6.161697388099645], [-75.62097999504213, 6.1616994051849625], [-75.62068760548057, 6.16172906766405], [-75.62060301685318, 6.161716798752851], [-75.62053965536657, 6.161707605932883], [-75.62031263662875, 6.1615606852805955], [-75.62022736668494, 6.1615448694074715], [-75.62011392179055, 6.162133782841254], [-75.61987063816355, 6.16209564779275], [-75.61981124330057, 6.1620863377617745], [-75.61985131188253, 6.161839920456402], [-75.61974966735846, 6.161819585160741], [-75.61961700085368, 6.162200519596742], [-75.61958878317023, 6.162372333620848], [-75.61956929373845, 6.1624603346659494], [-75.61955999441467, 6.162502324181355], [-75.61949844260353, 6.162491025861014], [-75.61944666610209, 6.162657514174557], [-75.61943163219004, 6.1627058530606895], [-75.61942110420001, 6.162739707569788], [-75.61932623214926, 6.162701284008645], [-75.61911446901817, 6.162653830223226], [-75.61906138761873, 6.162652705187747], [-75.61887786499575, 6.162652722962836], [-75.61862037101037, 6.162697959078237], [-75.61856414033619, 6.162721803317764], [-75.61831375508827, 6.162827975059777], [-75.61830548838985, 6.162810905446619], [-75.61828135082581, 6.1627610693284245], [-75.61820700993735, 6.1626075717731075], [-75.61819456857532, 6.16242445775231], [-75.61827303949588, 6.162200643828077], [-75.61827812163263, 6.162185949588241], [-75.61819115819232, 6.162173523812439], [-75.6179624588654, 6.162163371879891], [-75.61779983174162, 6.162200688430354], [-75.6177473163693, 6.162213126787451], [-75.61774111055355, 6.162269643843417], [-75.61769708022864, 6.1622666886766595], [-75.61758977121022, 6.162259485142345], [-75.61740963273735, 6.162222201383069], [-75.61741922973489, 6.162200722596835], [-75.61756150421994, 6.161883087454813], [-75.61726164432513, 6.161790425714543], [-75.61705158910827, 6.161882001571232], [-75.6168319289041, 6.161921583188414], [-75.61641350861615, 6.162084389464364], [-75.61623620600737, 6.1621963066059005], [-75.6162345119052, 6.162200828899404], [-75.61611764601675, 6.162482290780582], [-75.61650502896921, 6.162560250951143], [-75.61654851765216, 6.162639370570248], [-75.61657620053977, 6.162778399438665], [-75.61661913849352, 6.163028198474699], [-75.61653953499925, 6.163227143722355], [-75.61634136877213, 6.163677033678998], [-75.6164480679596, 6.163708091281893], [-75.61665195636425, 6.1637674342512305], [-75.61675247230906, 6.163751662872283], [-75.61677449316814, 6.163748206983752], [-75.61723752796055, 6.163615916121089], [-75.61786258488331, 6.1630043489024615], [-75.61803368585615, 6.16301450707781], [-75.619619910711, 6.163117218966082], [-75.61993049217062, 6.163135276609012], [-75.62030770775674, 6.163152194545883], [-75.6202670999021, 6.163694756817867], [-75.62068723378087, 6.163732018809127], [-75.62076742019512, 6.163738793568587], [-75.6209808752185, 6.163752336869947], [-75.6210373827096, 6.164147948434687], [-75.62148913723351, 6.164167119364726], [-75.62157045476043, 6.164182936210226], [-75.62177633612961, 6.164238486322543], [-75.62181209086198, 6.1642481347551605], [-75.62189290215241, 6.1642699388907065], [-75.62192100276994, 6.164161087743608], [-75.6219273353986, 6.164136556634257], [-75.62221696175189, 6.163525018538108], [-75.6223253677453, 6.163378063086514], [-75.62237697760897, 6.163308036703377], [-75.62244450128792, 6.163216414547296], [-75.62271776879686, 6.162792511771686], [-75.62298426674148, 6.162437559465765]]]}, "properties": {"OBJECTID": 41, "CODIGO_BAR": "15", "IDEM.Barrios_5.AREA": 113868.730253, "PERIMETRO": 2408.18846326, "NMG": "La Palma", "MUNICIPIO": "360", "SE_ANNO_CAD_DATA": null, "SHAPE.AREA": 0, "SHAPE.LEN": 0, "nombre_barrio_estandarizado": "La Palma", "municipio_estandarizado": "itagui"}}, {"type": "Feature", "geometry": {"type": "Polygon", "coordinates": [[[-75.62292336826309, 6.157681124964059], [-75.62292026138176, 6.157676978872331], [-75.62291320203627, 6.1576675607768365], [-75.62181375118398, 6.157552376485291], [-75.62141339944313, 6.157646233759434], [-75.62068669863291, 6.158150432763273], [-75.61842584602013, 6.159738765425805], [-75.61772963332305, 6.160255391169523], [-75.6177550474185, 6.160280255498952], [-75.61777990525877, 6.160415895224652], [-75.6176399023618, 6.160847693721764], [-75.6177246612768, 6.1614682392669256], [-75.61756150421994, 6.161883087454813], [-75.61741922973489, 6.162200722596835], [-75.61740963273735, 6.162222201383069], [-75.61758977121022, 6.162259485142345], [-75.61769708022864, 6.1622666886766595], [-75.61774111055355, 6.162269643843417], [-75.6177473163693, 6.162213126787451], [-75.61779983174162, 6.162200688430354], [-75.6179624588654, 6.162163371879891], [-75.61819115819232, 6.162173523812439], [-75.61827812163263, 6.162185949588241], [-75.61827303949588, 6.162200643828077], [-75.61819456857532, 6.16242445775231], [-75.61820700993735, 6.1626075717731075], [-75.61828135082581, 6.1627610693284245], [-75.61830548838985, 6.162810905446619], [-75.61831375508827, 6.162827975059777], [-75.61856414033619, 6.162721803317764], [-75.61862037101037, 6.162697959078237], [-75.61887786499575, 6.162652722962836], [-75.61906138761873, 6.162652705187747], [-75.61911446901817, 6.162653830223226], [-75.61932623214926, 6.162701284008645], [-75.61942110420001, 6.162739707569788], [-75.61943163219004, 6.1627058530606895], [-75.61944666610209, 6.162657514174557], [-75.61949844260353, 6.162491025861014], [-75.61955999441467, 6.162502324181355], [-75.61956929373845, 6.1624603346659494], [-75.61958878317023, 6.162372333620848], [-75.61961700085368, 6.162200519596742], [-75.61974966735846, 6.161819585160741], [-75.61985131188253, 6.161839920456402], [-75.61981124330057, 6.1620863377617745], [-75.61987063816355, 6.16209564779275], [-75.62011392179055, 6.162133782841254], [-75.62022736668494, 6.1615448694074715], [-75.62031263662875, 6.1615606852805955], [-75.62053965536657, 6.161707605932883], [-75.62060301685318, 6.161716798752851], [-75.62068760548057, 6.16172906766405], [-75.62097999504213, 6.1616994051849625], [-75.6209998765602, 6.161697388099645], [-75.62136635618663, 6.1616758763841615], [-75.6218508479185, 6.161567316272078], [-75.62215238926044, 6.16153563915664], [-75.62235678816431, 6.161352503162021], [-75.62241099667882, 6.16133102186028], [-75.62240024549641, 6.16110495570524], [-75.62246087644277, 6.1611061066091555], [-75.62251882977205, 6.161107204684012], [-75.62251234531499, 6.161036088233952], [-75.62248265004217, 6.160710462936229], [-75.62265362982491, 6.1595043787199115], [-75.6221245130318, 6.1594377413069505], [-75.62217416485213, 6.159027426833807], [-75.62265020145682, 6.159095197871369], [-75.6225976505076, 6.158747060948681], [-75.62234465710095, 6.158589969595354], [-75.62231528866262, 6.15854363013063], [-75.62230850780077, 6.158497286263851], [-75.62230511698108, 6.158474678915627], [-75.62230510948422, 6.158409120364902], [-75.62231526834488, 6.158350341970386], [-75.62246943286019, 6.158395540660217], [-75.62258463218998, 6.1584316996080615], [-75.62260897503033, 6.158443508914464], [-75.62264053788203, 6.158458822091382], [-75.62265094281808, 6.158410248390585], [-75.62269852302879, 6.15818810826502], [-75.62273253963934, 6.158029286270525], [-75.6228511234504, 6.158025884206692], [-75.62285838726926, 6.157991214981341], [-75.62292336826309, 6.157681124964059]]]}, "properties": {"OBJECTID": 42, "CODIGO_BAR": "05", "IDEM.Barrios_5.AREA": 202054.695316, "PERIMETRO": 2327.37715331, "NMG": "Montesacro", "MUNICIPIO": "360", "SE_ANNO_CAD_DATA": null, "SHAPE.AREA": 0, "SHAPE.LEN": 0, "nombre_barrio_estandarizado": "Montesacro", "municipio_estandarizado": "itagui"}}, {"type": "Feature", "geometry": {"type": "Polygon", "coordinates": [[[-75.62319930599615, 6.166978087196857], [-75.62299487282263, 6.16683003431661], [-75.62248435059422, 6.166446902534778], [-75.62140266546692, 6.165648181921022], [-75.62129050232225, 6.165565360848929], [-75.62127412830931, 6.1655890988039115], [-75.62096528368798, 6.1660243059090565], [-75.62068749435143, 6.1664459485253476], [-75.62047294295046, 6.166774896126986], [-75.62042681816898, 6.166845617011299], [-75.62038373447457, 6.16691167517034], [-75.62038416548044, 6.16691832149208], [-75.62057518558083, 6.16710946578834], [-75.62068757018227, 6.167233790217016], [-75.62099140955848, 6.167568339322432], [-75.62149065075053, 6.168096156426711], [-75.6218876521044, 6.168308621282424], [-75.62196010450276, 6.1682364570544985], [-75.62267306586723, 6.167526352237232], [-75.62319930599615, 6.166978087196857]]]}, "properties": {"OBJECTID": 43, "CODIGO_BAR": "13", "IDEM.Barrios_5.AREA": 48744.9191005, "PERIMETRO": 878.42434343, "NMG": "Las Margaritas", "MUNICIPIO": "360", "SE_ANNO_CAD_DATA": null, "SHAPE.AREA": 0, "SHAPE.LEN": 0, "nombre_barrio_estandarizado": "Las Margaritas", "municipio_estandarizado": "itagui"}}, {"type": "Feature", "geometry": {"type": "Polygon", "coordinates": [[[-75.62489687564326, 6.16792513192065], [-75.6248968417326, 6.167924665595566], [-75.62488575696521, 6.1677689525081165], [-75.62483466873977, 6.167051390250902], [-75.6246703469043, 6.167087578568059], [-75.62448061201707, 6.167127159347543], [-75.62442753340933, 6.167142989676171], [-75.62393061653559, 6.16728885329687], [-75.62385881766555, 6.16736009679345], [-75.62384645581507, 6.167372363360228], [-75.62380187960903, 6.167416594240546], [-75.62355508980939, 6.167234636783083], [-75.62319930599615, 6.166978087196857], [-75.62267306586723, 6.167526352237232], [-75.62196010450276, 6.1682364570544985], [-75.6218876521044, 6.168308621282424], [-75.62247551814482, 6.168484892796949], [-75.6225749083285, 6.168512012190229], [-75.62291938178504, 6.168604664309175], [-75.6232056918085, 6.168706364858377], [-75.6234344043461, 6.1687990291311285], [-75.62368175436866, 6.168924470168951], [-75.62373438011389, 6.1688104986953585], [-75.62382007211411, 6.168624918560595], [-75.6239120966399, 6.168413536221564], [-75.62391207337173, 6.168177296700199], [-75.62388719903308, 6.167916193358928], [-75.62424634658524, 6.167919547541585], [-75.6245176402342, 6.167921876294936], [-75.62477506756109, 6.167924084317878], [-75.62489687564326, 6.16792513192065]]]}, "properties": {"OBJECTID": 44, "CODIGO_BAR": "12", "IDEM.Barrios_5.AREA": 35954.0351741, "PERIMETRO": 948.92915222, "NMG": "Samaria", "MUNICIPIO": "360", "SE_ANNO_CAD_DATA": null, "SHAPE.AREA": 0, "SHAPE.LEN": 0, "nombre_barrio_estandarizado": "Samaria", "municipio_estandarizado": "itagui"}}, {"type": "Feature", "geometry": {"type": "Polygon", "coordinates": [[[-75.62647962906429, 6.1671099923572115], [-75.62644631198859, 6.167104343619024], [-75.62538298014367, 6.1669936864183645], [-75.62537732413746, 6.166897608794373], [-75.62531803324892, 6.166924741569519], [-75.6251164442478, 6.166990321915845], [-75.62483466873977, 6.167051390250902], [-75.62488575696521, 6.1677689525081165], [-75.6248968417326, 6.167924665595566], [-75.62489687564326, 6.16792513192065], [-75.62477506756109, 6.167924084317878], [-75.6245176402342, 6.167921876294936], [-75.62424634658524, 6.167919547541585], [-75.62388719903308, 6.167916193358928], [-75.62391207337173, 6.168177296700199], [-75.6239120966399, 6.168413536221564], [-75.62382007211411, 6.168624918560595], [-75.62373438011389, 6.1688104986953585], [-75.62368175436866, 6.168924470168951], [-75.6241216738843, 6.169147101558692], [-75.62446389163281, 6.169243145577618], [-75.62560574221578, 6.169578733870688], [-75.62597055647666, 6.169752766448793], [-75.62637072386208, 6.167865066298437], [-75.62647962906429, 6.1671099923572115]]]}, "properties": {"OBJECTID": 45, "CODIGO_BAR": "11", "IDEM.Barrios_5.AREA": 59279.8671063, "PERIMETRO": 1089.1492399, "NMG": "Santa Ana", "MUNICIPIO": "360", "SE_ANNO_CAD_DATA": null, "SHAPE.AREA": 0, "SHAPE.LEN": 0, "nombre_barrio_estandarizado": "Santa Ana", "municipio_estandarizado": "itagui"}}, {"type": "Feature", "geometry": {"type": "Polygon", "coordinates": [[[-75.62537732413746, 6.166897608794373], [-75.62535755054535, 6.166816226560805], [-75.62525815268062, 6.166696421268121], [-75.62522087549677, 6.166633126837597], [-75.62523272627196, 6.166550610506186], [-75.62525021928349, 6.1664341842062], [-75.62508644149027, 6.166360967511143], [-75.62500962765249, 6.166326626806056], [-75.62498480189191, 6.166315528040796], [-75.62490517392428, 6.166275973036343], [-75.62464201473468, 6.166156186283963], [-75.62455278543722, 6.166071420620711], [-75.62425179154512, 6.165957288666181], [-75.62387004873891, 6.165861249368913], [-75.62384356283677, 6.165975063931309], [-75.62381586239749, 6.166094102688937], [-75.62336924969395, 6.165859321633104], [-75.62304840336853, 6.165690652697504], [-75.62273666717411, 6.165445401211906], [-75.62265194950749, 6.165295075072763], [-75.62251867553663, 6.165230660873959], [-75.62227980205266, 6.165140256831403], [-75.62192911767069, 6.165028389213227], [-75.62185661655087, 6.165002899072851], [-75.62183843516836, 6.164996506470616], [-75.6217105737054, 6.164951547787321], [-75.62170944317896, 6.164954939045182], [-75.62129050232225, 6.165565360848929], [-75.62140266546692, 6.165648181921022], [-75.62248435059422, 6.166446902534778], [-75.62299487282263, 6.16683003431661], [-75.62319930599615, 6.166978087196857], [-75.62355508980939, 6.167234636783083], [-75.62380187960903, 6.167416594240546], [-75.62384645581507, 6.167372363360228], [-75.62385881766555, 6.16736009679345], [-75.62393061653559, 6.16728885329687], [-75.62442753340933, 6.167142989676171], [-75.62448061201707, 6.167127159347543], [-75.6246703469043, 6.167087578568059], [-75.62483466873977, 6.167051390250902], [-75.6251164442478, 6.166990321915845], [-75.62531803324892, 6.166924741569519], [-75.62537732413746, 6.166897608794373]]]}, "properties": {"OBJECTID": 46, "CODIGO_BAR": "10", "IDEM.Barrios_5.AREA": 50851.3006969, "PERIMETRO": 1133.7223873, "NMG": "El Palmar", "MUNICIPIO": "360", "SE_ANNO_CAD_DATA": null, "SHAPE.AREA": 0, "SHAPE.LEN": 0, "nombre_barrio_estandarizado": "El Palmar", "municipio_estandarizado": "itagui"}}, {"type": "Feature", "geometry": {"type": "Polygon", "coordinates": [[[-75.62794533523196, 6.164912465750928], [-75.62787584378145, 6.164605022909853], [-75.62777923536446, 6.164176637600381], [-75.62701294895155, 6.164169938687654], [-75.62675375278214, 6.164156402882751], [-75.62668824826291, 6.16415301922492], [-75.62662726110862, 6.164149634984473], [-75.62616421129202, 6.164120295709249], [-75.62576553132722, 6.1640434760617095], [-75.62537758030928, 6.16395648140292], [-75.62525221556507, 6.163932756572449], [-75.6251889686636, 6.163910157660562], [-75.62482190897371, 6.163815248543704], [-75.6246383708591, 6.163678495871184], [-75.62441982844649, 6.163608438607878], [-75.62418830897283, 6.163638982431807], [-75.62417196385229, 6.163639347712133], [-75.62383255303105, 6.16364693088255], [-75.62371580049535, 6.1636405192803405], [-75.62359934883035, 6.163634124250882], [-75.6235654525866, 6.163632264265029], [-75.62312328845687, 6.163506841019513], [-75.62282399420148, 6.163428877671491], [-75.62265062887818, 6.163371250328455], [-75.62244055958945, 6.1633407507752045], [-75.6223253677453, 6.163378063086514], [-75.62221696175189, 6.163525018538108], [-75.6219273353986, 6.164136556634257], [-75.62192100276994, 6.164161087743608], [-75.62189290215241, 6.1642699388907065], [-75.62187201582023, 6.164351325446351], [-75.6217105737054, 6.164951547787321], [-75.62183843516836, 6.164996506470616], [-75.62185661655087, 6.165002899072851], [-75.62192911767069, 6.165028389213227], [-75.62227980205266, 6.165140256831403], [-75.62251867553663, 6.165230660873959], [-75.62265194950749, 6.165295075072763], [-75.62273666717411, 6.165445401211906], [-75.62304840336853, 6.165690652697504], [-75.62336924969395, 6.165859321633104], [-75.62381586239749, 6.166094102688937], [-75.62384356283677, 6.165975063931309], [-75.62387004873891, 6.165861249368913], [-75.62425179154512, 6.165957288666181], [-75.62455278543722, 6.166071420620711], [-75.62464201473468, 6.166156186283963], [-75.62490517392428, 6.166275973036343], [-75.62498480189191, 6.166315528040796], [-75.62500962765249, 6.166326626806056], [-75.62508644149027, 6.166360967511143], [-75.62525021928349, 6.1664341842062], [-75.62525777854266, 6.166383800145496], [-75.62529438206101, 6.166139868529266], [-75.62530890684532, 6.166043082987794], [-75.62532639450934, 6.165876922876796], [-75.62536195641593, 6.1657480599501735], [-75.62542688633185, 6.1656553654262], [-75.62550029951284, 6.1656734444602055], [-75.62553850549465, 6.165596195440327], [-75.6255578844092, 6.16555701402952], [-75.6256053122049, 6.16550162298334], [-75.6258701210063, 6.165190753173466], [-75.62595764440088, 6.16515118249819], [-75.62623094649167, 6.1650607261481065], [-75.62667253560362, 6.165060677903508], [-75.62694287623442, 6.165049270919274], [-75.62739759597143, 6.165030081802079], [-75.62790186248377, 6.164996116140623], [-75.62794533523196, 6.164912465750928]]]}, "properties": {"OBJECTID": 47, "CODIGO_BAR": "09", "IDEM.Barrios_5.AREA": 123258.406195, "PERIMETRO": 1757.61286412, "NMG": "Samaria Robles del Sur", "MUNICIPIO": "360", "SE_ANNO_CAD_DATA": null, "SHAPE.AREA": 0, "SHAPE.LEN": 0, "nombre_barrio_estandarizado": "Samaria Robles del Sur", "municipio_estandarizado": "itagui"}}, {"type": "Feature", "geometry": {"type": "Polygon", "coordinates": [[[-75.62602394215125, 6.161994154655003], [-75.62594032485183, 6.161580461927466], [-75.62576635896208, 6.161195037388762], [-75.62563363377548, 6.160931180253244], [-75.62560617726021, 6.16093316971334], [-75.6254389274207, 6.160695531946365], [-75.62505095986155, 6.160647082263963], [-75.62513821187423, 6.160259159331823], [-75.62521062947431, 6.1592455887666535], [-75.62542901195117, 6.158629884705669], [-75.62541070026188, 6.158304718601112], [-75.62558589329988, 6.157501429885073], [-75.62572182376361, 6.156652269398209], [-75.62553158793169, 6.156345590383855], [-75.62536250528545, 6.156218697725872], [-75.62537297906337, 6.155330324689135], [-75.62532749521792, 6.155227328051747], [-75.62520882052502, 6.155258944592619], [-75.62521021366288, 6.1552722418093015], [-75.62521133212368, 6.155342895427291], [-75.62521168596288, 6.155365095465938], [-75.62520997252726, 6.155411084128308], [-75.62520629766112, 6.155458092271637], [-75.62519771835538, 6.155531470515932], [-75.62519064341029, 6.1555729345491175], [-75.6251830634683, 6.155603720563084], [-75.62515669799629, 6.15564369742476], [-75.62513157417203, 6.1557380299037705], [-75.62508131856794, 6.155838653515654], [-75.62501221204424, 6.155926703175768], [-75.62493053958828, 6.156033617205563], [-75.62479860459986, 6.15615940480146], [-75.62467923131074, 6.156247458600881], [-75.62450958877696, 6.156310363901282], [-75.62430853254659, 6.156398424462356], [-75.62416402170787, 6.1564550376761344], [-75.62394411886463, 6.156561968100864], [-75.62381846098543, 6.156643733368108], [-75.62367395443555, 6.1567317895423725], [-75.62352316740647, 6.156857579341478], [-75.62339751381253, 6.156970787615837], [-75.62327185943354, 6.157090286309474], [-75.62317761979033, 6.157190912910754], [-75.62307710114946, 6.157316696828919], [-75.62300171470936, 6.157448767809153], [-75.62296402540933, 6.15756196654904], [-75.62292026138176, 6.157676978872331], [-75.62292336826309, 6.157681124964059], [-75.62285838726926, 6.157991214981341], [-75.6228511234504, 6.158025884206692], [-75.62273253963934, 6.158029286270525], [-75.62269852302879, 6.15818810826502], [-75.62265094281808, 6.158410248390585], [-75.62264053788203, 6.158458822091382], [-75.62260897503033, 6.158443508914464], [-75.62258463218998, 6.1584316996080615], [-75.62246943286019, 6.158395540660217], [-75.62231526834488, 6.158350341970386], [-75.62230510948422, 6.158409120364902], [-75.62230511698108, 6.158474678915627], [-75.62230850780077, 6.158497286263851], [-75.62231528866262, 6.15854363013063], [-75.62234465710095, 6.158589969595354], [-75.6225976505076, 6.158747060948681], [-75.62265020145682, 6.159095197871369], [-75.62217416485213, 6.159027426833807], [-75.6221245130318, 6.1594377413069505], [-75.62265362982491, 6.1595043787199115], [-75.62248265004217, 6.160710462936229], [-75.62251234531499, 6.161036088233952], [-75.62251882977205, 6.161107204684012], [-75.622537484866, 6.161310663960564], [-75.62267588545622, 6.1618419072270925], [-75.62276964606147, 6.162062310432037], [-75.62284081109468, 6.162200204888883], [-75.62289559524946, 6.162287234560175], [-75.62298426674148, 6.162437559465765], [-75.6230870499049, 6.162530238245939], [-75.62329769620563, 6.162698635011264], [-75.62361054673566, 6.1628229402949035], [-75.62384812827842, 6.162857501505357], [-75.62385901442735, 6.162859086051166], [-75.62414305112463, 6.162851144736455], [-75.62458068432873, 6.162827360815746], [-75.6250482391673, 6.16276175313047], [-75.62523853797646, 6.162736867251004], [-75.62536389598588, 6.162708595538115], [-75.62549828503231, 6.162636238292068], [-75.62563267510296, 6.1625797083022755], [-75.62570269079067, 6.162519794279716], [-75.62576649508364, 6.16246440039315], [-75.62583707151555, 6.162388659940953], [-75.62588704511155, 6.162302338700959], [-75.62592345451235, 6.162239446866905], [-75.62593982625246, 6.162199884342974], [-75.62595111671764, 6.162172755000313], [-75.62602394215125, 6.161994154655003]]]}, "properties": {"OBJECTID": 48, "CODIGO_BAR": "06", "IDEM.Barrios_5.AREA": 220156.22965, "PERIMETRO": 2357.18029575, "NMG": "Yarumito", "MUNICIPIO": "360", "SE_ANNO_CAD_DATA": null, "SHAPE.AREA": 0, "SHAPE.LEN": 0, "nombre_barrio_estandarizado": "Yarumito", "municipio_estandarizado": "itagui"}}, {"type": "Feature", "geometry": {"type": "Polygon", "coordinates": [[[-75.62719640884232, 6.160405556042654], [-75.62700874620134, 6.16050629379721], [-75.62672983093073, 6.160637931514389], [-75.62649873057052, 6.160733670431482], [-75.62616801180094, 6.160845372968823], [-75.6259369042036, 6.1609092076834076], [-75.62563363377548, 6.160931180253244], [-75.62576635896208, 6.161195037388762], [-75.62594032485183, 6.161580461927466], [-75.62602394215125, 6.161994154655003], [-75.62595111671764, 6.162172755000313], [-75.62606631576038, 6.162199869496101], [-75.6260747871011, 6.162202130378357], [-75.62599914138012, 6.162407859023149], [-75.62590429009849, 6.1625864621508715], [-75.62588509577378, 6.162620373784266], [-75.625714583154, 6.1628441980695055], [-75.62561407392484, 6.162909767149577], [-75.62552486306, 6.16299003020011], [-75.62542830376441, 6.163018298403362], [-75.62530181323321, 6.16301944325307], [-75.62530069461415, 6.163118911948529], [-75.625338549063, 6.163309934794276], [-75.62556499050214, 6.163321213630112], [-75.6255418625469, 6.1635529354898155], [-75.62556614423887, 6.163555193499843], [-75.62552324963374, 6.163758657101871], [-75.62548880889454, 6.163809526192217], [-75.62564862056458, 6.163846811090993], [-75.62565257110865, 6.1638287240962475], [-75.62569040322722, 6.16381741778602], [-75.62573840150841, 6.1638174126779885], [-75.62580616682631, 6.163819665207594], [-75.62584174163905, 6.163823052757431], [-75.62585867285897, 6.1637213210748465], [-75.62592982393306, 6.163732616433763], [-75.625919103736, 6.163819653743016], [-75.6259501608502, 6.163806085414683], [-75.6259716189494, 6.163816256941932], [-75.62604390792227, 6.1638829389672045], [-75.62606365165948, 6.163699823142464], [-75.62619974488861, 6.16371789338987], [-75.62638778907744, 6.163749522359429], [-75.62653970250419, 6.163845584986846], [-75.62662497178925, 6.163847836098867], [-75.62662837761056, 6.1640219065899196], [-75.62662767510878, 6.164102344609727], [-75.62668384505345, 6.1641072090328795], [-75.6266895313114, 6.16410758149383], [-75.62673465899341, 6.164110528611669], [-75.62680061112266, 6.164050148068468], [-75.62681415595479, 6.163978934083293], [-75.62684689104685, 6.163813902258281], [-75.62683784748815, 6.16373025861373], [-75.62681694763369, 6.163670353294894], [-75.62674239300375, 6.163538111567061], [-75.62688074265115, 6.16354261876209], [-75.62693745442982, 6.163544532392695], [-75.62711452547039, 6.16355050574548], [-75.62711973332654, 6.1634054256186435], [-75.62712353363365, 6.163299570264628], [-75.6271285602906, 6.162779617189561], [-75.62712855928666, 6.162771704919879], [-75.6271476961764, 6.162199754363532], [-75.62716964646296, 6.161537375573664], [-75.62717352511196, 6.160839960677487], [-75.6271791091739, 6.160700238834431], [-75.62718970630797, 6.160547995556209], [-75.62719640884232, 6.160405556042654]]]}, "properties": {"OBJECTID": 49, "CODIGO_BAR": "07", "IDEM.Barrios_5.AREA": 51870.074214, "PERIMETRO": 1267.83799391, "NMG": "La Finca", "MUNICIPIO": "360", "SE_ANNO_CAD_DATA": null, "SHAPE.AREA": 0, "SHAPE.LEN": 0, "nombre_barrio_estandarizado": "La Finca", "municipio_estandarizado": "itagui"}}, {"type": "Feature", "geometry": {"type": "Polygon", "coordinates": [[[-75.63580318467602, 6.162172285963528], [-75.63556010601756, 6.162088566460874], [-75.63533695165715, 6.161992879052453], [-75.63513371944681, 6.161893202896479], [-75.6348746976749, 6.161777581117787], [-75.63445229612289, 6.161594180251273], [-75.63408568394091, 6.161434701877788], [-75.63372305909358, 6.161291176187359], [-75.63336043413985, 6.161151636118745], [-75.63296194764632, 6.161020078426726], [-75.6324757940761, 6.160852637642915], [-75.63215302218252, 6.1607489857218205], [-75.63198964895756, 6.160749004989644], [-75.63187409583442, 6.16077693479602], [-75.63173464102476, 6.160852724570259], [-75.63156729395254, 6.160956434394333], [-75.63141588770644, 6.16104817723543], [-75.63128838153631, 6.161088074115234], [-75.6311489175955, 6.161096066390446], [-75.63098155630331, 6.161060191668412], [-75.63077035768566, 6.160992418650349], [-75.63051532720273, 6.160908699212952], [-75.63033202657843, 6.160856874980798], [-75.63018458906521, 6.160836951258586], [-75.63000129517299, 6.160856912146352], [-75.6296625971312, 6.160880879778561], [-75.62951914578589, 6.160845004096436], [-75.62933584089018, 6.160773239725105], [-75.62912065840888, 6.160697489225949], [-75.62882577719942, 6.1605778792082475], [-75.62841533271718, 6.160394474769953], [-75.62805669675286, 6.160262907819], [-75.62785745401511, 6.160199120952997], [-75.6277271486307, 6.160200023631026], [-75.62762914170426, 6.16021132370744], [-75.62751722937043, 6.160242958462856], [-75.62732658451722, 6.160335676658448], [-75.62719640884232, 6.160405556042654], [-75.62718970630797, 6.160547995556209], [-75.6271791091739, 6.160700238834431], [-75.62717352511196, 6.160839960677487], [-75.62716964646296, 6.161537375573664], [-75.6271476961764, 6.162199754363532], [-75.62712855928666, 6.162771704919879], [-75.6271285602906, 6.162779617189561], [-75.62712353363365, 6.163299570264628], [-75.62711973332654, 6.1634054256186435], [-75.62711452547039, 6.16355050574548], [-75.62693745442982, 6.163544532392695], [-75.62688074265115, 6.16354261876209], [-75.62674239300375, 6.163538111567061], [-75.62681694763369, 6.163670353294894], [-75.62683784748815, 6.16373025861373], [-75.62684689104685, 6.163813902258281], [-75.62681415595479, 6.163978934083293], [-75.62680061112266, 6.164050148068468], [-75.62673465899341, 6.164110528611669], [-75.6266895313114, 6.16410758149383], [-75.62668384505345, 6.1641072090328795], [-75.62662767510878, 6.164102344609727], [-75.62662837761056, 6.1640219065899196], [-75.62662497178925, 6.163847836098867], [-75.62653970250419, 6.163845584986846], [-75.62638778907744, 6.163749522359429], [-75.62619974488861, 6.16371789338987], [-75.62606365165948, 6.163699823142464], [-75.62604390792227, 6.1638829389672045], [-75.6259716189494, 6.163816256941932], [-75.6259501608502, 6.163806085414683], [-75.625919103736, 6.163819653743016], [-75.62592982393306, 6.163732616433763], [-75.62585867285897, 6.1637213210748465], [-75.62584174163905, 6.163823052757431], [-75.62580616682631, 6.163819665207594], [-75.62573840150841, 6.1638174126779885], [-75.62569040322722, 6.16381741778602], [-75.62565257110865, 6.1638287240962475], [-75.62564862056458, 6.163846811090993], [-75.62548880889454, 6.163809526192217], [-75.62552324963374, 6.163758657101871], [-75.62556614423887, 6.163555193499843], [-75.6255418625469, 6.1635529354898155], [-75.62556499050214, 6.163321213630112], [-75.625338549063, 6.163309934794276], [-75.62530069461415, 6.163118911948529], [-75.62530181323321, 6.16301944325307], [-75.62542830376441, 6.163018298403362], [-75.62552486306, 6.16299003020011], [-75.62561407392484, 6.162909767149577], [-75.625714583154, 6.1628441980695055], [-75.62588509577378, 6.162620373784266], [-75.62590429009849, 6.1625864621508715], [-75.62599914138012, 6.162407859023149], [-75.6260747871011, 6.162202130378357], [-75.62606631576038, 6.162199869496101], [-75.62595111671764, 6.162172755000313], [-75.62593982625246, 6.162199884342974], [-75.62592345451235, 6.162239446866905], [-75.62583707151555, 6.162388659940953], [-75.62576649508364, 6.16246440039315], [-75.62570269079067, 6.162519794279716], [-75.62563267510296, 6.1625797083022755], [-75.62549828503231, 6.162636238292068], [-75.62536389598588, 6.162708595538115], [-75.62523853797646, 6.162736867251004], [-75.6250482391673, 6.16276175313047], [-75.62458068432873, 6.162827360815746], [-75.62414305112463, 6.162851144736455], [-75.62385901442735, 6.162859086051166], [-75.62384812827842, 6.162857501505357], [-75.62361054673566, 6.1628229402949035], [-75.62329769620563, 6.162698635011264], [-75.6230870499049, 6.162530238245939], [-75.62298426674148, 6.162437559465765], [-75.62271776879686, 6.162792511771686], [-75.62244450128792, 6.163216414547296], [-75.62237697760897, 6.163308036703377], [-75.6223253677453, 6.163378063086514], [-75.62244055958945, 6.1633407507752045], [-75.62265062887818, 6.163371250328455], [-75.62282399420148, 6.163428877671491], [-75.62312328845687, 6.163506841019513], [-75.6235654525866, 6.163632264265029], [-75.62359934883035, 6.163634124250882], [-75.62371580049535, 6.1636405192803405], [-75.62383255303105, 6.16364693088255], [-75.62417196385229, 6.163639347712133], [-75.62418830897283, 6.163638982431807], [-75.62441982844649, 6.163608438607878], [-75.6246383708591, 6.163678495871184], [-75.62482190897371, 6.163815248543704], [-75.6251889686636, 6.163910157660562], [-75.62525221556507, 6.163932756572449], [-75.62537758030928, 6.16395648140292], [-75.62576553132722, 6.1640434760617095], [-75.62616421129202, 6.164120295709249], [-75.62662726110862, 6.164149634984473], [-75.62668824826291, 6.16415301922492], [-75.62675375278214, 6.164156402882751], [-75.62701294895155, 6.164169938687654], [-75.62777923536446, 6.164176637600381], [-75.62787584378145, 6.164605022909853], [-75.62794533523196, 6.164912465750928], [-75.62790186248377, 6.164996116140623], [-75.62798263062191, 6.165149830635391], [-75.62799983939041, 6.165148569562658], [-75.62803554003092, 6.165145950680027], [-75.62812154410811, 6.165139642787129], [-75.62815542454527, 6.165137378225485], [-75.62819269490365, 6.165133984951648], [-75.6282305286045, 6.165128327860646], [-75.62825706755171, 6.165115892763521], [-75.62827626617609, 6.165102325847368], [-75.6282977217032, 6.165078586245969], [-75.62831126966766, 6.165046935424104], [-75.62832143297321, 6.165022066326826], [-75.62832594797702, 6.165003981082428], [-75.62833724082398, 6.164989284234143], [-75.62834740409029, 6.164984762644656], [-75.62837846232546, 6.164980237402508], [-75.62841629675617, 6.164980233339339], [-75.62846485870968, 6.1649734465753765], [-75.62851906773209, 6.164971179325556], [-75.62855520893675, 6.1649677834673176], [-75.6285936089742, 6.164968910282405], [-75.62862355722895, 6.164961853733955], [-75.62864160485816, 6.164957601515762], [-75.6286579803784, 6.164941774831943], [-75.62866418994125, 6.164930472467572], [-75.62867548217685, 6.164911253550735], [-75.62867886731108, 6.164887517229868], [-75.62867717110622, 6.164868300930851], [-75.62867886434839, 6.164858128316951], [-75.62868225109736, 6.164853605808708], [-75.62869919160792, 6.164847952348339], [-75.62871443784037, 6.1648445601462], [-75.62874097794301, 6.164841167358995], [-75.62876751908658, 6.164838902822485], [-75.62880027112067, 6.1648355074037635], [-75.62883584564732, 6.164836635491774], [-75.62886351590376, 6.164834370802987], [-75.62888215142905, 6.164832107304576], [-75.62888384449442, 6.16483436721585], [-75.62888723393588, 6.164850193096443], [-75.62889062455986, 6.1648750594911546], [-75.62889345212577, 6.164904447116328], [-75.62889684336061, 6.1649338373839], [-75.62890362238107, 6.164959832489861], [-75.62891040322259, 6.164985830298601], [-75.6289233923979, 6.16500504419939], [-75.62894372339973, 6.165016345765155], [-75.62896913481622, 6.165029906795733], [-75.62900019392993, 6.165038946813124], [-75.62902842979202, 6.165044593390532], [-75.62904898845177, 6.165043067138893], [-75.62905892194887, 6.165042330129027], [-75.62907981481887, 6.165033285939545], [-75.62909901249563, 6.165026500301282], [-75.62912611745926, 6.1650185862531], [-75.62915209344104, 6.1650117997044145], [-75.62918032616442, 6.165000494413933], [-75.62920347845598, 6.164993709143416], [-75.62923340605, 6.164984663751486], [-75.62925542726866, 6.164976748572961], [-75.6292757572189, 6.164973354767838], [-75.62930229414924, 6.1649597877691], [-75.6293135874241, 6.164948484719702], [-75.62932770497609, 6.164941699741097], [-75.6293429493989, 6.164931526238717], [-75.62936271448585, 6.164925871473943], [-75.62938191291025, 6.164917956664357], [-75.62940280531328, 6.164912303566488], [-75.6294242634698, 6.164908909612576], [-75.62944515722154, 6.164906646700259], [-75.62946943727047, 6.164896471989439], [-75.62948806962487, 6.164884035193136], [-75.62951573882282, 6.164873860024571], [-75.62954735961374, 6.164854640202444], [-75.62958914469417, 6.164838810121482], [-75.62965803319932, 6.164803762622727], [-75.6296834441485, 6.164793585939388], [-75.62969417389826, 6.1647901934064375], [-75.6297235367579, 6.164786800200204], [-75.62975120653992, 6.1647811452774235], [-75.62978339247982, 6.164773229627707], [-75.62980484910709, 6.164765312700362], [-75.62983364785916, 6.164758529369027], [-75.62985736377505, 6.164751744007576], [-75.62988898590964, 6.164749480552781], [-75.62992569145452, 6.164744953569191], [-75.62996296156378, 6.1647404283163585], [-75.63000022986476, 6.164735903070102], [-75.63004371130668, 6.164733638012498], [-75.63007476812008, 6.164732503786212], [-75.63011429690627, 6.1647313693166925], [-75.63014874346472, 6.164727973591407], [-75.63018770512367, 6.164721187077152], [-75.63022440975269, 6.164709879696342], [-75.63025659566509, 6.164701963118783], [-75.63029273452365, 6.164688394784144], [-75.63031870941154, 6.164680480845116], [-75.630348072534, 6.16467256464021], [-75.63037856537613, 6.164669169438986], [-75.63040397691854, 6.164670297883598], [-75.63042171001555, 6.164670965205038], [-75.63042558676095, 6.164671111503995], [-75.63043390580987, 6.164671423910482], [-75.63046835101342, 6.164671421076601], [-75.63048926352045, 6.164672052807232], [-75.63050562185659, 6.164672547008062], [-75.6305474074812, 6.164668019310352], [-75.63058016080939, 6.16466123540217], [-75.6306100860618, 6.164648797963214], [-75.630643401665, 6.164638620180978], [-75.63068123537501, 6.164627311719731], [-75.63072076306865, 6.164618265866532], [-75.63076367869103, 6.164606957618337], [-75.63080433518047, 6.164595649675345], [-75.63083087474556, 6.164588863895053], [-75.63085402820117, 6.164591122685421], [-75.63088395602315, 6.164591118630443], [-75.6308913593347, 6.164592938084684], [-75.63090750534406, 6.164596903972744], [-75.63091614494887, 6.164599026506295], [-75.63094550640318, 6.164592243057512], [-75.63097487023147, 6.164576414570161], [-75.63100197373852, 6.164565108457102], [-75.63104093547872, 6.164552668861702], [-75.63107989826646, 6.164534579847717], [-75.63112168338586, 6.164519880642542], [-75.6311120384684, 6.164136699489465], [-75.63109278767331, 6.163690218946358], [-75.63122323517301, 6.163729766118711], [-75.63133617703824, 6.1637500982332245], [-75.6314801739624, 6.163763646635437], [-75.63164167766203, 6.1637783217593025], [-75.63184779100231, 6.163791860670217], [-75.63185728979953, 6.163793287350061], [-75.63192686755409, 6.1638037497573235], [-75.6320205900405, 6.163817838356596], [-75.6321052108627, 6.163816151031226], [-75.63213465699509, 6.16381556438353], [-75.632221618935, 6.163806511030139], [-75.63239271653194, 6.163782754377951], [-75.63239723101123, 6.163748842872146], [-75.63241301953018, 6.163564596415696], [-75.63242936447216, 6.163301228415202], [-75.63246097771578, 6.163228882070248], [-75.63254680039822, 6.163127141240808], [-75.63269417475618, 6.163044611114629], [-75.63287091498447, 6.162982421626085], [-75.63300022437457, 6.162958667963423], [-75.63307758657871, 6.162947356643864], [-75.6333215359947, 6.162972193176264], [-75.63356209889923, 6.163009465241577], [-75.63372021807015, 6.1630603112451015], [-75.63389302036799, 6.163119067357931], [-75.6341047899392, 6.163212859721218], [-75.6342278997031, 6.163277272974424], [-75.63436174085379, 6.163343947492813], [-75.63444805046662, 6.16336785683311], [-75.63450856579422, 6.163384621531825], [-75.63468304680642, 6.163367318687221], [-75.63472540375162, 6.163363118774978], [-75.63479217383357, 6.1633431870412085], [-75.63490722654805, 6.163308839263692], [-75.63508565939934, 6.163236476532635], [-75.63514325655156, 6.163211601595722], [-75.63530531291093, 6.1631403703091125], [-75.6354470375661, 6.163046536208703], [-75.6355254384321, 6.163024080644835], [-75.63553115626681, 6.163022442255949], [-75.63556867535199, 6.163011696507305], [-75.63559246029376, 6.163009428135545], [-75.6355969188701, 6.163009054408362], [-75.63552434836791, 6.162926066513261], [-75.63559206578492, 6.162746594613396], [-75.63566376846502, 6.162567121997328], [-75.63576335385095, 6.162303896161702], [-75.63580318467602, 6.162172285963528]]]}, "properties": {"OBJECTID": 50, "CODIGO_BAR": "08", "IDEM.Barrios_5.AREA": 352654.731148, "PERIMETRO": 4345.16620538, "NMG": "Santa Catalina", "MUNICIPIO": "360", "SE_ANNO_CAD_DATA": null, "SHAPE.AREA": 0, "SHAPE.LEN": 0, "nombre_barrio_estandarizado": "Santa Catalina", "municipio_estandarizado": "itagui"}}, {"type": "Feature", "geometry": {"type": "Polygon", "coordinates": [[[-75.64624297251677, 6.168671852614782], [-75.64620081246161, 6.168622333673615], [-75.6461201622259, 6.168541640382876], [-75.64600653754758, 6.168457856411897], [-75.6459313595155, 6.168308717241319], [-75.64592032743123, 6.168200341541392], [-75.64592399390826, 6.168057428086118], [-75.64589648643646, 6.16794187481658], [-75.64586896578973, 6.167736445585599], [-75.64582861206314, 6.16750166807854], [-75.64577908289375, 6.167170022163186], [-75.64574433972872, 6.167007558008458], [-75.64570489501207, 6.16676714737161], [-75.64564417366385, 6.166328602717007], [-75.64559353423576, 6.166113946782172], [-75.64554530244436, 6.165872758849217], [-75.6455211783686, 6.165711161271544], [-75.64550670235475, 6.165590565515325], [-75.64549945511067, 6.165467558034899], [-75.6452873821806, 6.165472411883549], [-75.64515001849635, 6.165484492198694], [-75.6449885549583, 6.165503809666682], [-75.64481844228156, 6.16551798988498], [-75.64463189158606, 6.165537628000081], [-75.64444873790764, 6.165552125086207], [-75.64431378293573, 6.165561793014034], [-75.64421497709655, 6.16556904214312], [-75.64414267841526, 6.16555940507397], [-75.64410651742425, 6.165467754799919], [-75.64407516703059, 6.1653206312747555], [-75.64405104702186, 6.165168682239872], [-75.64401970357817, 6.165069795587596], [-75.64393775483875, 6.164982976827397], [-75.64381966491295, 6.164958874476223], [-75.64365337461378, 6.164920306167919], [-75.6435160021927, 6.164884145497803], [-75.6434412863843, 6.164821446712503], [-75.64340029583389, 6.164667088832061], [-75.6433400317474, 6.164541674541768], [-75.64314964180741, 6.16450069788382], [-75.6429327396232, 6.164438016445325], [-75.64268691598306, 6.164351222008659], [-75.64252062471886, 6.164310241250105], [-75.64240012873191, 6.164310256716967], [-75.64228686521045, 6.164319919483966], [-75.64209889212755, 6.164329593844908], [-75.64189404990135, 6.164346505487352], [-75.64161208434503, 6.164317601078205], [-75.64139277966008, 6.164291099771109], [-75.6411999841267, 6.164293538259212], [-75.6411373311577, 6.16432248896116], [-75.64103036912888, 6.164388249569945], [-75.6408483786618, 6.1644699198972095], [-75.6407464442798, 6.16448987569149], [-75.64065084583848, 6.16447010350788], [-75.64031070675732, 6.164170647871385], [-75.64015647557628, 6.164192375180126], [-75.64000465494259, 6.164233399077773], [-75.63979500274638, 6.164313021993639], [-75.63970584138119, 6.16435886127597], [-75.63962149307156, 6.164351636419419], [-75.6395491919722, 6.164322701803516], [-75.63949375783463, 6.164269645969504], [-75.63942626988934, 6.16419970895342], [-75.6393274408488, 6.164026060602012], [-75.63923583959337, 6.163847587675705], [-75.6391587162776, 6.163799359228764], [-75.63901893639587, 6.163770435098449], [-75.63871287286933, 6.16374153259755], [-75.63836584863527, 6.163768107877778], [-75.637970628637, 6.163818810076241], [-75.63771036402447, 6.1638743196964105], [-75.63754890332085, 6.163905695672025], [-75.63729586130361, 6.163900904756562], [-75.63717295243362, 6.163891272113163], [-75.63707550338866, 6.163898787938156], [-75.6370058232471, 6.163941972864132], [-75.63692286773663, 6.164021036381216], [-75.63684964867275, 6.164079432217217], [-75.63677868250207, 6.164112074178439], [-75.63652800872563, 6.164202919342149], [-75.63639120573205, 6.164216032407682], [-75.63633885871069, 6.164188654741663], [-75.63633884806517, 6.164107692891112], [-75.63633645332547, 6.163988631844298], [-75.63631499013972, 6.163587398253789], [-75.63620432439947, 6.163331430661561], [-75.63613768462486, 6.1631611811796585], [-75.63607106545071, 6.163142139746306], [-75.63591760360809, 6.163123109333257], [-75.6357724663772, 6.1630969336906505], [-75.63567372634813, 6.163068372355133], [-75.63560803967793, 6.163021770878728], [-75.6355969188701, 6.163009054408362], [-75.63559246029376, 6.163009428135545], [-75.63556867535199, 6.163011696507305], [-75.63553115626681, 6.163022442255949], [-75.6355254384321, 6.163024080644835], [-75.6354470375661, 6.163046536208703], [-75.63530531291093, 6.1631403703091125], [-75.63514325655156, 6.163211601595722], [-75.63508565939934, 6.163236476532635], [-75.63490722654805, 6.163308839263692], [-75.63479217383357, 6.1633431870412085], [-75.63472540375162, 6.163363118774978], [-75.63468304680642, 6.163367318687221], [-75.63450856579422, 6.163384621531825], [-75.63444805046662, 6.16336785683311], [-75.63436174085379, 6.163343947492813], [-75.6342278997031, 6.163277272974424], [-75.6341047899392, 6.163212859721218], [-75.63389302036799, 6.163119067357931], [-75.63372021807015, 6.1630603112451015], [-75.63356209889923, 6.163009465241577], [-75.6333215359947, 6.162972193176264], [-75.63307758657871, 6.162947356643864], [-75.63300022437457, 6.162958667963423], [-75.63287091498447, 6.162982421626085], [-75.63269417475618, 6.163044611114629], [-75.63254680039822, 6.163127141240808], [-75.63246097771578, 6.163228882070248], [-75.63242936447216, 6.163301228415202], [-75.63241301953018, 6.163564596415696], [-75.63239723101123, 6.163748842872146], [-75.63239271653194, 6.163782754377951], [-75.632221618935, 6.163806511030139], [-75.63213465699509, 6.16381556438353], [-75.6321052108627, 6.163816151031226], [-75.6320205900405, 6.163817838356596], [-75.63192686755409, 6.1638037497573235], [-75.63185728979953, 6.163793287350061], [-75.63184779100231, 6.163791860670217], [-75.63164167766203, 6.1637783217593025], [-75.6314801739624, 6.163763646635437], [-75.63133617703824, 6.1637500982332245], [-75.63122323517301, 6.163729766118711], [-75.63109278767331, 6.163690218946358], [-75.6311120384684, 6.164136699489465], [-75.63112168338586, 6.164519880642542], [-75.63107989826646, 6.164534579847717], [-75.63104093547872, 6.164552668861702], [-75.63100197373852, 6.164565108457102], [-75.63097487023147, 6.164576414570161], [-75.63094550640318, 6.164592243057512], [-75.63091614494887, 6.164599026506295], [-75.63090750534406, 6.164596903972744], [-75.6308913593347, 6.164592938084684], [-75.63088395602315, 6.164591118630443], [-75.63085402820117, 6.164591122685421], [-75.63083087474556, 6.164588863895053], [-75.63080433518047, 6.164595649675345], [-75.63076367869103, 6.164606957618337], [-75.63072076306865, 6.164618265866532], [-75.63068123537501, 6.164627311719731], [-75.630643401665, 6.164638620180978], [-75.6306100860618, 6.164648797963214], [-75.63058016080939, 6.16466123540217], [-75.6305474074812, 6.164668019310352], [-75.63050562185659, 6.164672547008062], [-75.63048926352045, 6.164672052807232], [-75.63046835101342, 6.164671421076601], [-75.63043390580987, 6.164671423910482], [-75.63042558676095, 6.164671111503995], [-75.63042171001555, 6.164670965205038], [-75.63040397691854, 6.164670297883598], [-75.63037856537613, 6.164669169438986], [-75.630348072534, 6.16467256464021], [-75.63031870941154, 6.164680480845116], [-75.63029273452365, 6.164688394784144], [-75.63025659566509, 6.164701963118783], [-75.63022440975269, 6.164709879696342], [-75.63018770512367, 6.164721187077152], [-75.63014874346472, 6.164727973591407], [-75.63011429690627, 6.1647313693166925], [-75.63007476812008, 6.164732503786212], [-75.63004371130668, 6.164733638012498], [-75.63000022986476, 6.164735903070102], [-75.62996296156378, 6.1647404283163585], [-75.62992569145452, 6.164744953569191], [-75.62988898590964, 6.164749480552781], [-75.62985736377505, 6.164751744007576], [-75.62983364785916, 6.164758529369027], [-75.62980484910709, 6.164765312700362], [-75.62978339247982, 6.164773229627707], [-75.62975120653992, 6.1647811452774235], [-75.6297235367579, 6.164786800200204], [-75.62969417389826, 6.1647901934064375], [-75.6296834441485, 6.164793585939388], [-75.62965803319932, 6.164803762622727], [-75.62958914469417, 6.164838810121482], [-75.62954735961374, 6.164854640202444], [-75.62951573882282, 6.164873860024571], [-75.62948806962487, 6.164884035193136], [-75.62946943727047, 6.164896471989439], [-75.62944515722154, 6.164906646700259], [-75.6294242634698, 6.164908909612576], [-75.62940280531328, 6.164912303566488], [-75.62938191291025, 6.164917956664357], [-75.62936271448585, 6.164925871473943], [-75.6293429493989, 6.164931526238717], [-75.62932770497609, 6.164941699741097], [-75.6293135874241, 6.164948484719702], [-75.62930229414924, 6.1649597877691], [-75.6292757572189, 6.164973354767838], [-75.62925542726866, 6.164976748572961], [-75.62923340605, 6.164984663751486], [-75.62920347845598, 6.164993709143416], [-75.62918032616442, 6.165000494413933], [-75.62915209344104, 6.1650117997044145], [-75.62912611745926, 6.1650185862531], [-75.62909901249563, 6.165026500301282], [-75.62907981481887, 6.165033285939545], [-75.62905892194887, 6.165042330129027], [-75.62904898845177, 6.165043067138893], [-75.62902842979202, 6.165044593390532], [-75.62900019392993, 6.165038946813124], [-75.62896913481622, 6.165029906795733], [-75.62894372339973, 6.165016345765155], [-75.6289233923979, 6.16500504419939], [-75.62891040322259, 6.164985830298601], [-75.62890362238107, 6.164959832489861], [-75.62889684336061, 6.1649338373839], [-75.62889345212577, 6.164904447116328], [-75.62889062455986, 6.1648750594911546], [-75.62888723393588, 6.164850193096443], [-75.62888384449442, 6.16483436721585], [-75.62888215142905, 6.164832107304576], [-75.62886351590376, 6.164834370802987], [-75.62883584564732, 6.164836635491774], [-75.62880027112067, 6.1648355074037635], [-75.62876751908658, 6.164838902822485], [-75.62874097794301, 6.164841167358995], [-75.62871443784037, 6.1648445601462], [-75.62869919160792, 6.164847952348339], [-75.62868225109736, 6.164853605808708], [-75.62867886434839, 6.164858128316951], [-75.62867717110622, 6.164868300930851], [-75.62867886731108, 6.164887517229868], [-75.62867548217685, 6.164911253550735], [-75.62866418994125, 6.164930472467572], [-75.6286579803784, 6.164941774831943], [-75.62864160485816, 6.164957601515762], [-75.62862355722895, 6.164961853733955], [-75.6285936089742, 6.164968910282405], [-75.62855520893675, 6.1649677834673176], [-75.62851906773209, 6.164971179325556], [-75.62846485870968, 6.1649734465753765], [-75.62841629675617, 6.164980233339339], [-75.62837846232546, 6.164980237402508], [-75.62834740409029, 6.164984762644656], [-75.62833724082398, 6.164989284234143], [-75.62832594797702, 6.165003981082428], [-75.62832143297321, 6.165022066326826], [-75.62831126966766, 6.165046935424104], [-75.6282977217032, 6.165078586245969], [-75.62827626617609, 6.165102325847368], [-75.62825706755171, 6.165115892763521], [-75.6282305286045, 6.165128327860646], [-75.62819269490365, 6.165133984951648], [-75.62815542454527, 6.165137378225485], [-75.62812154410811, 6.165139642787129], [-75.62803554003092, 6.165145950680027], [-75.62799983939041, 6.165148569562658], [-75.62798263062191, 6.165149830635391], [-75.62790186248377, 6.164996116140623], [-75.62739759597143, 6.165030081802079], [-75.62694287623442, 6.165049270919274], [-75.62667253560362, 6.165060677903508], [-75.62623094649167, 6.1650607261481065], [-75.62595764440088, 6.16515118249819], [-75.6258701210063, 6.165190753173466], [-75.6256053122049, 6.16550162298334], [-75.6255578844092, 6.16555701402952], [-75.62553850549465, 6.165596195440327], [-75.62550029951284, 6.1656734444602055], [-75.62542688633185, 6.1656553654262], [-75.62536195641593, 6.1657480599501735], [-75.62532639450934, 6.165876922876796], [-75.62530890684532, 6.166043082987794], [-75.62529438206101, 6.166139868529266], [-75.62525777854266, 6.166383800145496], [-75.62525021928349, 6.1664341842062], [-75.62523272627196, 6.166550610506186], [-75.62522087549677, 6.166633126837597], [-75.62525815268062, 6.166696421268121], [-75.62535755054535, 6.166816226560805], [-75.62537732413746, 6.166897608794373], [-75.62538298014367, 6.1669936864183645], [-75.62644631198859, 6.167104343619024], [-75.62647962906429, 6.1671099923572115], [-75.62637072386208, 6.167865066298437], [-75.62597055647666, 6.169752766448793], [-75.62604171045717, 6.169786669113518], [-75.6264929529172, 6.170242144236569], [-75.62692837812205, 6.170647887000998], [-75.62724519748366, 6.170871657436899], [-75.6275540714733, 6.171040974113831], [-75.62762865109487, 6.171081858712464], [-75.6276405114801, 6.171088638406109], [-75.62771449216453, 6.171149668237999], [-75.62774783397875, 6.171056203561346], [-75.62775401034187, 6.171038891193539], [-75.62777320458203, 6.170991416826387], [-75.62785507918508, 6.170938280965839], [-75.62797026965265, 6.170853492437282], [-75.62807529340768, 6.170768706188749], [-75.62811426076469, 6.170800351774879], [-75.62815435153934, 6.17076304606226], [-75.62817750272434, 6.170752870536164], [-75.62825260631774, 6.170741557900999], [-75.62836327715517, 6.170661293830698], [-75.62837400578626, 6.170642076747345], [-75.62838359489116, 6.170552779547807], [-75.62848014822013, 6.170461211316126], [-75.62853322264982, 6.170401297126901], [-75.62855976205815, 6.170377556735551], [-75.62862074925648, 6.170376421092492], [-75.6286693162614, 6.170403542359537], [-75.62871336771228, 6.170444230429491], [-75.62878226822427, 6.17052560647049], [-75.6288839196797, 6.170573068848324], [-75.62888973845385, 6.170574473028669], [-75.62904316987323, 6.170611480988196], [-75.62905055993694, 6.1706109608148205], [-75.62908011654689, 6.170608873810004], [-75.62912335704738, 6.170605822386474], [-75.62918547088255, 6.170586599165539], [-75.62922273381962, 6.170526688008287], [-75.62935881104366, 6.170396683049069], [-75.62944351085403, 6.170343548458889], [-75.62952934342903, 6.170336757173281], [-75.62964906106342, 6.1703593500878675], [-75.62975691803362, 6.170346903593305], [-75.6298133859101, 6.170338984447959], [-75.62990599751804, 6.170350277696899], [-75.630065246463, 6.170373997800138], [-75.63008105831243, 6.170377386700278], [-75.63011014651264, 6.170393333256874], [-75.63020473413992, 6.170445191391597], [-75.63031767288058, 6.170431614013514], [-75.63041997458913, 6.170496627691334], [-75.63048483539437, 6.170537847350543], [-75.63054638628095, 6.170531058377337], [-75.63078639633784, 6.17064293260721], [-75.63099816631926, 6.170720901566668], [-75.63106932324742, 6.1707615846340325], [-75.63119920628094, 6.170775133383913], [-75.63123365515025, 6.170792084873454], [-75.63136921264585, 6.1710543060819125], [-75.6314477104475, 6.171092727902774], [-75.63167529328742, 6.171179736530285], [-75.63176565114343, 6.171215897370452], [-75.63179049924042, 6.17124189157922], [-75.6318486706068, 6.171302922870717], [-75.63198083356377, 6.171492804010065], [-75.63206554116086, 6.171527833722811], [-75.63209152323415, 6.171568523045697], [-75.6321305083064, 6.171753891799042], [-75.63217117298228, 6.17180927522655], [-75.63237333627244, 6.171820553049527], [-75.63266587393271, 6.1720126744421036], [-75.63277373302971, 6.1720149234343245], [-75.63289909760115, 6.172038644639531], [-75.63313738536816, 6.171910889617559], [-75.6334044446365, 6.171545758944972], [-75.63374324556332, 6.171385211960741], [-75.63378051423061, 6.171375033251812], [-75.63383246978863, 6.17140893737677], [-75.63384395630767, 6.1714290760594315], [-75.63388725727344, 6.1715050088207635], [-75.63391034977226, 6.171500909475843], [-75.63393186830604, 6.171497091847368], [-75.6340239119246, 6.171478993748748], [-75.63407417322072, 6.1715027248355145], [-75.63408491728634, 6.171627060537648], [-75.63410922915449, 6.171863296334196], [-75.63416007061339, 6.172017015786041], [-75.6342683394609, 6.17195452175868], [-75.63434810102684, 6.171908481495764], [-75.63457622107101, 6.171753597946879], [-75.63461686260312, 6.171608910909463], [-75.63461967945953, 6.171562567228319], [-75.6346597631379, 6.171475525042172], [-75.63494717455175, 6.171320633574665], [-75.63507083437362, 6.171241495699591], [-75.63510866642292, 6.171217754315527], [-75.63514424088844, 6.171198533497534], [-75.63535486024801, 6.171088864722334], [-75.63548134149848, 6.171007466270198], [-75.6359285439546, 6.170696569153509], [-75.63638592091398, 6.170460271310163], [-75.63675012849042, 6.170288415070505], [-75.63714199766946, 6.170035169588845], [-75.63751749298615, 6.169821489304074], [-75.63762251897589, 6.169761569459362], [-75.63776594935365, 6.169731031525076], [-75.63810928261385, 6.169708379665407], [-75.63824424229101, 6.169686886083624], [-75.63842211656524, 6.169659735598419], [-75.63856724462946, 6.169656324877178], [-75.63874738982221, 6.169706035778279], [-75.63895068248141, 6.169718443965577], [-75.63903482193051, 6.169715040755984], [-75.63912064664213, 6.16965738198313], [-75.63934764407743, 6.169569187051874], [-75.63961868231853, 6.169440293277526], [-75.63971015115997, 6.169350985713563], [-75.6397474092769, 6.169252639840529], [-75.63973384607499, 6.169187083438116], [-75.63972311048495, 6.169135089947594], [-75.63966943792569, 6.1689327661170905], [-75.63969991691286, 6.168823119867108], [-75.63974113462986, 6.16878581442084], [-75.64032329810385, 6.168488458693602], [-75.64038846582787, 6.168787789822079], [-75.640470208502, 6.169163248668985], [-75.64065937748057, 6.169133834760821], [-75.64086943972613, 6.169094243390314], [-75.64093780267427, 6.169357602823936], [-75.64085366538372, 6.169373439603891], [-75.64081583027335, 6.169380225013718], [-75.64082091738203, 6.169407352719029], [-75.6408339124132, 6.169454825561852], [-75.64063514475534, 6.169505716639728], [-75.6406433953578, 6.169539991393166], [-75.6406442733816, 6.169543643893372], [-75.64064983558707, 6.1695667525811455], [-75.64065111530073, 6.169566519317773], [-75.64073679571692, 6.16955091627881], [-75.64085594322022, 6.169520381452311], [-75.64095250315715, 6.169496631413446], [-75.64104346976977, 6.169870759539215], [-75.64085373678364, 6.169904694892019], [-75.64086221053583, 6.169932953021682], [-75.64090007090014, 6.170119451019037], [-75.64093451491652, 6.170105883098205], [-75.6409734829366, 6.170134136369679], [-75.64098478219155, 6.170173697286169], [-75.64103447593922, 6.170173690277371], [-75.6410457777087, 6.170234726723603], [-75.64105425489744, 6.170278808294064], [-75.64107516083175, 6.170370362778776], [-75.64104015009312, 6.170376019532504], [-75.64097746948404, 6.17038054702112], [-75.64092100118889, 6.170392989313597], [-75.64092439178147, 6.170407683985508], [-75.6409418981391, 6.170416724338962], [-75.64095036902977, 6.170426895282352], [-75.64099441865517, 6.170441583471041], [-75.64104862835865, 6.170432533498544], [-75.64106732957131, 6.170447914300401], [-75.64108326808861, 6.170461021581472], [-75.64108985554772, 6.170466438464148], [-75.64113730645826, 6.1704560424520345], [-75.6411621336445, 6.170450604378155], [-75.64133436038652, 6.170396325255025], [-75.64139364999846, 6.170369188167448], [-75.64149754926486, 6.170328483293051], [-75.64155175059886, 6.170261785220644], [-75.6415517406481, 6.170182661634236], [-75.64163926244036, 6.170137436455655], [-75.64168273824637, 6.170094478440529], [-75.64174372057059, 6.170067341974425], [-75.64179227320274, 6.1699814302931095], [-75.64185494227944, 6.169877431883575], [-75.6419334289065, 6.169841250372006], [-75.6419802981629, 6.169836720821561], [-75.64213163943612, 6.1698604384210105], [-75.64223611506677, 6.1698943348920965], [-75.6422654895368, 6.169888748547266], [-75.64240269494601, 6.169862661124879], [-75.64245916254538, 6.169846828558043], [-75.64258847495653, 6.169824204791863], [-75.6427573200935, 6.169825311095344], [-75.64298545921046, 6.1698275404649285], [-75.64301934111265, 6.169829796865306], [-75.64308145938345, 6.169851263162252], [-75.64313469011391, 6.169857047777914], [-75.64318536585402, 6.169862553069987], [-75.64325877552615, 6.169852368823921], [-75.64331242178946, 6.169856882987051], [-75.64342310438204, 6.169871562799936], [-75.64344243345194, 6.169870013106936], [-75.6434564298011, 6.169868890387897], [-75.64350780843473, 6.169864768635434], [-75.64362073473055, 6.169768674114647], [-75.64374609730712, 6.169765267028323], [-75.6437568253105, 6.1697630042672955], [-75.6437992057638, 6.169955155659659], [-75.64375520221645, 6.170270523909071], [-75.64398153246964, 6.170718871669233], [-75.64403762979953, 6.170829998853193], [-75.6441291046205, 6.170782511647834], [-75.64417032418477, 6.170753118083483], [-75.6443137459989, 6.17067623371848], [-75.64463842750186, 6.170533766357127], [-75.6449264054821, 6.170408259356423], [-75.64517372245487, 6.17026580198446], [-75.64547862524682, 6.170028388166991], [-75.64563334504435, 6.169968457866802], [-75.6458484870724, 6.169910781099428], [-75.64606983526853, 6.169824842967517], [-75.64613417889028, 6.169776173252747], [-75.64611237226674, 6.169738251427701], [-75.6460863029942, 6.169632979952692], [-75.64603897207657, 6.169328750965068], [-75.64604145249432, 6.169212981785113], [-75.64606343169899, 6.169128602479693], [-75.64611656111778, 6.168981855950409], [-75.64618069047579, 6.16887546260598], [-75.64623382402154, 6.168767233574839], [-75.64624297251677, 6.168671852614782]]]}, "properties": {"OBJECTID": 51, "CODIGO_BAR": "39", "IDEM.Barrios_5.AREA": 1505519.52021, "PERIMETRO": 6967.85494997, "NMG": "Ditares", "MUNICIPIO": "360", "SE_ANNO_CAD_DATA": null, "SHAPE.AREA": 0, "SHAPE.LEN": 0, "nombre_barrio_estandarizado": "Ditares", "municipio_estandarizado": "itagui"}}, {"type": "Feature", "geometry": {"type": "Polygon", "coordinates": [[[-75.64403762979953, 6.170829998853193], [-75.64398153246964, 6.170718871669233], [-75.64375520221645, 6.170270523909071], [-75.6437992057638, 6.169955155659659], [-75.6437568253105, 6.1697630042672955], [-75.64374609730712, 6.169765267028323], [-75.64362073473055, 6.169768674114647], [-75.64350780843473, 6.169864768635434], [-75.6434564298011, 6.169868890387897], [-75.64344243345194, 6.169870013106936], [-75.64342310438204, 6.169871562799936], [-75.64331242178946, 6.169856882987051], [-75.64325877552615, 6.169852368823921], [-75.64318536585402, 6.169862553069987], [-75.64313469011391, 6.169857047777914], [-75.64308145938345, 6.169851263162252], [-75.64301934111265, 6.169829796865306], [-75.64298545921046, 6.1698275404649285], [-75.6427573200935, 6.169825311095344], [-75.64258847495653, 6.169824204791863], [-75.64245916254538, 6.169846828558043], [-75.64240269494601, 6.169862661124879], [-75.6422654895368, 6.169888748547266], [-75.64223611506677, 6.1698943348920965], [-75.64213163943612, 6.1698604384210105], [-75.6419802981629, 6.169836720821561], [-75.6419334289065, 6.169841250372006], [-75.64185494227944, 6.169877431883575], [-75.64179227320274, 6.1699814302931095], [-75.64174372057059, 6.170067341974425], [-75.64168273824637, 6.170094478440529], [-75.64163926244036, 6.170137436455655], [-75.6415517406481, 6.170182661634236], [-75.64155175059886, 6.170261785220644], [-75.64149754926486, 6.170328483293051], [-75.64139364999846, 6.170369188167448], [-75.64133436038652, 6.170396325255025], [-75.6411621336445, 6.170450604378155], [-75.64113730645826, 6.1704560424520345], [-75.64108985554772, 6.170466438464148], [-75.64108326808861, 6.170461021581472], [-75.64106732957131, 6.170447914300401], [-75.64104862835865, 6.170432533498544], [-75.64099441865517, 6.170441583471041], [-75.64095036902977, 6.170426895282352], [-75.6409418981391, 6.170416724338962], [-75.64092439178147, 6.170407683985508], [-75.64092100118889, 6.170392989313597], [-75.64097746948404, 6.17038054702112], [-75.64104015009312, 6.170376019532504], [-75.64107516083175, 6.170370362778776], [-75.64105425489744, 6.170278808294064], [-75.6410457777087, 6.170234726723603], [-75.64103447593922, 6.170173690277371], [-75.64098478219155, 6.170173697286169], [-75.6409734829366, 6.170134136369679], [-75.64093451491652, 6.170105883098205], [-75.64090007090014, 6.170119451019037], [-75.64086221053583, 6.169932953021682], [-75.64085373678364, 6.169904694892019], [-75.64104346976977, 6.169870759539215], [-75.64095250315715, 6.169496631413446], [-75.64085594322022, 6.169520381452311], [-75.64073679571692, 6.16955091627881], [-75.64065111530073, 6.169566519317773], [-75.64064983558707, 6.1695667525811455], [-75.6406442733816, 6.169543643893372], [-75.6406433953578, 6.169539991393166], [-75.64063514475534, 6.169505716639728], [-75.6408339124132, 6.169454825561852], [-75.64082091738203, 6.169407352719029], [-75.64081583027335, 6.169380225013718], [-75.64085366538372, 6.169373439603891], [-75.64093780267427, 6.169357602823936], [-75.64086943972613, 6.169094243390314], [-75.64065937748057, 6.169133834760821], [-75.640470208502, 6.169163248668985], [-75.64038846582787, 6.168787789822079], [-75.64032329810385, 6.168488458693602], [-75.63974113462986, 6.16878581442084], [-75.63969991691286, 6.168823119867108], [-75.63966943792569, 6.1689327661170905], [-75.63972311048495, 6.169135089947594], [-75.63973384607499, 6.169187083438116], [-75.6397474092769, 6.169252639840529], [-75.63971015115997, 6.169350985713563], [-75.63961868231853, 6.169440293277526], [-75.63934764407743, 6.169569187051874], [-75.63912064664213, 6.16965738198313], [-75.63903482193051, 6.169715040755984], [-75.63912012958654, 6.170004394823167], [-75.63919640169233, 6.1703050526098515], [-75.638861550604, 6.170422651241259], [-75.63880169898249, 6.170467873592833], [-75.63874074849785, 6.170754985814399], [-75.63858660062073, 6.170856735520858], [-75.63861033178631, 6.170977678515253], [-75.63878538293466, 6.170934701964208], [-75.6388187223186, 6.171100857382529], [-75.63884810486807, 6.1712410149071], [-75.63888426908773, 6.171413951095333], [-75.63837435993068, 6.171530440688663], [-75.6385704128025, 6.172315996711695], [-75.63865968427449, 6.1726935161561745], [-75.63910405682866, 6.172332882834672], [-75.63953716749648, 6.17222544306072], [-75.63992115024269, 6.172123662883387], [-75.64057109787132, 6.171956286082383], [-75.64093870499455, 6.171871463274974], [-75.64099234900971, 6.171860152330358], [-75.64117756377206, 6.171805871880884], [-75.64166546387955, 6.171803543029938], [-75.64202517686418, 6.171793321485326], [-75.6421098749246, 6.171752618616166], [-75.64240293449234, 6.171603373299189], [-75.64264461288032, 6.171510653341352], [-75.64273439473065, 6.171471078721909], [-75.64309407558032, 6.171240442311421], [-75.64346730774305, 6.171001888682099], [-75.64403762979953, 6.170829998853193]]]}, "properties": {"OBJECTID": 52, "CODIGO_BAR": "40", "IDEM.Barrios_5.AREA": 134198.050885, "PERIMETRO": 2180.04951349, "NMG": "San Francisco", "MUNICIPIO": "360", "SE_ANNO_CAD_DATA": null, "SHAPE.AREA": 0, "SHAPE.LEN": 0, "nombre_barrio_estandarizado": "San Francisco", "municipio_estandarizado": "itagui"}}, {"type": "Feature", "geometry": {"type": "Polygon", "coordinates": [[[-75.63919640169233, 6.1703050526098515], [-75.63912012958654, 6.170004394823167], [-75.63903482193051, 6.169715040755984], [-75.63895068248141, 6.169718443965577], [-75.63874738982221, 6.169706035778279], [-75.63856724462946, 6.169656324877178], [-75.63842211656524, 6.169659735598419], [-75.63824424229101, 6.169686886083624], [-75.63810928261385, 6.169708379665407], [-75.63776594935365, 6.169731031525076], [-75.63762251897589, 6.169761569459362], [-75.63751749298615, 6.169821489304074], [-75.63714199766946, 6.170035169588845], [-75.63675012849042, 6.170288415070505], [-75.63638592091398, 6.170460271310163], [-75.6359285439546, 6.170696569153509], [-75.63548134149848, 6.171007466270198], [-75.63535486024801, 6.171088864722334], [-75.63514424088844, 6.171198533497534], [-75.63510866642292, 6.171217754315527], [-75.63507083437362, 6.171241495699591], [-75.63494717455175, 6.171320633574665], [-75.6346597631379, 6.171475525042172], [-75.63461967945953, 6.171562567228319], [-75.63461686260312, 6.171608910909463], [-75.63457622107101, 6.171753597946879], [-75.63434810102684, 6.171908481495764], [-75.6342683394609, 6.17195452175868], [-75.63416007061339, 6.172017015786041], [-75.63411941473753, 6.172040758466234], [-75.63386588660843, 6.172215990354957], [-75.63370157981379, 6.172315657749961], [-75.63361800027454, 6.172366354630959], [-75.63360502949187, 6.172512169523783], [-75.63368890043641, 6.172535240636284], [-75.63369447145234, 6.172536773446728], [-75.6336953850345, 6.172537025674145], [-75.63370385280155, 6.172520069012781], [-75.63374959411769, 6.172513281907762], [-75.63391166850754, 6.172558474846289], [-75.63395063263339, 6.172572034333071], [-75.63408052001208, 6.172619492078714], [-75.63409633358951, 6.172634185932913], [-75.63413530042605, 6.172647744484318], [-75.63428043235405, 6.172691810641491], [-75.63436062077267, 6.172695191612708], [-75.63446283352921, 6.172711002657806], [-75.63461586456357, 6.172680464638859], [-75.63467967279537, 6.1726555893010495], [-75.63481519772908, 6.172648791427474], [-75.63487900931894, 6.1726465235710695], [-75.63491910206808, 6.172638605352019], [-75.63491449267973, 6.172740946468005], [-75.6349100926488, 6.172838676809296], [-75.63505973264228, 6.172790053711182], [-75.63506480789307, 6.172739186756886], [-75.63509247850452, 6.1727437055520715], [-75.63509804918534, 6.172700231252582], [-75.63509920767946, 6.172691190465295], [-75.63510319719319, 6.172660059723733], [-75.63512691568016, 6.172663447240719], [-75.6351304461157, 6.172635381685851], [-75.63514440353717, 6.172524413973111], [-75.63516245675818, 6.1723785993611955], [-75.63518333567403, 6.172251999844013], [-75.63520930257886, 6.17218982737533], [-75.6352629415217, 6.1721299126776605], [-75.63531884175666, 6.172090345019368], [-75.63543742083311, 6.172019119079525], [-75.63550856817159, 6.171981809238808], [-75.63549954502184, 6.172083541148967], [-75.63561813833304, 6.172125348107294], [-75.63569381032914, 6.172142294808349], [-75.63580901084114, 6.172166016787899], [-75.63591404398738, 6.17214904733419], [-75.63652450030462, 6.172274438067185], [-75.63651097735026, 6.172514069227457], [-75.63645905832801, 6.172786486959789], [-75.63638851006881, 6.173097337635671], [-75.63635352606434, 6.173304192295202], [-75.63632700045945, 6.17342740244284], [-75.63631823822728, 6.1734772045844295], [-75.63628185559061, 6.173683992962667], [-75.6367053736503, 6.173621772107034], [-75.63776470780263, 6.173267842660437], [-75.63801655371678, 6.173177383580315], [-75.63865968427449, 6.1726935161561745], [-75.6385704128025, 6.172315996711695], [-75.63837435993068, 6.171530440688663], [-75.63888426908773, 6.171413951095333], [-75.63884810486807, 6.1712410149071], [-75.6388187223186, 6.171100857382529], [-75.63878538293466, 6.170934701964208], [-75.63861033178631, 6.170977678515253], [-75.63858660062073, 6.170856735520858], [-75.63874074849785, 6.170754985814399], [-75.63880169898249, 6.170467873592833], [-75.638861550604, 6.170422651241259], [-75.63919640169233, 6.1703050526098515]]]}, "properties": {"OBJECTID": 53, "CODIGO_BAR": "41", "IDEM.Barrios_5.AREA": 132625.664124, "PERIMETRO": 2039.49843261, "NMG": "Triana", "MUNICIPIO": "360", "SE_ANNO_CAD_DATA": null, "SHAPE.AREA": 0, "SHAPE.LEN": 0, "nombre_barrio_estandarizado": "Triana", "municipio_estandarizado": "itagui"}}, {"type": "Feature", "geometry": {"type": "Polygon", "coordinates": [[[-75.63652450030462, 6.172274438067185], [-75.63591404398738, 6.17214904733419], [-75.63580901084114, 6.172166016787899], [-75.63569381032914, 6.172142294808349], [-75.63561813833304, 6.172125348107294], [-75.63549954502184, 6.172083541148967], [-75.63550856817159, 6.171981809238808], [-75.63543742083311, 6.172019119079525], [-75.63531884175666, 6.172090345019368], [-75.6352629415217, 6.1721299126776605], [-75.63520930257886, 6.17218982737533], [-75.63518333567403, 6.172251999844013], [-75.63516245675818, 6.1723785993611955], [-75.63514440353717, 6.172524413973111], [-75.6351304461157, 6.172635381685851], [-75.63512691568016, 6.172663447240719], [-75.63510319719319, 6.172660059723733], [-75.63509920767946, 6.172691190465295], [-75.63509804918534, 6.172700231252582], [-75.63509247850452, 6.1727437055520715], [-75.63506480789307, 6.172739186756886], [-75.63505973264228, 6.172790053711182], [-75.6349100926488, 6.172838676809296], [-75.63484124848216, 6.173255777353628], [-75.63483335231165, 6.173313424179462], [-75.63499429509054, 6.173340533164655], [-75.63507618514106, 6.173408343340273], [-75.63513663094655, 6.173597101013139], [-75.63514453966506, 6.1736230974946], [-75.63515244929259, 6.173649094875124], [-75.63514454408877, 6.173652485338629], [-75.63492318955713, 6.173723725957768], [-75.63506780863581, 6.174174709619322], [-75.63514460262697, 6.174136268786803], [-75.63570927012562, 6.17386152743703], [-75.63597918623077, 6.173762024038873], [-75.63623329329701, 6.173690781638197], [-75.63628185559061, 6.173683992962667], [-75.63631823822728, 6.1734772045844295], [-75.63632700045945, 6.17342740244284], [-75.63635352606434, 6.173304192295202], [-75.63638851006881, 6.173097337635671], [-75.63645905832801, 6.172786486959789], [-75.63651097735026, 6.172514069227457], [-75.63652450030462, 6.172274438067185]]]}, "properties": {"OBJECTID": 54, "CODIGO_BAR": "42", "IDEM.Barrios_5.AREA": 29449.6678587, "PERIMETRO": 753.64682278, "NMG": "San Antonio", "MUNICIPIO": "360", "SE_ANNO_CAD_DATA": null, "SHAPE.AREA": 0, "SHAPE.LEN": 0, "nombre_barrio_estandarizado": "San Antonio", "municipio_estandarizado": "itagui"}}, {"type": "Feature", "geometry": {"type": "Polygon", "coordinates": [[[-75.63515244929259, 6.173649094875124], [-75.63514453966506, 6.1736230974946], [-75.63513663094655, 6.173597101013139], [-75.63507618514106, 6.173408343340273], [-75.63499429509054, 6.173340533164655], [-75.63483335231165, 6.173313424179462], [-75.63484124848216, 6.173255777353628], [-75.6349100926488, 6.172838676809296], [-75.63491449267973, 6.172740946468005], [-75.63491910206808, 6.172638605352019], [-75.63487900931894, 6.1726465235710695], [-75.63481519772908, 6.172648791427474], [-75.63467967279537, 6.1726555893010495], [-75.63461586456357, 6.172680464638859], [-75.63446283352921, 6.172711002657806], [-75.63436062077267, 6.172695191612708], [-75.63428043235405, 6.172691810641491], [-75.63413530042605, 6.172647744484318], [-75.63409633358951, 6.172634185932913], [-75.63408052001208, 6.172619492078714], [-75.63395063263339, 6.172572034333071], [-75.63391166850754, 6.172558474846289], [-75.63374959411769, 6.172513281907762], [-75.63370385280155, 6.172520069012781], [-75.6336953850345, 6.172537025674145], [-75.63369447145234, 6.172536773446728], [-75.63368890043641, 6.172535240636284], [-75.63360502949187, 6.172512169523783], [-75.63361800027454, 6.172366354630959], [-75.63386588660843, 6.172215990354957], [-75.63411941473753, 6.172040758466234], [-75.63416007061339, 6.172017015786041], [-75.63410922915449, 6.171863296334196], [-75.63408491728634, 6.171627060537648], [-75.63407417322072, 6.1715027248355145], [-75.6340239119246, 6.171478993748748], [-75.63393186830604, 6.171497091847368], [-75.63391034977226, 6.171500909475843], [-75.63388725727344, 6.1715050088207635], [-75.63384395630767, 6.1714290760594315], [-75.63383246978863, 6.17140893737677], [-75.63378051423061, 6.171375033251812], [-75.63374324556332, 6.171385211960741], [-75.6334044446365, 6.171545758944972], [-75.63313738536816, 6.171910889617559], [-75.63289909760115, 6.172038644639531], [-75.63277373302971, 6.1720149234343245], [-75.63266587393271, 6.1720126744421036], [-75.63237333627244, 6.171820553049527], [-75.63217117298228, 6.17180927522655], [-75.6321305083064, 6.171753891799042], [-75.63209152323415, 6.171568523045697], [-75.63206554116086, 6.171527833722811], [-75.63198083356377, 6.171492804010065], [-75.6318486706068, 6.171302922870717], [-75.63179049924042, 6.17124189157922], [-75.63176565114343, 6.171215897370452], [-75.63167529328742, 6.171179736530285], [-75.6314477104475, 6.171092727902774], [-75.63136921264585, 6.1710543060819125], [-75.63123365515025, 6.170792084873454], [-75.63119920628094, 6.170775133383913], [-75.63106932324742, 6.1707615846340325], [-75.63099816631926, 6.170720901566668], [-75.63078639633784, 6.17064293260721], [-75.63054638628095, 6.170531058377337], [-75.63048483539437, 6.170537847350543], [-75.63041997458913, 6.170496627691334], [-75.63031767288058, 6.170431614013514], [-75.63020473413992, 6.170445191391597], [-75.63011014651264, 6.170393333256874], [-75.63008105831243, 6.170377386700278], [-75.630065246463, 6.170373997800138], [-75.62990599751804, 6.170350277696899], [-75.6298133859101, 6.170338984447959], [-75.62975691803362, 6.170346903593305], [-75.62964906106342, 6.1703593500878675], [-75.62952934342903, 6.170336757173281], [-75.62944351085403, 6.170343548458889], [-75.62935881104366, 6.170396683049069], [-75.62922273381962, 6.170526688008287], [-75.62918547088255, 6.170586599165539], [-75.62912335704738, 6.170605822386474], [-75.62908011654689, 6.170608873810004], [-75.62905055993694, 6.1706109608148205], [-75.62904316987323, 6.170611480988196], [-75.62888973845385, 6.170574473028669], [-75.6288839196797, 6.170573068848324], [-75.62878226822427, 6.17052560647049], [-75.62871336771228, 6.170444230429491], [-75.6286693162614, 6.170403542359537], [-75.62862074925648, 6.170376421092492], [-75.62855976205815, 6.170377556735551], [-75.62853322264982, 6.170401297126901], [-75.62848014822013, 6.170461211316126], [-75.62838359489116, 6.170552779547807], [-75.62837400578626, 6.170642076747345], [-75.62836327715517, 6.170661293830698], [-75.62825260631774, 6.170741557900999], [-75.62817750272434, 6.170752870536164], [-75.62815435153934, 6.17076304606226], [-75.62811426076469, 6.170800351774879], [-75.62807529340768, 6.170768706188749], [-75.62797026965265, 6.170853492437282], [-75.62785507918508, 6.170938280965839], [-75.62777320458203, 6.170991416826387], [-75.62775401034187, 6.171038891193539], [-75.62774783397875, 6.171056203561346], [-75.62771449216453, 6.171149668237999], [-75.62773425859025, 6.171165491003324], [-75.62779920838864, 6.171242346549759], [-75.6279906671873, 6.171468391494282], [-75.62819568392516, 6.1717679076640595], [-75.62831711467996, 6.171943095417799], [-75.62853905484369, 6.17205497305828], [-75.62875477649145, 6.172112595684031], [-75.62880164617836, 6.172125024466274], [-75.62902244993029, 6.172170213740639], [-75.62990228295138, 6.172441394297844], [-75.6300812977461, 6.1724843260555895], [-75.6304602214804, 6.172562275958361], [-75.63068385156548, 6.1726447633086385], [-75.63112095164524, 6.172842522638693], [-75.63115709420293, 6.172858341966508], [-75.6313451725523, 6.173132991542927], [-75.63158971375886, 6.173355636447561], [-75.6317693023051, 6.173473170409283], [-75.63215897221674, 6.173700321382727], [-75.63267570005479, 6.173912763438419], [-75.6332675184683, 6.174005379326573], [-75.6337260652516, 6.174081057063534], [-75.633938410675, 6.17422797479709], [-75.6341620464417, 6.174337587895701], [-75.6342659576512, 6.174382790074798], [-75.63434445296897, 6.174406516787278], [-75.63442916489564, 6.174460762277758], [-75.6344912883453, 6.174505968860849], [-75.63453364663978, 6.174545525399246], [-75.63481371107794, 6.174325074719824], [-75.63491505382859, 6.174263903880054], [-75.63504409318864, 6.1741860146907745], [-75.63506780863581, 6.174174709619322], [-75.63492318955713, 6.173723725957768], [-75.63514454408877, 6.173652485338629], [-75.63515244929259, 6.173649094875124]]]}, "properties": {"OBJECTID": 55, "CODIGO_BAR": "43", "IDEM.Barrios_5.AREA": 166802.73854, "PERIMETRO": 2336.29242277, "NMG": "San Gabriel", "MUNICIPIO": "360", "SE_ANNO_CAD_DATA": null, "SHAPE.AREA": 0, "SHAPE.LEN": 0, "nombre_barrio_estandarizado": "San Gabriel", "municipio_estandarizado": "itagui"}}, {"type": "Feature", "geometry": {"type": "Polygon", "coordinates": [[[-75.62259586444125, 6.169152909343124], [-75.62259257808593, 6.16893854754887], [-75.62258790742024, 6.16863408617516], [-75.62258684390211, 6.16862410068699], [-75.6225749083285, 6.168512012190229], [-75.62247551814482, 6.168484892796949], [-75.6218876521044, 6.168308621282424], [-75.62192890495396, 6.168604762544778], [-75.62195811896059, 6.168890858432201], [-75.62196734129392, 6.168981160833599], [-75.62192442644618, 6.169012813486707], [-75.62180019927544, 6.169070472209938], [-75.6216697621072, 6.169145087253915], [-75.62159014959856, 6.169251347120617], [-75.62153143100055, 6.1693542124203375], [-75.62159529071988, 6.16985494443602], [-75.62231696782698, 6.169787054152921], [-75.6222931840018, 6.169121288450746], [-75.62259586444125, 6.169152909343124]]]}, "properties": {"OBJECTID": 56, "CODIGO_BAR": "37", "IDEM.Barrios_5.AREA": 12112.8242283, "PERIMETRO": 534.06655237, "NMG": "Malta", "MUNICIPIO": "360", "SE_ANNO_CAD_DATA": null, "SHAPE.AREA": 0, "SHAPE.LEN": 0, "nombre_barrio_estandarizado": "Malta", "municipio_estandarizado": "itagui"}}, {"type": "Feature", "geometry": {"type": "Polygon", "coordinates": [[[-75.62638709461159, 6.173095115759608], [-75.62589352019616, 6.172847624685995], [-75.62548972777468, 6.172552650169285], [-75.62541518133118, 6.172497274039379], [-75.62528697858896, 6.172346952159895], [-75.62503450279974, 6.17181798250489], [-75.62476963745637, 6.171613420444469], [-75.62432860557348, 6.171582946639509], [-75.6237159419987, 6.171931152437757], [-75.62369853996992, 6.171938719303481], [-75.62335963093203, 6.17208604542771], [-75.62341267324392, 6.171681379898973], [-75.62338100367253, 6.17124281495199], [-75.6232809127544, 6.1698581664234515], [-75.6232056918085, 6.168706364858377], [-75.62291938178504, 6.168604664309175], [-75.6225749083285, 6.168512012190229], [-75.62258684390211, 6.16862410068699], [-75.62258790742024, 6.16863408617516], [-75.62259257808593, 6.16893854754887], [-75.62259586444125, 6.169152909343124], [-75.6222931840018, 6.169121288450746], [-75.62231696782698, 6.169787054152921], [-75.62159529071988, 6.16985494443602], [-75.62153143100055, 6.1693542124203375], [-75.62159014959856, 6.169251347120617], [-75.6216697621072, 6.169145087253915], [-75.62180019927544, 6.169070472209938], [-75.62192442644618, 6.169012813486707], [-75.62196734129392, 6.168981160833599], [-75.62195811896059, 6.168890858432201], [-75.62192890495396, 6.168604762544778], [-75.6218876521044, 6.168308621282424], [-75.62149065075053, 6.168096156426711], [-75.62099140955848, 6.167568339322432], [-75.62068757018227, 6.167233790217016], [-75.62057518558083, 6.16710946578834], [-75.62038091114714, 6.1669150657195155], [-75.6197310124319, 6.167598979471295], [-75.61931260519154, 6.167929077367937], [-75.61897943322207, 6.1679155443563785], [-75.61888907529237, 6.1678499933932756], [-75.61881285944328, 6.1680421571632715], [-75.61881287422926, 6.168193621341793], [-75.61879933086819, 6.168302134365542], [-75.61847465452125, 6.168558750125671], [-75.61850176447098, 6.1686050908614], [-75.6186214977625, 6.168808539975977], [-75.61868419146431, 6.168938522792021], [-75.61879715253052, 6.169178142167366], [-75.61891520793061, 6.169537576661161], [-75.61894289337388, 6.169707125987305], [-75.61893557552031, 6.1699603211003895], [-75.61888364581503, 6.170196564932132], [-75.6188316947744, 6.170212395677488], [-75.61877694807853, 6.170514197668555], [-75.6187024426582, 6.170895126130561], [-75.61856466316878, 6.170961829320072], [-75.6185669283714, 6.171028519661002], [-75.61861436661802, 6.171066946523113], [-75.61867818042569, 6.1710929379272015], [-75.61866068411679, 6.171215015949683], [-75.61884873142426, 6.171243256426493], [-75.61901193276996, 6.1712681086469585], [-75.6190486437827, 6.171317840157798], [-75.61918757576659, 6.171508852988956], [-75.61931352339423, 6.171720214018575], [-75.61933204707742, 6.171729481652316], [-75.61935644316203, 6.171741684786504], [-75.61942081852708, 6.171741678891784], [-75.61955013896272, 6.171784619708273], [-75.61963598433113, 6.171913470213441], [-75.61972184022528, 6.172129356139058], [-75.61987431950178, 6.172236721711564], [-75.61999347913171, 6.172320357029982], [-75.61998897168036, 6.1724254759838], [-75.62000648282664, 6.172488773269862], [-75.61995755225759, 6.1725246142184], [-75.61984442495812, 6.172607473117179], [-75.61992067249027, 6.172732933520142], [-75.62068810778635, 6.172816505720026], [-75.6212545090964, 6.172878617685663], [-75.6215978713022, 6.173131780411528], [-75.62162442064412, 6.173226724730678], [-75.62177745127151, 6.17319506088198], [-75.62176671759514, 6.173147586606586], [-75.62302089071227, 6.172873920459566], [-75.62312653613886, 6.17333847848341], [-75.62360653572526, 6.17335990530429], [-75.6239024465487, 6.173449171429678], [-75.62436664481919, 6.173571198224651], [-75.62467158564921, 6.173601685542006], [-75.62490763118477, 6.173599401632233], [-75.62533679300522, 6.173497626282275], [-75.62550847250415, 6.173593685466826], [-75.62618783385524, 6.173832113957876], [-75.62626181525614, 6.173875058300923], [-75.62628046097637, 6.173758969834987], [-75.62638709461159, 6.173095115759608]]]}, "properties": {"OBJECTID": 57, "CODIGO_BAR": "36", "IDEM.Barrios_5.AREA": 302931.874514, "PERIMETRO": 3326.06761709, "NMG": "Glorieta Pilsen", "MUNICIPIO": "360", "SE_ANNO_CAD_DATA": null, "SHAPE.AREA": 0, "SHAPE.LEN": 0, "nombre_barrio_estandarizado": "Glorieta Pilsen", "municipio_estandarizado": "itagui"}}, {"type": "Feature", "geometry": {"type": "Polygon", "coordinates": [[[-75.6283111250207, 6.173951697563129], [-75.62796381717258, 6.173799140595822], [-75.62807841635814, 6.173490547519406], [-75.62813268167349, 6.1733436602258], [-75.62816987027905, 6.173242994706476], [-75.62807161037085, 6.1732170085692815], [-75.62800406859012, 6.173199130088983], [-75.62792647885111, 6.173178592691451], [-75.62766784735994, 6.173191053334441], [-75.62736008904962, 6.173234041348548], [-75.6271003295117, 6.17326232823114], [-75.62691086771927, 6.173268368093169], [-75.62687401308979, 6.173269541823013], [-75.62674456851825, 6.173273670629474], [-75.62654158666, 6.173172282451346], [-75.62638709461159, 6.173095115759608], [-75.62628046097637, 6.173758969834987], [-75.62626181525614, 6.173875058300923], [-75.62635047756825, 6.173927043907864], [-75.62732012997962, 6.174466107483926], [-75.62739693439251, 6.174515835220907], [-75.62800684073538, 6.174768961788473], [-75.62803994814455, 6.174639719412278], [-75.62807279623155, 6.174549283863847], [-75.62812683022929, 6.174414653909447], [-75.6282038606734, 6.17421959739084], [-75.6283111250207, 6.173951697563129]]]}, "properties": {"OBJECTID": 58, "CODIGO_BAR": "47", "IDEM.Barrios_5.AREA": 26128.0351482, "PERIMETRO": 753.96330227, "NMG": "San Javier", "MUNICIPIO": "360", "SE_ANNO_CAD_DATA": null, "SHAPE.AREA": 0, "SHAPE.LEN": 0, "nombre_barrio_estandarizado": "San Javier", "municipio_estandarizado": "itagui"}}, {"type": "Feature", "geometry": {"type": "Polygon", "coordinates": [[[-75.63147135092889, 6.175277216820452], [-75.63141162927096, 6.175249728157863], [-75.63112516836851, 6.1751178794418555], [-75.6307998626087, 6.174796904567876], [-75.63046495352289, 6.174439756935917], [-75.63022323775158, 6.174238585943295], [-75.62994085827327, 6.17398203294986], [-75.62967768000063, 6.173740170527002], [-75.62941396032409, 6.173707422156643], [-75.62914684991149, 6.173650936444425], [-75.62889103032985, 6.173558277003387], [-75.62859680195598, 6.173392151362025], [-75.62828337985478, 6.173275761812787], [-75.62816987027905, 6.173242994706476], [-75.62813268167349, 6.1733436602258], [-75.62807841635814, 6.173490547519406], [-75.62796381717258, 6.173799140595822], [-75.6283111250207, 6.173951697563129], [-75.62798246280465, 6.174763043173026], [-75.62722805187312, 6.174432208295372], [-75.62696389497113, 6.174935798595168], [-75.62839327247502, 6.175576891239937], [-75.62866767010622, 6.174935940844896], [-75.62899679630732, 6.175055956890729], [-75.62994272195681, 6.1754808543979], [-75.62996136241355, 6.175536238396904], [-75.62990547714914, 6.175712575990394], [-75.63005400283367, 6.175787161535802], [-75.63031772594137, 6.175836866398711], [-75.6306283128264, 6.175836828953782], [-75.6307779571226, 6.175825508551399], [-75.63111790271799, 6.175765561536269], [-75.63134318526495, 6.175478431643035], [-75.6314098102239, 6.175394780217309], [-75.63147135092889, 6.175277216820452]]]}, "properties": {"OBJECTID": 59, "CODIGO_BAR": "46", "IDEM.Barrios_5.AREA": 53365.5738809, "PERIMETRO": 1094.49417944, "NMG": "Villa L¡a", "MUNICIPIO": "360", "SE_ANNO_CAD_DATA": null, "SHAPE.AREA": 0, "SHAPE.LEN": 0, "nombre_barrio_estandarizado": "Villa L¡a", "municipio_estandarizado": "itagui"}}, {"type": "Feature", "geometry": {"type": "Polygon", "coordinates": [[[-75.64776343206336, 6.171649879486777], [-75.64768851764116, 6.171487135696276], [-75.64764024883645, 6.171370276667501], [-75.64755817165505, 6.1710293517373325], [-75.647517626279, 6.170931809707653], [-75.64737766735837, 6.17072127824136], [-75.64713925575488, 6.170392932960158], [-75.64705237140197, 6.170168872348052], [-75.64694811471327, 6.16993709080161], [-75.64672036637381, 6.169932294653088], [-75.64650902546886, 6.169921701488752], [-75.64635076023568, 6.169912065712835], [-75.6462619749826, 6.1698927629098], [-75.64619441874616, 6.16986379704359], [-75.64614783435664, 6.169799923192528], [-75.64613417889028, 6.169776173252747], [-75.64606983526853, 6.169824842967517], [-75.6458484870724, 6.169910781099428], [-75.64563334504435, 6.169968457866802], [-75.64547862524682, 6.170028388166991], [-75.64517372245487, 6.17026580198446], [-75.6449264054821, 6.170408259356423], [-75.64463842750186, 6.170533766357127], [-75.6443137459989, 6.17067623371848], [-75.64417032418477, 6.170753118083483], [-75.6441291046205, 6.170782511647834], [-75.64403762979953, 6.170829998853193], [-75.64346730774305, 6.171001888682099], [-75.64309407558032, 6.171240442311421], [-75.64273439473065, 6.171471078721909], [-75.64264461288032, 6.171510653341352], [-75.64240293449234, 6.171603373299189], [-75.6421098749246, 6.171752618616166], [-75.64202517686418, 6.171793321485326], [-75.64166546387955, 6.171803543029938], [-75.64117756377206, 6.171805871880884], [-75.64099234900971, 6.171860152330358], [-75.64093870499455, 6.171871463274974], [-75.64057109787132, 6.171956286082383], [-75.63992115024269, 6.172123662883387], [-75.63953716749648, 6.17222544306072], [-75.63910405682866, 6.172332882834672], [-75.63865968427449, 6.1726935161561745], [-75.63801655371678, 6.173177383580315], [-75.63776470780263, 6.173267842660437], [-75.6367053736503, 6.173621772107034], [-75.63628185559061, 6.173683992962667], [-75.63623329329701, 6.173690781638197], [-75.63597918623077, 6.173762024038873], [-75.63570927012562, 6.17386152743703], [-75.63514460262697, 6.174136268786803], [-75.63506780863581, 6.174174709619322], [-75.63504409318864, 6.1741860146907745], [-75.63481371107794, 6.174325074719824], [-75.63453364663978, 6.174545525399246], [-75.635051525436, 6.17493768691769], [-75.63454899840914, 6.175415879140725], [-75.63434004605236, 6.175305132346554], [-75.63408329823002, 6.175671570777396], [-75.63407517521887, 6.175683166554882], [-75.63409174526322, 6.175676361073187], [-75.63419925607278, 6.175697556414247], [-75.63424967437561, 6.17571147580518], [-75.63430325171264, 6.175694196218391], [-75.63434973115888, 6.175662914638712], [-75.6343684891049, 6.175649553909571], [-75.6343851198442, 6.175636392664006], [-75.63440136542066, 6.175623525333733], [-75.63441274951711, 6.175614517961227], [-75.63449541895828, 6.175592715034885], [-75.63454112314534, 6.175603399565024], [-75.63454175890595, 6.175603548295417], [-75.63480861974496, 6.17536202888411], [-75.63499032721646, 6.17542286327964], [-75.63521468246785, 6.175279365060521], [-75.63528917048714, 6.1750840879087505], [-75.63551173047728, 6.174827719241466], [-75.6355859259446, 6.174648375587173], [-75.63577060355323, 6.174504980827119], [-75.63587504910875, 6.174342868486708], [-75.6360108075893, 6.174183119647381], [-75.63612101561009, 6.174151991383088], [-75.6362764184846, 6.174210293398288], [-75.63636900773766, 6.174211151687446], [-75.6364511987331, 6.174137466826989], [-75.6365501005255, 6.173980120053204], [-75.63673123866872, 6.1739592509064245], [-75.63689429477017, 6.173932786699279], [-75.63715515074179, 6.173952362508258], [-75.637300136499, 6.1739203013253885], [-75.63739258824913, 6.173874975155447], [-75.63757472625424, 6.1738121557895935], [-75.6377016812827, 6.17379144562101], [-75.63788188171658, 6.17383611592823], [-75.63800556190321, 6.173853833908541], [-75.63807764518937, 6.173794866269185], [-75.63811070492214, 6.173708895768499], [-75.63811380768135, 6.173615103773393], [-75.63816895069532, 6.173550536418318], [-75.6383168646072, 6.1735591434383155], [-75.63837998024205, 6.17351941133153], [-75.63854644705229, 6.173500844703971], [-75.63863271264053, 6.173464435836193], [-75.6387695923782, 6.173365731307845], [-75.63895593666702, 6.173386655899992], [-75.6391218442118, 6.173368091891953], [-75.63929723347616, 6.173308821400655], [-75.6394616395439, 6.173162581158803], [-75.63962167995713, 6.173068329732746], [-75.63976471148658, 6.172951529031888], [-75.63994637627319, 6.17291371007026], [-75.64013434928538, 6.1729142888451065], [-75.64038355981526, 6.173007342916454], [-75.6404544671248, 6.172929170926975], [-75.64050951635315, 6.172839745458069], [-75.64077476730219, 6.172818630358845], [-75.64093857420143, 6.17285091879507], [-75.64114464724354, 6.172863874125581], [-75.64131327623463, 6.172731472497674], [-75.64148045408594, 6.172648204645823], [-75.6416666926505, 6.1726329707806205], [-75.64181516867578, 6.172635923851302], [-75.64205679583682, 6.1726442553247125], [-75.64210541427936, 6.172551759076113], [-75.64214634773042, 6.17232995423176], [-75.64226375566582, 6.172236347049192], [-75.64265042318257, 6.172187157078313], [-75.64280293738292, 6.172027393066122], [-75.64293543970115, 6.171976156506161], [-75.64312028808915, 6.172063748520808], [-75.64322904506344, 6.172191110256228], [-75.64329906136544, 6.172197683768455], [-75.6434406596386, 6.171974674709346], [-75.64357653140031, 6.171914391716476], [-75.643577389385, 6.171825125125366], [-75.64353487443334, 6.1717631030406865], [-75.64343921957338, 6.171674120634675], [-75.64340510239913, 6.171589477470219], [-75.64344323866872, 6.1715046218299445], [-75.6435599438313, 6.171456822181178], [-75.64371463064697, 6.171462018567644], [-75.64377019425461, 6.171545469390253], [-75.64379765823851, 6.171670809335795], [-75.64387526235853, 6.17175773876275], [-75.64416016265596, 6.171706490574958], [-75.64459838176592, 6.171573546965561], [-75.64498561708476, 6.171579171056235], [-75.64515697295579, 6.17173430961685], [-75.64540554050944, 6.171742922531929], [-75.64545947418942, 6.171654629832212], [-75.6454312309694, 6.171568916276758], [-75.64568550294733, 6.171540457700426], [-75.64590322763122, 6.171372061821089], [-75.64617070857214, 6.17145593570994], [-75.6463448656979, 6.1713616416987245], [-75.64676248590735, 6.171517472316279], [-75.64691262682169, 6.171515899219404], [-75.64717985176219, 6.171589690126313], [-75.64738859039794, 6.171547267491783], [-75.64758242359366, 6.171619012220341], [-75.64776343206336, 6.171649879486777]]]}, "properties": {"OBJECTID": 60, "CODIGO_BAR": " ", "IDEM.Barrios_5.AREA": 143719.152381, "PERIMETRO": 3822.36598774, "NMG": " ", "MUNICIPIO": "360", "SE_ANNO_CAD_DATA": null, "SHAPE.AREA": 0, "SHAPE.LEN": 0, "nombre_barrio_estandarizado": "", "municipio_estandarizado": "itagui"}}, {"type": "Feature", "geometry": {"type": "Polygon", "coordinates": [[[-75.62762865109487, 6.171081858712464], [-75.62724519748366, 6.170871657436899], [-75.62692837812205, 6.170647887000998], [-75.6264929529172, 6.170242144236569], [-75.62604171045717, 6.169786669113518], [-75.62597055647666, 6.169752766448793], [-75.62560574221578, 6.169578733870688], [-75.62446389163281, 6.169243145577618], [-75.6241216738843, 6.169147101558692], [-75.62368175436866, 6.168924470168951], [-75.6234344043461, 6.1687990291311285], [-75.6232056918085, 6.168706364858377], [-75.6232809127544, 6.1698581664234515], [-75.62338100367253, 6.17124281495199], [-75.62341267324392, 6.171681379898973], [-75.62335963093203, 6.17208604542771], [-75.62369853996992, 6.171938719303481], [-75.6237159419987, 6.171931152437757], [-75.62432860557348, 6.171582946639509], [-75.62476963745637, 6.171613420444469], [-75.62503450279974, 6.17181798250489], [-75.62528697858896, 6.172346952159895], [-75.62541518133118, 6.172497274039379], [-75.62548972777468, 6.172552650169285], [-75.62551331005996, 6.1725173669934215], [-75.62555917722452, 6.17247352003746], [-75.62561168945071, 6.1724203900066845], [-75.62562974703334, 6.172307353797449], [-75.62561223412771, 6.172235015537313], [-75.6255935873293, 6.172126504430331], [-75.62558397545966, 6.17200443041504], [-75.62563704701668, 6.17191173713661], [-75.62574828797604, 6.171860860427673], [-75.62561557374603, 6.171761405771633], [-75.62561105155766, 6.171725234277147], [-75.62569236915469, 6.171733138574936], [-75.62576690954666, 6.171736521677453], [-75.62591429082829, 6.171685640196392], [-75.62605489561469, 6.171642673669654], [-75.62622543168666, 6.171615527696898], [-75.62652133404556, 6.171603062199623], [-75.62683587287552, 6.171621113981764], [-75.62690646394861, 6.171658406667089], [-75.62701997697673, 6.171732997509773], [-75.6270561786229, 6.171747628982874], [-75.62707588558115, 6.171755597651486], [-75.62711879874495, 6.171734116129384], [-75.62723116624734, 6.171659501326721], [-75.62730344371252, 6.171615410004568], [-75.62739266160611, 6.171576969442326], [-75.62741694182449, 6.17156566280833], [-75.6274564628208, 6.171488795852999], [-75.62750106108825, 6.171370107659971], [-75.62755469296663, 6.171242373213852], [-75.62757953315999, 6.171183593812338], [-75.62762865109487, 6.171081858712464]]]}, "properties": {"OBJECTID": 61, "CODIGO_BAR": "38", "IDEM.Barrios_5.AREA": 107259.076212, "PERIMETRO": 1628.19287584, "NMG": "Las Brisas", "MUNICIPIO": "360", "SE_ANNO_CAD_DATA": null, "SHAPE.AREA": 0, "SHAPE.LEN": 0, "nombre_barrio_estandarizado": "Las Brisas", "municipio_estandarizado": "itagui"}}, {"type": "Feature", "geometry": {"type": "Polygon", "coordinates": [[[-75.62875477649145, 6.172112595684031], [-75.62853905484369, 6.17205497305828], [-75.62831711467996, 6.171943095417799], [-75.62819568392516, 6.1717679076640595], [-75.6279906671873, 6.171468391494282], [-75.62779920838864, 6.171242346549759], [-75.62773425859025, 6.171165491003324], [-75.62771449216453, 6.171149668237999], [-75.6276405114801, 6.171088638406109], [-75.62762865109487, 6.171081858712464], [-75.62757953315999, 6.171183593812338], [-75.62755469296663, 6.171242373213852], [-75.62750106108825, 6.171370107659971], [-75.6274564628208, 6.171488795852999], [-75.62741694182449, 6.17156566280833], [-75.62739266160611, 6.171576969442326], [-75.62730344371252, 6.171615410004568], [-75.62723116624734, 6.171659501326721], [-75.62711879874495, 6.171734116129384], [-75.62707588558115, 6.171755597651486], [-75.6270561786229, 6.171747628982874], [-75.62701997697673, 6.171732997509773], [-75.62690646394861, 6.171658406667089], [-75.62683587287552, 6.171621113981764], [-75.62652133404556, 6.171603062199623], [-75.62622543168666, 6.171615527696898], [-75.62605489561469, 6.171642673669654], [-75.62591429082829, 6.171685640196392], [-75.62576690954666, 6.171736521677453], [-75.62569236915469, 6.171733138574936], [-75.62561105155766, 6.171725234277147], [-75.62561557374603, 6.171761405771633], [-75.62574828797604, 6.171860860427673], [-75.62563704701668, 6.17191173713661], [-75.62558397545966, 6.17200443041504], [-75.6255935873293, 6.172126504430331], [-75.62561223412771, 6.172235015537313], [-75.62562974703334, 6.172307353797449], [-75.62561168945071, 6.1724203900066845], [-75.62555917722452, 6.17247352003746], [-75.62551331005996, 6.1725173669934215], [-75.62548972777468, 6.172552650169285], [-75.62589352019616, 6.172847624685995], [-75.62638709461159, 6.173095115759608], [-75.62654158666, 6.173172282451346], [-75.62674456851825, 6.173273670629474], [-75.62687401308979, 6.173269541823013], [-75.62691086771927, 6.173268368093169], [-75.6271003295117, 6.17326232823114], [-75.62736008904962, 6.173234041348548], [-75.62766784735994, 6.173191053334441], [-75.62792647885111, 6.173178592691451], [-75.62800406859012, 6.173199130088983], [-75.62807161037085, 6.1732170085692815], [-75.62812495997304, 6.173131708950577], [-75.62821053029462, 6.172994894564872], [-75.62848719218891, 6.172552545603708], [-75.62870791505166, 6.172199636979055], [-75.62875477649145, 6.172112595684031]]]}, "properties": {"OBJECTID": 62, "CODIGO_BAR": "45", "IDEM.Barrios_5.AREA": 52850.4083147, "PERIMETRO": 1011.28432782, "NMG": "Pilsen", "MUNICIPIO": "360", "SE_ANNO_CAD_DATA": null, "SHAPE.AREA": 0, "SHAPE.LEN": 0, "nombre_barrio_estandarizado": "Pilsen", "municipio_estandarizado": "itagui"}}, {"type": "Feature", "geometry": {"type": "Polygon", "coordinates": [[[-75.635051525436, 6.17493768691769], [-75.63453364663978, 6.174545525399246], [-75.6344912883453, 6.174505968860849], [-75.63442916489564, 6.174460762277758], [-75.63434445296897, 6.174406516787278], [-75.6342659576512, 6.174382790074798], [-75.6341620464417, 6.174337587895701], [-75.633938410675, 6.17422797479709], [-75.6337260652516, 6.174081057063534], [-75.6332675184683, 6.174005379326573], [-75.63267570005479, 6.173912763438419], [-75.63215897221674, 6.173700321382727], [-75.6317693023051, 6.173473170409283], [-75.63158971375886, 6.173355636447561], [-75.6313451725523, 6.173132991542927], [-75.63115709420293, 6.172858341966508], [-75.63112095164524, 6.172842522638693], [-75.63068385156548, 6.1726447633086385], [-75.6304602214804, 6.172562275958361], [-75.6300812977461, 6.1724843260555895], [-75.62990228295138, 6.172441394297844], [-75.62902244993029, 6.172170213740639], [-75.62880164617836, 6.172125024466274], [-75.62875477649145, 6.172112595684031], [-75.62870791505166, 6.172199636979055], [-75.62848719218891, 6.172552545603708], [-75.62821053029462, 6.172994894564872], [-75.62812495997304, 6.173131708950577], [-75.62807161037085, 6.1732170085692815], [-75.62816987027905, 6.173242994706476], [-75.62828337985478, 6.173275761812787], [-75.62859680195598, 6.173392151362025], [-75.62889103032985, 6.173558277003387], [-75.62914684991149, 6.173650936444425], [-75.62941396032409, 6.173707422156643], [-75.62967768000063, 6.173740170527002], [-75.62994085827327, 6.17398203294986], [-75.63022323775158, 6.174238585943295], [-75.63046495352289, 6.174439756935917], [-75.6307998626087, 6.174796904567876], [-75.63112516836851, 6.1751178794418555], [-75.63141162927096, 6.175249728157863], [-75.63147135092889, 6.175277216820452], [-75.63237941924267, 6.175497525546046], [-75.63297969203, 6.175438675528323], [-75.6330022790702, 6.175437543027323], [-75.63372398679816, 6.1755855293783135], [-75.63388838510548, 6.17564488227708], [-75.63396649446564, 6.175673082307018], [-75.63401800270664, 6.175691679293914], [-75.63405887176091, 6.175706434334468], [-75.63407517521887, 6.175683166554882], [-75.63408329823002, 6.175671570777396], [-75.63434004605236, 6.175305132346554], [-75.63454899840914, 6.175415879140725], [-75.635051525436, 6.17493768691769]]]}, "properties": {"OBJECTID": 63, "CODIGO_BAR": "44", "IDEM.Barrios_5.AREA": 123403.109594, "PERIMETRO": 1827.81414791, "NMG": "19 de Abril", "MUNICIPIO": "360", "SE_ANNO_CAD_DATA": null, "SHAPE.AREA": 0, "SHAPE.LEN": 0, "nombre_barrio_estandarizado": "19 de Abril", "municipio_estandarizado": "itagui"}}, {"type": "Feature", "geometry": {"type": "Polygon", "coordinates": [[[-75.59682097581505, 6.195118124084386], [-75.59522963423318, 6.194012278697126], [-75.59544680573437, 6.193661147979613], [-75.5918615326913, 6.192814347228837], [-75.59185094478066, 6.1928407293249625], [-75.59180338742549, 6.192838958305343], [-75.5917311134699, 6.193074071511422], [-75.59171553328406, 6.193108176227427], [-75.59166846652651, 6.193211215233634], [-75.5917726238237, 6.193213976249027], [-75.59180326704966, 6.1932112191273845], [-75.59182552557279, 6.193351637431395], [-75.5919045692036, 6.193812166939032], [-75.59199787465906, 6.1942623391573655], [-75.59208265891286, 6.19445174383942], [-75.592107743631, 6.194786149669368], [-75.59219350526264, 6.195321533500199], [-75.59225383829134, 6.195827132006698], [-75.59227395740844, 6.196387738604293], [-75.59258565567222, 6.196404290212315], [-75.59282479399216, 6.196349050354332], [-75.5930639411415, 6.196459498659327], [-75.59337666749974, 6.19655153420924], [-75.5934201195451, 6.19675028347103], [-75.59367325017665, 6.196913229547923], [-75.59391274849332, 6.1972123064854525], [-75.59429791498563, 6.197303980354172], [-75.59448043172264, 6.197269466106669], [-75.5944927233952, 6.197423125886298], [-75.59458795364677, 6.1975518122590225], [-75.59475978019431, 6.197577416988105], [-75.59501538248266, 6.197192751689039], [-75.59513187352789, 6.197117799411386], [-75.59538179329577, 6.196882817989486], [-75.59569944521573, 6.196454659383793], [-75.59589302766794, 6.1963209362415395], [-75.59612887139406, 6.195926725785375], [-75.59635670001634, 6.195778178022877], [-75.59643027459009, 6.195630893852002], [-75.59624630658526, 6.195354755779703], [-75.59671734109422, 6.1952083646634915], [-75.59682097581505, 6.195118124084386]]]}, "properties": {"OBJECTID": 64, "CODIGO_BAR": " ", "IDEM.Barrios_5.AREA": 179831.687987, "PERIMETRO": 1790.3234092, "NMG": "Colinas del sur", "MUNICIPIO": "360", "SE_ANNO_CAD_DATA": null, "SHAPE.AREA": 0, "SHAPE.LEN": 0, "nombre_barrio_estandarizado": "Colinas del sur", "municipio_estandarizado": "itagui"}}, {"type": "Feature", "geometry": {"type": "Polygon", "coordinates": [[[-75.60052644010604, 6.189329967534067], [-75.60049819906104, 6.189242933556537], [-75.6004451092701, 6.189144598401002], [-75.60033328876997, 6.1890270492973], [-75.60022147079376, 6.188953584479737], [-75.59998993041556, 6.188851869027142], [-75.59904682525158, 6.188378313110811], [-75.59850298925879, 6.188110454905297], [-75.59806588695355, 6.187894584750385], [-75.59779424061631, 6.187591669274537], [-75.59770783573474, 6.187492205595828], [-75.59770038748002, 6.187494033017195], [-75.59750058668436, 6.1875430822071396], [-75.5962678595968, 6.188497144810638], [-75.5960668275232, 6.18863844694458], [-75.5954312199506, 6.188193444700063], [-75.59481085348003, 6.1877591098654925], [-75.59490797948735, 6.1876212056185995], [-75.59533600604331, 6.187062801098803], [-75.59567481391959, 6.186640039044512], [-75.5958408300047, 6.186427528216172], [-75.59563751992853, 6.186179996604428], [-75.59547995636187, 6.185981065775761], [-75.59536587838429, 6.185897425119548], [-75.59447642014042, 6.185203443409484], [-75.59401394674313, 6.185743766540402], [-75.59351408244052, 6.185389034081553], [-75.59345554311395, 6.1853474883903345], [-75.59341092296422, 6.185315824067503], [-75.58985866460668, 6.182794904064488], [-75.58967834078169, 6.182666930220779], [-75.58949746961234, 6.182932819322657], [-75.58886842946626, 6.183787636274117], [-75.58810130105222, 6.184708999405794], [-75.587441559226, 6.185302769898025], [-75.58694547331051, 6.185702031655218], [-75.58636755601584, 6.186121769742306], [-75.58538581748095, 6.186837092202147], [-75.58546816115796, 6.186895901305729], [-75.58931228034591, 6.189641348561731], [-75.58935746017568, 6.18972272938256], [-75.59047732721834, 6.190494704774702], [-75.59105053308728, 6.1908529953621], [-75.59178242818747, 6.191299446538735], [-75.59234885627912, 6.191600091599681], [-75.5918615326913, 6.192814347228837], [-75.59544680573437, 6.193661147979613], [-75.59522963423318, 6.194012278697126], [-75.59682097581505, 6.195118124084386], [-75.59702152201695, 6.194873309406076], [-75.59706669682326, 6.194808878088147], [-75.59728073436507, 6.194943376431921], [-75.59735131796211, 6.194830340583898], [-75.59740439701868, 6.194745563233099], [-75.59743545649285, 6.1946980873428705], [-75.59751168798556, 6.194586181044523], [-75.59758849261496, 6.194638170498775], [-75.5977336084499, 6.194302454248784], [-75.59769464132297, 6.194278719765237], [-75.59786065773103, 6.194050383703385], [-75.59791543322719, 6.193984822265427], [-75.59807073714268, 6.194089934620953], [-75.59819044743196, 6.193904552820105], [-75.59831411148785, 6.193707868822547], [-75.59861060339355, 6.193910182160161], [-75.59894602037, 6.193421860705523], [-75.59906290922531, 6.193247782775152], [-75.59945257768183, 6.193417311135818], [-75.59954461931648, 6.193288447363956], [-75.59959938590578, 6.193081593019646], [-75.599681814786, 6.192724403286429], [-75.5997184846764, 6.192072201431425], [-75.59973710292097, 6.1917692695834505], [-75.59891260231838, 6.191592984559502], [-75.59890355554126, 6.1914189135545055], [-75.59909103345059, 6.191224486444279], [-75.59914862923468, 6.191153272539073], [-75.59914861942804, 6.190976940503215], [-75.59922315563345, 6.190837905082587], [-75.59942419128788, 6.1907599021658655], [-75.5992231262493, 6.190336038400602], [-75.59900964665538, 6.190024078040844], [-75.59918186991949, 6.18975165827703], [-75.5992084090524, 6.189698530646805], [-75.59929931990204, 6.189554974277054], [-75.59935409989201, 6.189597923294597], [-75.59940830843077, 6.189522188499783], [-75.59942129594278, 6.1895029730104305], [-75.59945630645925, 6.189456626915929], [-75.59958111148583, 6.189505223242548], [-75.5996392742617, 6.189441922661931], [-75.59983240949927, 6.1894667795410605], [-75.5999606004401, 6.189470162813633], [-75.60006394349095, 6.189462243958742], [-75.60020286241992, 6.189426065769022], [-75.60052644010604, 6.189329967534067]]]}, "properties": {"OBJECTID": 65, "CODIGO_BAR": "62", "IDEM.Barrios_5.AREA": 1018675.45138, "PERIMETRO": 5415.06409465, "NMG": "Santa Mar¡a No. 3", "MUNICIPIO": "360", "SE_ANNO_CAD_DATA": null, "SHAPE.AREA": 0, "SHAPE.LEN": 0, "nombre_barrio_estandarizado": "Santa Mar¡a No. 3", "municipio_estandarizado": "itagui"}}, {"type": "Feature", "geometry": {"type": "Polygon", "coordinates": [[[-75.59916460285697, 6.188437453010689], [-75.5991851141168, 6.188390466456767], [-75.59962136477856, 6.187233731993836], [-75.59944809937384, 6.187158757785858], [-75.59972210016895, 6.1865486562747956], [-75.59975882443602, 6.186466880311748], [-75.59962159408184, 6.186383243976346], [-75.5994504811682, 6.18629282569428], [-75.59933301608962, 6.186208060017185], [-75.59930251793374, 6.186148153616398], [-75.59887617970423, 6.186555097193757], [-75.59885923836293, 6.186556227949799], [-75.59853511009916, 6.186874998645777], [-75.59830979938609, 6.187068298409095], [-75.59770783573474, 6.187492205595828], [-75.59779424061631, 6.187591669274537], [-75.59806588695355, 6.187894584750385], [-75.59850298925879, 6.188110454905297], [-75.59904682525158, 6.188378313110811], [-75.59916460285697, 6.188437453010689]]]}, "properties": {"OBJECTID": 66, "CODIGO_BAR": " ", "IDEM.Barrios_5.AREA": 0, "PERIMETRO": 0, "NMG": " ", "MUNICIPIO": "360", "SE_ANNO_CAD_DATA": null, "SHAPE.AREA": 0, "SHAPE.LEN": 0, "nombre_barrio_estandarizado": "", "municipio_estandarizado": "itagui"}}]}