{"type": "FeatureCollection", "name": "la-estrella_Barrios", "features": [{"type": "Feature", "geometry": {"type": "Polygon", "coordinates": [[[-75.6248974097873, 6.153782938833647], [-75.62473011496662, 6.153925005864746], [-75.62463658910498, 6.153991865118856], [-75.62454702809875, 6.154051078254453], [-75.62449482247736, 6.154084790491899], [-75.62457665897654, 6.154225428765048], [-75.62477984503339, 6.15450907384539], [-75.62499785925182, 6.15479762172308], [-75.62507221897145, 6.154911097201796], [-75.62513425572573, 6.155032016704871], [-75.62518898690071, 6.155192494703077], [-75.62520844988762, 6.155274331622379], [-75.62521060602603, 6.155327661155108], [-75.62520942343869, 6.155331850940128], [-75.62585494439114, 6.155097384537552], [-75.62588070328434, 6.155088028270033], [-75.6266490501536, 6.154836838274637], [-75.62763201893371, 6.154539351777004], [-75.62811309073138, 6.154393759752968], [-75.62844996652333, 6.154274001328323], [-75.62873955764137, 6.154146016475156], [-75.62908966289726, 6.153984312382229], [-75.62932625503626, 6.153833402225679], [-75.62961784185299, 6.1536609938965325], [-75.62971157224791, 6.1536170100733685], [-75.63019149882169, 6.153416054673694], [-75.63044211178713, 6.153339501171895], [-75.63063053659603, 6.153281943567413], [-75.6306701551252, 6.153269850968509], [-75.63095758983667, 6.153182120713592], [-75.63121886520328, 6.153097602124631], [-75.63148748227825, 6.153010708464795], [-75.6316261110579, 6.1529646822850985], [-75.63196065692915, 6.1528536081919984], [-75.63285543333191, 6.152620966823851], [-75.63333779621993, 6.1524782724465235], [-75.6335854076048, 6.1524166819994806], [-75.63412817184332, 6.1522370434368465], [-75.6345916747269, 6.15202165816093], [-75.63464093334684, 6.151976346425199], [-75.63497896002396, 6.151693465668866], [-75.63539355850257, 6.151289175649352], [-75.63578804835451, 6.1508923139548735], [-75.63598267637266, 6.150595021709167], [-75.63602934327146, 6.150396675672852], [-75.63603572148058, 6.150306557678726], [-75.63603589461687, 6.150302283392395], [-75.63598150751712, 6.150298655451344], [-75.63591772660222, 6.150293403199485], [-75.63583140035875, 6.150283227595719], [-75.63572748607503, 6.150270731318787], [-75.63562501145975, 6.1502688405277715], [-75.63554267238689, 6.150265299886649], [-75.63548949901936, 6.150263089776435], [-75.63545677219503, 6.150278533333692], [-75.63542458512407, 6.1502931632947995], [-75.63539310172783, 6.150300834038109], [-75.63536569389076, 6.150313644968978], [-75.63533848074998, 6.150332056418146], [-75.63531417557093, 6.150357506895154], [-75.63527676817179, 6.150377931345806], [-75.63523924625618, 6.15038941351878], [-75.63519809251062, 6.150392502352893], [-75.63512190944572, 6.150393424389197], [-75.63508896239708, 6.150393690957132], [-75.63505421418559, 6.150395046749423], [-75.63502896306949, 6.150404689184854], [-75.63501300104748, 6.150444752195277], [-75.63500757554198, 6.150489570030302], [-75.63500850912321, 6.150626629951866], [-75.63498981032092, 6.150690733356191], [-75.63497172073575, 6.150711470186426], [-75.6348684020349, 6.150729321532635], [-75.63477836307587, 6.15074404712416], [-75.6347450715721, 6.150742423206958], [-75.63472211951425, 6.150741303349973], [-75.6346916705237, 6.15073251618847], [-75.6346377456991, 6.150716948789971], [-75.63460881397235, 6.150714901047889], [-75.63458484017862, 6.150713202211006], [-75.63454294204342, 6.1507017946482385], [-75.6345039934053, 6.150691188883205], [-75.63444348475899, 6.150688106310837], [-75.63440613079615, 6.150686203175664], [-75.6343564418211, 6.150693097624531], [-75.6342746182197, 6.150709332137867], [-75.63419230718358, 6.150731320602824], [-75.63408706244583, 6.150762523263024], [-75.6340437654039, 6.150777945684943], [-75.63400986965456, 6.150786054075209], [-75.63399996472651, 6.150809036849653], [-75.63397661051673, 6.150841626402857], [-75.63388056087013, 6.150955709358324], [-75.63385455478571, 6.150986673858172], [-75.63383488630313, 6.151024850331652], [-75.63376448090102, 6.151126394185122], [-75.63371418461352, 6.151192848526274], [-75.63366844823294, 6.151267419525465], [-75.63364982972156, 6.151299623194653], [-75.63358428645599, 6.151365566026013], [-75.633574007044, 6.15137487239003], [-75.63349098929002, 6.15144982981153], [-75.6334365874518, 6.15153037864288], [-75.63340300315221, 6.151572948739333], [-75.63338322686758, 6.151595295849222], [-75.63332223299093, 6.1516402667025005], [-75.63328601848629, 6.151668187902512], [-75.63323035488727, 6.15170712866726], [-75.63320617235289, 6.151718266506562], [-75.63318452883279, 6.151735443526943], [-75.63316779705923, 6.151748723371639], [-75.6329752795432, 6.151877413346176], [-75.63283509985872, 6.1519495716799275], [-75.63271276334186, 6.151994771826329], [-75.63240232617778, 6.152067426234296], [-75.63212171486111, 6.152125045528624], [-75.63178436859836, 6.152188808102166], [-75.63138316349985, 6.152278776411638], [-75.63120519682431, 6.152295130160649], [-75.63058115046863, 6.152377663959464], [-75.63033632189143, 6.152414251454761], [-75.63019000259109, 6.1524296244447845], [-75.62996314843639, 6.152484096666389], [-75.62985274283328, 6.152523282532695], [-75.62959596479054, 6.152559904203129], [-75.62939596716876, 6.152605329060616], [-75.62908709542826, 6.152663069955702], [-75.62872668590046, 6.152736318609434], [-75.62834941529955, 6.152776783256556], [-75.62798169716558, 6.152914933272379], [-75.6278297582309, 6.152956974005819], [-75.6277282247367, 6.152985067420657], [-75.62724338162913, 6.153153800153933], [-75.62688117936226, 6.153274566459515], [-75.62675570739684, 6.1533448196821166], [-75.6263796060387, 6.15345785759526], [-75.62595155321115, 6.153558534864604], [-75.62562472641442, 6.153639117540942], [-75.62536926447456, 6.1536874846585], [-75.62527586008254, 6.153626199926115], [-75.62505969349957, 6.153671481522121], [-75.6248974097873, 6.153782938833647]]]}, "properties": {"OBJECTID": 1, "NOM_BARRIO": "ZONA INDUSTRIAL", "BARRIO": "001", "PK_BARRIO": "3801001001", "MUNICIPIO": "380", "SECTOR": "1", "CORREGIMIENTO": "001", "CREATED_US": " ", "CREATED_DA": null, "LAST_EDITE": " ", "LAST_EDI_1": null, "SE_ANNO_CAD_DATA": null, "SHAPE.AREA": 0, "SHAPE.LEN": 0, "nombre_barrio_estandarizado": "ZONA INDUSTRIAL", "municipio_estandarizado": "la-estrella"}}, {"type": "Feature", "geometry": {"type": "Polygon", "coordinates": [[[-75.63624383583303, 6.148391120800229], [-75.63625728626054, 6.148427231667552], [-75.6363140528086, 6.148579620625742], [-75.63633021441848, 6.14866257305892], [-75.6363336950783, 6.148774286157916], [-75.63632116266746, 6.148860504617084], [-75.63627687928587, 6.149001071110179], [-75.63619760452075, 6.1491768430723], [-75.63615000688988, 6.149269536748509], [-75.63609308141413, 6.149454827408499], [-75.63604899755731, 6.149672002814011], [-75.63603345923806, 6.149828454389923], [-75.63603704780536, 6.149981665460743], [-75.63604076035664, 6.1501827569748615], [-75.63603589461687, 6.150302283392395], [-75.63603572148058, 6.150306557678726], [-75.63602934327146, 6.150396675672852], [-75.63598267637266, 6.150595021709167], [-75.63578804835451, 6.1508923139548735], [-75.63539355850257, 6.151289175649352], [-75.63497896002396, 6.151693465668866], [-75.63464093334684, 6.151976346425199], [-75.6345916747269, 6.15202165816093], [-75.63412817184332, 6.1522370434368465], [-75.6335854076048, 6.1524166819994806], [-75.63385935892344, 6.152657241954335], [-75.63425725992819, 6.152976117858282], [-75.63452209515499, 6.153226586286193], [-75.6347607137761, 6.15362359902243], [-75.63505523771587, 6.154016515835398], [-75.6351569685988, 6.1541468065941904], [-75.6353167516999, 6.154316644761002], [-75.63548899888778, 6.1543966674299355], [-75.6356877726098, 6.154401068318764], [-75.63613746735113, 6.154391695839001], [-75.63630178843722, 6.154379061785819], [-75.63634439174511, 6.154101906450631], [-75.6363984915409, 6.153938050969254], [-75.63641774028628, 6.153841916253328], [-75.63634077013486, 6.1536607982339335], [-75.63628255390796, 6.153534851933237], [-75.63626003271035, 6.153432826662715], [-75.63627632586754, 6.1533011277760945], [-75.63636139729483, 6.153097592588351], [-75.63642501060303, 6.152954674889049], [-75.63645252357283, 6.152873050902717], [-75.63645077421762, 6.1528130254035105], [-75.63645668930431, 6.152766782209734], [-75.63646641720655, 6.152732470778559], [-75.63630518722941, 6.152524282237945], [-75.63627407118933, 6.152397264528239], [-75.63627587970721, 6.1523529663299446], [-75.63629673617287, 6.152290870100485], [-75.63634954251573, 6.15222996400521], [-75.63642297213279, 6.152150904038944], [-75.63647707653107, 6.152092580721912], [-75.63656203743898, 6.1519785793407555], [-75.63660058050645, 6.151897022941006], [-75.63662621075522, 6.151818086063321], [-75.63663638250164, 6.151755999225134], [-75.63663348633399, 6.15163576264457], [-75.63662799850286, 6.151547360408004], [-75.63671888637575, 6.151556796349549], [-75.63687423182267, 6.151631750183499], [-75.63687528015352, 6.151569945279446], [-75.63687545385612, 6.1515146800489084], [-75.63687557500927, 6.151476234866054], [-75.6368761853353, 6.151427084258475], [-75.63687637973632, 6.1514111874457305], [-75.63687662431614, 6.151391544919774], [-75.63687691413526, 6.151368070820594], [-75.63691117302118, 6.15137830356328], [-75.6369111667359, 6.151377028888554], [-75.63692492103648, 6.151319018793173], [-75.63693129120225, 6.151292160648594], [-75.63693406573567, 6.151286238999342], [-75.63697039155649, 6.151301656182311], [-75.63707559723628, 6.151346308099266], [-75.63712004948339, 6.15136405644013], [-75.6371593646307, 6.151381573403583], [-75.63726039964439, 6.151440264920745], [-75.63730986883253, 6.151490472648962], [-75.6374262026603, 6.1516085422364375], [-75.6374470914279, 6.151629394825576], [-75.63744787026671, 6.151630172977628], [-75.63749466276501, 6.151678294702838], [-75.63759148563564, 6.151748095958727], [-75.63759568176349, 6.1517511200530715], [-75.63765859565163, 6.151783839419504], [-75.63767837002993, 6.1517941165437495], [-75.63768043561487, 6.151795178535931], [-75.63769444077471, 6.151799765170684], [-75.63769462732873, 6.1517998627898995], [-75.6376957022647, 6.151800422507184], [-75.63769588501398, 6.151800481271216], [-75.63773795827049, 6.151814234558658], [-75.63778152974575, 6.1518284767598015], [-75.637781913171, 6.151828566173781], [-75.63786782674693, 6.151849719400494], [-75.63786905486651, 6.151850020707241], [-75.6378795509156, 6.151853706165766], [-75.6379849086607, 6.1518907061325505], [-75.63799545539024, 6.151894411226663], [-75.63803803834917, 6.151908216207816], [-75.63804434419373, 6.151910261637764], [-75.63805074592027, 6.151912334619208], [-75.63807261641078, 6.151921803996189], [-75.63807804217154, 6.151924153918238], [-75.63812098022976, 6.15194274225012], [-75.638121685381, 6.151943047948808], [-75.63812863496115, 6.151945400283713], [-75.6382013372612, 6.15197000348218], [-75.6382154662293, 6.151974784761341], [-75.63826191119708, 6.151993094476458], [-75.63831757250836, 6.152047353210164], [-75.63832661702862, 6.152056167249625], [-75.63834278026738, 6.152070857657631], [-75.63840286757274, 6.152125478718351], [-75.63840669289749, 6.152128956658652], [-75.6384642168738, 6.1521378393458575], [-75.63848819632325, 6.15212548998474], [-75.63852624289608, 6.1521081340965225], [-75.63857556839162, 6.1521061264838535], [-75.6385784131056, 6.152106011168976], [-75.63859113095846, 6.152111480156717], [-75.63859186868915, 6.152111798350158], [-75.6386028341042, 6.1521165138898235], [-75.63860357635556, 6.152116832964938], [-75.63861763836988, 6.152122872088339], [-75.63861795210678, 6.152122201543879], [-75.63871416331548, 6.1519181114271655], [-75.63879170073999, 6.1517536267393345], [-75.63879528798897, 6.151746017738374], [-75.63879639821178, 6.151743660828476], [-75.63880515295172, 6.15172505298169], [-75.63880566426153, 6.151723967407913], [-75.6388371252808, 6.151737399687254], [-75.63883979101531, 6.1517385391673605], [-75.63884009605013, 6.151738667841986], [-75.63884052600444, 6.1517388510458435], [-75.63885813791724, 6.151746371524683], [-75.63887299719715, 6.15175271498254], [-75.63888345026886, 6.151726276940748], [-75.6388837464467, 6.151725526023141], [-75.63888790958731, 6.151715092650185], [-75.63891532985645, 6.1516464331858955], [-75.6389162033559, 6.151644245598662], [-75.63895803417071, 6.151539504971207], [-75.63902376444445, 6.151374917748403], [-75.63904507912311, 6.151321548755037], [-75.63904533072754, 6.1513209173918035], [-75.63902635388575, 6.151277131562805], [-75.63900421482184, 6.151198769883819], [-75.63891760708687, 6.151079378556873], [-75.63884036047342, 6.150984266979982], [-75.63875900881857, 6.150906781952077], [-75.63865174624672, 6.150855668494982], [-75.63865038544743, 6.150855020691556], [-75.6386432328561, 6.150851611628558], [-75.63863303143624, 6.150848870354293], [-75.63855061420308, 6.150826723547051], [-75.6385446818399, 6.150825129199466], [-75.6383872261254, 6.150813975737492], [-75.63832395421665, 6.150815586617418], [-75.63829196023048, 6.150835274817669], [-75.63827799078621, 6.150849457809911], [-75.63827777418001, 6.150849676755296], [-75.63826243144221, 6.1508652569559565], [-75.6382505742112, 6.150876039339107], [-75.63823433504317, 6.150890807616091], [-75.63820483664159, 6.150898202925118], [-75.63815508943956, 6.150894538749536], [-75.63806054742237, 6.1508824089346446], [-75.63799579214239, 6.15087134605745], [-75.63798111896884, 6.1508688492599], [-75.63797582321386, 6.1508679487793465], [-75.63797579518665, 6.150867943493547], [-75.63795524941968, 6.150864433346869], [-75.637943757955, 6.150843891439627], [-75.63793726587633, 6.150832287541511], [-75.63793647758587, 6.150830874796429], [-75.63793633233476, 6.150830177590657], [-75.63793090462188, 6.150803805363378], [-75.6379232207986, 6.150766493574499], [-75.63791636640265, 6.150751937043532], [-75.63790755034769, 6.150733214416242], [-75.63789662563416, 6.150710006386357], [-75.63786494364433, 6.15067648087719], [-75.63784812669977, 6.150670619861422], [-75.6378347055382, 6.150665942640846], [-75.6378132441589, 6.150658461918325], [-75.63780756914056, 6.150656483877894], [-75.63780362520002, 6.150656423807029], [-75.63776685966693, 6.150655866841493], [-75.63772988094705, 6.150656771865066], [-75.63772955038775, 6.150656778922426], [-75.63771721602131, 6.150657081239238], [-75.63771535057796, 6.150656856307276], [-75.63771266268631, 6.150656534185342], [-75.63770065843906, 6.150655091869986], [-75.6376922034023, 6.150654075002679], [-75.63768659692494, 6.150647313314188], [-75.63767216274933, 6.1506299057956095], [-75.63766992833678, 6.15062721102416], [-75.63764779218161, 6.150596278149872], [-75.63763359623161, 6.150576441184275], [-75.63761852912735, 6.150560733684057], [-75.6376064627618, 6.150548160151969], [-75.63759875081638, 6.150540123309102], [-75.63756715208628, 6.150537946064476], [-75.63755093491696, 6.150540145261282], [-75.63750804778324, 6.150545960399199], [-75.63742188867158, 6.150563442650441], [-75.63738915994759, 6.1505671255813725], [-75.63733682865758, 6.150573015383707], [-75.637322443148, 6.150574634169442], [-75.63732185392298, 6.150574573796702], [-75.63729359825062, 6.150571682099153], [-75.63729263579103, 6.1505715837919315], [-75.63725863092947, 6.1505683416950525], [-75.6372335344513, 6.1505591368019035], [-75.63721106683124, 6.150552386969202], [-75.63716747869118, 6.150529612362039], [-75.63714877338083, 6.150512648106497], [-75.63712563786179, 6.15050325451959], [-75.63712540295583, 6.150377202666285], [-75.63714083018444, 6.1502594874187215], [-75.63716343177248, 6.15014318592614], [-75.63718604555794, 6.150031190349502], [-75.63721572381303, 6.149883298170132], [-75.63726823726601, 6.149699465857318], [-75.63732524372503, 6.1495816293518395], [-75.63736065502127, 6.149504285063719], [-75.63750903523356, 6.149197000982994], [-75.6375337836523, 6.149113639599271], [-75.63753771311056, 6.148992044051905], [-75.63753583173445, 6.148992800085693], [-75.63750060297595, 6.149006945200622], [-75.63740555250783, 6.149017303977241], [-75.63732923385275, 6.149025283901041], [-75.63723752472563, 6.149026155358819], [-75.6371774050251, 6.149025319467225], [-75.63710299045547, 6.149012232905329], [-75.63705083070153, 6.149006718125858], [-75.63699801975142, 6.148920401059083], [-75.63695523820465, 6.148849759447471], [-75.6369328921532, 6.14881286353356], [-75.63691796078756, 6.148788209770608], [-75.6368219983485, 6.148592641022816], [-75.63677621842345, 6.148542787365903], [-75.63675293388899, 6.14851743260828], [-75.63671179508373, 6.148482273910736], [-75.63658777185289, 6.148376277337395], [-75.63648474627767, 6.148320046108589], [-75.63644860648951, 6.148316670692099], [-75.63645056821748, 6.148295376124897], [-75.63642617114662, 6.148286570894716], [-75.63642559037903, 6.148298491813963], [-75.6364076343765, 6.148297003787905], [-75.63639817157885, 6.148296219677387], [-75.63639278776405, 6.148295774339467], [-75.63639303152168, 6.148292449859159], [-75.63639430437532, 6.148275067791182], [-75.63638112134717, 6.14827031067529], [-75.63633422639877, 6.148257209258553], [-75.63632617866338, 6.148284952601808], [-75.63631869935156, 6.148310734973465], [-75.63630267866344, 6.148308072074626], [-75.63628682974188, 6.148305439065013], [-75.63627448652923, 6.148303388134667], [-75.63626558122925, 6.148301908769908], [-75.63624078245289, 6.148299019789611], [-75.63623870466668, 6.148298777815837], [-75.6362045020804, 6.148294794340717], [-75.63621922541388, 6.148325450235984], [-75.63622733541067, 6.14834682346951], [-75.63624383583303, 6.148391120800229]]]}, "properties": {"OBJECTID": 2, "NOM_BARRIO": "ANCON SAN MARTIN", "BARRIO": "002", "PK_BARRIO": "3801001002", "MUNICIPIO": "380", "SECTOR": "1", "CORREGIMIENTO": "001", "CREATED_US": " ", "CREATED_DA": null, "LAST_EDITE": " ", "LAST_EDI_1": null, "SE_ANNO_CAD_DATA": null, "SHAPE.AREA": 0, "SHAPE.LEN": 0, "nombre_barrio_estandarizado": "ANCON SAN MARTIN", "municipio_estandarizado": "la-estrella"}}, {"type": "Feature", "geometry": {"type": "Polygon", "coordinates": [[[-75.64831108989554, 6.1556147887733745], [-75.64844688077723, 6.155636960616954], [-75.64864411210112, 6.155741784632944], [-75.64874627840364, 6.155783514034821], [-75.64883844428748, 6.155844661175446], [-75.64895875614828, 6.155973099811596], [-75.64924464197111, 6.156185943376624], [-75.64928456427843, 6.156217796856419], [-75.64933950278851, 6.156226946786326], [-75.64933956154401, 6.15622695553489], [-75.64939738155158, 6.156233572498074], [-75.64939744029365, 6.156233578534588], [-75.6494435212273, 6.156250891606319], [-75.64948543925591, 6.156297581255333], [-75.64951315189784, 6.156353608744641], [-75.64955278107982, 6.156412322600687], [-75.64965097032106, 6.156522148224799], [-75.64965101119108, 6.156522193223657], [-75.6497314003122, 6.156553791388409], [-75.64945793176395, 6.156195849126013], [-75.64932878225973, 6.156157962294001], [-75.64956679252829, 6.155604583231912], [-75.64965630904503, 6.155396452317915], [-75.65021001629572, 6.155165222041419], [-75.6502137684451, 6.154816029954703], [-75.65040937638972, 6.154700654252503], [-75.65065787839703, 6.1546951391742075], [-75.65066615591228, 6.1542598333093865], [-75.65079031538102, 6.154225984143798], [-75.65067424988153, 6.153762345998928], [-75.65084439051418, 6.153681865179404], [-75.650977605788, 6.153618850223947], [-75.65122502204578, 6.153447715610912], [-75.65142474373256, 6.153309606394393], [-75.65165998409634, 6.15306077876302], [-75.65167802882092, 6.153077424623361], [-75.65194751556497, 6.153326002700475], [-75.65233285087844, 6.153330845424505], [-75.65234421750807, 6.153133501259551], [-75.65227224090206, 6.153035057817233], [-75.65229028327383, 6.152986046269106], [-75.65235817656102, 6.152801618302341], [-75.65233679261222, 6.152640243932489], [-75.65203766454628, 6.152738107771713], [-75.65189882386147, 6.152817442429112], [-75.65185303699288, 6.152849146649625], [-75.65176209980496, 6.152641341134849], [-75.65164038391177, 6.1526933592754665], [-75.651541311821, 6.152644861749489], [-75.65150846651659, 6.152689443832043], [-75.65140085622825, 6.152662495712382], [-75.65137066301637, 6.152633885595235], [-75.65131303875384, 6.152540780374928], [-75.65117648743393, 6.152423513550988], [-75.65119606328614, 6.152390640478114], [-75.65120216813955, 6.152380388215792], [-75.65113805432493, 6.152337799290956], [-75.65083009932094, 6.152133231023977], [-75.65080420740593, 6.152104607624117], [-75.65077671311532, 6.152018589465645], [-75.65071343000945, 6.151951330592797], [-75.65066466180777, 6.151944298882731], [-75.65058873277322, 6.1519646126407395], [-75.65050145662944, 6.152026574758528], [-75.6504329406518, 6.1520246693383225], [-75.65042241992907, 6.151975548295376], [-75.65042070617619, 6.151977132540982], [-75.65040565992618, 6.151988103606571], [-75.65038666631781, 6.151995768319436], [-75.6503835230803, 6.151995969253813], [-75.65037990007134, 6.151997234813769], [-75.65034399757911, 6.1520083754278305], [-75.65031117746372, 6.1519986536421305], [-75.65027320027059, 6.151973727146517], [-75.65025011373719, 6.1519709497553565], [-75.65024351979713, 6.151967087902012], [-75.6502318237028, 6.15196037835032], [-75.65022596694149, 6.151957087804228], [-75.65021880066222, 6.151955660651802], [-75.65018283857991, 6.151937465546653], [-75.65014421667081, 6.151908205572053], [-75.65010989084975, 6.151888645376249], [-75.65009823008806, 6.151881592110617], [-75.65008676446256, 6.1518765502626325], [-75.65007731254701, 6.151873766646516], [-75.6500681021533, 6.151871054154143], [-75.65005934513879, 6.151869788582417], [-75.65003996370609, 6.151864083594053], [-75.65001229988832, 6.151858291348556], [-75.64998329735761, 6.151851570068598], [-75.64996087020815, 6.1518482469662406], [-75.64992456660445, 6.151843154840817], [-75.6498832866793, 6.151836182609089], [-75.64988234169803, 6.151835964906902], [-75.64985040486782, 6.151828591005129], [-75.64983233673821, 6.1518248846431876], [-75.6498105938921, 6.15182367539229], [-75.64977368475498, 6.151818694745593], [-75.64973929427656, 6.1518034009912475], [-75.64971509394576, 6.151787299972974], [-75.64969376969715, 6.151764841950011], [-75.64966991407904, 6.151755418246275], [-75.64965253244155, 6.151736220498617], [-75.64962847043225, 6.15171667982868], [-75.64960442346974, 6.151709837193469], [-75.6495897016888, 6.151708639188104], [-75.64958288450784, 6.151708394581412], [-75.64957130811975, 6.15170797742054], [-75.64953858495267, 6.151719277582122], [-75.64952003590864, 6.151723150333149], [-75.64948371596722, 6.151729709490243], [-75.64945469577756, 6.151746951589172], [-75.64942558437379, 6.151763832524975], [-75.64939926187282, 6.1517775436225826], [-75.64936493169027, 6.1518008537573285], [-75.64934160940263, 6.151822688110618], [-75.64932127624353, 6.151848037895771], [-75.64930068101526, 6.151877191364408], [-75.64928558881637, 6.151904236426393], [-75.64927344665922, 6.151920891205852], [-75.64924662973051, 6.151952401642581], [-75.64922718513797, 6.151972600330843], [-75.6492084533974, 6.151988460619808], [-75.64920595310869, 6.151991544949199], [-75.64916570639389, 6.151990571250227], [-75.64914006320595, 6.151989714017079], [-75.64911181779304, 6.151988686177296], [-75.6490625037559, 6.151983979495141], [-75.64902780988157, 6.1519475580215115], [-75.64899626445762, 6.151942070659235], [-75.64898565629717, 6.151934349480059], [-75.64897179339268, 6.15192820662985], [-75.6489481935574, 6.15189748429485], [-75.64890661655761, 6.151857533246338], [-75.64887659940311, 6.151839090657339], [-75.64885997113034, 6.151829564149952], [-75.64883925508636, 6.151818106107721], [-75.64882272129499, 6.151809600692823], [-75.648795838706, 6.151803792748212], [-75.64876700833663, 6.151791165362779], [-75.64874064337997, 6.151775706046989], [-75.6487098868903, 6.151758443266358], [-75.64867393919175, 6.151732205636395], [-75.64863228430613, 6.151681812392845], [-75.64860060538902, 6.15164937085624], [-75.6485876687231, 6.151638383174443], [-75.64855593676442, 6.15162039837242], [-75.64853893527278, 6.151620865132679], [-75.64852496512296, 6.151612945457885], [-75.6485217960394, 6.151612123137464], [-75.6485102759709, 6.1516123186108285], [-75.64848529402452, 6.151613660294694], [-75.64847303696322, 6.151616239756718], [-75.6484412115272, 6.151621874316037], [-75.64841344518693, 6.15163477618927], [-75.64837220550032, 6.151643956079941], [-75.64834951850614, 6.151646530329521], [-75.64831013438456, 6.151652666153426], [-75.6482664262649, 6.151635981989202], [-75.64826652233458, 6.151636777066484], [-75.64825741916987, 6.151633100300102], [-75.64824477882796, 6.151630330654958], [-75.64820413099226, 6.1516304364747985], [-75.64819973174181, 6.15163090489369], [-75.64819597544627, 6.151634258526163], [-75.64816908053517, 6.151634169552329], [-75.64816592802477, 6.151634505220809], [-75.64815051746521, 6.151642876222466], [-75.64813533489513, 6.151656428946177], [-75.64811306714832, 6.151681102138524], [-75.64810335790635, 6.151696214298405], [-75.64809277478663, 6.151717806422014], [-75.64807841702627, 6.1517547343970715], [-75.64806686362819, 6.151795807038732], [-75.64806117396814, 6.151828447553387], [-75.64805996080187, 6.15183207695844], [-75.64805889660269, 6.151838792916481], [-75.64805196707168, 6.1518559904655765], [-75.64804927818399, 6.151864037995862], [-75.64803835685035, 6.151903243375502], [-75.64802391110125, 6.15194319760652], [-75.64800740735357, 6.151982710931876], [-75.64800606162889, 6.151984560942513], [-75.6480031529021, 6.151991261641975], [-75.64798741711165, 6.152010202469975], [-75.64798458929691, 6.152014090303742], [-75.64796413110213, 6.152026612378284], [-75.64796399204863, 6.1520266221084725], [-75.64796343823318, 6.152026962966248], [-75.64793428992677, 6.1520292971426205], [-75.647904581893, 6.152025853670282], [-75.64787071765026, 6.152020521483147], [-75.64784106979155, 6.1520049699167805], [-75.6478169130006, 6.151984343861604], [-75.64778362335136, 6.151957146445976], [-75.647720485673, 6.151907352363859], [-75.64769632359626, 6.151884197728704], [-75.64767370501126, 6.151864290879976], [-75.6476464945516, 6.151849184650814], [-75.64761657971448, 6.151835350255199], [-75.64758186841176, 6.151816920911593], [-75.64754780643665, 6.151798103223577], [-75.64753897713398, 6.151790266506208], [-75.64752808538285, 6.151779630264354], [-75.64752356095914, 6.151775615265652], [-75.6473476084571, 6.1518601413553125], [-75.64730975025066, 6.151884231903557], [-75.64727447136679, 6.151915909012505], [-75.64724056949186, 6.151924322882728], [-75.64723878797435, 6.152005819101803], [-75.64722102978743, 6.152267785640211], [-75.64710693607861, 6.152523311352399], [-75.64697235052486, 6.152715076465127], [-75.6468367685696, 6.152855932828849], [-75.64675924202716, 6.1529061588030345], [-75.64668083518254, 6.152966134684386], [-75.64659172372059, 6.153025915937868], [-75.64652739161644, 6.153078081627768], [-75.64647989671235, 6.15311811026167], [-75.64646143156119, 6.153134208753556], [-75.6465190678149, 6.15317145234804], [-75.64656784528039, 6.153208226369068], [-75.64661070757863, 6.153238123757843], [-75.64664055010822, 6.153257586192462], [-75.64666655584121, 6.1532745453815565], [-75.64668702909276, 6.153287670852761], [-75.64670251403939, 6.153297593640094], [-75.64671268248652, 6.153304068569037], [-75.64671277943738, 6.153304129562913], [-75.64675180859551, 6.153328976089718], [-75.64675353779259, 6.153339629756237], [-75.64673540760141, 6.153376495096743], [-75.64672518444127, 6.1533972826572985], [-75.64671796241021, 6.153411967531626], [-75.64671723001132, 6.153413456500906], [-75.64671252353403, 6.153423027404284], [-75.64671713865702, 6.15342547254386], [-75.64676779632356, 6.15345230904373], [-75.64682969298134, 6.153484925369542], [-75.64689569981024, 6.153512317648059], [-75.64691577716629, 6.1535237445695605], [-75.647023950575, 6.153584812886242], [-75.64703092262032, 6.153588780485942], [-75.64703907252826, 6.153569400851601], [-75.64708907210165, 6.153465884434129], [-75.64708912842376, 6.153465766629667], [-75.64708956115207, 6.153465962467864], [-75.64709783743513, 6.153469733749626], [-75.64728015266526, 6.153552768530648], [-75.64728051388113, 6.153552933082007], [-75.64728647620126, 6.153555648168116], [-75.6472739979909, 6.153581434502013], [-75.64726291102765, 6.153604348130502], [-75.64727966717467, 6.153612324518524], [-75.6473472721387, 6.153644509244259], [-75.6474149074511, 6.153677349235688], [-75.64740375960935, 6.153693440384519], [-75.6474133594356, 6.15369562302453], [-75.64746022733505, 6.153706283278439], [-75.64747378971072, 6.153709366570388], [-75.64757437342026, 6.153764484935397], [-75.64758279617729, 6.153769013968136], [-75.64762716412046, 6.1537928584531345], [-75.64766205759456, 6.153811562565618], [-75.64768018181074, 6.153821285983363], [-75.6477922591941, 6.153881804039829], [-75.64781190256016, 6.15389241129548], [-75.64782943657454, 6.153901876367111], [-75.64778383687413, 6.154056070376645], [-75.6477735878153, 6.154090766710473], [-75.64776498131442, 6.154119896863772], [-75.64776005176552, 6.154136581855039], [-75.64772536190686, 6.154253994258617], [-75.64772308414943, 6.154261707067569], [-75.6477086350682, 6.154352961024263], [-75.64770739047026, 6.154360821489386], [-75.64769336377371, 6.15441079584241], [-75.64768629623029, 6.154440615375721], [-75.64767905526112, 6.154471164425104], [-75.64766953869419, 6.154511321138871], [-75.64767315396281, 6.154513410514109], [-75.64766778920868, 6.154550369833891], [-75.64766406992675, 6.1545759689728925], [-75.64765793292423, 6.15461822436855], [-75.64765569267163, 6.154634784820416], [-75.64765298709258, 6.154654780216925], [-75.64765297490848, 6.1546548733933975], [-75.64765312687224, 6.154654916937223], [-75.64770608885786, 6.1546700725097345], [-75.64776405129012, 6.154688324907358], [-75.64781365000971, 6.154709229666051], [-75.64784776517008, 6.154724332293685], [-75.64784782388965, 6.154724333810358], [-75.64789726053856, 6.154734402651012], [-75.64789731750537, 6.154734415024839], [-75.64795403250618, 6.154751567043327], [-75.64797679012875, 6.154760122023134], [-75.64804076044541, 6.1547840824988445], [-75.64804074639218, 6.154784163028039], [-75.64802024222627, 6.154901731044675], [-75.64802018353804, 6.154901735856135], [-75.64799281189553, 6.154904271925224], [-75.64796165977079, 6.154949220743076], [-75.64771507539301, 6.154992615181301], [-75.64771501763488, 6.154992625412357], [-75.64768139552004, 6.155148888127906], [-75.64767132717495, 6.155195629891008], [-75.64766974665487, 6.155202961353157], [-75.64766948355312, 6.15520418672743], [-75.64770837382915, 6.155260215900652], [-75.6477272494661, 6.155287410635897], [-75.64770914174606, 6.1553293439370425], [-75.64768934815469, 6.155375029230146], [-75.64764522951057, 6.155533354631017], [-75.64758766149934, 6.155740224967323], [-75.64753009436942, 6.155947093502578], [-75.64749770458752, 6.156063486537504], [-75.64749776332516, 6.1560634916702135], [-75.6474978772233, 6.156063509185717], [-75.64749793507562, 6.156063517938986], [-75.64757378937666, 6.156076630632226], [-75.64766615852916, 6.156095123546927], [-75.64771741365162, 6.156105386734534], [-75.6477291859098, 6.15610885224646], [-75.647757803555, 6.156117321171711], [-75.64778204427174, 6.156124390671439], [-75.64824462603865, 6.155594936050141], [-75.64831108989554, 6.1556147887733745]]]}, "properties": {"OBJECTID": 3, "NOM_BARRIO": "EL PEDRERO", "BARRIO": "004", "PK_BARRIO": "3801001004", "MUNICIPIO": "380", "SECTOR": "1", "CORREGIMIENTO": "001", "CREATED_US": " ", "CREATED_DA": null, "LAST_EDITE": " ", "LAST_EDI_1": null, "SE_ANNO_CAD_DATA": null, "SHAPE.AREA": 0, "SHAPE.LEN": 0, "nombre_barrio_estandarizado": "EL PEDRERO", "municipio_estandarizado": "la-estrella"}}, {"type": "Feature", "geometry": {"type": "Polygon", "coordinates": [[[-75.64272446248516, 6.159674380254076], [-75.64290069911664, 6.159707537494418], [-75.64308344745984, 6.159740696737946], [-75.6433591329169, 6.159829545154779], [-75.6439161353404, 6.1599657225330855], [-75.64438496110073, 6.158629141090874], [-75.64491610520497, 6.156839007587014], [-75.64417261411155, 6.156610816321279], [-75.64336594990894, 6.15633266212977], [-75.64304865315731, 6.156206238296743], [-75.64255122518834, 6.156015208685155], [-75.64243574619422, 6.156365778988638], [-75.64240709359811, 6.1564525390528155], [-75.64228162606861, 6.156821171931738], [-75.64197412573654, 6.157624843336478], [-75.64197408213899, 6.157624977350789], [-75.64160596538314, 6.158797956121213], [-75.64157618749046, 6.158903588297091], [-75.64157612665493, 6.158903889644827], [-75.64157612047971, 6.158903919508841], [-75.64157623537152, 6.158903955101382], [-75.6415487790462, 6.159037197008308], [-75.64137025417179, 6.159646853295133], [-75.64135919606824, 6.159684615724185], [-75.6416227136752, 6.1596297726708835], [-75.64186819537143, 6.159576366809821], [-75.64219249718732, 6.159524336745373], [-75.64272446248516, 6.159674380254076]]]}, "properties": {"OBJECTID": 4, "NOM_BARRIO": "CENTRO", "BARRIO": "013", "PK_BARRIO": "3801001013", "MUNICIPIO": "380", "SECTOR": "1", "CORREGIMIENTO": "001", "CREATED_US": " ", "CREATED_DA": null, "LAST_EDITE": " ", "LAST_EDI_1": null, "SE_ANNO_CAD_DATA": null, "SHAPE.AREA": 0, "SHAPE.LEN": 0, "nombre_barrio_estandarizado": "CENTRO", "municipio_estandarizado": "la-estrella"}}, {"type": "Feature", "geometry": {"type": "Polygon", "coordinates": [[[-75.63961354970361, 6.158877053876963], [-75.63964819266971, 6.158887584456766], [-75.63964460746185, 6.158910957290637], [-75.6394923617394, 6.159902922621679], [-75.63946812160917, 6.160060863505712], [-75.63948317015748, 6.160059756579788], [-75.64016134324989, 6.160050602603103], [-75.64035735358955, 6.160016113513956], [-75.6404361099534, 6.159996866901518], [-75.64054213115244, 6.159951385491473], [-75.64076095766085, 6.159864924613538], [-75.64100687045932, 6.159773869850305], [-75.64116933670599, 6.159723719607338], [-75.64135919606824, 6.159684615724185], [-75.64137025417179, 6.159646853295133], [-75.6415487790462, 6.159037197008308], [-75.64157623537152, 6.158903955101382], [-75.64157612047971, 6.158903919508841], [-75.64157612665493, 6.158903889644827], [-75.64153721250385, 6.158891975483937], [-75.6413673290341, 6.158839324829983], [-75.64123483156835, 6.158798260469186], [-75.64107451128575, 6.1587485736948935], [-75.64097763755409, 6.158718551080002], [-75.6409379224707, 6.158685497963793], [-75.64090685052416, 6.15864087548006], [-75.64089823625558, 6.158628503816988], [-75.64087488041756, 6.158562208445768], [-75.64087486393107, 6.158562162421204], [-75.64088819977556, 6.158455083828642], [-75.64088821460342, 6.158454977078057], [-75.64088571256323, 6.158442011019307], [-75.64088025326812, 6.158413710753655], [-75.64085681352276, 6.158390913851319], [-75.64083371125928, 6.158394722184439], [-75.64075522210067, 6.158407489954335], [-75.64074465767176, 6.15840918672697], [-75.64069193529059, 6.158374814803391], [-75.64064544336627, 6.158336539095224], [-75.64061692511807, 6.158304360749108], [-75.64061411040414, 6.158263590558765], [-75.64061130540821, 6.158222958638776], [-75.64061129556238, 6.15822279415155], [-75.64058562291063, 6.1581725814037505], [-75.64057563732241, 6.158153049259718], [-75.64053332156954, 6.158092177067322], [-75.64052485759885, 6.158058127482243], [-75.64050923837159, 6.157995300542508], [-75.64045432296261, 6.157879802390727], [-75.64041630948698, 6.157762265997569], [-75.64041628288165, 6.157762182957239], [-75.64035065985372, 6.157694144048348], [-75.64024680183483, 6.157641197579724], [-75.64024666509552, 6.157641127741235], [-75.64023640969535, 6.157635899798477], [-75.64016578465309, 6.1575880213883805], [-75.64015694419537, 6.157585070958308], [-75.64009432277851, 6.157564186545393], [-75.64002181172661, 6.157555242876329], [-75.64000324340654, 6.157531349593608], [-75.6399964864765, 6.157501281078897], [-75.63999535781586, 6.157499357435351], [-75.63998058298336, 6.1574741317961905], [-75.63997651282655, 6.157467183570128], [-75.63997508535806, 6.157464747004388], [-75.63996161039118, 6.157447758005475], [-75.63995742563934, 6.157442479212104], [-75.63992449287869, 6.157448075532791], [-75.6398912589241, 6.157464375419583], [-75.63988707876474, 6.157466423882161], [-75.63985355987998, 6.157454858010041], [-75.63984848603663, 6.157445685376789], [-75.63983223365369, 6.157416294878492], [-75.63982517199882, 6.1574035249465755], [-75.6398260293234, 6.157374117563113], [-75.63963056380061, 6.157308109776185], [-75.6396239769889, 6.157305885880575], [-75.63961385157066, 6.157302466270304], [-75.63959804766573, 6.157328376655887], [-75.63959494835716, 6.157333459164707], [-75.639581465155, 6.157355570118166], [-75.63957861673748, 6.157360242757157], [-75.63956064016413, 6.157351539892312], [-75.63956026169424, 6.157351357340304], [-75.63954430697055, 6.1573436343970975], [-75.63952845636216, 6.1573359597563515], [-75.63950994252372, 6.157370075101469], [-75.63950538718662, 6.157378458250732], [-75.63947801913301, 6.157430606096377], [-75.63946849257391, 6.157448758545819], [-75.63946843530184, 6.157448867314619], [-75.6394506528732, 6.15748275212583], [-75.63942306582334, 6.1575348196928115], [-75.63941512600101, 6.157549801037632], [-75.63939527556732, 6.157587259828587], [-75.6393914828602, 6.157594417839727], [-75.63938186954911, 6.157612563486963], [-75.63938043945019, 6.1576152619056295], [-75.63936754351855, 6.157639598424062], [-75.6393397008147, 6.157691662738349], [-75.63931168358975, 6.1577440551812765], [-75.63928347301383, 6.157796803871454], [-75.63939360451784, 6.157846140393992], [-75.63940557933776, 6.157852015277356], [-75.63949417693648, 6.157892236186887], [-75.63954045066468, 6.157913244067746], [-75.63960921035151, 6.157944461217691], [-75.6396229863678, 6.1579507150139206], [-75.6396098099255, 6.157975131577092], [-75.63959027839994, 6.15801131861467], [-75.6395836736419, 6.158023562236028], [-75.63957849828824, 6.158033149931738], [-75.63956158398271, 6.158064490089142], [-75.63956006503453, 6.15806730466587], [-75.6395493222975, 6.158087209753867], [-75.63954458523911, 6.158095925589447], [-75.63952226416349, 6.158137001044062], [-75.6394941640837, 6.15818870864252], [-75.63946564154675, 6.158241203947512], [-75.6394002955426, 6.158361585420812], [-75.63939048589245, 6.158377105795523], [-75.63939008615087, 6.158377736989183], [-75.639389211402, 6.1583791226991265], [-75.63938752463163, 6.158381792555554], [-75.63935974420507, 6.158432385696289], [-75.63935555237563, 6.158439386573347], [-75.6393482115686, 6.158452935663672], [-75.63929200389612, 6.158556669131201], [-75.63928884681894, 6.1585624923408675], [-75.63928105394955, 6.158576869966068], [-75.63923518570145, 6.158661521214764], [-75.6392243843919, 6.158681458237502], [-75.63919238038253, 6.158729889018892], [-75.6391501985021, 6.158793724473705], [-75.63915844940038, 6.158795995278494], [-75.63918853869144, 6.158804279280329], [-75.63921505427965, 6.158811579286959], [-75.6392782627173, 6.158833868447498], [-75.6393015898046, 6.158842094604051], [-75.63932852091573, 6.158851591183548], [-75.63934101587334, 6.158812462850992], [-75.63961354970361, 6.158877053876963]]]}, "properties": {"OBJECTID": 5, "NOM_BARRIO": "CAMILO TORRES", "BARRIO": "016", "PK_BARRIO": "3801001016", "MUNICIPIO": "380", "SECTOR": "1", "CORREGIMIENTO": "001", "CREATED_US": " ", "CREATED_DA": null, "LAST_EDITE": " ", "LAST_EDI_1": null, "SE_ANNO_CAD_DATA": null, "SHAPE.AREA": 0, "SHAPE.LEN": 0, "nombre_barrio_estandarizado": "CAMILO TORRES", "municipio_estandarizado": "la-estrella"}}, {"type": "Feature", "geometry": {"type": "Polygon", "coordinates": [[[-75.63333344363556, 6.156828009593432], [-75.63308945774783, 6.156802324060801], [-75.63271736034552, 6.156738552125764], [-75.6325044377936, 6.1567034555039175], [-75.63238931612504, 6.157163635306121], [-75.63229162636286, 6.157764519505837], [-75.63227555777524, 6.158073554212605], [-75.63227220615754, 6.158327158525781], [-75.63227388823078, 6.158584360517413], [-75.63217092260729, 6.158930091969294], [-75.63208648523154, 6.159221058667032], [-75.63216937905312, 6.159396216828204], [-75.63224243309136, 6.159550582473997], [-75.63227333869199, 6.159714567350115], [-75.63226393922334, 6.159943657470849], [-75.6321883338385, 6.160291709326047], [-75.63199007176533, 6.160559901878419], [-75.63191510284496, 6.160611397861489], [-75.63180640873804, 6.160656079273955], [-75.63171297899964, 6.160706218097935], [-75.63165965158728, 6.160780579132499], [-75.63162783115641, 6.160861313315899], [-75.6316106683762, 6.1609449919515775], [-75.6318763470331, 6.160787973883952], [-75.63196882798734, 6.160753163362622], [-75.63208762789729, 6.160744556038118], [-75.63216088270005, 6.160755428040221], [-75.63245320487786, 6.16086365475114], [-75.63249773239393, 6.160877242396456], [-75.63270035135504, 6.16094883234071], [-75.63306698824485, 6.1610850136155975], [-75.63357415163966, 6.161266768555164], [-75.63443860130683, 6.161608980311445], [-75.63528974148781, 6.161977680407002], [-75.635608707739, 6.162113743395277], [-75.63574167924214, 6.162170465647589], [-75.63585082344753, 6.162217024881482], [-75.63610814255053, 6.161726198950361], [-75.63619391421088, 6.161700501173637], [-75.63632809439672, 6.161681537754143], [-75.63639182007297, 6.161656115346586], [-75.6364660821576, 6.1615947673369735], [-75.63647921180787, 6.161533581600836], [-75.63648310902101, 6.1614884937876795], [-75.63638370203432, 6.161159974867306], [-75.63635854930725, 6.160902774112991], [-75.63638632263022, 6.160797429209363], [-75.63643532409253, 6.160670343670326], [-75.63653483169514, 6.160578776943196], [-75.63686942900061, 6.160526229531845], [-75.63710231164934, 6.1604832346305], [-75.63725950958543, 6.1604393764400625], [-75.63724152073547, 6.160319206501827], [-75.63722699062393, 6.160166492771182], [-75.63720155931762, 6.16005118363104], [-75.63684476786241, 6.159801872195037], [-75.63668183893842, 6.15959897371402], [-75.63649988806569, 6.159410906963007], [-75.63628533916373, 6.159254914129913], [-75.63609206606823, 6.159117382383223], [-75.63588785466409, 6.158941475360281], [-75.63579260484019, 6.158716870096075], [-75.63577032440065, 6.15861011370773], [-75.63576253429284, 6.158550206647738], [-75.63569195241551, 6.158007279130872], [-75.63561779842354, 6.157366205008666], [-75.63560903685591, 6.157326697135624], [-75.63547798189262, 6.157260486822666], [-75.63529386640704, 6.157142565842766], [-75.63508373964841, 6.15701352963024], [-75.63480490246732, 6.156838484884526], [-75.6345505531042, 6.1568264562687025], [-75.63410048192492, 6.156826880965077], [-75.63399619202049, 6.15682954762201], [-75.6339955453975, 6.156831221496991], [-75.63398374943, 6.156861802236912], [-75.63393781479927, 6.156883536389122], [-75.63392658740412, 6.156883235636958], [-75.63367380293147, 6.1568764586305145], [-75.63354449131172, 6.156869592606635], [-75.6333259127078, 6.156866799740616], [-75.63333344363556, 6.156828009593432]]]}, "properties": {"OBJECTID": 6, "NOM_BARRIO": "BAVARIA", "BARRIO": "023", "PK_BARRIO": "3801001023", "MUNICIPIO": "380", "SECTOR": "1", "CORREGIMIENTO": "001", "CREATED_US": " ", "CREATED_DA": null, "LAST_EDITE": " ", "LAST_EDI_1": null, "SE_ANNO_CAD_DATA": null, "SHAPE.AREA": 0, "SHAPE.LEN": 0, "nombre_barrio_estandarizado": "BAVARIA", "municipio_estandarizado": "la-estrella"}}, {"type": "Feature", "geometry": {"type": "Polygon", "coordinates": [[[-75.63884678956784, 6.1191338511814335], [-75.63886831786739, 6.119158022568388], [-75.63888082305617, 6.119172061479423], [-75.6389420133305, 6.1192478098210845], [-75.63895735117781, 6.119264095817184], [-75.63900316676566, 6.119312737802881], [-75.63906366389486, 6.119349762908671], [-75.63909601712238, 6.119366013128081], [-75.63911300410155, 6.119374544235994], [-75.63914772544528, 6.119339442941875], [-75.63916097905997, 6.119329861769828], [-75.63923013979566, 6.119276926034133], [-75.6392526276181, 6.119101354600907], [-75.63932258523575, 6.119120781102035], [-75.63940298372876, 6.119143107946806], [-75.6395046576155, 6.119035436849569], [-75.63958135571914, 6.118921460836262], [-75.63963646217634, 6.118873069241615], [-75.63966702844301, 6.1188263261921465], [-75.63968833920389, 6.118793863770306], [-75.63970040168928, 6.118690139345789], [-75.63970155022167, 6.118681054367306], [-75.63976549335467, 6.1186839329294065], [-75.63990033946955, 6.118690005658765], [-75.63990030921367, 6.118693225113151], [-75.63990013282876, 6.1187119351997685], [-75.63992809553103, 6.118720093165524], [-75.63996028588254, 6.1187294851473], [-75.64000432687745, 6.118676635881161], [-75.64014094861518, 6.118645358227611], [-75.640126736384, 6.118581660412641], [-75.64012556169256, 6.118576035797955], [-75.64012363779828, 6.11856682580945], [-75.63993495878354, 6.118589076793423], [-75.63980599799558, 6.1186006645699855], [-75.63970959715452, 6.118604577738355], [-75.6396536429527, 6.118600791083063], [-75.63961821295733, 6.118589958594222], [-75.63955868578273, 6.118560070719969], [-75.63951937045621, 6.118545612220221], [-75.63944818902837, 6.118519919465559], [-75.63932983267787, 6.118496717010663], [-75.63922788273413, 6.1184798833062], [-75.6391886801103, 6.1184764237478655], [-75.63907907629205, 6.118460491014464], [-75.63900317206945, 6.118451005642577], [-75.63893295179959, 6.118454416552489], [-75.63887647746554, 6.11846666652627], [-75.63880310456972, 6.1184983326119955], [-75.63873859658793, 6.118525938426446], [-75.63870506355157, 6.1185517755037], [-75.63868758418914, 6.1185783617538725], [-75.63865784511908, 6.118631170477388], [-75.63857269299699, 6.118726792456588], [-75.63854437246376, 6.118740505051632], [-75.63855598673986, 6.118751348034505], [-75.63856516292137, 6.118759913959074], [-75.63861551990718, 6.118779324851592], [-75.63867156022, 6.1188168402487095], [-75.6386899512736, 6.118882709033212], [-75.63869934590423, 6.11894756070142], [-75.63871819695669, 6.118977043879777], [-75.63874194025914, 6.1190160081418234], [-75.63874878476499, 6.119026127828263], [-75.63876967737902, 6.119057145074289], [-75.63878466381452, 6.119082069160936], [-75.6387943114366, 6.119076640836994], [-75.63884678956784, 6.1191338511814335]]]}, "properties": {"OBJECTID": 7, "NOM_BARRIO": "ALTO DE LA VIRGEN", "BARRIO": "041", "PK_BARRIO": "3801001041", "MUNICIPIO": "380", "SECTOR": "1", "CORREGIMIENTO": "001", "CREATED_US": " ", "CREATED_DA": null, "LAST_EDITE": " ", "LAST_EDI_1": null, "SE_ANNO_CAD_DATA": null, "SHAPE.AREA": 0, "SHAPE.LEN": 0, "nombre_barrio_estandarizado": "ALTO DE LA VIRGEN", "municipio_estandarizado": "la-estrella"}}, {"type": "Feature", "geometry": {"type": "Polygon", "coordinates": [[[-75.64104658446725, 6.121361238962818], [-75.64102079360437, 6.121410192480704], [-75.64101766577497, 6.121427650514846], [-75.64101780920589, 6.121482383374683], [-75.64102537817216, 6.121568224007389], [-75.64103030415147, 6.121575915773768], [-75.64104431587575, 6.1215779803309855], [-75.64107228298653, 6.121557597460213], [-75.64113515274192, 6.1214916099870615], [-75.64116869498568, 6.12146140976772], [-75.64125758205465, 6.121433168221432], [-75.6413248016555, 6.121425808292334], [-75.6413682682592, 6.121407900307419], [-75.64143246298023, 6.121376096345533], [-75.64150849846794, 6.12133338735044], [-75.64156086641319, 6.121316443532327], [-75.64162908260403, 6.121309345358375], [-75.64171021125158, 6.121323963815976], [-75.64179137451242, 6.121352422097689], [-75.64186550443337, 6.121377563711681], [-75.64197550206566, 6.121428126659011], [-75.64198966347084, 6.121399276676503], [-75.6420023801549, 6.121350301658549], [-75.64197837103458, 6.121263400266298], [-75.64203549161435, 6.121148343350106], [-75.64206606152183, 6.121086769344556], [-75.6420801687799, 6.121062339501842], [-75.64209359959246, 6.12099088734768], [-75.64209580596896, 6.1209572315893315], [-75.64209570350441, 6.120917464113941], [-75.64209205075201, 6.120866351197795], [-75.64208273268675, 6.1207898037902515], [-75.6420719419451, 6.1207276795157215], [-75.64206999044575, 6.12065039338469], [-75.64206988852936, 6.120646380836328], [-75.64195381462503, 6.120592208989098], [-75.64191091694272, 6.120569835412978], [-75.64200896189685, 6.120472416493019], [-75.64198803331358, 6.120454523659228], [-75.64198073821952, 6.120447749421366], [-75.64194233004636, 6.1204120733306295], [-75.64192585436976, 6.120396770347591], [-75.64191457075427, 6.120410586363293], [-75.64191150011949, 6.12040788573614], [-75.64184695051243, 6.120351101465658], [-75.6418402350211, 6.120345193156706], [-75.6417910381217, 6.120292994525954], [-75.64174190698128, 6.1202409420178565], [-75.64169643870802, 6.120193922360336], [-75.64151323244519, 6.119994608431161], [-75.64138390316526, 6.119943547358766], [-75.64122554693508, 6.119879319791614], [-75.64094608423716, 6.119792330461901], [-75.64090378807522, 6.119981541826095], [-75.64089734831327, 6.120041865162836], [-75.64088724283593, 6.120181505721533], [-75.64091470345325, 6.120435082535566], [-75.64092234393198, 6.120503880689031], [-75.6409224661464, 6.120506143815096], [-75.6409249338139, 6.120551752470038], [-75.64093015781953, 6.120576536450094], [-75.64094185511944, 6.120618965347886], [-75.64096196817516, 6.120664079414733], [-75.64098261956256, 6.120718203249275], [-75.64100624217062, 6.120782917800525], [-75.64102774329697, 6.120818621155449], [-75.6411005016934, 6.120939446507034], [-75.64120724662448, 6.121056147501156], [-75.6412321064722, 6.1210833263391144], [-75.64116056894065, 6.121172346323787], [-75.64110596451795, 6.121254696975914], [-75.64104658446725, 6.121361238962818]]]}, "properties": {"OBJECTID": 8, "NOM_BARRIO": "SAN MIGUEL", "BARRIO": "042", "PK_BARRIO": "3801001042", "MUNICIPIO": "380", "SECTOR": "1", "CORREGIMIENTO": "001", "CREATED_US": " ", "CREATED_DA": null, "LAST_EDITE": " ", "LAST_EDI_1": null, "SE_ANNO_CAD_DATA": null, "SHAPE.AREA": 0, "SHAPE.LEN": 0, "nombre_barrio_estandarizado": "SAN MIGUEL", "municipio_estandarizado": "la-estrella"}}, {"type": "Feature", "geometry": {"type": "Polygon", "coordinates": [[[-75.63097475488364, 6.161166026284004], [-75.63102339877601, 6.161111619984021], [-75.63112969794605, 6.161125118905681], [-75.63123000748604, 6.16112561548439], [-75.6313456270276, 6.161092618242302], [-75.63148069821125, 6.161026515363742], [-75.63153594482797, 6.160991860682338], [-75.6316106683762, 6.1609449919515775], [-75.63162783115641, 6.160861313315899], [-75.63165965158728, 6.160780579132499], [-75.63171297899964, 6.160706218097935], [-75.63180640873804, 6.160656079273955], [-75.63191510284496, 6.160611397861489], [-75.63199007176533, 6.160559901878419], [-75.6321883338385, 6.160291709326047], [-75.63226393922334, 6.159943657470849], [-75.63227333869199, 6.159714567350115], [-75.63224243309136, 6.159550582473997], [-75.63216937905312, 6.159396216828204], [-75.63214204952433, 6.159400463368251], [-75.63206443030023, 6.15941379254865], [-75.6320388356099, 6.1594020197959045], [-75.63203964178342, 6.159403943250526], [-75.63168695187001, 6.159241712133431], [-75.63149612671265, 6.1591211396754835], [-75.63121078066804, 6.158989425548992], [-75.63093971595244, 6.158915732329931], [-75.63090713250884, 6.158906874291211], [-75.6308389599945, 6.158888341309364], [-75.63061492620609, 6.158827433262438], [-75.63051619448355, 6.158795267831222], [-75.63050414827164, 6.158789572069659], [-75.63049140510394, 6.1587854202489165], [-75.63000942508938, 6.158557446362381], [-75.62986659950967, 6.158490929127607], [-75.62974472153434, 6.15845680195728], [-75.62974244664976, 6.158456165875101], [-75.62974186353104, 6.158456063880798], [-75.62966849662283, 6.158443103584394], [-75.62964614553319, 6.158433686910196], [-75.62964370726124, 6.158433255948886], [-75.62957069257723, 6.15840248588944], [-75.6294924756375, 6.158357349869046], [-75.62934093817908, 6.158251051916309], [-75.62925398185692, 6.158159268267749], [-75.6292250972778, 6.1581008371540875], [-75.62922195603097, 6.1580944881156645], [-75.62915433135606, 6.158083554321197], [-75.62912838834971, 6.158079360855188], [-75.629047819544, 6.15806638622807], [-75.6290463377422, 6.158098786623239], [-75.62903112376715, 6.158248916192602], [-75.62894131216694, 6.1582241169218515], [-75.6289139751331, 6.15821656814993], [-75.62890648056023, 6.15821545785454], [-75.62868843875455, 6.15817535674564], [-75.62861439170455, 6.1581596476937985], [-75.62854252126712, 6.158139839776043], [-75.62846824682045, 6.158113713519939], [-75.62840093104035, 6.158089194712274], [-75.62833304255089, 6.158057509579107], [-75.62826806844778, 6.15802480295583], [-75.62820195869482, 6.157991865960287], [-75.62813542941917, 6.15795976455716], [-75.6280759784501, 6.15791962196899], [-75.62801304881148, 6.157876146093022], [-75.62795671770559, 6.157837087437736], [-75.62789287550382, 6.157792823181681], [-75.62783628926125, 6.157755514201759], [-75.6277721958925, 6.157713255445882], [-75.62771238435539, 6.157672887653003], [-75.62765257012934, 6.157632522574945], [-75.62759204235405, 6.157591981095278], [-75.62753334803254, 6.157551946786286], [-75.62747470717964, 6.157511946557676], [-75.62741208308101, 6.157469235701126], [-75.62735368468657, 6.157431329852525], [-75.62729177305586, 6.157391142292965], [-75.62723493330975, 6.157354251230391], [-75.62721634319733, 6.157294067756357], [-75.62719881811418, 6.157282756681531], [-75.62717132899074, 6.157266313556559], [-75.6270706856398, 6.157206112951401], [-75.6270212087534, 6.157167054730795], [-75.62696964272837, 6.157161828340671], [-75.62670918132385, 6.15696207037201], [-75.62639851844004, 6.156723354178752], [-75.62634930809685, 6.156685764534988], [-75.62633323619532, 6.156673487962863], [-75.62631096438248, 6.156656475743483], [-75.62626479507621, 6.15662120990151], [-75.6260780232837, 6.156467114893006], [-75.6260303637866, 6.156430969476231], [-75.62599825918265, 6.156399499186709], [-75.62596983202569, 6.156364942429851], [-75.62593760354306, 6.156326092043666], [-75.6259030938305, 6.156267482118319], [-75.62588072728263, 6.156217951498098], [-75.62586532883539, 6.156174893054307], [-75.62585639983111, 6.156146018114991], [-75.62584569553542, 6.156092256967531], [-75.62584377469007, 6.156057786691489], [-75.62584437036841, 6.155981034060033], [-75.62584836902897, 6.155936332392248], [-75.62586057671045, 6.155863324152825], [-75.62587679424715, 6.155804694147342], [-75.62589251052474, 6.155753062182912], [-75.62593182172941, 6.155626319154566], [-75.62595939520678, 6.155516752174452], [-75.6259604617749, 6.155377918531375], [-75.62593532386114, 6.1552649287863535], [-75.62593161991397, 6.155248280774488], [-75.62592486720125, 6.15519574324853], [-75.62590545990176, 6.155216996352419], [-75.62585494439114, 6.155097384537552], [-75.62520942343869, 6.155331850940128], [-75.62521171522303, 6.155388521191991], [-75.62516104123493, 6.155401208525527], [-75.62516100814292, 6.155402195012261], [-75.62515191693223, 6.155404646340189], [-75.62515815701555, 6.155451584000629], [-75.62510615435112, 6.156417127366541], [-75.62512979712731, 6.156406338645788], [-75.62535957159142, 6.156312493379754], [-75.6256179684114, 6.15620325034315], [-75.62573139578646, 6.156209443515585], [-75.62568659328807, 6.156547352814004], [-75.62557818937141, 6.157129633784335], [-75.62546581514201, 6.157688305995603], [-75.62546453325601, 6.157691037126913], [-75.62536448165713, 6.1582063399980145], [-75.62533487785464, 6.158390585634779], [-75.62529458618913, 6.158505503120506], [-75.6253496036785, 6.158524477769333], [-75.62525597863039, 6.158789029379993], [-75.62530263184993, 6.1588080280254855], [-75.62526587640453, 6.158906193155452], [-75.62526479267855, 6.15894446260835], [-75.62522926664802, 6.159054583237728], [-75.62527831312238, 6.159074770677171], [-75.62519858951114, 6.1591886067106145], [-75.62509882454187, 6.159395776597208], [-75.62508236740217, 6.159489100035462], [-75.62501898955716, 6.1594713463511255], [-75.62498830604488, 6.159602977744527], [-75.62506003917804, 6.159618315335418], [-75.62507304115353, 6.159981812459363], [-75.62516227148198, 6.160262575707933], [-75.62514078532696, 6.160269813601855], [-75.62513118523437, 6.160255491828858], [-75.62508462962555, 6.160269977122224], [-75.6250798182639, 6.160259228096998], [-75.62500580539734, 6.160282164086397], [-75.62503712699069, 6.1603705647415445], [-75.6249881813022, 6.160385057280743], [-75.62502192013683, 6.160483019069283], [-75.62493717862665, 6.160514355937402], [-75.62498052481456, 6.160629031597677], [-75.62492801888514, 6.160651904181839], [-75.62497740408527, 6.160789282560372], [-75.62499654133096, 6.160784723192552], [-75.62500676119724, 6.1608200123701895], [-75.62565829323545, 6.1607336467508045], [-75.62612669871854, 6.160716750606753], [-75.62617399312136, 6.1608295270748625], [-75.6262088778616, 6.160857759679439], [-75.62635456909427, 6.160817889098383], [-75.62649414036635, 6.160759808451412], [-75.62665497018786, 6.160701670943516], [-75.62693955513512, 6.16056739801388], [-75.62702249637822, 6.160530415793824], [-75.62705601290732, 6.160605338585976], [-75.62745303082413, 6.160391803580626], [-75.62761726480508, 6.160332012757054], [-75.62771854035563, 6.160316411350619], [-75.6278179045676, 6.160300815732893], [-75.62787910194525, 6.160308290725585], [-75.62794794553191, 6.160315744290348], [-75.62801683863655, 6.1603404179980314], [-75.62811062320951, 6.16037841133903], [-75.62826950547719, 6.16045065739037], [-75.62847240192279, 6.160538080557064], [-75.62955760393727, 6.160971165540845], [-75.62974685237656, 6.160966787471181], [-75.63005650868897, 6.160952493568492], [-75.63030882105069, 6.16094027881336], [-75.63036618815109, 6.1609458512661925], [-75.63055945934754, 6.161010341742681], [-75.63097475488364, 6.161166026284004]]]}, "properties": {"OBJECTID": 9, "NOM_BARRIO": "SAN AGUSTIN SURAMERICA", "BARRIO": "024", "PK_BARRIO": "3801001024", "MUNICIPIO": "380", "SECTOR": "1", "CORREGIMIENTO": "001", "CREATED_US": " ", "CREATED_DA": null, "LAST_EDITE": " ", "LAST_EDI_1": null, "SE_ANNO_CAD_DATA": null, "SHAPE.AREA": 0, "SHAPE.LEN": 0, "nombre_barrio_estandarizado": "SAN AGUSTIN SURAMERICA", "municipio_estandarizado": "la-estrella"}}, {"type": "Feature", "geometry": {"type": "Polygon", "coordinates": [[[-75.63206443030023, 6.15941379254865], [-75.63214204952433, 6.159400463368251], [-75.63216937905312, 6.159396216828204], [-75.63208648523154, 6.159221058667032], [-75.63217092260729, 6.158930091969294], [-75.63227388823078, 6.158584360517413], [-75.63227220615754, 6.158327158525781], [-75.63227555777524, 6.158073554212605], [-75.63229162636286, 6.157764519505837], [-75.63238931612504, 6.157163635306121], [-75.6325044377936, 6.1567034555039175], [-75.63248073816322, 6.1566982485212645], [-75.63244788836641, 6.156691029982761], [-75.63231324471232, 6.15666144315197], [-75.6321354089932, 6.156617720338548], [-75.63198219787884, 6.156561603470038], [-75.63187805512143, 6.15651861715012], [-75.63175237471064, 6.156477661787884], [-75.63161870795899, 6.156439176779587], [-75.63144902467805, 6.156399371393993], [-75.63132643660494, 6.156348958746954], [-75.63126667433963, 6.156320778663504], [-75.6311330406826, 6.1562857070335655], [-75.63097811954594, 6.15623449998828], [-75.63074557334909, 6.156120695003697], [-75.6307039317374, 6.156104254071921], [-75.63058483673998, 6.156054397137588], [-75.6304478779461, 6.155992306036041], [-75.62930234462334, 6.155197390043064], [-75.62913360980437, 6.155070126428698], [-75.62901374674743, 6.1549345867009535], [-75.6289073639474, 6.154760972336207], [-75.62887716189542, 6.154636067206626], [-75.62890394286092, 6.154489278994487], [-75.6289416516291, 6.1543669123539955], [-75.62900649427837, 6.15423361041772], [-75.62908966289726, 6.153984312382229], [-75.62873955764137, 6.154146016475156], [-75.62844996652333, 6.154274001328323], [-75.62811309073138, 6.154393759752968], [-75.62763201893371, 6.154539351777004], [-75.6266490501536, 6.154836838274637], [-75.62588070328434, 6.155088028270033], [-75.62585494439114, 6.155097384537552], [-75.62590545990176, 6.155216996352419], [-75.62592486720125, 6.15519574324853], [-75.62593161991397, 6.155248280774488], [-75.62593532386114, 6.1552649287863535], [-75.6259604617749, 6.155377918531375], [-75.62595939520678, 6.155516752174452], [-75.62593182172941, 6.155626319154566], [-75.62589251052474, 6.155753062182912], [-75.62587679424715, 6.155804694147342], [-75.62586057671045, 6.155863324152825], [-75.62584836902897, 6.155936332392248], [-75.62584437036841, 6.155981034060033], [-75.62584377469007, 6.156057786691489], [-75.62584569553542, 6.156092256967531], [-75.62585639983111, 6.156146018114991], [-75.62586532883539, 6.156174893054307], [-75.62588072728263, 6.156217951498098], [-75.6259030938305, 6.156267482118319], [-75.62593760354306, 6.156326092043666], [-75.62596983202569, 6.156364942429851], [-75.62599825918265, 6.156399499186709], [-75.6260303637866, 6.156430969476231], [-75.6260780232837, 6.156467114893006], [-75.62626479507621, 6.15662120990151], [-75.62631096438248, 6.156656475743483], [-75.62633323619532, 6.156673487962863], [-75.62634930809685, 6.156685764534988], [-75.62639851844004, 6.156723354178752], [-75.62670918132385, 6.15696207037201], [-75.62696964272837, 6.157161828340671], [-75.6270212087534, 6.157167054730795], [-75.6270706856398, 6.157206112951401], [-75.62717132899074, 6.157266313556559], [-75.62719881811418, 6.157282756681531], [-75.62721634319733, 6.157294067756357], [-75.62723493330975, 6.157354251230391], [-75.62729177305586, 6.157391142292965], [-75.62735368468657, 6.157431329852525], [-75.62741208308101, 6.157469235701126], [-75.62747470717964, 6.157511946557676], [-75.62753334803254, 6.157551946786286], [-75.62759204235405, 6.157591981095278], [-75.62765257012934, 6.157632522574945], [-75.62771238435539, 6.157672887653003], [-75.6277721958925, 6.157713255445882], [-75.62783628926125, 6.157755514201759], [-75.62789287550382, 6.157792823181681], [-75.62795671770559, 6.157837087437736], [-75.62801304881148, 6.157876146093022], [-75.6280759784501, 6.15791962196899], [-75.62813542941917, 6.15795976455716], [-75.62820195869482, 6.157991865960287], [-75.62826806844778, 6.15802480295583], [-75.62833304255089, 6.158057509579107], [-75.62840093104035, 6.158089194712274], [-75.62846824682045, 6.158113713519939], [-75.62854252126712, 6.158139839776043], [-75.62861439170455, 6.1581596476937985], [-75.62868843875455, 6.15817535674564], [-75.62890648056023, 6.15821545785454], [-75.6289139751331, 6.15821656814993], [-75.62894131216694, 6.1582241169218515], [-75.62903112376715, 6.158248916192602], [-75.6290463377422, 6.158098786623239], [-75.629047819544, 6.15806638622807], [-75.62912838834971, 6.158079360855188], [-75.62915433135606, 6.158083554321197], [-75.62922195603097, 6.1580944881156645], [-75.6292250972778, 6.1581008371540875], [-75.62925398185692, 6.158159268267749], [-75.62934093817908, 6.158251051916309], [-75.6294924756375, 6.158357349869046], [-75.62957069257723, 6.15840248588944], [-75.62964370726124, 6.158433255948886], [-75.62964614553319, 6.158433686910196], [-75.62966849662283, 6.158443103584394], [-75.62974186353104, 6.158456063880798], [-75.62974244664976, 6.158456165875101], [-75.62974472153434, 6.15845680195728], [-75.62986659950967, 6.158490929127607], [-75.63000942508938, 6.158557446362381], [-75.63049140510394, 6.1587854202489165], [-75.63050414827164, 6.158789572069659], [-75.63051619448355, 6.158795267831222], [-75.63061492620609, 6.158827433262438], [-75.6308389599945, 6.158888341309364], [-75.63090713250884, 6.158906874291211], [-75.63093971595244, 6.158915732329931], [-75.63121078066804, 6.158989425548992], [-75.63149612671265, 6.1591211396754835], [-75.63168695187001, 6.159241712133431], [-75.63203964178342, 6.159403943250526], [-75.6320388356099, 6.1594020197959045], [-75.63206443030023, 6.15941379254865]]]}, "properties": {"OBJECTID": 10, "NOM_BARRIO": "SAN AGUSTIN INDUSTRIAL", "BARRIO": "025", "PK_BARRIO": "3801001025", "MUNICIPIO": "380", "SECTOR": "1", "CORREGIMIENTO": "001", "CREATED_US": " ", "CREATED_DA": null, "LAST_EDITE": " ", "LAST_EDI_1": null, "SE_ANNO_CAD_DATA": null, "SHAPE.AREA": 0, "SHAPE.LEN": 0, "nombre_barrio_estandarizado": "SAN AGUSTIN INDUSTRIAL", "municipio_estandarizado": "la-estrella"}}, {"type": "Feature", "geometry": {"type": "Polygon", "coordinates": [[[-75.63645056821748, 6.148295376124897], [-75.63644860648951, 6.148316670692099], [-75.63648474627767, 6.148320046108589], [-75.63658777185289, 6.148376277337395], [-75.63671179508373, 6.148482273910736], [-75.63675293388899, 6.14851743260828], [-75.63677621842345, 6.148542787365903], [-75.6368219983485, 6.148592641022816], [-75.63691796078756, 6.148788209770608], [-75.6369328921532, 6.14881286353356], [-75.63695523820465, 6.148849759447471], [-75.63699801975142, 6.148920401059083], [-75.63705083070153, 6.149006718125858], [-75.63710299045547, 6.149012232905329], [-75.6371774050251, 6.149025319467225], [-75.63723752472563, 6.149026155358819], [-75.63732923385275, 6.149025283901041], [-75.63740555250783, 6.149017303977241], [-75.63750060297595, 6.149006945200622], [-75.63753583173445, 6.148992800085693], [-75.63753771311056, 6.148992044051905], [-75.6375435307272, 6.148901113469368], [-75.63755226309698, 6.14880210711215], [-75.63756404052447, 6.148721089798733], [-75.63757605421262, 6.148655199629364], [-75.637578814935, 6.148640065822146], [-75.63760544812914, 6.148511016397903], [-75.63762019049314, 6.148417994985735], [-75.63761753817363, 6.148367536991806], [-75.63761801099184, 6.148363956441925], [-75.63761717637476, 6.148360657178698], [-75.63761272319283, 6.148343043940499], [-75.63760588779023, 6.14831601959247], [-75.63759282586913, 6.148264369939255], [-75.6375287571967, 6.148196464277566], [-75.63746111373815, 6.148124770217995], [-75.6373928920924, 6.148063313706054], [-75.63736646273115, 6.148050665510062], [-75.63730294654513, 6.148024652390489], [-75.63733222020753, 6.147992757739932], [-75.63739642745792, 6.147920196555178], [-75.63740000745061, 6.147914043115776], [-75.63741873591074, 6.1478818524752015], [-75.63742915546875, 6.147866922232229], [-75.63751309306771, 6.147777789188942], [-75.63753614762531, 6.147734502620997], [-75.63752942709638, 6.1477307785886435], [-75.63741940069248, 6.14766982138843], [-75.6373970635531, 6.14765744589177], [-75.63733305240201, 6.147770523648783], [-75.63700348799186, 6.147646651873125], [-75.63693931747366, 6.147520655248737], [-75.63666255538796, 6.147474044528535], [-75.63652171677225, 6.147485244698591], [-75.63643579909927, 6.147492076634622], [-75.63626893816283, 6.1475299805453245], [-75.63625592349415, 6.147535191515729], [-75.63623168047049, 6.147470007306749], [-75.6361545082236, 6.14725664786686], [-75.63614448587462, 6.147231384904242], [-75.63613080241032, 6.1471527198517695], [-75.63613084359993, 6.147111572839137], [-75.63613312797315, 6.1470818744610405], [-75.6361463523295, 6.1469974769596165], [-75.6361521198468, 6.146955713155902], [-75.63618547251264, 6.146793591217595], [-75.63623920416934, 6.146623708734559], [-75.63627111756462, 6.146541094920279], [-75.63628053157402, 6.146505024897993], [-75.63631249474221, 6.14645360498971], [-75.63654146815604, 6.146142566860981], [-75.63659431535004, 6.146071321211612], [-75.63671942627158, 6.145902648728965], [-75.63673794615553, 6.145872117174216], [-75.63673460646356, 6.145854992021209], [-75.63664273925019, 6.145829537175095], [-75.6366144852612, 6.14580584862797], [-75.63658809238383, 6.145794344681048], [-75.63622426051609, 6.145635758248722], [-75.63586865210618, 6.145485995097313], [-75.63575675793876, 6.145518501506518], [-75.63575197051105, 6.145642837093796], [-75.63575078951071, 6.145729878296139], [-75.63574524748876, 6.145816714094725], [-75.63572528244474, 6.145929630491475], [-75.6356850734709, 6.146048385647165], [-75.63567647480805, 6.1460730335289195], [-75.6356512363243, 6.146070527249046], [-75.63529738717325, 6.146082768621338], [-75.63515715756328, 6.14610278246482], [-75.63498558447364, 6.14611206520842], [-75.63491479743362, 6.1461201990603245], [-75.63485829627598, 6.146139520566899], [-75.63478490189878, 6.146176722470135], [-75.63461567527517, 6.14626250044161], [-75.63458677179366, 6.146277150231613], [-75.63455747367188, 6.146292000857324], [-75.63452374078248, 6.146309100021158], [-75.63447719239024, 6.146343615586769], [-75.63444613276127, 6.146308522597093], [-75.63436115379174, 6.146253734973046], [-75.63430773876031, 6.146214646909349], [-75.6341752350383, 6.146175483179941], [-75.63398416385958, 6.146139941366601], [-75.63396976058004, 6.146172075369391], [-75.6338214710131, 6.146230642016847], [-75.63380807614256, 6.146236973107167], [-75.63379212740357, 6.146230199035545], [-75.63371474766029, 6.146194885001305], [-75.63369278241872, 6.146208139052699], [-75.63367974493131, 6.1462164274529085], [-75.63308032811912, 6.146597534879567], [-75.63297644363574, 6.146669005712481], [-75.6330027045677, 6.146737217011539], [-75.6330208570428, 6.146773318459275], [-75.63306917366073, 6.146835447088127], [-75.63312761115616, 6.14693168985331], [-75.63315893956143, 6.146912179741706], [-75.63318167778931, 6.146865463919672], [-75.63326309309939, 6.146816821649491], [-75.6333202538511, 6.146780983641806], [-75.63332724428604, 6.146776600708198], [-75.63336530042909, 6.146752742402521], [-75.6333722359347, 6.146748394093265], [-75.63337827725692, 6.1467446052777905], [-75.63336670808057, 6.146726384235113], [-75.6333665460455, 6.146726129187847], [-75.63334706261217, 6.146695445056516], [-75.63333851075065, 6.146682083773781], [-75.63332196956215, 6.146656238978662], [-75.6333074336683, 6.146633526773928], [-75.63329908104146, 6.146620453803477], [-75.63330613176517, 6.146616024467276], [-75.63330650635972, 6.146615788472147], [-75.63332350644369, 6.146605110125897], [-75.63333917201753, 6.146595269178455], [-75.63337538104705, 6.14657252473015], [-75.63340779993933, 6.146553439568862], [-75.63341494839703, 6.146549231242293], [-75.6334298302872, 6.146572504056378], [-75.63345093201151, 6.146605504518439], [-75.63345553976544, 6.146612710583709], [-75.63347312767725, 6.146639992171511], [-75.63353182630124, 6.146600046711296], [-75.63358140734461, 6.146668385284627], [-75.63359281245609, 6.1466618922335305], [-75.63378076358538, 6.146945124572446], [-75.63394725236442, 6.147246476658893], [-75.63410400415886, 6.147123557726476], [-75.63414107590827, 6.14719607943482], [-75.6343653438475, 6.147044235190889], [-75.63439893712038, 6.1471457388336495], [-75.6344035006207, 6.147163401326957], [-75.63440974458975, 6.147187568298676], [-75.63442840372743, 6.147259781179265], [-75.63443436919034, 6.147274711955354], [-75.63447054335006, 6.147365253922008], [-75.6344888318532, 6.147416485656694], [-75.63463088338405, 6.1473916252853416], [-75.63472105535814, 6.147585088063211], [-75.63485415651928, 6.147749725011048], [-75.63501930752443, 6.147842519099649], [-75.63523822433878, 6.1479351563435225], [-75.63553229747261, 6.147988111023393], [-75.635575110733, 6.147919824079045], [-75.63580818813527, 6.147951432141705], [-75.63588338614419, 6.147926100309721], [-75.63593745394043, 6.14802998066242], [-75.63610225075439, 6.148000799271178], [-75.63619938253125, 6.1481224910291745], [-75.6362045020804, 6.148294794340717], [-75.63623870466668, 6.148298777815837], [-75.63624078245289, 6.148299019789611], [-75.63626558122925, 6.148301908769908], [-75.63627448652923, 6.148303388134667], [-75.63628682974188, 6.148305439065013], [-75.63630267866344, 6.148308072074626], [-75.63631869935156, 6.148310734973465], [-75.63632617866338, 6.148284952601808], [-75.63633422639877, 6.148257209258553], [-75.63638112134717, 6.14827031067529], [-75.63639430437532, 6.148275067791182], [-75.63639303152168, 6.148292449859159], [-75.63639278776405, 6.148295774339467], [-75.63639817157885, 6.148296219677387], [-75.6364076343765, 6.148297003787905], [-75.63642559037903, 6.148298491813963], [-75.63642617114662, 6.148286570894716], [-75.63645056821748, 6.148295376124897]]]}, "properties": {"OBJECTID": 11, "NOM_BARRIO": "ANCON SUR", "BARRIO": "026", "PK_BARRIO": "3801001026", "MUNICIPIO": "380", "SECTOR": "1", "CORREGIMIENTO": "001", "CREATED_US": " ", "CREATED_DA": null, "LAST_EDITE": " ", "LAST_EDI_1": null, "SE_ANNO_CAD_DATA": null, "SHAPE.AREA": 0, "SHAPE.LEN": 0, "nombre_barrio_estandarizado": "ANCON SUR", "municipio_estandarizado": "la-estrella"}}, {"type": "Feature", "geometry": {"type": "Polygon", "coordinates": [[[-75.63304317319064, 6.14260313060504], [-75.63302018602438, 6.1426844564105085], [-75.63298176170382, 6.14277613910291], [-75.63293429402732, 6.142860109592233], [-75.63287912455635, 6.142955706126062], [-75.63283036247226, 6.143037100124332], [-75.63275339840057, 6.143176611546622], [-75.63271748558559, 6.143243780323998], [-75.63267399270794, 6.143369014685143], [-75.63261377465722, 6.143505903264045], [-75.6325611875054, 6.143604072679796], [-75.63249186333512, 6.143707447781043], [-75.63244956487253, 6.14379656309518], [-75.63241629434805, 6.143888233092279], [-75.63238694057475, 6.143999243129666], [-75.63235118212833, 6.144125749395038], [-75.6323180860098, 6.144284495443995], [-75.63228612348064, 6.14438390220109], [-75.63225536084035, 6.144448478135373], [-75.63221182062583, 6.144555654372212], [-75.63217858005378, 6.144658935862798], [-75.63215437744128, 6.144768643129346], [-75.6321379629087, 6.14489896687515], [-75.63212797034205, 6.1450215347871735], [-75.63212566958852, 6.145128603747306], [-75.63213757436154, 6.14524595772767], [-75.63216874589645, 6.145338749587213], [-75.63219594706327, 6.1453915649142585], [-75.63223862269729, 6.145446921235962], [-75.63229932524689, 6.145497070920038], [-75.63239033529645, 6.145530420494482], [-75.63246775667061, 6.145542449883272], [-75.63254926268726, 6.145558542729191], [-75.63264303189922, 6.145590913130643], [-75.63271639155465, 6.145607029808714], [-75.63274503203463, 6.14565587734507], [-75.6327207610742, 6.145721168974983], [-75.63269929534087, 6.145798155133439], [-75.63269143522292, 6.145862437448282], [-75.63270568884684, 6.145942731820358], [-75.63273408801656, 6.146061142648042], [-75.63276047839769, 6.146179560654737], [-75.6328129492095, 6.146295901006859], [-75.63287545868135, 6.146414222369502], [-75.63293193197123, 6.14652653802467], [-75.63297644363574, 6.146669005712481], [-75.63308032811912, 6.146597534879567], [-75.63367974493131, 6.1462164274529085], [-75.63369278241872, 6.146208139052699], [-75.63371474766029, 6.146194885001305], [-75.63368981866206, 6.146183507475907], [-75.63368858566547, 6.1461829467149265], [-75.63358532702362, 6.146029845991431], [-75.6333178361162, 6.145477906964613], [-75.63326355440837, 6.145373515376256], [-75.63316241205297, 6.145170204865531], [-75.63311149824109, 6.145056911640965], [-75.63307226397554, 6.144967392505634], [-75.63305419188444, 6.144790041932391], [-75.63305859791755, 6.14473989519549], [-75.63305968933916, 6.144678981286377], [-75.6330617628191, 6.14454483271533], [-75.63306328684922, 6.144454888547064], [-75.63306489864891, 6.144358178943356], [-75.6330813474065, 6.1443577254370325], [-75.63308178090962, 6.144357713356745], [-75.63310044562834, 6.144219385895934], [-75.63312863925367, 6.1440023600873515], [-75.63314536448203, 6.14387225367049], [-75.63316809153702, 6.143734738836591], [-75.63318183714813, 6.143652614162552], [-75.6331863508564, 6.1436256440187345], [-75.63321111821661, 6.143482404643045], [-75.63320753534018, 6.14348045146531], [-75.63322197238745, 6.143393641316462], [-75.63322736374683, 6.1433598114431485], [-75.63322736809849, 6.143359777971887], [-75.63324681837106, 6.143237734922204], [-75.63327343297026, 6.1430726527583515], [-75.63327473109993, 6.143064602131591], [-75.63328730992522, 6.142984172883383], [-75.6332883448867, 6.14297587313142], [-75.63329250109399, 6.142942511314186], [-75.63330016792555, 6.14288098010409], [-75.63330212212026, 6.142865276179443], [-75.6333112571217, 6.1427918829376225], [-75.63331509503699, 6.142763593502404], [-75.63333894802292, 6.142595860721194], [-75.63331841534433, 6.142598809616321], [-75.6333191348509, 6.142593771420863], [-75.63332977745961, 6.1425192904159855], [-75.63333876266677, 6.142445373566209], [-75.63333876788167, 6.142445331954252], [-75.63334478498669, 6.142395843579802], [-75.63337415142198, 6.142221309607209], [-75.63338263881708, 6.142171983548508], [-75.63339240917315, 6.142115195475596], [-75.63341581210834, 6.141973863169038], [-75.6334317122665, 6.141877462912319], [-75.63354298352387, 6.141831311886123], [-75.63353338145805, 6.14075662444246], [-75.63353303531454, 6.140717815309037], [-75.63352886504588, 6.140268564906803], [-75.63357399762741, 6.140010206742054], [-75.63366784235892, 6.139800182388532], [-75.63389368000055, 6.139436853953602], [-75.63389603586342, 6.139435423899468], [-75.6340392145819, 6.139348458982557], [-75.63418202663098, 6.139271069730383], [-75.63428354292473, 6.139177284594584], [-75.63432288775664, 6.139084389659457], [-75.63437016988584, 6.138969913962285], [-75.63437131600284, 6.138967137408275], [-75.6343788079232, 6.138877374573944], [-75.63440347339743, 6.138581856973216], [-75.63445479123267, 6.138336746264797], [-75.63450431710135, 6.138161657542545], [-75.63456406225586, 6.1380089859218785], [-75.6346018055278, 6.137884108241054], [-75.63462073752927, 6.137785256737963], [-75.63463010688547, 6.137720580162609], [-75.6346082802953, 6.137564261009938], [-75.63451774792208, 6.137343852219193], [-75.63436251955203, 6.137132717415551], [-75.63434210296909, 6.137104291576534], [-75.6342944593988, 6.1370222667311225], [-75.63426239399408, 6.1369670633505535], [-75.63421537693648, 6.136802618684224], [-75.63423793224511, 6.13661430906673], [-75.63421636697369, 6.136575446196442], [-75.63421534904971, 6.136574900641535], [-75.63419657757903, 6.136543772619897], [-75.63418605883957, 6.136491835254663], [-75.6341838432325, 6.1364378012086425], [-75.63417144459247, 6.136398861567276], [-75.6341709875828, 6.136398132441245], [-75.63414804279425, 6.13638182152711], [-75.63414174637526, 6.13637779243644], [-75.63412713126944, 6.13637471557472], [-75.63401540665852, 6.136353019575313], [-75.6339474417655, 6.136341883527515], [-75.63391900200011, 6.136337223006069], [-75.63391104346212, 6.136335919664426], [-75.63387787310587, 6.136319428530859], [-75.63386173987293, 6.1363105135502485], [-75.63385774346196, 6.136308946613431], [-75.63384768163306, 6.136303119815674], [-75.6338370772215, 6.136296979270875], [-75.63375847014923, 6.13626116711203], [-75.63373306770693, 6.136259023871844], [-75.63371982729299, 6.136262373445969], [-75.63370895725912, 6.136272214180893], [-75.633708718116, 6.136274096684496], [-75.63370775770163, 6.136292243873154], [-75.6337111722578, 6.136330915859382], [-75.63371576125328, 6.136397211620643], [-75.63371554365128, 6.136406420433952], [-75.63371613680026, 6.136413349764897], [-75.63371508542801, 6.136425668091125], [-75.63371476627125, 6.136439209608602], [-75.63371325018869, 6.136447208866225], [-75.63371131849077, 6.13646989102635], [-75.63370391345667, 6.136496496577075], [-75.63370387293453, 6.136496705611905], [-75.63370382113848, 6.136496826105387], [-75.63370024600603, 6.136509674873123], [-75.63369162237389, 6.136525040047916], [-75.63368521350326, 6.136539856413111], [-75.6336792881718, 6.136547013100596], [-75.63367601097652, 6.136552848595466], [-75.63366752905955, 6.13656120849857], [-75.63365219176534, 6.136579726590101], [-75.6336321400143, 6.136595214005588], [-75.6336177179852, 6.13660790641845], [-75.63360800122172, 6.136613853162585], [-75.63360480773896, 6.136616320661503], [-75.63357194417733, 6.136635990883324], [-75.6335419402304, 6.136650135945195], [-75.63355235583128, 6.136690097912783], [-75.63356407848572, 6.136737793917826], [-75.6335783862417, 6.136789354666622], [-75.63360435677185, 6.136864102026528], [-75.63362129042805, 6.136933712753265], [-75.63362406329837, 6.137008520039809], [-75.6336267699671, 6.137058821585446], [-75.63364360747482, 6.137091026834363], [-75.63367861947455, 6.137173489132441], [-75.63372010420025, 6.137267547444899], [-75.63383146695425, 6.1374710630689115], [-75.63388716063702, 6.137577982014431], [-75.63393774407704, 6.137701683557026], [-75.6339664632302, 6.137842211307404], [-75.63397832667782, 6.137944081724333], [-75.63396451536714, 6.138084718508468], [-75.63392241151449, 6.138248649098281], [-75.63386876825362, 6.138435828082214], [-75.63382802320314, 6.13862684273457], [-75.6337833596463, 6.138797228204397], [-75.63373601294859, 6.138927633562253], [-75.63370394439195, 6.138985763614449], [-75.63364364494211, 6.1390904022576755], [-75.6335858570657, 6.139170529704697], [-75.63352291439705, 6.139250667163389], [-75.63339185155733, 6.139401927981954], [-75.63326980472203, 6.13955058775868], [-75.63314648976849, 6.139706987923278], [-75.63307713689133, 6.139800043265607], [-75.63301941239749, 6.139904676481693], [-75.63295910460397, 6.140006737740155], [-75.63289105783107, 6.140106239765096], [-75.63284232303046, 6.140197948735224], [-75.63279745681274, 6.140290940494667], [-75.632755205636, 6.140398114774508], [-75.63273088770114, 6.1404639634396965], [-75.63271053998115, 6.14056849945865], [-75.63270295894137, 6.140626565937377], [-75.63269811732289, 6.140747831005653], [-75.63271776340596, 6.140869033374606], [-75.6327540937657, 6.1409631026142435], [-75.63280978521031, 6.141068730626603], [-75.63286157088127, 6.141158891481539], [-75.63289786681177, 6.141240062782925], [-75.63292511576859, 6.141310936295275], [-75.63296284230456, 6.141446281143215], [-75.63298631806876, 6.141553283681479], [-75.63302406645883, 6.141697656242813], [-75.63305010375505, 6.141798201183182], [-75.63306834032811, 6.141872969396981], [-75.63308282911792, 6.141992894358754], [-75.63308316156593, 6.142120596963313], [-75.63308346496605, 6.1422379790799235], [-75.6330824176675, 6.14233085544713], [-75.63307876709389, 6.1424134212932255], [-75.63306226180671, 6.1425102078689235], [-75.63304317319064, 6.14260313060504]]]}, "properties": {"OBJECTID": 12, "NOM_BARRIO": "LOS CHANOS", "BARRIO": "028", "PK_BARRIO": "3801001028", "MUNICIPIO": "380", "SECTOR": "1", "CORREGIMIENTO": "001", "CREATED_US": " ", "CREATED_DA": null, "LAST_EDITE": " ", "LAST_EDI_1": null, "SE_ANNO_CAD_DATA": null, "SHAPE.AREA": 0, "SHAPE.LEN": 0, "nombre_barrio_estandarizado": "LOS CHANOS", "municipio_estandarizado": "la-estrella"}}, {"type": "Feature", "geometry": {"type": "Polygon", "coordinates": [[[-75.6343788079232, 6.138877374573944], [-75.63441432583959, 6.138878765466333], [-75.63447955547825, 6.138875457237614], [-75.63470078120291, 6.138819481060677], [-75.63475257517625, 6.138774311919537], [-75.63501918831753, 6.138760483929012], [-75.63506973863672, 6.138686323547791], [-75.63513510157537, 6.138667888058555], [-75.63517835399095, 6.138696842300567], [-75.63527830203489, 6.138668283756363], [-75.63527785744085, 6.138660712735249], [-75.63531554558001, 6.138660953780841], [-75.635385396149, 6.13864975023973], [-75.6354140245459, 6.138681541081994], [-75.63551562344628, 6.138659912934977], [-75.63551394883483, 6.138691686719202], [-75.63551322998438, 6.138705304319317], [-75.63551002444842, 6.138766111010605], [-75.63551087591503, 6.13876623519038], [-75.63606255485944, 6.138847247047946], [-75.63602742738021, 6.1386429923870915], [-75.63602698756736, 6.138640435195556], [-75.63600783388931, 6.138529074971184], [-75.6360027066863, 6.138368683311394], [-75.6360005801964, 6.138367345854523], [-75.63595689257961, 6.1383398900297745], [-75.6358966675988, 6.138352857907885], [-75.63582232496304, 6.138382546091534], [-75.63580295043428, 6.138394490906016], [-75.63575888473869, 6.138421656781101], [-75.63575626241891, 6.138423268057871], [-75.63567007911378, 6.138476091293089], [-75.63565725883802, 6.13828699599835], [-75.63564529835244, 6.1381531572944645], [-75.6356373677004, 6.138064408916808], [-75.6356363856742, 6.137730263182017], [-75.63555689809722, 6.137596079074801], [-75.63549202723942, 6.137389049785862], [-75.63546089628537, 6.137338750917608], [-75.63546010856041, 6.137337261310251], [-75.63537654005802, 6.137179150805328], [-75.63537500197913, 6.137176240113561], [-75.63538431797373, 6.137172558147649], [-75.63539460638331, 6.137163839460401], [-75.63539770423957, 6.137161214215471], [-75.63541480835472, 6.137169365849391], [-75.63542169273508, 6.137172647085373], [-75.63542947614154, 6.1371763569321605], [-75.63547758134013, 6.13716853231597], [-75.63552147524071, 6.137165405983613], [-75.63556963648402, 6.13716824613805], [-75.63556966539595, 6.137168247803732], [-75.63560822363993, 6.13716746753324], [-75.63561254973195, 6.137167379324391], [-75.63569993143328, 6.137165610904617], [-75.63571090382254, 6.13716538960645], [-75.63571946298748, 6.137165216357442], [-75.6357485621786, 6.13716382271691], [-75.63575799437317, 6.137078702639324], [-75.63574779701122, 6.137015559022046], [-75.63571188748496, 6.1369648018498975], [-75.63566702533375, 6.136933024957728], [-75.63562332171571, 6.13683449558901], [-75.6356271919113, 6.1367437046880715], [-75.63562388804075, 6.136691751764658], [-75.6356010910412, 6.136655169645747], [-75.63546974862027, 6.136622014178531], [-75.6353919544411, 6.1365937435092786], [-75.63532743582563, 6.136552372879962], [-75.63525973546933, 6.136486087873675], [-75.63520665500266, 6.136448840307222], [-75.63519374718503, 6.1364470822135555], [-75.6350570008032, 6.136428461391511], [-75.6348531003596, 6.1364159191245635], [-75.63485032317573, 6.136413954740565], [-75.63483221348385, 6.136401147655528], [-75.63482289125338, 6.136394555126951], [-75.63477911807307, 6.136432712664298], [-75.6347759855048, 6.136435442945724], [-75.63477257335003, 6.13643917719358], [-75.63477152939926, 6.136440319626696], [-75.63477148088758, 6.136440373204409], [-75.63469165100982, 6.136527739343998], [-75.63468411529567, 6.136538955007597], [-75.63462777233934, 6.136622823462807], [-75.63460355584567, 6.136662582514556], [-75.63456684470245, 6.13677509763994], [-75.63453969152161, 6.1368875855991485], [-75.63452329761134, 6.1370024334932864], [-75.63450770319999, 6.137097275374724], [-75.63450411943612, 6.137119389779208], [-75.63445691012477, 6.137124257277471], [-75.63442639925789, 6.137128248802273], [-75.6344127690701, 6.137130032699223], [-75.63436251955203, 6.137132717415551], [-75.63451774792208, 6.137343852219193], [-75.6346082802953, 6.137564261009938], [-75.63463010688547, 6.137720580162609], [-75.63462073752927, 6.137785256737963], [-75.6346018055278, 6.137884108241054], [-75.63456406225586, 6.1380089859218785], [-75.63450431710135, 6.138161657542545], [-75.63445479123267, 6.138336746264797], [-75.63440347339743, 6.138581856973216], [-75.6343788079232, 6.138877374573944]]]}, "properties": {"OBJECTID": 13, "NOM_BARRIO": "ALTO DE LOS OSPINA", "BARRIO": "029", "PK_BARRIO": "3801001029", "MUNICIPIO": "380", "SECTOR": "1", "CORREGIMIENTO": "001", "CREATED_US": " ", "CREATED_DA": null, "LAST_EDITE": " ", "LAST_EDI_1": null, "SE_ANNO_CAD_DATA": null, "SHAPE.AREA": 0, "SHAPE.LEN": 0, "nombre_barrio_estandarizado": "ALTO DE LOS OSPINA", "municipio_estandarizado": "la-estrella"}}, {"type": "Feature", "geometry": {"type": "Polygon", "coordinates": [[[-75.6360005801964, 6.138367345854523], [-75.6360027066863, 6.138368683311394], [-75.63600783388931, 6.138529074971184], [-75.63602698756736, 6.138640435195556], [-75.63602742738021, 6.1386429923870915], [-75.63618197282737, 6.138644195305134], [-75.63734254730001, 6.138776585043547], [-75.63737162127242, 6.138646359331725], [-75.63735475160671, 6.138555549651092], [-75.63733376991769, 6.138442618328246], [-75.63732611657255, 6.138424045354006], [-75.6373169575977, 6.138401816604859], [-75.63731286489451, 6.138391882323382], [-75.63728064899017, 6.138313698263113], [-75.63725129898397, 6.138242468461107], [-75.63723940851737, 6.138213612045732], [-75.63723717339525, 6.138208187030915], [-75.63723332569975, 6.1381988491146275], [-75.63719345947625, 6.13813849168013], [-75.63711932805549, 6.138065319222674], [-75.63704458489566, 6.137991542241965], [-75.63694128619282, 6.137889578580512], [-75.63694318201739, 6.137789508412659], [-75.63695845345616, 6.137787006681301], [-75.63698938349805, 6.137781937121864], [-75.63702636038485, 6.137775877658825], [-75.6370601513963, 6.13777034016287], [-75.63708366819043, 6.137766486015366], [-75.63711282118035, 6.137761708175508], [-75.63713994441689, 6.137757263083829], [-75.63721701815986, 6.137744632436826], [-75.63725251672616, 6.137728904234766], [-75.63726873158718, 6.137721720307589], [-75.63730351724207, 6.137706308417729], [-75.63732951364783, 6.137694790187094], [-75.63735493233864, 6.1376835288405776], [-75.63736967991372, 6.137676994017508], [-75.63738766307809, 6.137669027507337], [-75.6374093836136, 6.137630908890375], [-75.63745897187152, 6.1376027104175925], [-75.6375640232203, 6.137559748468678], [-75.63758374317136, 6.137552304972228], [-75.63764906149164, 6.137538637430488], [-75.63771963816174, 6.13753188161086], [-75.63777041725395, 6.137533130176595], [-75.63779426943366, 6.137530991134884], [-75.6378149946905, 6.137522631396651], [-75.6378367415461, 6.13750803864589], [-75.6379257208327, 6.137418515231973], [-75.6379257662904, 6.137404076484585], [-75.63792203810186, 6.137394794941403], [-75.63790644374413, 6.13733094219124], [-75.63772834926422, 6.137249825901663], [-75.637941837862, 6.136843416227293], [-75.63759294486053, 6.1368117189340206], [-75.63742297827469, 6.136798964363185], [-75.63734085887262, 6.136783626946567], [-75.63728885042612, 6.136773912546206], [-75.63715368833024, 6.136748669609068], [-75.6370324254109, 6.136724187147347], [-75.6370193841297, 6.13672155373946], [-75.63699515863875, 6.136717023609675], [-75.63697134721276, 6.136712570994259], [-75.63689026740242, 6.1366974100875264], [-75.63681431095995, 6.1366832066196695], [-75.63674342644929, 6.136670521355915], [-75.63668109705894, 6.136684022144487], [-75.63656391710954, 6.136627285636697], [-75.63654561729842, 6.13661568014189], [-75.6365433416412, 6.13661504857659], [-75.63644577605815, 6.136587982052931], [-75.63635008316312, 6.136574010448711], [-75.63630360991647, 6.1365672646791305], [-75.63630550327593, 6.13655334025269], [-75.6362970783893, 6.136552163102481], [-75.63625846636803, 6.1365467699281755], [-75.63624828438095, 6.136545348300135], [-75.63621677941624, 6.136540948011752], [-75.63614381255556, 6.136530756331464], [-75.63613587214016, 6.136529647307485], [-75.6361289097045, 6.1365286754010935], [-75.6361111262395, 6.136526190086703], [-75.63610285229655, 6.136525033886625], [-75.63611644555044, 6.136471111903798], [-75.63614849401544, 6.1363509245332555], [-75.63616296105451, 6.136294503077128], [-75.63616311349621, 6.136293910175017], [-75.63618679229351, 6.136202143900584], [-75.63620886416115, 6.136120834525659], [-75.63624607470094, 6.135983763059205], [-75.63622368156614, 6.135982285860189], [-75.63602766749781, 6.135938852698498], [-75.63601297355166, 6.13595280311053], [-75.63599776984086, 6.135967236082679], [-75.63597717726563, 6.1359867844822595], [-75.6359526100205, 6.136010106065078], [-75.63591935621977, 6.136041673762216], [-75.63589642842973, 6.136069237198028], [-75.6358319443769, 6.136090365082527], [-75.63583190734943, 6.136090366168946], [-75.63578829668792, 6.136091374717862], [-75.63566893632267, 6.136094132298551], [-75.63554822032881, 6.1361167629845195], [-75.63551325293149, 6.136135630000889], [-75.63546016043394, 6.136164278576128], [-75.63545270169536, 6.136168364539414], [-75.63544837263635, 6.136181811876828], [-75.63544078657695, 6.136205381607631], [-75.63507040264345, 6.136162651287969], [-75.63502709107009, 6.136241056599976], [-75.634965699202, 6.136327154890613], [-75.63482289125338, 6.136394555126951], [-75.63483221348385, 6.136401147655528], [-75.63485032317573, 6.136413954740565], [-75.6348531003596, 6.1364159191245635], [-75.6350570008032, 6.136428461391511], [-75.63519374718503, 6.1364470822135555], [-75.63520665500266, 6.136448840307222], [-75.63525973546933, 6.136486087873675], [-75.63532743582563, 6.136552372879962], [-75.6353919544411, 6.1365937435092786], [-75.63546974862027, 6.136622014178531], [-75.6356010910412, 6.136655169645747], [-75.63562388804075, 6.136691751764658], [-75.6356271919113, 6.1367437046880715], [-75.63562332171571, 6.13683449558901], [-75.63566702533375, 6.136933024957728], [-75.63571188748496, 6.1369648018498975], [-75.63574779701122, 6.137015559022046], [-75.63575799437317, 6.137078702639324], [-75.6357485621786, 6.13716382271691], [-75.63571946298748, 6.137165216357442], [-75.63571090382254, 6.13716538960645], [-75.63569993143328, 6.137165610904617], [-75.63561254973195, 6.137167379324391], [-75.63560822363993, 6.13716746753324], [-75.63556966539595, 6.137168247803732], [-75.63556963648402, 6.13716824613805], [-75.63552147524071, 6.137165405983613], [-75.63547758134013, 6.13716853231597], [-75.63542947614154, 6.1371763569321605], [-75.63542169273508, 6.137172647085373], [-75.63541480835472, 6.137169365849391], [-75.63539770423957, 6.137161214215471], [-75.63539460638331, 6.137163839460401], [-75.63538431797373, 6.137172558147649], [-75.63537500197913, 6.137176240113561], [-75.63537654005802, 6.137179150805328], [-75.63546010856041, 6.137337261310251], [-75.63546089628537, 6.137338750917608], [-75.63549202723942, 6.137389049785862], [-75.63555689809722, 6.137596079074801], [-75.6356363856742, 6.137730263182017], [-75.6356373677004, 6.138064408916808], [-75.63564529835244, 6.1381531572944645], [-75.63565725883802, 6.13828699599835], [-75.63567007911378, 6.138476091293089], [-75.63575626241891, 6.138423268057871], [-75.63575888473869, 6.138421656781101], [-75.63580295043428, 6.138394490906016], [-75.63582232496304, 6.138382546091534], [-75.6358966675988, 6.138352857907885], [-75.63595689257961, 6.1383398900297745], [-75.6360005801964, 6.138367345854523]]]}, "properties": {"OBJECTID": 14, "NOM_BARRIO": "LA INMACULADA II", "BARRIO": "030", "PK_BARRIO": "3801001030", "MUNICIPIO": "380", "SECTOR": "1", "CORREGIMIENTO": "001", "CREATED_US": " ", "CREATED_DA": null, "LAST_EDITE": " ", "LAST_EDI_1": null, "SE_ANNO_CAD_DATA": null, "SHAPE.AREA": 0, "SHAPE.LEN": 0, "nombre_barrio_estandarizado": "LA INMACULADA II", "municipio_estandarizado": "la-estrella"}}, {"type": "Feature", "geometry": {"type": "Polygon", "coordinates": [[[-75.63928735424442, 6.138162066541649], [-75.63928830763331, 6.138201228696444], [-75.63933820037933, 6.1381749107889165], [-75.63948510965749, 6.138118598962278], [-75.63958016020892, 6.138091984108704], [-75.63967382559561, 6.138095346977174], [-75.6399130197846, 6.138091132740918], [-75.64002453556337, 6.138103417173194], [-75.64029939722369, 6.138119821584841], [-75.64046726610779, 6.138110292552866], [-75.64063304259545, 6.138068404491078], [-75.64081290609558, 6.137988050287325], [-75.64099751026424, 6.137912022903731], [-75.6411076760756, 6.137824143895668], [-75.64112089142087, 6.137660289390697], [-75.64114142016795, 6.137541134498903], [-75.64117002425206, 6.13745285353039], [-75.6411996823906, 6.137411677090921], [-75.64127352578662, 6.137369173270181], [-75.64154009511732, 6.137280193968998], [-75.64162053426567, 6.1372482131700945], [-75.64182912574664, 6.137144613234457], [-75.64192942523363, 6.137067371953215], [-75.64198438251535, 6.137016396420581], [-75.64194727486539, 6.137014200198694], [-75.64187961821156, 6.137006925819336], [-75.64169387946885, 6.1369820242664295], [-75.64156025387807, 6.136934581602257], [-75.64142606570847, 6.136879099298002], [-75.64128325644522, 6.136840172768691], [-75.64111738127875, 6.136748274576073], [-75.64095313012582, 6.136656550005246], [-75.64083253272636, 6.1364473544867595], [-75.64075680784597, 6.136346637044626], [-75.6407958768892, 6.136271186178735], [-75.64077501190185, 6.136092538794482], [-75.64071145602315, 6.135846874605751], [-75.64043052740999, 6.135594551456078], [-75.64033828288785, 6.1354927916400515], [-75.64024114203286, 6.135348673427761], [-75.64010301463293, 6.135231414916145], [-75.64009250492725, 6.1352224941120195], [-75.64008071959027, 6.13520636532215], [-75.64001410991591, 6.135185875530435], [-75.63999356828364, 6.135176281873153], [-75.63973070540969, 6.1349761435509595], [-75.63968937836034, 6.134944676855954], [-75.63957229034354, 6.134940109357633], [-75.63957221355265, 6.134940106120145], [-75.63957218012487, 6.134940104476903], [-75.6394894893632, 6.13493687799104], [-75.63942603409068, 6.134934794277472], [-75.63927535058889, 6.1349130491681265], [-75.63900375001536, 6.134883208689318], [-75.6389620211155, 6.134872860595428], [-75.6387755239372, 6.134826441487405], [-75.63875667381988, 6.134821750204851], [-75.63867023222228, 6.134800235145021], [-75.6386528439081, 6.134791947589915], [-75.63865119615436, 6.134791161960379], [-75.63864956922346, 6.13479038617271], [-75.63864695998417, 6.134789143315467], [-75.63864548153613, 6.134788439119487], [-75.6386430434045, 6.134787276782836], [-75.63861397868149, 6.134773423620118], [-75.63859196127433, 6.134762930408178], [-75.63859104867355, 6.134762495540495], [-75.6385894317048, 6.134761725127725], [-75.63857002896991, 6.134752477457537], [-75.63853008275726, 6.134733439885391], [-75.63848309556828, 6.134711045035024], [-75.63828256509392, 6.134615472286793], [-75.63824435537148, 6.134597262368504], [-75.63822205731053, 6.134586634911421], [-75.63815579499585, 6.1346431651363575], [-75.63814196310588, 6.134654966922767], [-75.63813226144943, 6.1346735088107955], [-75.6381588130491, 6.134711348794489], [-75.63821890175325, 6.134790306748277], [-75.63834180885442, 6.134918862014448], [-75.63872311126917, 6.13528700562792], [-75.63886348633783, 6.135478886122863], [-75.63892620575342, 6.135557167374258], [-75.6390037716521, 6.135645718589287], [-75.63915975684652, 6.1358124961610025], [-75.63925731799353, 6.135925678862719], [-75.63928908383183, 6.135995749352121], [-75.63931993017036, 6.136093887745802], [-75.63934558493155, 6.13620711313217], [-75.63938967395133, 6.136424557238931], [-75.63941554527749, 6.136620280188443], [-75.63942768362557, 6.136910618629475], [-75.63942838501079, 6.137179814523762], [-75.63940883418402, 6.1375143408012205], [-75.63936509600443, 6.137736337851617], [-75.6393337211264, 6.137901058703059], [-75.63928735424442, 6.138162066541649]]]}, "properties": {"OBJECTID": 15, "NOM_BARRIO": "CENTRO PUEBLO VIEJO", "BARRIO": "032", "PK_BARRIO": "3801001032", "MUNICIPIO": "380", "SECTOR": "1", "CORREGIMIENTO": "001", "CREATED_US": " ", "CREATED_DA": null, "LAST_EDITE": " ", "LAST_EDI_1": null, "SE_ANNO_CAD_DATA": null, "SHAPE.AREA": 0, "SHAPE.LEN": 0, "nombre_barrio_estandarizado": "CENTRO PUEBLO VIEJO", "municipio_estandarizado": "la-estrella"}}, {"type": "Feature", "geometry": {"type": "Polygon", "coordinates": [[[-75.65773150512697, 6.1650128504515385], [-75.65773826419156, 6.165015364288463], [-75.65774257688606, 6.165015640197149], [-75.65773150512697, 6.1650128504515385]]]}, "properties": {"OBJECTID": 16, "NOM_BARRIO": "ALTO DE LA VIRGEN", "BARRIO": " ", "PK_BARRIO": " ", "MUNICIPIO": " ", "SECTOR": " ", "CORREGIMIENTO": " ", "CREATED_US": " ", "CREATED_DA": null, "LAST_EDITE": " ", "LAST_EDI_1": null, "SE_ANNO_CAD_DATA": null, "SHAPE.AREA": 0, "SHAPE.LEN": 0, "nombre_barrio_estandarizado": "ALTO DE LA VIRGEN", "municipio_estandarizado": "la-estrella"}}, {"type": "Feature", "geometry": {"type": "Polygon", "coordinates": [[[-75.64417261411155, 6.156610816321279], [-75.64491610520497, 6.156839007587014], [-75.64498752881137, 6.156865181579311], [-75.64575508950834, 6.157120177035975], [-75.6452853125216, 6.158107984545131], [-75.64589521218765, 6.158311736263758], [-75.64591179838999, 6.158315092030547], [-75.64591604328066, 6.15831736632574], [-75.64645749795896, 6.158452216418786], [-75.64685642243839, 6.158506182901497], [-75.64690693891261, 6.15851953613168], [-75.6469990783666, 6.158543891922225], [-75.64708038970011, 6.158565385920089], [-75.64709806034102, 6.158569756920154], [-75.64710279663944, 6.158571307340133], [-75.64727540246817, 6.158627827097645], [-75.64740167998607, 6.158677311040356], [-75.647450505293, 6.158696443986965], [-75.64746045063809, 6.158700341641968], [-75.64771503001681, 6.158777092511289], [-75.64797648930723, 6.158849224681671], [-75.64810558210107, 6.158891913233724], [-75.64818840059962, 6.158944656661696], [-75.64825233365394, 6.15898867497564], [-75.64826599669054, 6.15888651316445], [-75.64843500818017, 6.158461497181178], [-75.64896879994231, 6.157144515765587], [-75.64912888365555, 6.15673148397529], [-75.64919146094067, 6.156680476548927], [-75.6494300679123, 6.156560191698923], [-75.64957640429171, 6.156550791486579], [-75.64971691560999, 6.15659223159056], [-75.6497314003122, 6.156553791388409], [-75.64965101119108, 6.156522193223657], [-75.64965097032106, 6.156522148224799], [-75.64955278107982, 6.156412322600687], [-75.64951315189784, 6.156353608744641], [-75.64948543925591, 6.156297581255333], [-75.6494435212273, 6.156250891606319], [-75.64939744029365, 6.156233578534588], [-75.64939738155158, 6.156233572498074], [-75.64933956154401, 6.15622695553489], [-75.64933950278851, 6.156226946786326], [-75.64928456427843, 6.156217796856419], [-75.64924464197111, 6.156185943376624], [-75.64895875614828, 6.155973099811596], [-75.64883844428748, 6.155844661175446], [-75.64874627840364, 6.155783514034821], [-75.64864411210112, 6.155741784632944], [-75.64844688077723, 6.155636960616954], [-75.64831108989554, 6.1556147887733745], [-75.64824462603865, 6.155594936050141], [-75.64778204427174, 6.156124390671439], [-75.647757803555, 6.156117321171711], [-75.6477291859098, 6.15610885224646], [-75.64771741365162, 6.156105386734534], [-75.64766615852916, 6.156095123546927], [-75.64757378937666, 6.156076630632226], [-75.64749793507562, 6.156063517938986], [-75.6474978772233, 6.156063509185717], [-75.64749776332516, 6.1560634916702135], [-75.64749770458752, 6.156063486537504], [-75.64753009436942, 6.155947093502578], [-75.64758766149934, 6.155740224967323], [-75.64764522951057, 6.155533354631017], [-75.64768934815469, 6.155375029230146], [-75.64770914174606, 6.1553293439370425], [-75.6477272494661, 6.155287410635897], [-75.64770837382915, 6.155260215900652], [-75.64766948355312, 6.15520418672743], [-75.64766974665487, 6.155202961353157], [-75.64767132717495, 6.155195629891008], [-75.64768139552004, 6.155148888127906], [-75.64771501763488, 6.154992625412357], [-75.64771507539301, 6.154992615181301], [-75.64796165977079, 6.154949220743076], [-75.64799281189553, 6.154904271925224], [-75.64802018353804, 6.154901735856135], [-75.64802024222627, 6.154901731044675], [-75.64804074639218, 6.154784163028039], [-75.64804076044541, 6.1547840824988445], [-75.64797679012875, 6.154760122023134], [-75.64795403250618, 6.154751567043327], [-75.64789731750537, 6.154734415024839], [-75.64789726053856, 6.154734402651012], [-75.64784782388965, 6.154724333810358], [-75.64784776517008, 6.154724332293685], [-75.64781365000971, 6.154709229666051], [-75.64776405129012, 6.154688324907358], [-75.64770608885786, 6.1546700725097345], [-75.64765312687224, 6.154654916937223], [-75.64765297490848, 6.1546548733933975], [-75.64765298709258, 6.154654780216925], [-75.64765569267163, 6.154634784820416], [-75.64753364675795, 6.154577014816089], [-75.64751459219113, 6.15459811741995], [-75.64734558084207, 6.154505632051871], [-75.6471888227275, 6.154424178376413], [-75.64717633020882, 6.154442152986141], [-75.64716256247114, 6.154432625817056], [-75.6470787636492, 6.154377266840093], [-75.64704281461722, 6.154341497862855], [-75.64701819679019, 6.154299117481205], [-75.64700542060453, 6.154220231104682], [-75.64699033898793, 6.154170647941214], [-75.64691252781114, 6.15411945666581], [-75.64679996084205, 6.154032492252302], [-75.64674653270102, 6.15394415776775], [-75.64671740119537, 6.153920541385225], [-75.6463685790153, 6.153751481078472], [-75.64631781187386, 6.153898680893174], [-75.64629082069652, 6.153969129155884], [-75.64624310340545, 6.154104743953059], [-75.64623064275763, 6.154198862057234], [-75.64622009236099, 6.154309552589228], [-75.64621376039018, 6.1543746676314965], [-75.64621180398537, 6.154454957885207], [-75.64620985733066, 6.1545395883861636], [-75.64619487633837, 6.154613403409787], [-75.64618212883518, 6.154713250939627], [-75.64616941041507, 6.154738880265119], [-75.64615802493373, 6.154869357147401], [-75.64615289328545, 6.154989359545309], [-75.6461422665544, 6.155093017034554], [-75.64610370680933, 6.155104631726622], [-75.64609493247517, 6.155086200283213], [-75.6460948721898, 6.155086064976221], [-75.6460823011093, 6.1550478638315305], [-75.64605295800163, 6.155004873994624], [-75.64605290522422, 6.1550047956048894], [-75.64601266303879, 6.1549774355224045], [-75.64601060088594, 6.154976887956661], [-75.6459243477318, 6.15495398605096], [-75.64592170039832, 6.154953283179789], [-75.64586239999589, 6.154955064403211], [-75.64581049641878, 6.154955020748198], [-75.64576154558273, 6.154945300968125], [-75.64568800396621, 6.15492110196774], [-75.64567616131872, 6.154914177884718], [-75.64562312592523, 6.154896247056191], [-75.64561548676724, 6.154895648491002], [-75.64561529610711, 6.154895634067706], [-75.64557193430295, 6.15489222658785], [-75.64552226797096, 6.154885038930159], [-75.64546675188359, 6.154883829761897], [-75.6454415249404, 6.154883895176365], [-75.64543497907788, 6.1548839140714815], [-75.64538424699555, 6.154884047179592], [-75.64532613140982, 6.154890523476982], [-75.64526703246797, 6.154900345977927], [-75.64526056895932, 6.154900031775762], [-75.64526038103124, 6.154900021859003], [-75.64519679481332, 6.154896916218678], [-75.64516450147369, 6.15489421322372], [-75.64512564951947, 6.154890960539679], [-75.64505612381377, 6.154883734780542], [-75.64505191852857, 6.154882520708546], [-75.64498981699407, 6.154864575084935], [-75.64493625251313, 6.154851435503023], [-75.64488684609003, 6.154839640404215], [-75.64483447922638, 6.154801653637888], [-75.64478376470426, 6.154753498156861], [-75.64478362671356, 6.154753357810485], [-75.64473850421182, 6.154706460148686], [-75.64473836622115, 6.15470631980227], [-75.64472934151597, 6.154697336782426], [-75.64472920172331, 6.154697197348978], [-75.64468592356059, 6.154654105589766], [-75.64463458945973, 6.154613989174386], [-75.64458986525158, 6.154598476916713], [-75.644535812929, 6.154605033328106], [-75.64448466775818, 6.154619713504462], [-75.64445303398787, 6.154638407650967], [-75.64442751787038, 6.154649767728018], [-75.64438548524899, 6.1546625259452306], [-75.64435327545755, 6.154667399248699], [-75.64432917704268, 6.154668998595381], [-75.64430634342234, 6.154655672279863], [-75.64430621388745, 6.154655597886393], [-75.6443013549515, 6.154627060591062], [-75.64430378879302, 6.154591548636863], [-75.64429051466811, 6.154555083921346], [-75.6442546462111, 6.154508378998815], [-75.6441696571733, 6.154404307453947], [-75.64416952457545, 6.154404161656323], [-75.64411088996303, 6.154341144001845], [-75.64411075556768, 6.15434100002118], [-75.64407006940357, 6.154297271545417], [-75.64403652267073, 6.154261217352918], [-75.6440227378331, 6.154246401518883], [-75.64401188341378, 6.154234736213143], [-75.64398864898266, 6.154209765995994], [-75.64398862535974, 6.154209738087754], [-75.64397904135654, 6.1541994370127835], [-75.64395630365361, 6.154175000428293], [-75.64391756448491, 6.1541439604505825], [-75.64388694643972, 6.154292041381764], [-75.64382491010097, 6.154489419884795], [-75.64375968151484, 6.154661762317865], [-75.64373354036978, 6.154786536588791], [-75.64371576991701, 6.154853998346105], [-75.6436723787007, 6.155048081473834], [-75.64364029340511, 6.155321361405883], [-75.64361705025227, 6.155533479790564], [-75.64352983930291, 6.155821507522826], [-75.64340980255899, 6.1561982533639785], [-75.6433751413022, 6.156304490030943], [-75.6433663511997, 6.156331432452296], [-75.64336594990894, 6.15633266212977], [-75.64417261411155, 6.156610816321279]]]}, "properties": {"OBJECTID": 17, "NOM_BARRIO": "LA CHINCA", "BARRIO": "006", "PK_BARRIO": "3801001006", "MUNICIPIO": "380", "SECTOR": "1", "CORREGIMIENTO": "001", "CREATED_US": " ", "CREATED_DA": null, "LAST_EDITE": " ", "LAST_EDI_1": null, "SE_ANNO_CAD_DATA": null, "SHAPE.AREA": 0, "SHAPE.LEN": 0, "nombre_barrio_estandarizado": "LA CHINCA", "municipio_estandarizado": "la-estrella"}}, {"type": "Feature", "geometry": {"type": "Polygon", "coordinates": [[[-75.64224624684745, 6.156398874484865], [-75.64229034359384, 6.156412036788983], [-75.64232801134203, 6.15642529421815], [-75.64240709359811, 6.1564525390528155], [-75.64243574619422, 6.156365778988638], [-75.64255122518834, 6.156015208685155], [-75.64304865315731, 6.156206238296743], [-75.64336594990894, 6.15633266212977], [-75.6433663511997, 6.156331432452296], [-75.6433751413022, 6.156304490030943], [-75.64340980255899, 6.1561982533639785], [-75.64352983930291, 6.155821507522826], [-75.64361705025227, 6.155533479790564], [-75.64364029340511, 6.155321361405883], [-75.6436723787007, 6.155048081473834], [-75.64371576991701, 6.154853998346105], [-75.64373354036978, 6.154786536588791], [-75.64375968151484, 6.154661762317865], [-75.64382491010097, 6.154489419884795], [-75.64388694643972, 6.154292041381764], [-75.64391756448491, 6.1541439604505825], [-75.6438863680269, 6.154093288899291], [-75.64386029710178, 6.154072466907381], [-75.64384397504485, 6.154060763594038], [-75.64383231772665, 6.154052404723349], [-75.6437795932816, 6.154048930445615], [-75.64372091714016, 6.154048360501608], [-75.6436736710222, 6.154048180520813], [-75.64365086859368, 6.154048093695616], [-75.64359381170675, 6.1540441770890455], [-75.64354509069406, 6.154042564264772], [-75.64354325586521, 6.154042503743265], [-75.64349799157958, 6.154026631514543], [-75.64347241982621, 6.1540123152204345], [-75.64346345721495, 6.154007297889063], [-75.64345064512261, 6.153981870088272], [-75.64344041002961, 6.153961553630386], [-75.64341103482494, 6.1539127534125475], [-75.64337384170292, 6.153877617637295], [-75.6433582041375, 6.153872268134385], [-75.64333137879052, 6.1538630920927915], [-75.64329317969253, 6.153856868938494], [-75.64325626505125, 6.153858321063966], [-75.6432160712858, 6.1538489400203975], [-75.6432092022187, 6.153846982439639], [-75.64318246676046, 6.153839361800106], [-75.64316118472274, 6.153819220285705], [-75.64315495737127, 6.153813324230222], [-75.64312844285921, 6.153788277080525], [-75.64310625948522, 6.15376249609137], [-75.64307315400131, 6.153736563978573], [-75.64304950240658, 6.153702476684863], [-75.64304011545974, 6.153667536743378], [-75.6430399942467, 6.153621280216647], [-75.64303109654274, 6.153567638642023], [-75.64302918752306, 6.153563716417172], [-75.64301939054712, 6.153543584003628], [-75.64301115034674, 6.153526648709201], [-75.64300132871693, 6.1535064621743], [-75.64297511187426, 6.153456480047843], [-75.64292678774335, 6.15341035103989], [-75.64287630249494, 6.153365944078346], [-75.6428227453142, 6.153321000854952], [-75.64277425691655, 6.153281105103952], [-75.64273402167382, 6.153254919866593], [-75.64267745229279, 6.153232302398514], [-75.64263445855339, 6.153221662259371], [-75.6425936069613, 6.1532018056440485], [-75.64254623606148, 6.153175277828612], [-75.6424452444525, 6.153145585559485], [-75.64224044529136, 6.153085372322614], [-75.64220390561815, 6.1530930576805885], [-75.64215010661012, 6.153092747242202], [-75.64209776119637, 6.153095776369075], [-75.64203692613434, 6.153098283395532], [-75.64198248026656, 6.153092283384022], [-75.64192609601469, 6.1530705680376805], [-75.64190126380568, 6.153055277931377], [-75.64188956799217, 6.153048077265385], [-75.64187083516265, 6.153001091048383], [-75.64182140378362, 6.152957346803858], [-75.64178642143577, 6.152946043134227], [-75.64176107874319, 6.152937852282555], [-75.64170991494743, 6.152929761210327], [-75.6416552330053, 6.15294362053803], [-75.64162153245286, 6.152931964262796], [-75.64153615962495, 6.152896141000761], [-75.64153579667023, 6.1528959900138265], [-75.64149763957766, 6.15287997840731], [-75.64141800765057, 6.152839533261935], [-75.64136284921045, 6.15282020567513], [-75.64134762544946, 6.15281487212428], [-75.64130744941427, 6.152812176202386], [-75.64126062520252, 6.152821333545983], [-75.64122709623352, 6.1528411172151065], [-75.64120161805197, 6.152866751790328], [-75.64117605133018, 6.152892748420927], [-75.64115181905285, 6.152912777184394], [-75.64112649062352, 6.152926124161506], [-75.64109055666795, 6.152924050913151], [-75.64106283433397, 6.152919244785652], [-75.64102189861157, 6.152901915233266], [-75.64098012963679, 6.152876998544843], [-75.64093745476967, 6.1528510005774635], [-75.64086724166901, 6.152823087589355], [-75.64083093591303, 6.1528152320875344], [-75.6407520017678, 6.152813280263962], [-75.6406987758494, 6.152811964246273], [-75.64066384257067, 6.15281187491074], [-75.64062222665385, 6.152810629817666], [-75.64058619885913, 6.152806748907439], [-75.6405480949504, 6.152802601628395], [-75.64051520557878, 6.152790039923936], [-75.6404845526606, 6.152769973531371], [-75.64045391385403, 6.152755507619285], [-75.64041610416764, 6.152725522196928], [-75.6404110426092, 6.152720285700109], [-75.64036550578511, 6.152673164371949], [-75.64028250177043, 6.152585475873881], [-75.64017555325341, 6.152523598730068], [-75.64009151917591, 6.152498941629004], [-75.64008521700431, 6.15249709238907], [-75.63997161678701, 6.152445441188555], [-75.63990745803342, 6.1524108831913304], [-75.63987994796129, 6.152342224178057], [-75.63983403078242, 6.152178345492535], [-75.63979447072494, 6.152045551662056], [-75.63979421912292, 6.152045085515283], [-75.63971500613643, 6.151899543651714], [-75.63971497601344, 6.151898930858419], [-75.63970854117682, 6.151767738793237], [-75.63970851059699, 6.151756237688639], [-75.63970850306495, 6.151753248050298], [-75.63970826200598, 6.1516604996872255], [-75.63970825824944, 6.1516591897451285], [-75.63970798368662, 6.151658280729864], [-75.63970955914662, 6.1516480680835555], [-75.63972307495649, 6.151636598534292], [-75.63975862844411, 6.151626018075056], [-75.63979277941618, 6.151615854985741], [-75.63980416685267, 6.151559864533022], [-75.6398065602152, 6.151548096502288], [-75.63979632407349, 6.1515502173819465], [-75.63977601862062, 6.151550378362572], [-75.63976229498363, 6.1515504869069675], [-75.63974210950552, 6.151546041185747], [-75.63972743178867, 6.151542808577842], [-75.63971945349405, 6.151540292295029], [-75.63968436037801, 6.151529220411785], [-75.63967602653878, 6.151526590168504], [-75.63958910030995, 6.151497343816425], [-75.63958556267742, 6.151496153504648], [-75.63957988618299, 6.1514942442044065], [-75.63956092411141, 6.151487864098151], [-75.63955686383939, 6.151487842588045], [-75.63953351567876, 6.151487715748053], [-75.63950441720631, 6.151487560383955], [-75.63933696351414, 6.151465495183472], [-75.6393309547181, 6.1514647040184425], [-75.63929732772267, 6.1514518267102085], [-75.63928315493699, 6.151446399282473], [-75.63925727356877, 6.151429708385114], [-75.63924924692277, 6.151424532632339], [-75.63921926300276, 6.1514182874614045], [-75.63919842688158, 6.151424214328352], [-75.63917319001543, 6.151438916818699], [-75.63916029622231, 6.151444099264829], [-75.63914846441936, 6.151443374854591], [-75.639134836389, 6.151442540894117], [-75.63912956751196, 6.151439766210003], [-75.63912100672147, 6.1514352584726115], [-75.63907121669376, 6.1513806399244535], [-75.639066293878, 6.151369285044599], [-75.63904533072754, 6.1513209173918035], [-75.63904507912311, 6.151321548755037], [-75.63902376444445, 6.151374917748403], [-75.63895803417071, 6.151539504971207], [-75.6389162033559, 6.151644245598662], [-75.63891532985645, 6.1516464331858955], [-75.63888790958731, 6.151715092650185], [-75.6388837464467, 6.151725526023141], [-75.63888345026886, 6.151726276940748], [-75.63887299719715, 6.15175271498254], [-75.63885813791724, 6.151746371524683], [-75.63884052600444, 6.1517388510458435], [-75.63884009605013, 6.151738667841986], [-75.63883979101531, 6.1517385391673605], [-75.6388371252808, 6.151737399687254], [-75.63880566426153, 6.151723967407913], [-75.63880515295172, 6.15172505298169], [-75.63879639821178, 6.151743660828476], [-75.63879528798897, 6.151746017738374], [-75.63879170073999, 6.1517536267393345], [-75.63871416331548, 6.1519181114271655], [-75.63861795210678, 6.152122201543879], [-75.63861763836988, 6.152122872088339], [-75.63860357635556, 6.152116832964938], [-75.6386028341042, 6.1521165138898235], [-75.63859186868915, 6.152111798350158], [-75.63859113095846, 6.152111480156717], [-75.6385784131056, 6.152106011168976], [-75.63857556839162, 6.1521061264838535], [-75.63852624289608, 6.1521081340965225], [-75.63848819632325, 6.15212548998474], [-75.6384642168738, 6.1521378393458575], [-75.63840669289749, 6.152128956658652], [-75.63840286757274, 6.152125478718351], [-75.63834278026738, 6.152070857657631], [-75.63832661702862, 6.152056167249625], [-75.63831757250836, 6.152047353210164], [-75.63826191119708, 6.151993094476458], [-75.6382154662293, 6.151974784761341], [-75.6382013372612, 6.15197000348218], [-75.63812863496115, 6.151945400283713], [-75.638121685381, 6.151943047948808], [-75.63812098022976, 6.15194274225012], [-75.63807804217154, 6.151924153918238], [-75.63807261641078, 6.151921803996189], [-75.63805074592027, 6.151912334619208], [-75.63804434419373, 6.151910261637764], [-75.63803803834917, 6.151908216207816], [-75.63799545539024, 6.151894411226663], [-75.6379849086607, 6.1518907061325505], [-75.6378795509156, 6.151853706165766], [-75.63786905486651, 6.151850020707241], [-75.63786782674693, 6.151849719400494], [-75.637781913171, 6.151828566173781], [-75.63778152974575, 6.1518284767598015], [-75.63773795827049, 6.151814234558658], [-75.63769588501398, 6.151800481271216], [-75.6376957022647, 6.151800422507184], [-75.63769462732873, 6.1517998627898995], [-75.63769444077471, 6.151799765170684], [-75.63768043561487, 6.151795178535931], [-75.63767837002993, 6.1517941165437495], [-75.63765859565163, 6.151783839419504], [-75.63759568176349, 6.1517511200530715], [-75.63759148563564, 6.151748095958727], [-75.63749466276501, 6.151678294702838], [-75.63744787026671, 6.151630172977628], [-75.6374470914279, 6.151629394825576], [-75.6374262026603, 6.1516085422364375], [-75.63730986883253, 6.151490472648962], [-75.63726039964439, 6.151440264920745], [-75.6371593646307, 6.151381573403583], [-75.63712004948339, 6.15136405644013], [-75.63707559723628, 6.151346308099266], [-75.63697039155649, 6.151301656182311], [-75.63693406573567, 6.151286238999342], [-75.63693129120225, 6.151292160648594], [-75.63692492103648, 6.151319018793173], [-75.6369111667359, 6.151377028888554], [-75.63691117302118, 6.15137830356328], [-75.63687691413526, 6.151368070820594], [-75.63687662431614, 6.151391544919774], [-75.63687637973632, 6.1514111874457305], [-75.6368761853353, 6.151427084258475], [-75.63687557500927, 6.151476234866054], [-75.63687545385612, 6.1515146800489084], [-75.63687528015352, 6.151569945279446], [-75.63687423182267, 6.151631750183499], [-75.63671888637575, 6.151556796349549], [-75.63662799850286, 6.151547360408004], [-75.63663348633399, 6.15163576264457], [-75.63663638250164, 6.151755999225134], [-75.63662621075522, 6.151818086063321], [-75.63660058050645, 6.151897022941006], [-75.63656203743898, 6.1519785793407555], [-75.63647707653107, 6.152092580721912], [-75.63642297213279, 6.152150904038944], [-75.63634954251573, 6.15222996400521], [-75.63629673617287, 6.152290870100485], [-75.63627587970721, 6.1523529663299446], [-75.63627407118933, 6.152397264528239], [-75.63630518722941, 6.152524282237945], [-75.63646641720655, 6.152732470778559], [-75.63667786713471, 6.152784417850283], [-75.63689727656265, 6.152840740859848], [-75.63691983783697, 6.152884221616888], [-75.63695566258956, 6.152920906213428], [-75.63695843874196, 6.1529277659632555], [-75.63696577044807, 6.152939280742042], [-75.6369768484359, 6.1529519821050505], [-75.63698837660262, 6.152961458317397], [-75.63700317225543, 6.152970826172408], [-75.63701790975917, 6.152976462410035], [-75.63703049668149, 6.15297918829869], [-75.63704245940123, 6.15297915812121], [-75.63705656883855, 6.152978508009256], [-75.63707023585758, 6.152977711819322], [-75.63709057905045, 6.152976575266099], [-75.63711958586426, 6.15297606670702], [-75.6371390711393, 6.152977531716469], [-75.63714989780121, 6.152979017811567], [-75.63716105985235, 6.152980560108196], [-75.6371783851068, 6.152983976776747], [-75.63719874571463, 6.152989117831505], [-75.63721867399778, 6.15299469405976], [-75.63733274087205, 6.153033253014194], [-75.63735019378638, 6.153040575429115], [-75.63738055455073, 6.153077044696363], [-75.63740521245015, 6.153096009069301], [-75.63743210682578, 6.1531149705245785], [-75.63744341219876, 6.153117916993272], [-75.63745337268043, 6.153120512105595], [-75.63748692962757, 6.153121545037235], [-75.63750482301278, 6.153120378986781], [-75.63752158972758, 6.15311585726009], [-75.63753387517771, 6.1531091066043615], [-75.63754840925195, 6.153106829808723], [-75.63761275144316, 6.153139008667146], [-75.6375322490144, 6.153391917452918], [-75.63747220550825, 6.153580552329453], [-75.63749080871897, 6.153588874345601], [-75.63751213176727, 6.1535900762117395], [-75.63756363417117, 6.153592982213836], [-75.63761924125401, 6.153596118344059], [-75.6376260136738, 6.153598258198021], [-75.63763268840034, 6.153600369605234], [-75.63761319392196, 6.153666059924537], [-75.63762314217944, 6.1536694705389445], [-75.63762750963592, 6.153670966845783], [-75.63762897903169, 6.153671471273246], [-75.63763115780282, 6.153665631215434], [-75.63764773468932, 6.153621169661573], [-75.63768497574506, 6.15363201766688], [-75.6377027939233, 6.153637208322002], [-75.63775190924183, 6.15365151527342], [-75.63785538562094, 6.153682602916433], [-75.63784024629632, 6.153736672796637], [-75.6378458105742, 6.153738716461355], [-75.63786499823786, 6.153745763578015], [-75.63787393794635, 6.153718869225164], [-75.63788645653281, 6.153681201747961], [-75.63789610567949, 6.1536521866133675], [-75.63792238333588, 6.15366056559989], [-75.63794579944549, 6.153668030274851], [-75.6379913255394, 6.15369522313045], [-75.63803832666872, 6.153723147293876], [-75.63808488333424, 6.1537494120122], [-75.6381290093899, 6.153765809328984], [-75.63813692569136, 6.153768750832561], [-75.63814232882777, 6.153750039304978], [-75.63820550930676, 6.15378473793728], [-75.63825835085458, 6.153812454198301], [-75.63825877027082, 6.153812698025167], [-75.6382591770729, 6.153812948242703], [-75.63825979337685, 6.153813370097208], [-75.63826832709597, 6.153818423108449], [-75.63832940040443, 6.153854797388717], [-75.6383364702945, 6.153859009640806], [-75.63836601842969, 6.153813896327073], [-75.63837990256548, 6.153822134052844], [-75.63839252203627, 6.153829621344668], [-75.63845982561233, 6.153869559287027], [-75.6384860968507, 6.153885420149263], [-75.63850498173481, 6.153896820808801], [-75.63852126921479, 6.153906654038661], [-75.63855161822185, 6.153924978146436], [-75.63852407421099, 6.153970407917305], [-75.63853256772968, 6.153975550621432], [-75.63854354454138, 6.153982199842871], [-75.63855035476973, 6.1539863256821965], [-75.63856617921482, 6.153960909756777], [-75.63858056978239, 6.153937793580515], [-75.63867315690241, 6.153992036837284], [-75.638643447799, 6.154041314989823], [-75.63865073867207, 6.154045828094038], [-75.63866286868513, 6.154053336780788], [-75.63867536109453, 6.1540610660702555], [-75.63875037812628, 6.154107491210699], [-75.63891833927529, 6.154207273600802], [-75.63899188243973, 6.154308632141035], [-75.63918624384068, 6.154432083717909], [-75.63910466647611, 6.154593330367085], [-75.6390954206935, 6.154982440899244], [-75.63912840406685, 6.155124125116171], [-75.63918532709924, 6.1552713529328775], [-75.6392229525523, 6.155428056564042], [-75.63926924855157, 6.155573790097765], [-75.639278987483, 6.155613270373941], [-75.6392864607105, 6.155694022464363], [-75.63928357918465, 6.155715035873468], [-75.63931222096708, 6.155739358529472], [-75.63940805124727, 6.15580622218407], [-75.63946431552165, 6.155826801926284], [-75.63951658726006, 6.155829626089085], [-75.63957475620435, 6.155824537798384], [-75.63966253267107, 6.155828255754704], [-75.63974342521283, 6.155838902002893], [-75.63987860533156, 6.1558691441638285], [-75.63996131677446, 6.1558901552822896], [-75.63997704191354, 6.155900234400758], [-75.64004959954906, 6.155918106282402], [-75.6400987109849, 6.15594456598682], [-75.64016784324757, 6.155982878062633], [-75.64021555825298, 6.156007695685878], [-75.64021798409024, 6.156010185169879], [-75.64025474457291, 6.156029036975043], [-75.64032393607962, 6.156091035586736], [-75.64036838568732, 6.15612643762624], [-75.64044158822057, 6.156152705716415], [-75.6406274143064, 6.156223073350437], [-75.64073914201651, 6.156262277393264], [-75.64083271622783, 6.156257518132376], [-75.64092744547035, 6.156264041026237], [-75.64103219587994, 6.156222011445887], [-75.64106013393516, 6.1561735664611215], [-75.64107337625289, 6.156146048712053], [-75.64122475041941, 6.156120231918945], [-75.64126521086853, 6.156125775878329], [-75.64138386672138, 6.156177243171807], [-75.6414309827336, 6.1562100689238255], [-75.64150915642873, 6.156249404577921], [-75.64159014218095, 6.156284024361544], [-75.64165638702363, 6.156313617421921], [-75.6419054775473, 6.156399393420242], [-75.6419995727399, 6.156413241090327], [-75.64208234507716, 6.1564116685165375], [-75.64216706427617, 6.156395364854599], [-75.6422119994337, 6.1563886521543925], [-75.64224624684745, 6.156398874484865]]]}, "properties": {"OBJECTID": 18, "NOM_BARRIO": "CAQUETA", "BARRIO": "007", "PK_BARRIO": "3801001007", "MUNICIPIO": "380", "SECTOR": "1", "CORREGIMIENTO": "001", "CREATED_US": " ", "CREATED_DA": null, "LAST_EDITE": " ", "LAST_EDI_1": null, "SE_ANNO_CAD_DATA": null, "SHAPE.AREA": 0, "SHAPE.LEN": 0, "nombre_barrio_estandarizado": "CAQUETA", "municipio_estandarizado": "la-estrella"}}, {"type": "Feature", "geometry": {"type": "Polygon", "coordinates": [[[-75.6390954206935, 6.154982440899244], [-75.63910466647611, 6.154593330367085], [-75.63918624384068, 6.154432083717909], [-75.63899188243973, 6.154308632141035], [-75.63891833927529, 6.154207273600802], [-75.63875037812628, 6.154107491210699], [-75.63867536109453, 6.1540610660702555], [-75.63866286868513, 6.154053336780788], [-75.63865073867207, 6.154045828094038], [-75.638643447799, 6.154041314989823], [-75.63867315690241, 6.153992036837284], [-75.63858056978239, 6.153937793580515], [-75.63856617921482, 6.153960909756777], [-75.63855035476973, 6.1539863256821965], [-75.63854354454138, 6.153982199842871], [-75.63853256772968, 6.153975550621432], [-75.63852407421099, 6.153970407917305], [-75.63855161822185, 6.153924978146436], [-75.63852126921479, 6.153906654038661], [-75.63850498173481, 6.153896820808801], [-75.6384860968507, 6.153885420149263], [-75.63845982561233, 6.153869559287027], [-75.63839252203627, 6.153829621344668], [-75.63837990256548, 6.153822134052844], [-75.63836601842969, 6.153813896327073], [-75.6383364702945, 6.153859009640806], [-75.63832940040443, 6.153854797388717], [-75.63826832709597, 6.153818423108449], [-75.63825979337685, 6.153813370097208], [-75.6382591770729, 6.153812948242703], [-75.63825877027082, 6.153812698025167], [-75.63825835085458, 6.153812454198301], [-75.63820550930676, 6.15378473793728], [-75.63814232882777, 6.153750039304978], [-75.63813692569136, 6.153768750832561], [-75.6381290093899, 6.153765809328984], [-75.63808488333424, 6.1537494120122], [-75.63803832666872, 6.153723147293876], [-75.6379913255394, 6.15369522313045], [-75.63794579944549, 6.153668030274851], [-75.63792238333588, 6.15366056559989], [-75.63789610567949, 6.1536521866133675], [-75.63788645653281, 6.153681201747961], [-75.63787393794635, 6.153718869225164], [-75.63786499823786, 6.153745763578015], [-75.6378458105742, 6.153738716461355], [-75.63784024629632, 6.153736672796637], [-75.63785538562094, 6.153682602916433], [-75.63775190924183, 6.15365151527342], [-75.6377027939233, 6.153637208322002], [-75.63768497574506, 6.15363201766688], [-75.63764773468932, 6.153621169661573], [-75.63763115780282, 6.153665631215434], [-75.63762897903169, 6.153671471273246], [-75.63762750963592, 6.153670966845783], [-75.63762314217944, 6.1536694705389445], [-75.63761319392196, 6.153666059924537], [-75.63763268840034, 6.153600369605234], [-75.6376260136738, 6.153598258198021], [-75.63761924125401, 6.153596118344059], [-75.63756363417117, 6.153592982213836], [-75.63751213176727, 6.1535900762117395], [-75.63749080871897, 6.153588874345601], [-75.63747220550825, 6.153580552329453], [-75.6375322490144, 6.153391917452918], [-75.63761275144316, 6.153139008667146], [-75.63754840925195, 6.153106829808723], [-75.63753387517771, 6.1531091066043615], [-75.63752158972758, 6.15311585726009], [-75.63750482301278, 6.153120378986781], [-75.63748692962757, 6.153121545037235], [-75.63745337268043, 6.153120512105595], [-75.63744341219876, 6.153117916993272], [-75.63743210682578, 6.1531149705245785], [-75.63740521245015, 6.153096009069301], [-75.63738055455073, 6.153077044696363], [-75.63735019378638, 6.153040575429115], [-75.63733274087205, 6.153033253014194], [-75.63721867399778, 6.15299469405976], [-75.63719874571463, 6.152989117831505], [-75.6371783851068, 6.152983976776747], [-75.63716105985235, 6.152980560108196], [-75.63714989780121, 6.152979017811567], [-75.6371390711393, 6.152977531716469], [-75.63711958586426, 6.15297606670702], [-75.63709057905045, 6.152976575266099], [-75.63707023585758, 6.152977711819322], [-75.63705656883855, 6.152978508009256], [-75.63704245940123, 6.15297915812121], [-75.63703049668149, 6.15297918829869], [-75.63701790975917, 6.152976462410035], [-75.63700317225543, 6.152970826172408], [-75.63698837660262, 6.152961458317397], [-75.6369768484359, 6.1529519821050505], [-75.63696577044807, 6.152939280742042], [-75.63695843874196, 6.1529277659632555], [-75.63695566258956, 6.152920906213428], [-75.63691983783697, 6.152884221616888], [-75.63689727656265, 6.152840740859848], [-75.63667786713471, 6.152784417850283], [-75.63646641720655, 6.152732470778559], [-75.63645668930431, 6.152766782209734], [-75.63645077421762, 6.1528130254035105], [-75.63645252357283, 6.152873050902717], [-75.63642501060303, 6.152954674889049], [-75.63636139729483, 6.153097592588351], [-75.63627632586754, 6.1533011277760945], [-75.63626003271035, 6.153432826662715], [-75.63628255390796, 6.153534851933237], [-75.63634077013486, 6.1536607982339335], [-75.63641774028628, 6.153841916253328], [-75.63644801791123, 6.15391316919609], [-75.63645179036202, 6.15392204095527], [-75.63650101694788, 6.153958165742557], [-75.63653396823644, 6.153982346208463], [-75.63654046548957, 6.15398711549967], [-75.63657642835507, 6.154013508653111], [-75.63658292831859, 6.154018277930082], [-75.63667383377573, 6.154075687758912], [-75.63668045096061, 6.1540798661122835], [-75.63673166416748, 6.154112207558239], [-75.6368352199399, 6.154084655818262], [-75.63695423213672, 6.15406510081854], [-75.63712138187083, 6.154020575003536], [-75.63726162374533, 6.153972866992965], [-75.6374213238251, 6.15395830275707], [-75.63743706252546, 6.153956868900162], [-75.63745834297873, 6.153956391255016], [-75.63756460342935, 6.15395400371775], [-75.63757886574197, 6.153956140903891], [-75.63766953327237, 6.153969721738215], [-75.63781930763706, 6.154011791587917], [-75.6378608975263, 6.154028043249924], [-75.63786929062185, 6.154031323224796], [-75.63794605928155, 6.154061319666768], [-75.63794608282393, 6.154061331302979], [-75.63800982781187, 6.154129508492985], [-75.63800986595345, 6.154129549890545], [-75.63801673997817, 6.154136901961622], [-75.6380167799441, 6.1541369469663225], [-75.6380295520199, 6.154153574318037], [-75.63802959203042, 6.154153628362973], [-75.63804785279982, 6.154178762771154], [-75.63804789826997, 6.154178824925511], [-75.63805200489978, 6.154194091132868], [-75.6380441799404, 6.15425980693393], [-75.63799588981117, 6.15449452260164], [-75.63794259248846, 6.154728980070588], [-75.63837896709276, 6.15493717846918], [-75.63847202213896, 6.1547119852656165], [-75.6390954206935, 6.154982440899244]]]}, "properties": {"OBJECTID": 19, "NOM_BARRIO": "ESCOBAR", "BARRIO": "008", "PK_BARRIO": "3801001008", "MUNICIPIO": "380", "SECTOR": "1", "CORREGIMIENTO": "001", "CREATED_US": " ", "CREATED_DA": null, "LAST_EDITE": " ", "LAST_EDI_1": null, "SE_ANNO_CAD_DATA": null, "SHAPE.AREA": 0, "SHAPE.LEN": 0, "nombre_barrio_estandarizado": "ESCOBAR", "municipio_estandarizado": "la-estrella"}}, {"type": "Feature", "geometry": {"type": "Polygon", "coordinates": [[[-75.6366334252251, 6.1544186902012195], [-75.6367810033249, 6.1544857237682855], [-75.63694984064725, 6.154605271339908], [-75.63706535364749, 6.154716428843952], [-75.63715938697621, 6.154840043550122], [-75.63718594671002, 6.1548933106763535], [-75.63723678547488, 6.15499527538849], [-75.63731017341829, 6.155086422004657], [-75.6373642786707, 6.155120703584004], [-75.63749071956163, 6.155170894974348], [-75.63770118380201, 6.155223144393663], [-75.6381454724701, 6.155416162765393], [-75.63819291307647, 6.155434631972174], [-75.63837896709276, 6.15493717846918], [-75.63794259248846, 6.154728980070588], [-75.63799588360641, 6.154494363520259], [-75.63804413976477, 6.15425971944011], [-75.63805195760527, 6.1541940253713365], [-75.63804785279982, 6.154178762771154], [-75.63802959203042, 6.154153628362973], [-75.6380295520199, 6.154153574318037], [-75.6380167799441, 6.1541369469663225], [-75.63801673997817, 6.154136901961622], [-75.63800986595345, 6.154129549890545], [-75.63800982781187, 6.154129508492985], [-75.63794608282393, 6.154061331302979], [-75.63794605928155, 6.154061319666768], [-75.63786929062185, 6.154031323224796], [-75.6378608975263, 6.154028043249924], [-75.63781930763706, 6.154011791587917], [-75.63766953327237, 6.153969721738215], [-75.63757886574197, 6.153956140903891], [-75.63756460342935, 6.15395400371775], [-75.63745834297873, 6.153956391255016], [-75.63743706252546, 6.153956868900162], [-75.6374213238251, 6.15395830275707], [-75.63726162374533, 6.153972866992965], [-75.63712138187083, 6.154020575003536], [-75.63695423213672, 6.15406510081854], [-75.6368352199399, 6.154084655818262], [-75.63673166416748, 6.154112207558239], [-75.63668045096061, 6.1540798661122835], [-75.63667383377573, 6.154075687758912], [-75.63658292831859, 6.154018277930082], [-75.63657642835507, 6.154013508653111], [-75.63654046548957, 6.15398711549967], [-75.63653396823644, 6.153982346208463], [-75.63650101694788, 6.153958165742557], [-75.63645179036202, 6.15392204095527], [-75.63644801791123, 6.15391316919609], [-75.63641774028628, 6.153841916253328], [-75.6363984915409, 6.153938050969254], [-75.63634439174511, 6.154101906450631], [-75.63630178843722, 6.154379061785819], [-75.63632927896714, 6.1543769479089985], [-75.6366334252251, 6.1544186902012195]]]}, "properties": {"OBJECTID": 20, "NOM_BARRIO": "SAN CAYETANO", "BARRIO": "009", "PK_BARRIO": "3801001009", "MUNICIPIO": "380", "SECTOR": "1", "CORREGIMIENTO": "001", "CREATED_US": " ", "CREATED_DA": null, "LAST_EDITE": " ", "LAST_EDI_1": null, "SE_ANNO_CAD_DATA": null, "SHAPE.AREA": 0, "SHAPE.LEN": 0, "nombre_barrio_estandarizado": "SAN CAYETANO", "municipio_estandarizado": "la-estrella"}}, {"type": "Feature", "geometry": {"type": "Polygon", "coordinates": [[[-75.63837896709276, 6.15493717846918], [-75.63819291307647, 6.155434631972174], [-75.63821637961533, 6.155444243459306], [-75.63869476697228, 6.15566122788303], [-75.63889114513833, 6.15577481441269], [-75.6390762061267, 6.155920375032864], [-75.63914257889064, 6.155982649075971], [-75.63914275317433, 6.155982456556226], [-75.63918565306103, 6.155935261104511], [-75.63921696249022, 6.155891604471163], [-75.63924539617723, 6.15582934868586], [-75.63928192175574, 6.15572712120818], [-75.63928357918465, 6.155715035873468], [-75.6392864607105, 6.155694022464363], [-75.639278987483, 6.155613270373941], [-75.63926924855157, 6.155573790097765], [-75.6392229525523, 6.155428056564042], [-75.63918532709924, 6.1552713529328775], [-75.63912840406685, 6.155124125116171], [-75.6390954206935, 6.154982440899244], [-75.63847202213896, 6.1547119852656165], [-75.63837896709276, 6.15493717846918]]]}, "properties": {"OBJECTID": 21, "NOM_BARRIO": "SAN VICENTE", "BARRIO": "010", "PK_BARRIO": "3801001010", "MUNICIPIO": "380", "SECTOR": "1", "CORREGIMIENTO": "001", "CREATED_US": " ", "CREATED_DA": null, "LAST_EDITE": " ", "LAST_EDI_1": null, "SE_ANNO_CAD_DATA": null, "SHAPE.AREA": 0, "SHAPE.LEN": 0, "nombre_barrio_estandarizado": "SAN VICENTE", "municipio_estandarizado": "la-estrella"}}, {"type": "Feature", "geometry": {"type": "Polygon", "coordinates": [[[-75.63966510946854, 6.15651390112515], [-75.63985828883258, 6.156678157416467], [-75.6400853336737, 6.15680126563857], [-75.64047925034798, 6.156966148906637], [-75.64060825666503, 6.15702668507843], [-75.64098946089459, 6.157213495965215], [-75.64098962385931, 6.157213572001972], [-75.64157498972482, 6.15747610380871], [-75.64197408213899, 6.157624977350789], [-75.64197412573654, 6.157624843336478], [-75.64228162606861, 6.156821171931738], [-75.64240709359811, 6.1564525390528155], [-75.64232801134203, 6.15642529421815], [-75.64229034359384, 6.156412036788983], [-75.64224624684745, 6.156398874484865], [-75.6422119994337, 6.1563886521543925], [-75.64216706427617, 6.156395364854599], [-75.64208234507716, 6.1564116685165375], [-75.6419995727399, 6.156413241090327], [-75.6419054775473, 6.156399393420242], [-75.64165638702363, 6.156313617421921], [-75.64159014218095, 6.156284024361544], [-75.64150915642873, 6.156249404577921], [-75.6414309827336, 6.1562100689238255], [-75.64138386672138, 6.156177243171807], [-75.64126521086853, 6.156125775878329], [-75.64122475041941, 6.156120231918945], [-75.64107337625289, 6.156146048712053], [-75.64106013393516, 6.1561735664611215], [-75.64103219587994, 6.156222011445887], [-75.64092744547035, 6.156264041026237], [-75.64083271622783, 6.156257518132376], [-75.64073914201651, 6.156262277393264], [-75.6406274143064, 6.156223073350437], [-75.64044158822057, 6.156152705716415], [-75.64036838568732, 6.15612643762624], [-75.64032393607962, 6.156091035586736], [-75.64025474457291, 6.156029036975043], [-75.64021798409024, 6.156010185169879], [-75.64021555825298, 6.156007695685878], [-75.64016784324757, 6.155982878062633], [-75.6400987109849, 6.15594456598682], [-75.64004959954906, 6.155918106282402], [-75.63997704191354, 6.155900234400758], [-75.63996131677446, 6.1558901552822896], [-75.63987860533156, 6.1558691441638285], [-75.63974342521283, 6.155838902002893], [-75.63966253267107, 6.155828255754704], [-75.63957475620435, 6.155824537798384], [-75.63951658726006, 6.155829626089085], [-75.63946431552165, 6.155826801926284], [-75.63940805124727, 6.15580622218407], [-75.63931222096708, 6.155739358529472], [-75.63928357918465, 6.155715035873468], [-75.63928192175574, 6.15572712120818], [-75.63924539617723, 6.15582934868586], [-75.63921696249022, 6.155891604471163], [-75.63918565306103, 6.155935261104511], [-75.63914275317433, 6.155982456556226], [-75.63914257889064, 6.155982649075971], [-75.63916225749355, 6.156001110858421], [-75.63942310919519, 6.156250689978015], [-75.63966510946854, 6.15651390112515]]]}, "properties": {"OBJECTID": 22, "NOM_BARRIO": "PRIMAVERA", "BARRIO": "011", "PK_BARRIO": "3801001011", "MUNICIPIO": "380", "SECTOR": "1", "CORREGIMIENTO": "001", "CREATED_US": " ", "CREATED_DA": null, "LAST_EDITE": " ", "LAST_EDI_1": null, "SE_ANNO_CAD_DATA": null, "SHAPE.AREA": 0, "SHAPE.LEN": 0, "nombre_barrio_estandarizado": "PRIMAVERA", "municipio_estandarizado": "la-estrella"}}, {"type": "Feature", "geometry": {"type": "Polygon", "coordinates": [[[-75.62360637244988, 6.118714732964202], [-75.62365068858605, 6.118747990827781], [-75.62376274303581, 6.118834473838374], [-75.62376852378175, 6.118819327032134], [-75.62378688191289, 6.118765881647794], [-75.6238180583952, 6.118721849917162], [-75.62381843962889, 6.118721310139407], [-75.62383354662092, 6.118699976477867], [-75.62386073937623, 6.118695628813694], [-75.62386390810052, 6.118695121514137], [-75.62393196064038, 6.118705022706886], [-75.62393638336899, 6.11857281080655], [-75.62410355697746, 6.118396743848084], [-75.6241730367444, 6.1182889814074946], [-75.6241781212695, 6.118258139065263], [-75.62423843237067, 6.118177564853052], [-75.6242882936109, 6.11811094793441], [-75.624341439465, 6.118042773539358], [-75.62447889880534, 6.117835807480632], [-75.62460144434228, 6.117598160167736], [-75.62462008610468, 6.117598588846081], [-75.62462061519129, 6.117559870951766], [-75.62454783623618, 6.11756050526805], [-75.62437449348174, 6.117620793631134], [-75.62433163744552, 6.117599092454105], [-75.62430908452238, 6.117583069831903], [-75.62424854847151, 6.1175157423698945], [-75.62419583564494, 6.117453505360878], [-75.6241807672566, 6.117433693398869], [-75.62412680592627, 6.117389169333624], [-75.62403564779042, 6.117323240934571], [-75.62399213935656, 6.117302957752389], [-75.62394569229821, 6.117283134630093], [-75.62389309750169, 6.117262663510929], [-75.62380507679363, 6.117257933407326], [-75.6237544410017, 6.11727391783188], [-75.62372862519443, 6.11728852610516], [-75.62360856517435, 6.117341475010612], [-75.62356317372698, 6.117338449495639], [-75.62355149096372, 6.117328891949412], [-75.62349016237671, 6.11729034164825], [-75.62346385383783, 6.117280785064972], [-75.62340914781467, 6.117272450327606], [-75.62329291092612, 6.117260752148008], [-75.62313425274151, 6.117240367128359], [-75.62299222598408, 6.117212123181612], [-75.62284609695772, 6.117165203324455], [-75.62270962499623, 6.117097882279108], [-75.62258986588785, 6.117043467226817], [-75.62249319475207, 6.117051275036814], [-75.62237388964529, 6.116968080636888], [-75.62227303252173, 6.116952265023079], [-75.62219448367267, 6.1169378755084844], [-75.62209758687513, 6.1169281166864], [-75.62198001945377, 6.11693103787367], [-75.62200286314783, 6.117221985115688], [-75.62200359787907, 6.117231333104572], [-75.62201650248028, 6.117334216981671], [-75.62204421651535, 6.117555155462959], [-75.6220386281184, 6.117638475446616], [-75.62203729442297, 6.117658369432697], [-75.62203660822121, 6.117668607627025], [-75.62203579563963, 6.117693864652543], [-75.62204216621566, 6.1177889277908895], [-75.62206158600183, 6.118078192995263], [-75.62206413397, 6.118215070314003], [-75.62205946328564, 6.118359142135306], [-75.62212362820178, 6.118354188116483], [-75.62214970812704, 6.118352042838842], [-75.62218116042489, 6.118349902953573], [-75.62222260348274, 6.118346333756148], [-75.62229720607682, 6.118341398332651], [-75.62235432102021, 6.118344339517777], [-75.62241226164929, 6.1183526811198785], [-75.62247417005368, 6.118370083683516], [-75.62248230294371, 6.118371998515906], [-75.62252276662397, 6.11838152031731], [-75.62257699626963, 6.118407339195481], [-75.62262810038875, 6.118422522635799], [-75.62265491628776, 6.118433125470073], [-75.62273005368777, 6.118465432735421], [-75.62278700668736, 6.1184853546687386], [-75.6228376368032, 6.118494279801315], [-75.62286785453335, 6.11849790927358], [-75.62296809074283, 6.118498958092518], [-75.62304123675614, 6.118497239985953], [-75.62312233418126, 6.118492823268787], [-75.62313107426048, 6.11849182224903], [-75.62320619952035, 6.118491832948694], [-75.6232993223883, 6.118509261829253], [-75.62334633032945, 6.1185235023896025], [-75.62339397292378, 6.11855174820799], [-75.62343243122733, 6.118577512076426], [-75.62352440944215, 6.118646527479236], [-75.62360637244988, 6.118714732964202]]]}, "properties": {"OBJECTID": 23, "NOM_BARRIO": "SAN ISIDRO", "BARRIO": "038", "PK_BARRIO": "3801001038", "MUNICIPIO": "380", "SECTOR": "1", "CORREGIMIENTO": "001", "CREATED_US": " ", "CREATED_DA": null, "LAST_EDITE": " ", "LAST_EDI_1": null, "SE_ANNO_CAD_DATA": null, "SHAPE.AREA": 0, "SHAPE.LEN": 0, "nombre_barrio_estandarizado": "SAN ISIDRO", "municipio_estandarizado": "la-estrella"}}, {"type": "Feature", "geometry": {"type": "Polygon", "coordinates": [[[-75.64047574357423, 6.112764848128295], [-75.64052515277805, 6.112769784526968], [-75.64062459213623, 6.11278287988958], [-75.64069874255877, 6.112791305401975], [-75.640728608558, 6.112797195792417], [-75.64076616319954, 6.112808185165838], [-75.64080714170852, 6.112821720670762], [-75.64087968986153, 6.112842846821008], [-75.64093855737049, 6.112850367446626], [-75.64099059123937, 6.112853643723538], [-75.64105199549118, 6.112852630338049], [-75.64115944486996, 6.11284723736771], [-75.64123278273843, 6.112841928932701], [-75.64132455535011, 6.112833597121112], [-75.64150611471624, 6.112814418223891], [-75.64177767177124, 6.112785240018547], [-75.64178073075885, 6.11277159650846], [-75.64179497828056, 6.11270803812914], [-75.64181015560767, 6.112640332847676], [-75.64170226316624, 6.112542559482347], [-75.64163647262345, 6.112458467878077], [-75.6415366242456, 6.112350417495559], [-75.64148613846028, 6.112295783918175], [-75.6414309146519, 6.112236023286816], [-75.64130148224744, 6.112100373156248], [-75.64129591545672, 6.112082254543556], [-75.64126588256666, 6.112083940884381], [-75.6412176014102, 6.112081922664345], [-75.64118004652225, 6.112079337304777], [-75.64114945318407, 6.112071910008212], [-75.64111078251396, 6.112053242653746], [-75.64108769914156, 6.1120457947051525], [-75.64101526237202, 6.112037403271103], [-75.6409259072171, 6.112018021349103], [-75.64093511083841, 6.1119999946547034], [-75.64097860928291, 6.111929794196994], [-75.64080232946748, 6.111888628968942], [-75.64083323568231, 6.111803167758309], [-75.64068721807448, 6.111779988859934], [-75.64065716684857, 6.1119265086851335], [-75.64065254581563, 6.111951671986211], [-75.64045962737563, 6.111906469589994], [-75.64042809781925, 6.11189875393447], [-75.64039593667238, 6.111886382835909], [-75.64035129467312, 6.111866176238365], [-75.6402646361427, 6.111824448299955], [-75.64016873519726, 6.111759144863691], [-75.64011426049346, 6.111723913408636], [-75.6400664496053, 6.111816487552281], [-75.6400256797139, 6.111791513845424], [-75.63994017076897, 6.1117690815615235], [-75.63993349071941, 6.1117801274682915], [-75.63992583769311, 6.111792782836883], [-75.63989802895016, 6.11183876905577], [-75.63989416430547, 6.1118765473163394], [-75.63988116438139, 6.1119218026243205], [-75.63987412566328, 6.111954374714971], [-75.63986506420211, 6.1119831642740206], [-75.63985041823943, 6.112019495701247], [-75.63983153286684, 6.112090487371477], [-75.63982532569241, 6.1121145275153355], [-75.63981756778645, 6.112144840315394], [-75.63981034909872, 6.112181416406156], [-75.63980125039622, 6.112212557572652], [-75.6397946522629, 6.112237359940735], [-75.63978768015205, 6.112259573151896], [-75.63978403081013, 6.112279189889327], [-75.63977908335751, 6.112312021112205], [-75.63977626498709, 6.112337352759162], [-75.6397721876574, 6.1123656504380195], [-75.63976925140071, 6.112396962926287], [-75.63976781683904, 6.112425631838341], [-75.63976969586433, 6.112453330699371], [-75.63977019079393, 6.112497889580336], [-75.63976797893801, 6.112526078647642], [-75.63976386424736, 6.112555413450998], [-75.63975815319004, 6.112590003179997], [-75.6397539757535, 6.112610780596013], [-75.6397497836531, 6.112626174492404], [-75.63974597327869, 6.1126400287313905], [-75.63974334649888, 6.112664646145817], [-75.63974143832267, 6.112702636288352], [-75.63973270077418, 6.112751245461987], [-75.63972878708363, 6.1127738667397375], [-75.63972991640442, 6.1128137070020285], [-75.63983091016046, 6.112807272918071], [-75.63995243555766, 6.112793325642692], [-75.64008533357018, 6.112783895109631], [-75.64032946139568, 6.11276586188418], [-75.64042001004692, 6.112762460577284], [-75.64047574357423, 6.112764848128295]]]}, "properties": {"OBJECTID": 24, "NOM_BARRIO": "LA RAYA", "BARRIO": "040", "PK_BARRIO": "3801001040", "MUNICIPIO": "380", "SECTOR": "1", "CORREGIMIENTO": "001", "CREATED_US": " ", "CREATED_DA": null, "LAST_EDITE": " ", "LAST_EDI_1": null, "SE_ANNO_CAD_DATA": null, "SHAPE.AREA": 0, "SHAPE.LEN": 0, "nombre_barrio_estandarizado": "LA RAYA", "municipio_estandarizado": "la-estrella"}}, {"type": "Feature", "geometry": {"type": "Polygon", "coordinates": [[[-75.64134625785847, 6.129682186020733], [-75.64151580665661, 6.1297678878182005], [-75.64167719537716, 6.129654785343518], [-75.64187116505138, 6.1295207526792534], [-75.64194464490225, 6.129469719573105], [-75.64205116641732, 6.1293863847647545], [-75.64231327284311, 6.129181640740219], [-75.64229880220645, 6.1290544743318405], [-75.64206678276652, 6.128864467599561], [-75.64190528603507, 6.1287355400209425], [-75.641849466793, 6.128663583970773], [-75.64172913891525, 6.128573171689322], [-75.64142019288305, 6.128611047343971], [-75.64138114311851, 6.128616036710107], [-75.6413003526621, 6.128618077632158], [-75.64128956135471, 6.128610449166483], [-75.64127729779473, 6.128589420983704], [-75.64125993581642, 6.128521089414395], [-75.64124393543385, 6.12846257447439], [-75.64124002082575, 6.128442740961497], [-75.64122924104919, 6.128390278173725], [-75.64121669463783, 6.128325345571241], [-75.6412029248586, 6.1282357304545965], [-75.64120271391707, 6.128194142749645], [-75.64124359171946, 6.128166744895994], [-75.64127290031371, 6.128144337437002], [-75.641337295761, 6.12809372080896], [-75.64137196976127, 6.128076326041876], [-75.64156212749127, 6.12798247825182], [-75.64161974173123, 6.127953935628], [-75.64170520802924, 6.127920137902679], [-75.64174608357789, 6.127903857067899], [-75.64180876103384, 6.127861321090095], [-75.64181418732362, 6.127857229757769], [-75.6418559571798, 6.127824456559531], [-75.64186803585771, 6.127815076320149], [-75.6418762736103, 6.127809279661088], [-75.64188283958948, 6.1278047858345595], [-75.64192307618008, 6.127777969705114], [-75.64198050914769, 6.127752063240588], [-75.64200095880763, 6.127738448774619], [-75.64201484008272, 6.127729206101597], [-75.6420227492639, 6.127721248589139], [-75.64205637416914, 6.12773240414572], [-75.64209207939622, 6.127714420255085], [-75.64225135779903, 6.127474368072375], [-75.64232241320266, 6.1273682889478245], [-75.64236642316996, 6.127290960668366], [-75.64240400649359, 6.127231571368418], [-75.64242879291557, 6.1271591356334465], [-75.64247613329147, 6.127100212627988], [-75.64249041625504, 6.127091843086274], [-75.64251726960597, 6.127061692828073], [-75.64254194011393, 6.12698883186448], [-75.64256929238891, 6.1269148927166075], [-75.64256895462843, 6.126908111345548], [-75.64256568203716, 6.12684236466375], [-75.64256493434156, 6.126827350383914], [-75.64252353752937, 6.126825783472052], [-75.64252289566635, 6.126841265665765], [-75.64246653876545, 6.126831058437112], [-75.64246336355683, 6.126876126186953], [-75.64239077194267, 6.126873393165938], [-75.64231577151904, 6.126863885356554], [-75.64217516644575, 6.126862039987845], [-75.64207966676285, 6.126810173889986], [-75.64201234803475, 6.126786311728541], [-75.64196037112524, 6.126788278397897], [-75.6419162407347, 6.126817648631133], [-75.64191170993053, 6.1268366875246665], [-75.64188559716504, 6.126870139295575], [-75.64188043657455, 6.126881052132639], [-75.6417926168398, 6.126710752731478], [-75.64173134242854, 6.12666723936347], [-75.64164677778032, 6.126626696650163], [-75.64153027314863, 6.126624086812221], [-75.64140872347282, 6.126654230015499], [-75.64136618149888, 6.126660770693822], [-75.64130170501922, 6.126684791577544], [-75.64128739354636, 6.126698938073563], [-75.64126260109829, 6.126729607001484], [-75.64121034754584, 6.126796711346001], [-75.64134177443337, 6.126936127210142], [-75.64127064954967, 6.127107079007457], [-75.64123691678606, 6.127158815551378], [-75.64120213614497, 6.127141121240209], [-75.6411504112317, 6.127150996991898], [-75.6410177062363, 6.127164904262188], [-75.64088303526603, 6.127347452599671], [-75.64108783384866, 6.127563470927018], [-75.641246949269, 6.12766617536598], [-75.64127585191628, 6.127674349212329], [-75.64129439778922, 6.127668113918283], [-75.6413464059775, 6.12762144575785], [-75.6414456816487, 6.127664940879149], [-75.64149906001248, 6.127726948316021], [-75.64156558406573, 6.127818916048204], [-75.64161731159453, 6.127924838298427], [-75.64162008558958, 6.127931854468827], [-75.64159106953777, 6.127944873805811], [-75.64153271184338, 6.127968072671709], [-75.64145984336507, 6.127996672403028], [-75.64143145449906, 6.12800811289403], [-75.6413154889245, 6.12807327304992], [-75.64127555746946, 6.1281033756601335], [-75.64117075509569, 6.128187143863672], [-75.64112883521287, 6.128221751178949], [-75.64107974330992, 6.12823901449659], [-75.64102355235424, 6.128235589393357], [-75.6409921021468, 6.128230264088106], [-75.64094550709272, 6.128222263321844], [-75.64088862709217, 6.128215373685023], [-75.64081982708919, 6.128207163216567], [-75.6407746095536, 6.1282083642416705], [-75.64073969955103, 6.12822075716247], [-75.64051129201438, 6.128169952635089], [-75.6402852972489, 6.1281169971328975], [-75.63992180521329, 6.128125269160388], [-75.63964837033386, 6.128158624843118], [-75.63941225959526, 6.128168718078504], [-75.63943654751355, 6.128248492554248], [-75.63947050472603, 6.12833677256863], [-75.63949175646496, 6.128392020774377], [-75.63951849582851, 6.128494033525398], [-75.63958498796814, 6.128612957683042], [-75.6396146685592, 6.128661947229606], [-75.63979850007718, 6.128965375699347], [-75.63980892752214, 6.128981296088003], [-75.63976538805869, 6.129000675465389], [-75.6396951963863, 6.129072426409928], [-75.63972533924883, 6.1290886790835994], [-75.6401903602424, 6.1293122144873315], [-75.64032192504932, 6.129333735994954], [-75.64035810481505, 6.129209477542402], [-75.64042943340152, 6.129106671522075], [-75.64055452345012, 6.129126463821169], [-75.64063693051334, 6.129189536956645], [-75.6407069235396, 6.129232938680819], [-75.64075750701822, 6.129267494159885], [-75.64089513482743, 6.129411759382294], [-75.64093455192716, 6.1296886374880915], [-75.64115441200245, 6.129660151996592], [-75.64134625785847, 6.129682186020733]]]}, "properties": {"OBJECTID": 25, "NOM_BARRIO": "PEÑAS BLANCAS", "BARRIO": "043", "PK_BARRIO": "3801001043", "MUNICIPIO": "380", "SECTOR": "1", "CORREGIMIENTO": "001", "CREATED_US": " ", "CREATED_DA": null, "LAST_EDITE": " ", "LAST_EDI_1": null, "SE_ANNO_CAD_DATA": null, "SHAPE.AREA": 0, "SHAPE.LEN": 0, "nombre_barrio_estandarizado": "PEÑAS BLANCAS", "municipio_estandarizado": "la-estrella"}}, {"type": "Feature", "geometry": {"type": "Polygon", "coordinates": [[[-75.6500431975751, 6.165332463811504], [-75.65005580872747, 6.165323830799611], [-75.65011656332292, 6.165300567805037], [-75.65018584209542, 6.1652809309760155], [-75.65028314192453, 6.165277026893032], [-75.65038292784999, 6.165295000765349], [-75.6504863811538, 6.165320261886619], [-75.65063720677084, 6.165319862127236], [-75.65076851097984, 6.165273333383492], [-75.65083663717847, 6.165249165762774], [-75.65087829177097, 6.165239697516453], [-75.65105697282947, 6.165180260161802], [-75.6511274470943, 6.165151645627101], [-75.6511935196637, 6.165108848779835], [-75.65129546364518, 6.165095051148402], [-75.65130070573568, 6.164945698203865], [-75.65128438358624, 6.164923897251387], [-75.65128491669326, 6.164850306973139], [-75.65128597440665, 6.164794673662648], [-75.65129737222358, 6.164686196804234], [-75.65138748080611, 6.164648649404961], [-75.65156311017013, 6.164587005055461], [-75.6515042634227, 6.164453917413947], [-75.65146061987858, 6.164377211126734], [-75.65144001820721, 6.164361626831317], [-75.65142980688819, 6.164332764777086], [-75.65132398439815, 6.164344382154346], [-75.65126070630235, 6.1643432931033395], [-75.65123399748954, 6.164345870536571], [-75.65118350762313, 6.164340892857646], [-75.65118135116992, 6.164340825842137], [-75.65106751350184, 6.164329457257989], [-75.6510292377658, 6.164316667575835], [-75.65098647149121, 6.164287442256329], [-75.65096058561643, 6.164252392304331], [-75.65093532787982, 6.164206686060826], [-75.65093180112939, 6.164175701494426], [-75.65092945924447, 6.164158489448642], [-75.65092937066024, 6.164125200562329], [-75.6509292210408, 6.164067804948795], [-75.65093101371205, 6.1638566194865065], [-75.65093300426297, 6.163724362637351], [-75.65090751209874, 6.163443047609127], [-75.65089836079056, 6.163366801516012], [-75.65088600835661, 6.163275111422477], [-75.65086832069449, 6.163289167685298], [-75.65076961378263, 6.163313949304554], [-75.65056042709382, 6.163448365171976], [-75.65044630379938, 6.1635289627222765], [-75.65030063995655, 6.163605572146092], [-75.65025547270254, 6.163638705563878], [-75.65019276655744, 6.163684758119172], [-75.65013334610235, 6.163725997508944], [-75.65011289944673, 6.1637398016977105], [-75.65007119431311, 6.163790194033533], [-75.65004043614957, 6.163822248677351], [-75.65003205288731, 6.16382680513549], [-75.64994121865841, 6.1638688525763214], [-75.64988161206456, 6.163896444633631], [-75.6498684906756, 6.163898365883398], [-75.64976980225292, 6.163914000244489], [-75.64970868503737, 6.163907325041271], [-75.64956785519543, 6.1638771245272235], [-75.6495077359459, 6.163864232694843], [-75.64946815421752, 6.163854195829976], [-75.64940437962889, 6.1638247909341475], [-75.64941025544503, 6.163883561208825], [-75.64942523180535, 6.164339331289302], [-75.6496639326407, 6.164384418175228], [-75.64965926449278, 6.164433351611662], [-75.64961461489482, 6.164715381965099], [-75.64977166162416, 6.164778526179995], [-75.64980961365144, 6.164780325375163], [-75.65007824375638, 6.164814113612139], [-75.6500431975751, 6.165332463811504]]]}, "properties": {"OBJECTID": 26, "NOM_BARRIO": "SAN JOSE TARAPACA", "BARRIO": "046", "PK_BARRIO": "3801001046", "MUNICIPIO": "380", "SECTOR": "1", "CORREGIMIENTO": "001", "CREATED_US": " ", "CREATED_DA": null, "LAST_EDITE": " ", "LAST_EDI_1": null, "SE_ANNO_CAD_DATA": null, "SHAPE.AREA": 0, "SHAPE.LEN": 0, "nombre_barrio_estandarizado": "SAN JOSE TARAPACA", "municipio_estandarizado": "la-estrella"}}, {"type": "Feature", "geometry": {"type": "MultiPolygon", "coordinates": [[[[-75.64227398057851, 6.133158699487229], [-75.64211912862214, 6.133210319725531], [-75.64216998847984, 6.133347263647561], [-75.64218046241241, 6.133410719195674], [-75.64224311499824, 6.13384359228707], [-75.64248453223344, 6.133782708548514], [-75.64259526383526, 6.13374605539683], [-75.64261665596148, 6.133741475693263], [-75.64267667164656, 6.133721604200124], [-75.64268737732938, 6.133718059035984], [-75.64271929239635, 6.13370749324698], [-75.64273898590989, 6.133700971903892], [-75.64276405030292, 6.133692672916371], [-75.64289881511539, 6.133623601438127], [-75.64289840848471, 6.133620632760756], [-75.6428975848961, 6.13361461590124], [-75.64307072767825, 6.133528820902604], [-75.64318119887075, 6.133477476453095], [-75.64314241702272, 6.13339044136202], [-75.64327972387922, 6.13333063638321], [-75.64330463634938, 6.133290600813545], [-75.64333479785483, 6.133264570069178], [-75.64335620757168, 6.133242307188402], [-75.64340239570225, 6.133194779646299], [-75.64333690103784, 6.133096415007953], [-75.64332925086475, 6.1330753732170145], [-75.64321367750371, 6.132901284560212], [-75.64307095085775, 6.132661281422715], [-75.64294480855344, 6.132701766929855], [-75.64289127953174, 6.132941348464298], [-75.64282744612443, 6.13295886386491], [-75.64271820744523, 6.132973825246324], [-75.64265680037938, 6.133003131840366], [-75.64254834269116, 6.133063871888547], [-75.64252685952215, 6.1330807678068195], [-75.6425020315442, 6.133087916567143], [-75.6424998336757, 6.133131671349387], [-75.64244304816113, 6.133118211056828], [-75.64227398057851, 6.133158699487229]]], [[[-75.64410021755924, 6.133781432839875], [-75.64410219465019, 6.133797905568132], [-75.64411379923229, 6.133809241893887], [-75.6441431428882, 6.133837910588779], [-75.64423885852035, 6.1339314211197316], [-75.64432263372743, 6.1339876102795765], [-75.6444619078496, 6.134081340425306], [-75.64454261547274, 6.133928298822406], [-75.64462488064649, 6.133807946004037], [-75.64460922255344, 6.133732354168473], [-75.64470475688852, 6.1334833856230615], [-75.64468078458628, 6.13333122276233], [-75.64465168638351, 6.133144048177946], [-75.64456990921198, 6.133078137038726], [-75.6445307122524, 6.133079322376084], [-75.64449274661203, 6.133100887769301], [-75.64445502062391, 6.1331234301506035], [-75.64442845564527, 6.133134028352585], [-75.64433126520265, 6.133166929121513], [-75.64432704343227, 6.133195493284732], [-75.6443285247716, 6.133218953085924], [-75.64431590791907, 6.13321444275622], [-75.64423893425163, 6.133222760405244], [-75.64417955443633, 6.133257984941793], [-75.6441281016103, 6.133232250555288], [-75.64407844877208, 6.133246428862886], [-75.64402146424601, 6.133265885009597], [-75.64396203094743, 6.133286051165276], [-75.64393616074892, 6.133295595422315], [-75.64391000975522, 6.133324401682315], [-75.64390062711969, 6.133344395705356], [-75.64389198518452, 6.133375944249319], [-75.64388302068211, 6.133415898362083], [-75.64386567917397, 6.133472616814703], [-75.64386920528582, 6.133480659841441], [-75.64381166602706, 6.133527945137088], [-75.64373270061215, 6.133568137347748], [-75.64361325153256, 6.133540528299203], [-75.64360955636913, 6.133554627908611], [-75.64360179366845, 6.133584243792526], [-75.64359216826738, 6.1336209574704075], [-75.64364431054628, 6.133720588532044], [-75.64370177362395, 6.133805529739377], [-75.64372616631935, 6.133790152665128], [-75.64373812338705, 6.133780097622849], [-75.64375364902578, 6.133763428161777], [-75.64377080153595, 6.133748989075133], [-75.64381399384091, 6.133699672725293], [-75.6438736466186, 6.1336300236387125], [-75.64391677136668, 6.133575251728014], [-75.64394421724259, 6.13363212236836], [-75.64398816935207, 6.133723195472387], [-75.64406684287377, 6.133682243460778], [-75.64408704594263, 6.133671726405287], [-75.64410021755924, 6.133781432839875]]], [[[-75.64358975909975, 6.133214815689364], [-75.6435491990401, 6.1333266733249685], [-75.64347334294243, 6.133358702910318], [-75.64354039473878, 6.133400969413262], [-75.64359236957797, 6.133457842830229], [-75.64360554775422, 6.133473614772861], [-75.64363544606269, 6.133496808608482], [-75.6436811149133, 6.133517651804705], [-75.64372933945121, 6.13352484309012], [-75.64377259848807, 6.133513253005106], [-75.64381702273808, 6.133484082583445], [-75.64383483234087, 6.133436203350892], [-75.64384697809119, 6.133404692650136], [-75.64384679188375, 6.133325138763996], [-75.64384078660085, 6.13329477904157], [-75.64378693919588, 6.133022552157492], [-75.64379959689717, 6.133020874132994], [-75.64381071170286, 6.133072851398424], [-75.64382200402343, 6.1331256586008385], [-75.64383321961766, 6.133178108180164], [-75.64383040461173, 6.133178730501002], [-75.64385082738852, 6.133280220486566], [-75.64385316435266, 6.133291827696144], [-75.64389777053545, 6.133265487838763], [-75.64395664415198, 6.133234941530748], [-75.64401455724312, 6.133222823435189], [-75.6441445460367, 6.1331604779124085], [-75.6441430888327, 6.133153455278701], [-75.64414127355371, 6.133144703172998], [-75.64418679987175, 6.133135724499666], [-75.64419114469239, 6.133134867707517], [-75.64422315851625, 6.133080960695602], [-75.64431275021792, 6.1330596258200964], [-75.64431045225415, 6.13304035757315], [-75.64430919731201, 6.133029841628134], [-75.64429526094679, 6.1329130386387725], [-75.64428267369516, 6.132807529506662], [-75.64419503554542, 6.132837809247693], [-75.6440872948154, 6.132872970631985], [-75.64394429867127, 6.13290892807327], [-75.64390120832068, 6.132924861239572], [-75.64388831999153, 6.132925010764911], [-75.64382326055058, 6.13292576143748], [-75.64382317655239, 6.132925761852244], [-75.64376905943139, 6.132938549148189], [-75.64376899266988, 6.132938564846563], [-75.6437175163278, 6.132950017389224], [-75.6436217638783, 6.132957469373994], [-75.64358975909975, 6.133214815689364]]], [[[-75.64316127127121, 6.133938668222335], [-75.64319031171249, 6.133925977631761], [-75.64321743524559, 6.133916534785325], [-75.64322853313296, 6.133914131287612], [-75.6432426626456, 6.1339110727590205], [-75.64329916310537, 6.133903333627976], [-75.64334407847433, 6.133895725826287], [-75.64335246882248, 6.133895958322541], [-75.64337642956998, 6.133892630661195], [-75.64338468030381, 6.133892941594003], [-75.6434222436005, 6.133894358983019], [-75.64343210048379, 6.133892329554738], [-75.6434781867612, 6.133884422147447], [-75.64360597669, 6.133845766196384], [-75.64355048876689, 6.133706907175227], [-75.64352073673102, 6.133622499906461], [-75.64344514062958, 6.1336361842971625], [-75.64342542535552, 6.133639752262429], [-75.64342337375984, 6.133629416530557], [-75.6434397610258, 6.133626661459317], [-75.64347091830952, 6.133621423281363], [-75.64349850086477, 6.133616786764225], [-75.64350856263515, 6.133615095341025], [-75.64351970286963, 6.133613222304229], [-75.64351269529429, 6.133550301201896], [-75.64350766276097, 6.133468255274228], [-75.64347032279113, 6.133432607921696], [-75.64343412971213, 6.1334189086686], [-75.64340943510369, 6.133427824217108], [-75.64334894957435, 6.133449659859365], [-75.64333262884652, 6.13345638515196], [-75.64326879788017, 6.13348832822833], [-75.64315954259934, 6.133540619551301], [-75.64311846277947, 6.133562607981817], [-75.64305374665479, 6.133595475728654], [-75.64305936918903, 6.13361342305222], [-75.64306205151746, 6.133621983750939], [-75.64307050689104, 6.133648974692514], [-75.64308725333062, 6.1337024221920275], [-75.64316127127121, 6.133938668222335]]], [[[-75.64297161895568, 6.133635675330421], [-75.64290824364393, 6.133668449659711], [-75.64290699407492, 6.133669101314964], [-75.64283491735306, 6.13370670640586], [-75.64281215576415, 6.133718583078984], [-75.64271405846586, 6.133769325788227], [-75.64270101708519, 6.133773615661913], [-75.64266209765772, 6.133786420988009], [-75.64268576392513, 6.133869238354603], [-75.64270536972971, 6.133937849741296], [-75.64277872074295, 6.134151862429933], [-75.64279215082374, 6.134183375250505], [-75.64285838933124, 6.134155894406739], [-75.64293224666558, 6.134082794105548], [-75.64299545993156, 6.134028677912456], [-75.64301547562438, 6.134015135977219], [-75.64302561807715, 6.1340100196471425], [-75.64304064208483, 6.134002438300618], [-75.64307496034417, 6.133981914343543], [-75.64308553053955, 6.133976352920056], [-75.64314395120078, 6.133946238306119], [-75.64308182072135, 6.133769200813262], [-75.64305731428382, 6.133699371497431], [-75.64303356454, 6.133631696391957], [-75.64302582904759, 6.133609655145104], [-75.64297161895568, 6.133635675330421]]]]}, "properties": {"OBJECTID": 27, "NOM_BARRIO": "LA BERMEJALA", "BARRIO": "044", "PK_BARRIO": "3801001044", "MUNICIPIO": "380", "SECTOR": "1", "CORREGIMIENTO": "001", "CREATED_US": " ", "CREATED_DA": null, "LAST_EDITE": " ", "LAST_EDI_1": null, "SE_ANNO_CAD_DATA": null, "SHAPE.AREA": 0, "SHAPE.LEN": 0, "nombre_barrio_estandarizado": "LA BERMEJALA", "municipio_estandarizado": "la-estrella"}}, {"type": "Feature", "geometry": {"type": "Polygon", "coordinates": [[[-75.62647177238794, 6.118190113095649], [-75.62648016322068, 6.118192878219863], [-75.62648821131158, 6.118196481272049], [-75.62649692544883, 6.118201270800893], [-75.6265033458884, 6.1182057867771], [-75.62650395131524, 6.118206212336313], [-75.62651263402844, 6.118214368719164], [-75.62651829863218, 6.11822132030176], [-75.62653223088498, 6.118249641252387], [-75.62654842937384, 6.118284632077034], [-75.62656564493282, 6.118320002146052], [-75.62659064764468, 6.118374708902935], [-75.62661238688996, 6.11841126464583], [-75.62663618249609, 6.118448505540457], [-75.62665877033234, 6.1184838619651], [-75.62679711050244, 6.118348896579817], [-75.6268289092982, 6.1183178738013435], [-75.62690974117864, 6.118239013453442], [-75.62694671739031, 6.118203224469767], [-75.62703556205486, 6.1181172353022655], [-75.62706510022923, 6.118088647356434], [-75.62706597093792, 6.118084951839817], [-75.62707324039152, 6.1180541558017705], [-75.62710116061652, 6.117935846555572], [-75.62710360647102, 6.117925483159518], [-75.62710899195915, 6.117902665584672], [-75.62710739954701, 6.117897295158645], [-75.6270952661775, 6.117856338497119], [-75.62707169923013, 6.117776785848278], [-75.62707825194433, 6.117757906046676], [-75.62713681584718, 6.117589188622479], [-75.62713922424494, 6.117582250872999], [-75.62725486430534, 6.117447053980788], [-75.62723958211396, 6.117365376041226], [-75.62723885841196, 6.117362925979607], [-75.6272149949937, 6.117282027745669], [-75.62720881033512, 6.117261063158765], [-75.6272005371764, 6.117233017390063], [-75.62719154007546, 6.117166973233741], [-75.62716323263571, 6.1170939764792704], [-75.62716274540378, 6.117090381630979], [-75.62716155955944, 6.1170844803425], [-75.62716035927292, 6.117078580932792], [-75.62715914545623, 6.117072685205518], [-75.62715792622487, 6.117066790408763], [-75.62715670427957, 6.117060894721241], [-75.62715548324192, 6.117054999933313], [-75.6271542658171, 6.117049105127672], [-75.62715305922181, 6.1170432084609265], [-75.62715186615678, 6.11703730811172], [-75.62715069025244, 6.117031407678512], [-75.62714953599826, 6.1170255017150135], [-75.62714840701584, 6.117019592011593], [-75.62714730871548, 6.117013676733679], [-75.62714624471438, 6.1170077567676095], [-75.6271452177177, 6.117001831196107], [-75.62714423494654, 6.116995899079764], [-75.62714330000041, 6.116989957688805], [-75.62714241559776, 6.11698400881805], [-75.62714157722701, 6.116978053393616], [-75.6271407794646, 6.1169720905379945], [-75.62714009019753, 6.116966704842225], [-75.62714001509823, 6.11696612299864], [-75.62713928051957, 6.1169601516973025], [-75.62713856848984, 6.116954173957195], [-75.62713787361638, 6.116948195229082], [-75.62713719227317, 6.116942212818514], [-75.62713651545037, 6.116936231289868], [-75.6271358386232, 6.116930248857181], [-75.62713515819215, 6.116924268250248], [-75.62713446602405, 6.116918288604783], [-75.62713375851942, 6.1169123126505935], [-75.62713302754068, 6.1169063386193825], [-75.62712523960653, 6.116868530297763], [-75.62711548084592, 6.116794291893741], [-75.62711051416139, 6.1167584369866965], [-75.62710655220548, 6.116727277342032], [-75.62709430080169, 6.116677860198805], [-75.62709429306832, 6.116677756270382], [-75.62705165684501, 6.11666997669044], [-75.62699823703602, 6.1166551440066295], [-75.626954872777, 6.116643101746279], [-75.62694847149965, 6.116642319421023], [-75.6269436702545, 6.1166403332017865], [-75.62691806262619, 6.116632804781813], [-75.6269084596731, 6.116630032025422], [-75.62686763501681, 6.1166129489768535], [-75.62682521067892, 6.116595107113046], [-75.62678917391327, 6.116579309699897], [-75.62678240428754, 6.116576341361967], [-75.62676258058079, 6.116567650946717], [-75.62670432173343, 6.11654272191308], [-75.62669219514804, 6.116537533208061], [-75.62677131878607, 6.116373201149973], [-75.62680399256378, 6.116305341138915], [-75.62680880305396, 6.116295350397941], [-75.62681758890432, 6.116277103363079], [-75.62683298248028, 6.11624513480037], [-75.62686547702428, 6.116176455691209], [-75.6269262795695, 6.116047946055491], [-75.62700496534082, 6.115881638092114], [-75.62700606395573, 6.115878742453983], [-75.62703483942785, 6.11580292866909], [-75.62711275499584, 6.115597655213698], [-75.62713804649762, 6.1156037151983735], [-75.62715631213204, 6.115569501382666], [-75.62717413283573, 6.1155360997771595], [-75.62719684037089, 6.115493546022417], [-75.62722929468435, 6.115432731495569], [-75.62722963331959, 6.115431977665293], [-75.62723704135234, 6.115415497570785], [-75.62727175855032, 6.115363816484056], [-75.62728625356957, 6.115342239912399], [-75.62738301641167, 6.115198199893351], [-75.62745622225705, 6.115089227694308], [-75.62750015382206, 6.115023832222196], [-75.62740105426411, 6.115001025063431], [-75.62732012514275, 6.114982402444761], [-75.62730409954628, 6.114978714563172], [-75.6272391969164, 6.114963777998966], [-75.62722600245158, 6.114960741647084], [-75.62694712214315, 6.115153149956366], [-75.62679907773824, 6.115003110401964], [-75.6267897114325, 6.115031224410361], [-75.62677841706994, 6.115065133801646], [-75.6267769029004, 6.115069678659922], [-75.62677642872634, 6.115069680979498], [-75.62677530786473, 6.115069685558502], [-75.62673929664206, 6.115069823747474], [-75.62672136438587, 6.115070025378281], [-75.62669316319545, 6.11507034323685], [-75.62666256230679, 6.115070688201253], [-75.62661005822802, 6.115066524199557], [-75.62656882245925, 6.115063256140169], [-75.62654584836781, 6.115063064753408], [-75.62654631251861, 6.115026784563972], [-75.62654344677794, 6.114997769375163], [-75.62654116752053, 6.114979915492772], [-75.62653048823039, 6.114951480050882], [-75.62651432839532, 6.114921776808033], [-75.62650804983971, 6.114910236517437], [-75.62649594810776, 6.114888113814776], [-75.6264780383878, 6.114855374270675], [-75.62642916394344, 6.114782491534337], [-75.62641208903953, 6.114767932970107], [-75.6263909594813, 6.114755009782179], [-75.62633819010136, 6.114744600016241], [-75.62623837948466, 6.114740800221852], [-75.62623250624507, 6.114759927112051], [-75.62620240877807, 6.114807152078088], [-75.62614913900615, 6.114890738465706], [-75.62614860120568, 6.114891583675355], [-75.62611156910701, 6.1149790079259105], [-75.6260798463225, 6.115067038148169], [-75.62607462424516, 6.115081529476262], [-75.62606387086245, 6.115111369785344], [-75.62604928022886, 6.115151857839646], [-75.62604974026696, 6.115219826087331], [-75.62605034170403, 6.1153086185582195], [-75.62607788381104, 6.115415846756883], [-75.62609143184734, 6.115522204983554], [-75.62609920561344, 6.115583224145965], [-75.62609452566342, 6.115615147531021], [-75.62609244094193, 6.115629371284925], [-75.62608763625842, 6.115655910726859], [-75.62608402967005, 6.115672733850916], [-75.62607106206123, 6.115733192691219], [-75.62606631535198, 6.115755326388579], [-75.62604575951976, 6.11580535519172], [-75.6260185510738, 6.115871572003008], [-75.62601243939608, 6.115886446484436], [-75.62611444255347, 6.1159300654709545], [-75.62614446568753, 6.115942904468762], [-75.62631231594045, 6.116014683579331], [-75.62632688355056, 6.116020911774866], [-75.6263594626994, 6.116034843912305], [-75.62637396634864, 6.11604129120031], [-75.62637107914395, 6.116047100317236], [-75.62636617543073, 6.116055203845836], [-75.62636458237199, 6.116057836110785], [-75.6263348160236, 6.1161070240003195], [-75.62632844380086, 6.1161175557723375], [-75.62625511731358, 6.116235187600568], [-75.62623548692429, 6.116284585373289], [-75.62623098541634, 6.116322713319978], [-75.62623760731546, 6.1163424128354915], [-75.62624487552132, 6.116356852108181], [-75.62624630556017, 6.116359308663006], [-75.62625884983122, 6.1163808587370285], [-75.62630499043787, 6.116439491529894], [-75.6263672726455, 6.116481902539263], [-75.62643631869747, 6.1165055656028215], [-75.62645624830714, 6.116510973795535], [-75.6264891598429, 6.116519905764599], [-75.62656415563227, 6.116538445348835], [-75.62660430423422, 6.11654563504559], [-75.62662039188544, 6.116548517113685], [-75.62664274024586, 6.116554284126256], [-75.62667919831156, 6.116563691438788], [-75.62677270966768, 6.116600663573279], [-75.62676080934698, 6.1166286733682105], [-75.62675181823958, 6.116649833370084], [-75.62675001179964, 6.116654084034219], [-75.62672472081061, 6.116713608705651], [-75.6265712153362, 6.116812947884457], [-75.6264694304075, 6.116857335048065], [-75.62645854588935, 6.1168619809016676], [-75.62645554533105, 6.116852716361616], [-75.62639955822875, 6.116868518332539], [-75.62641055986082, 6.116904314809488], [-75.62642138528334, 6.1169395389768], [-75.6264482470491, 6.117048327195998], [-75.62645083678532, 6.117058914570081], [-75.6264512966659, 6.117060793658476], [-75.62649806506813, 6.117252018359801], [-75.62650561587357, 6.117282889244839], [-75.62650696880829, 6.117288420865594], [-75.62650691589157, 6.117294045250481], [-75.62650535796874, 6.117457364979259], [-75.6265061396641, 6.117480381105852], [-75.62651145896821, 6.117637069388299], [-75.62651407541158, 6.117714147159194], [-75.62648767126754, 6.117801150623435], [-75.62645820573806, 6.117898245667409], [-75.6263885713161, 6.1181277046997256], [-75.62636975046514, 6.118189725474006], [-75.62643052671778, 6.118188752731501], [-75.62646344275313, 6.118188227317279], [-75.62647177238794, 6.118190113095649]]]}, "properties": {"OBJECTID": 28, "NOM_BARRIO": "SAGRADA FAMILIA", "BARRIO": "039", "PK_BARRIO": "3801001039", "MUNICIPIO": "380", "SECTOR": "1", "CORREGIMIENTO": "001", "CREATED_US": " ", "CREATED_DA": null, "LAST_EDITE": " ", "LAST_EDI_1": null, "SE_ANNO_CAD_DATA": null, "SHAPE.AREA": 0, "SHAPE.LEN": 0, "nombre_barrio_estandarizado": "SAGRADA FAMILIA", "municipio_estandarizado": "la-estrella"}}, {"type": "Feature", "geometry": {"type": "Polygon", "coordinates": [[[-75.6350457458593, 6.123368080961324], [-75.63507223523084, 6.123371719776151], [-75.63510249398844, 6.1233761473825465], [-75.63510444671716, 6.123376141403206], [-75.63516233458483, 6.123371661254103], [-75.63522055853996, 6.1233672002406605], [-75.63522756414136, 6.123366881038898], [-75.6352278797837, 6.1233723064914525], [-75.63523586272957, 6.12337163171588], [-75.63527296691151, 6.123368496756107], [-75.63523833711058, 6.123273028538263], [-75.63523023314487, 6.123250687734915], [-75.63522291750982, 6.123230520006291], [-75.63519087109265, 6.1231396867967725], [-75.63518889052244, 6.123113575852232], [-75.63516410987455, 6.123066809137744], [-75.63511592219474, 6.122990915076357], [-75.63506401527759, 6.122890383158413], [-75.63503984997095, 6.122830586063132], [-75.63500979754852, 6.122829180565114], [-75.63501164591113, 6.1228193128318305], [-75.63499970392402, 6.122818095893529], [-75.63500215068949, 6.122772963702076], [-75.63499419283873, 6.122756285131051], [-75.63495958670273, 6.1226562232674375], [-75.63495418972379, 6.122455965906849], [-75.63495339728382, 6.12242882573454], [-75.63497571912676, 6.122437061343771], [-75.63501743790343, 6.1224722589299985], [-75.63519493190176, 6.122622015832308], [-75.63526045958164, 6.122677301886997], [-75.6353182076745, 6.1226966395990665], [-75.63538766360416, 6.122705549431564], [-75.63543974330622, 6.122707065448647], [-75.63548750051406, 6.122715640718694], [-75.6355393849362, 6.122729640785221], [-75.63561839495698, 6.122754174406977], [-75.63567159846006, 6.122768436477474], [-75.63571860535109, 6.122772460815291], [-75.63573565154438, 6.122771495592959], [-75.63578788360519, 6.122755279726765], [-75.63578561325528, 6.122731965537091], [-75.63578145878088, 6.122689315783537], [-75.63577329054914, 6.122605450308264], [-75.63575703119774, 6.122438519961291], [-75.63574679624043, 6.12233344029769], [-75.63569141014027, 6.122221119592759], [-75.63560179073045, 6.122078116440069], [-75.63558057033649, 6.122045288038834], [-75.63555729580285, 6.1220092820544], [-75.63552755756982, 6.12193767385549], [-75.63540920451648, 6.121955683625601], [-75.63537463192529, 6.12196116748946], [-75.63534635797974, 6.121965653072611], [-75.6352874624424, 6.121984900337006], [-75.6352523790617, 6.121996366985403], [-75.63524142435374, 6.1219999475005675], [-75.63524116644365, 6.122000031036122], [-75.63522370778679, 6.122015973824657], [-75.63519577468715, 6.121998611391452], [-75.63516966532248, 6.121982382713612], [-75.63513669453665, 6.121933800198765], [-75.63510922979934, 6.12189332978003], [-75.6350928708647, 6.121869223227672], [-75.63507810025337, 6.121838212787522], [-75.63511040784144, 6.121836281231011], [-75.63515653708039, 6.121825087594783], [-75.63518697222683, 6.121813010958478], [-75.6352036629158, 6.12180567758537], [-75.63523768959543, 6.121790725604708], [-75.63529209653092, 6.121765664772891], [-75.63533914972551, 6.121754467489709], [-75.63537607540276, 6.121753448920873], [-75.63538900387523, 6.121755259493847], [-75.63541396225583, 6.12176719597144], [-75.63541803904083, 6.121757183493249], [-75.63542026038675, 6.121751727495184], [-75.63542981824388, 6.121722266413627], [-75.63543897039358, 6.121694061240882], [-75.63544359985079, 6.121679793403472], [-75.63547127157568, 6.121594505121267], [-75.63545981401197, 6.121418558545773], [-75.63536997323592, 6.121420624504388], [-75.63526501198736, 6.121416664210323], [-75.63522707892753, 6.121402329732326], [-75.63519273856504, 6.121381672766235], [-75.63516829914029, 6.121351968258457], [-75.6351447272889, 6.121308731301767], [-75.63498816890126, 6.121002077645546], [-75.6351262812856, 6.1210098285941], [-75.63513947619613, 6.120788184151032], [-75.63525597763645, 6.120806133134815], [-75.63525160622932, 6.120816847695186], [-75.63525878216562, 6.120815906588986], [-75.63543790076294, 6.120801446983016], [-75.63556354715053, 6.12079340930019], [-75.63571349036332, 6.120797424325892], [-75.63582924108303, 6.12080043113878], [-75.63600566849935, 6.1208214313956155], [-75.63610561838733, 6.1208266484335345], [-75.63625640790738, 6.120842642297931], [-75.63632201714785, 6.120851078301487], [-75.63635955363017, 6.12086191056559], [-75.6363916021493, 6.120878995069464], [-75.63643696024802, 6.120899174712566], [-75.63653299142287, 6.120928029167681], [-75.63670653388638, 6.120951225713118], [-75.63681381491455, 6.120966708194362], [-75.6368374698677, 6.120964274851127], [-75.63686659758112, 6.120948441936364], [-75.63687952402567, 6.120939167963344], [-75.63688406786775, 6.120934888469424], [-75.63689963583626, 6.1209065767375535], [-75.63691335636163, 6.12085665017574], [-75.63695674701708, 6.120706861345843], [-75.63699317818478, 6.120627166786798], [-75.63701297555406, 6.1205881095549035], [-75.63704592215383, 6.120552236837297], [-75.63708775107928, 6.120514552143148], [-75.63712336007596, 6.120496666824161], [-75.63713182682721, 6.120495386661718], [-75.63713515455005, 6.120494157073042], [-75.63714572507847, 6.12049328514334], [-75.63715540394902, 6.1204918227332294], [-75.6371581500587, 6.120492261258441], [-75.63717464416465, 6.120490900954956], [-75.63716334289829, 6.12054349340585], [-75.63723828317049, 6.120538495404091], [-75.63731046611092, 6.120554334769513], [-75.63734032104591, 6.120563204069833], [-75.6373621745123, 6.1205696979927895], [-75.63736394376954, 6.120570222683081], [-75.63737911224348, 6.120577755672435], [-75.63740174317195, 6.120588993826761], [-75.63741255783621, 6.120593330714416], [-75.63744344989696, 6.120603168567498], [-75.63746153698784, 6.120608929737911], [-75.63748162601064, 6.12061532745936], [-75.63750722836771, 6.12061530917469], [-75.63777207898497, 6.120615123542662], [-75.6378556384266, 6.12061506437227], [-75.63791507316414, 6.120615022556891], [-75.63793745557386, 6.120615006523338], [-75.63799068797873, 6.12061496988325], [-75.63803966987697, 6.12061493515356], [-75.63806447754095, 6.120564708191743], [-75.63813213215542, 6.120432307868875], [-75.63814768741162, 6.1203960866933835], [-75.63818534103957, 6.120390680671121], [-75.63818882497642, 6.12039017987462], [-75.63819322754208, 6.120316267789274], [-75.6381966814124, 6.120273757001754], [-75.63820981583099, 6.120111984707767], [-75.63821076769953, 6.120037614062724], [-75.63820968485133, 6.119988866869123], [-75.63820947169114, 6.119979296776447], [-75.6382001547231, 6.119918678352271], [-75.63818287497013, 6.119877549641017], [-75.63816030641271, 6.11984864704084], [-75.6381520779341, 6.119838109249689], [-75.63812495064037, 6.119805477267454], [-75.6381203281545, 6.11978912680674], [-75.63812062902973, 6.119778105903225], [-75.63812240600775, 6.119770634261544], [-75.63812594084702, 6.119767071210962], [-75.63813646478569, 6.119767201181121], [-75.63813824797784, 6.119767805357251], [-75.6381473240914, 6.119770884213364], [-75.63817790156155, 6.119788775928221], [-75.63819145879391, 6.11979596333919], [-75.63819543513341, 6.11979807100967], [-75.63820887735505, 6.119805196606299], [-75.63822556332944, 6.119814044734618], [-75.6382905812901, 6.119847247989943], [-75.63836919803762, 6.119888374327839], [-75.6384503655603, 6.119946818674738], [-75.63851656771773, 6.1199945721163465], [-75.63857970647973, 6.120038151259324], [-75.63864407826885, 6.120099789882362], [-75.63864787354706, 6.120102915490194], [-75.63866771234522, 6.120112255262126], [-75.63869079229246, 6.1201126670055075], [-75.63869362784274, 6.120112559039371], [-75.63871853052531, 6.120109486663736], [-75.6387447499943, 6.120104923367155], [-75.63878763051805, 6.12009548216253], [-75.63879355959847, 6.120090781795745], [-75.63879658172459, 6.120096850258658], [-75.63879734343145, 6.120098383390825], [-75.63880657216654, 6.12011764752277], [-75.63878517947354, 6.1201553321265925], [-75.6388016739356, 6.120210166379908], [-75.63880572847967, 6.120254144554583], [-75.63881029758282, 6.120305242273328], [-75.63877716184214, 6.120300160875834], [-75.63877959606192, 6.120337338649138], [-75.63878353325525, 6.1203975197160165], [-75.6387885803129, 6.120479924009518], [-75.63878627502352, 6.12062722615791], [-75.638827636877, 6.120626348294723], [-75.63883089537696, 6.120637696126437], [-75.63884293062216, 6.120637319608237], [-75.63885075325956, 6.120637304635905], [-75.63885978708257, 6.1206372855140145], [-75.63886880193851, 6.120637266485281], [-75.63886733221051, 6.12058700242535], [-75.6388776063539, 6.120486764601705], [-75.63888825710004, 6.120487885665765], [-75.63890118540651, 6.120444417920801], [-75.63890490573736, 6.120431909321593], [-75.63890703735748, 6.120424743312444], [-75.63891264760889, 6.120405878110181], [-75.63891373163472, 6.120402233992929], [-75.63891491026467, 6.12039964624017], [-75.63891623544643, 6.120396737734264], [-75.63895250406804, 6.120317120816859], [-75.63895563495045, 6.120317929002935], [-75.6389691967463, 6.1202671724375755], [-75.63898352788334, 6.120271199083564], [-75.6389945867302, 6.120230713944021], [-75.63899619531688, 6.120224820692574], [-75.63898615808792, 6.120221723078445], [-75.63901183780943, 6.120134450352671], [-75.63903661584962, 6.120054480426995], [-75.63894157029712, 6.1200011544624], [-75.63883054639368, 6.120028848112803], [-75.63880402415079, 6.120018282784954], [-75.63872371741793, 6.120005113432323], [-75.63868109427497, 6.1199827155681445], [-75.63866516482464, 6.11997434649968], [-75.6386426375581, 6.119962508506405], [-75.63864764717562, 6.119955416940548], [-75.63866230913867, 6.119948640428534], [-75.63873416628216, 6.119915432195008], [-75.63878040238006, 6.119894064590844], [-75.63889521114761, 6.119850636410022], [-75.63888557602772, 6.1197886978788825], [-75.63887569006506, 6.1197251531862555], [-75.63882943323715, 6.119463168431917], [-75.63872843861509, 6.119490118387147], [-75.63869154179504, 6.11956099895615], [-75.6386028048722, 6.119619287954725], [-75.63859895777213, 6.119592722487903], [-75.63855655822394, 6.119562689730861], [-75.63851746498455, 6.119519889136881], [-75.63847691336565, 6.119475492834172], [-75.6384433258556, 6.119449940579568], [-75.63841542360174, 6.119418223700172], [-75.63838420837133, 6.1193441766682595], [-75.63829247023143, 6.119355386780879], [-75.63826474598851, 6.119358651996735], [-75.63822818894349, 6.119362956897807], [-75.63822597555207, 6.119363217296958], [-75.63818102621518, 6.1193685099931345], [-75.63818021108831, 6.119373391332018], [-75.63816921399149, 6.119371260318485], [-75.63816228290274, 6.119367239745958], [-75.6381917759505, 6.119344161794348], [-75.63827049546626, 6.119242998890725], [-75.63818444565318, 6.119218115881048], [-75.63815357237517, 6.119218160083418], [-75.6381536507693, 6.119225668709127], [-75.63815369411509, 6.119229900338173], [-75.6381452366965, 6.11922829112849], [-75.63809320117788, 6.119218386368734], [-75.63809255645845, 6.119221734510909], [-75.63809104496596, 6.119229562849305], [-75.6380631525042, 6.119219898299953], [-75.6380456501602, 6.119213833210283], [-75.63801534111566, 6.119203330734016], [-75.63798622996345, 6.1191932445565085], [-75.63798174280905, 6.1191895609277545], [-75.63800193150207, 6.119153147931646], [-75.63788996024022, 6.1191357593689135], [-75.6376873882933, 6.119022322673076], [-75.63760678985086, 6.118978021844562], [-75.63758609615074, 6.118953295712755], [-75.63755501995, 6.118953032591457], [-75.63753370029062, 6.118938792862443], [-75.63751402579753, 6.118924639067174], [-75.63756267965793, 6.118791301610942], [-75.63755987435377, 6.118486786247035], [-75.63744875731382, 6.118282251051541], [-75.63761959626544, 6.118203418435978], [-75.63749206211271, 6.117775231236037], [-75.63746446723184, 6.117682584477289], [-75.63745478196996, 6.117646823665414], [-75.63742332806135, 6.11760562891247], [-75.63739880144463, 6.117583523427849], [-75.63736587385672, 6.1175644986265745], [-75.63734291882156, 6.117557678278486], [-75.63729319447727, 6.117548635319073], [-75.63722511602161, 6.117538110394954], [-75.6371868707912, 6.117531329905532], [-75.63705959065663, 6.1174999781796044], [-75.63697556713987, 6.117463146025451], [-75.63696121338917, 6.117457070826526], [-75.6369655578492, 6.11743865844509], [-75.6369926717627, 6.1173122280001015], [-75.63698252162028, 6.11724612057245], [-75.63696823639272, 6.117153076568424], [-75.63694655807846, 6.117011882242011], [-75.6369182296525, 6.11673053353778], [-75.63699665688816, 6.11659828121275], [-75.63690080683634, 6.1165278936838865], [-75.63685561797804, 6.116462373301311], [-75.63678978038438, 6.116390656731776], [-75.63677735514868, 6.116377977014966], [-75.63672862517797, 6.116298704451081], [-75.63669205620172, 6.116263144334214], [-75.63666932755142, 6.116249429453826], [-75.63663202078595, 6.116240611070089], [-75.63661175546976, 6.116239853557998], [-75.6365785141655, 6.116233457941184], [-75.63653552145762, 6.116219794655481], [-75.63650390192663, 6.116216637504591], [-75.63648201446523, 6.116215882528992], [-75.63644955371375, 6.116199758226404], [-75.63640572558715, 6.116177996048582], [-75.6363948608595, 6.116163792565356], [-75.6363800865403, 6.116142296340195], [-75.63635848003686, 6.1161172292244945], [-75.63633328428755, 6.1160918117843766], [-75.63631027803852, 6.116078951666129], [-75.63627745532452, 6.1160486807730186], [-75.63625265087029, 6.116012984186444], [-75.63621631809758, 6.115955948097276], [-75.63599717937267, 6.116028853396431], [-75.63588176136041, 6.116080622645288], [-75.63582011678913, 6.116132252637672], [-75.63575851563465, 6.11620103944527], [-75.63572091247346, 6.116259469183391], [-75.63551536022867, 6.116824473508098], [-75.63539412780656, 6.1171921124329245], [-75.6353299146763, 6.117331724412323], [-75.63520115911953, 6.11748441391653], [-75.63511932613822, 6.117540714811404], [-75.6349440048986, 6.1176414765180995], [-75.63474134724649, 6.117753707351777], [-75.63463069743258, 6.117854100919882], [-75.63455042129469, 6.117948899398507], [-75.63448727067454, 6.117918663359278], [-75.63449192270438, 6.117891849929262], [-75.63451401108789, 6.117764541780506], [-75.63452066326336, 6.117726203658601], [-75.6345030549185, 6.11771637537832], [-75.63449787167951, 6.117713482548295], [-75.63431094821415, 6.117873927646019], [-75.63412219330733, 6.117986329673452], [-75.63406874494557, 6.118015275670492], [-75.63403832155262, 6.118031753923566], [-75.63398232446313, 6.118070501473503], [-75.63391590764488, 6.118130764103415], [-75.63378002299741, 6.118270113988945], [-75.6337511480041, 6.11829919703522], [-75.63370460598594, 6.118447354198766], [-75.6336796013616, 6.118522375625949], [-75.6336770073852, 6.118713227848724], [-75.63377803769937, 6.119288974233739], [-75.63376283119842, 6.119627636290359], [-75.63375879550237, 6.11970263888848], [-75.63377051211539, 6.119989876626422], [-75.63373430943658, 6.119970137215301], [-75.63373703984442, 6.1200331812821345], [-75.63373635424145, 6.120080359771165], [-75.63376653911418, 6.120082279161703], [-75.63377216065746, 6.120082635787669], [-75.63377431857826, 6.120192714040359], [-75.63377583621977, 6.120270183650385], [-75.63377529074619, 6.120358676521486], [-75.63376933661739, 6.120358463465276], [-75.63376418197339, 6.120358279030068], [-75.63375968947386, 6.120700221725461], [-75.633757123812, 6.120870423486506], [-75.63375684352675, 6.120888980482739], [-75.63375581053971, 6.120956314655855], [-75.63375401956415, 6.121072820197432], [-75.63377492893866, 6.121175650829904], [-75.63374573361068, 6.121174957019319], [-75.63372479463935, 6.121174460436827], [-75.63370464697189, 6.121173981665732], [-75.63370508227419, 6.12121212409899], [-75.63370524218753, 6.121226140604983], [-75.63370528274471, 6.121229624613524], [-75.63370418007078, 6.121304853293292], [-75.63370376049116, 6.121333505593311], [-75.63369941434608, 6.1214776577721715], [-75.63370211148239, 6.121607616142721], [-75.63369757255728, 6.121678516831019], [-75.63369787085836, 6.12179430243886], [-75.63370420711273, 6.121968678790622], [-75.63370516447807, 6.121995022618643], [-75.63367773243696, 6.121991800578498], [-75.63365394607422, 6.12198900723671], [-75.63361385900325, 6.1219842995972735], [-75.63353007985566, 6.121974461736346], [-75.6334279898182, 6.121960760351521], [-75.63333359003302, 6.122217126009064], [-75.63333024665388, 6.122293680198789], [-75.63336528192102, 6.122393458137106], [-75.63339761317032, 6.12248553599022], [-75.63340876276015, 6.122517288433309], [-75.63341865193277, 6.122545451657908], [-75.63341816168624, 6.122571845993861], [-75.6334456397644, 6.122769474695416], [-75.63347566763707, 6.122924711720068], [-75.63348571474148, 6.122925387431435], [-75.63349797094236, 6.12292621140747], [-75.63349556176259, 6.122955634691232], [-75.63349495417167, 6.1229630617321185], [-75.63349740561381, 6.122975245326358], [-75.63349853413746, 6.122980855742202], [-75.6335117801656, 6.12304670587265], [-75.63351144891574, 6.123119354230838], [-75.6335145547908, 6.123179364270372], [-75.63355937136383, 6.123189814683154], [-75.63354870512482, 6.123248015546319], [-75.63354824679416, 6.123250513878601], [-75.63353242649083, 6.123336846057989], [-75.63358119263133, 6.123345960770512], [-75.63358323758769, 6.123346343085228], [-75.63363318984004, 6.1233556797877515], [-75.633667351089, 6.123362064567726], [-75.63370170903201, 6.123371354898859], [-75.63374248970075, 6.12320817886863], [-75.63376271975538, 6.123212366516923], [-75.6337673211378, 6.12321318197223], [-75.6337687711603, 6.1232134388332415], [-75.63385777669848, 6.1232292076859265], [-75.63409332672926, 6.123270938839897], [-75.63438547832246, 6.12332418423846], [-75.63452800629241, 6.123357165298763], [-75.63460022643845, 6.12337128250579], [-75.63463076078096, 6.123372414432013], [-75.63465980084342, 6.123372552915729], [-75.63468185885868, 6.123370999872109], [-75.63471758056224, 6.123368484687022], [-75.63476743545965, 6.123364973409372], [-75.63476757558891, 6.123354686452291], [-75.63480276429729, 6.123354914957139], [-75.63480202927961, 6.123343721922982], [-75.63483552936442, 6.12334421547261], [-75.63484210905118, 6.123344899150691], [-75.63486841514892, 6.123347633020258], [-75.6348777447307, 6.123348602426533], [-75.63490483310721, 6.123351355051659], [-75.63491351495941, 6.123352299614391], [-75.63498624838681, 6.123360209756543], [-75.6350457458593, 6.123368080961324]]]}, "properties": {"OBJECTID": 29, "NOM_BARRIO": "BARRIOS UNIDOS", "BARRIO": "035", "PK_BARRIO": "3801001035", "MUNICIPIO": "380", "SECTOR": "1", "CORREGIMIENTO": "001", "CREATED_US": " ", "CREATED_DA": null, "LAST_EDITE": " ", "LAST_EDI_1": null, "SE_ANNO_CAD_DATA": null, "SHAPE.AREA": 0, "SHAPE.LEN": 0, "nombre_barrio_estandarizado": "BARRIOS UNIDOS", "municipio_estandarizado": "la-estrella"}}, {"type": "Feature", "geometry": {"type": "Polygon", "coordinates": [[[-75.63330605328137, 6.1299790420938125], [-75.63334003584792, 6.130288708262781], [-75.63338803702159, 6.130962851780248], [-75.63342234788139, 6.131448644134359], [-75.63351104083283, 6.132603049086627], [-75.63353045989255, 6.1328187538233845], [-75.63355611016928, 6.132922553581362], [-75.63358862440306, 6.132998625823387], [-75.6336280168858, 6.133056505488814], [-75.63363723679683, 6.133070053425572], [-75.63365616006453, 6.133088178749428], [-75.63371473766244, 6.133144294252603], [-75.63376852503734, 6.133086469748338], [-75.63384086178442, 6.133008704689126], [-75.63385454711326, 6.13300474091601], [-75.63407637606258, 6.132940498201984], [-75.63411179934765, 6.132930240170096], [-75.63431063992793, 6.1328935781972875], [-75.63433507559161, 6.132889071528792], [-75.63439773784701, 6.132883253952931], [-75.63453674100529, 6.1328703463800975], [-75.63458104794607, 6.132866231921937], [-75.6345910593537, 6.132865303021859], [-75.63460349355849, 6.1328614972697], [-75.63474958081255, 6.1328167892303735], [-75.63478326597983, 6.132806479144291], [-75.6348727892978, 6.132767524335141], [-75.63497873983768, 6.132721422633931], [-75.6349816753922, 6.132720144328045], [-75.63498324673033, 6.132719901542757], [-75.63502288930607, 6.13271375781819], [-75.63508484645547, 6.132704156584443], [-75.63515070169096, 6.132693949433134], [-75.63529959414625, 6.13268010976594], [-75.63554950565297, 6.132665822567703], [-75.63572986536316, 6.132659247424654], [-75.6357838825936, 6.1326572764918685], [-75.63591689431863, 6.13264730098887], [-75.63597711598533, 6.132642784433323], [-75.63616066397523, 6.1326185527723585], [-75.63616616561416, 6.132617826857839], [-75.6361669553255, 6.132613290074904], [-75.6361699160409, 6.132577249199005], [-75.63616475867423, 6.132544001114953], [-75.63615091739706, 6.132466594178738], [-75.63611298633295, 6.132258934015651], [-75.63610815040327, 6.132227497865299], [-75.63610643826092, 6.132218569782032], [-75.63610240098377, 6.132190113961275], [-75.63609256853759, 6.132126175673082], [-75.63608598063465, 6.13207163797327], [-75.63608882188886, 6.132028009107518], [-75.63609448939262, 6.13198144625529], [-75.636094597991, 6.131980937645865], [-75.63609460221389, 6.131980877957926], [-75.63609462450097, 6.131980818181066], [-75.63610170819123, 6.131947473672237], [-75.63612282992563, 6.131902918576468], [-75.63618097094957, 6.131838027315188], [-75.63621863042391, 6.131792650396448], [-75.63625831660804, 6.131748164836304], [-75.63628005319006, 6.131718266752328], [-75.63629695910838, 6.131675097524431], [-75.6362993640349, 6.131643955710512], [-75.63629220574337, 6.1316196548909], [-75.63627894990525, 6.131588954500113], [-75.63622816227549, 6.131517665405913], [-75.63618422135086, 6.131465534627841], [-75.63615303460517, 6.131414434057305], [-75.6361386708646, 6.131377553616093], [-75.63613184916817, 6.131336457542124], [-75.63613248505304, 6.131283330759423], [-75.63617035123875, 6.131039016238268], [-75.63622089794531, 6.130900792594259], [-75.6363003225846, 6.130695441410918], [-75.63632601381379, 6.130611192425479], [-75.63634100079393, 6.130562226862232], [-75.63634669289328, 6.130537029257025], [-75.63634733474852, 6.1305068092109245], [-75.63634375533647, 6.1304741021132365], [-75.63632701863179, 6.130416401381041], [-75.63630972073064, 6.130362133365437], [-75.63629001996163, 6.13030431432191], [-75.63628525605947, 6.1301856706652575], [-75.63629619360005, 6.130072849548835], [-75.63631005831263, 6.129940866299047], [-75.63632957925485, 6.129829886075368], [-75.63637037069388, 6.1296943439762], [-75.6363976132109, 6.1296263647524265], [-75.63643546535248, 6.129563965533411], [-75.63651395909145, 6.12949733153958], [-75.63655225816032, 6.129457516844436], [-75.636550264421, 6.129442375724717], [-75.63654913949647, 6.129433835300079], [-75.63652069347641, 6.129448591029715], [-75.6363913567969, 6.129514805331388], [-75.63621313265136, 6.129583735470051], [-75.63618179291028, 6.129602034830964], [-75.63617360623404, 6.1296145762885645], [-75.63615300774768, 6.129646129471769], [-75.63613032392227, 6.129671106928687], [-75.63609824476474, 6.129671453729153], [-75.636095525557, 6.129674663822722], [-75.63605620839057, 6.129721077640411], [-75.63598254255764, 6.129749330000728], [-75.63590997779687, 6.129732720790103], [-75.63591047782525, 6.129720510066475], [-75.63590108510351, 6.129673237509485], [-75.63588117919932, 6.12961170017636], [-75.6358675110376, 6.129594492879064], [-75.63573175763273, 6.129457291665644], [-75.63565840089451, 6.129279952869335], [-75.63562864143839, 6.129192052216609], [-75.63562213963209, 6.129172846961537], [-75.6355868543118, 6.1290994906907255], [-75.63553968036423, 6.129003987663677], [-75.63549284425655, 6.1289222832598105], [-75.63546692156397, 6.128870026600574], [-75.63545380786239, 6.128843588930522], [-75.63545064104551, 6.128830691082045], [-75.63543275816211, 6.128757865742089], [-75.63541792040148, 6.128697434388396], [-75.63541174187152, 6.128677289132487], [-75.63540414241105, 6.128652513097451], [-75.63539995851369, 6.12863886898612], [-75.63537149898042, 6.1286056206537225], [-75.63532195924175, 6.128538930380887], [-75.63531448987186, 6.128528876130108], [-75.63530414071, 6.12849741823234], [-75.63530002129603, 6.128498011659684], [-75.63525260488905, 6.128503039036005], [-75.63500233135476, 6.128485707054285], [-75.63480441045449, 6.128474777640267], [-75.63458030663229, 6.128457377333376], [-75.63430163210235, 6.128429406576652], [-75.6338805879059, 6.1283886968190995], [-75.63358100547745, 6.1283598258384355], [-75.63326960128501, 6.128336606129503], [-75.63271905117898, 6.1282925928703], [-75.6327201301344, 6.128301534954334], [-75.63279986105893, 6.128527178350501], [-75.63285853804948, 6.1286464334816], [-75.63299029539617, 6.128929025807363], [-75.6331810665638, 6.1294359012193205], [-75.63324696871243, 6.129678305640147], [-75.63330605328137, 6.1299790420938125]]]}, "properties": {"OBJECTID": 30, "NOM_BARRIO": "SIERRA MORENA", "BARRIO": "033", "PK_BARRIO": "3801001033", "MUNICIPIO": "380", "SECTOR": "1", "CORREGIMIENTO": "001", "CREATED_US": " ", "CREATED_DA": null, "LAST_EDITE": " ", "LAST_EDI_1": null, "SE_ANNO_CAD_DATA": null, "SHAPE.AREA": 0, "SHAPE.LEN": 0, "nombre_barrio_estandarizado": "SIERRA MORENA", "municipio_estandarizado": "la-estrella"}}, {"type": "Feature", "geometry": {"type": "Polygon", "coordinates": [[[-75.63432445390252, 6.12537433423328], [-75.6343316593123, 6.125576784143026], [-75.63433872660875, 6.125725845200721], [-75.63433900936924, 6.125834859483066], [-75.63432342413778, 6.125889705182096], [-75.6342910373982, 6.125973694113165], [-75.63424460586758, 6.12604062847246], [-75.6341097878407, 6.126143523616222], [-75.63394548278328, 6.126265135535667], [-75.63383856141556, 6.1263648595802005], [-75.63375609276537, 6.1264765044997525], [-75.63370847756917, 6.12658019971468], [-75.63365492127829, 6.12677198488794], [-75.63360001196062, 6.127045717068227], [-75.63355097876972, 6.1272067025698975], [-75.63352755804456, 6.1272600878843555], [-75.63349484347948, 6.127303971200767], [-75.63343477396096, 6.12736298712418], [-75.63335965380611, 6.127411105454626], [-75.63317370284399, 6.127456753356309], [-75.63301917613951, 6.1274913819376815], [-75.63293199188693, 6.127534973259497], [-75.63286235303535, 6.1275894788543015], [-75.63276953691211, 6.127692517436882], [-75.63272713184713, 6.1277838006969], [-75.63269649119364, 6.12793712808688], [-75.63269685775998, 6.128078730392293], [-75.63271477210851, 6.12825713534671], [-75.63271905117898, 6.1282925928703], [-75.63326960128501, 6.128336606129503], [-75.63358100547745, 6.1283598258384355], [-75.6338805879059, 6.1283886968190995], [-75.63430163210235, 6.128429406576652], [-75.63458030663229, 6.128457377333376], [-75.63480441045449, 6.128474777640267], [-75.63500233135476, 6.128485707054285], [-75.63525260488905, 6.128503039036005], [-75.63530002129603, 6.128498011659684], [-75.63530414071, 6.12849741823234], [-75.63530300466718, 6.128493966738701], [-75.63529347714585, 6.128443130137646], [-75.6352924448059, 6.128437620519695], [-75.63529265912668, 6.128430129424544], [-75.63529370882326, 6.128393362941468], [-75.6352958940068, 6.128316882355604], [-75.63532432827158, 6.128118134831183], [-75.63534924925148, 6.127972796784534], [-75.63536780734199, 6.1278619333729205], [-75.6353684689953, 6.127857985755904], [-75.63540050411095, 6.127807655332618], [-75.63541880503108, 6.127778904284508], [-75.63544662243736, 6.127734167158606], [-75.63545523622378, 6.1277203118417995], [-75.63547797483714, 6.1276787123323615], [-75.63548942246976, 6.127657768900966], [-75.63549702770692, 6.127629266633978], [-75.63550113942459, 6.127613859510755], [-75.63550893308603, 6.1275919097633516], [-75.63547522092908, 6.127563721892032], [-75.63545804900811, 6.1275225464809315], [-75.6354571834301, 6.127520279768354], [-75.63544015375555, 6.1274756972018025], [-75.63542796873008, 6.127421310813885], [-75.63542073716314, 6.127389039305051], [-75.63542779438767, 6.127313848349188], [-75.63545655195914, 6.127113424063741], [-75.6354612092497, 6.1269754696044885], [-75.63545773531712, 6.126854728431611], [-75.63544165534834, 6.1267721295686215], [-75.63540156658175, 6.126640350998848], [-75.63533872817345, 6.126501541387236], [-75.63536054544656, 6.126494529897343], [-75.63538979265634, 6.12648513044468], [-75.63543385645578, 6.126470969743324], [-75.6354563191373, 6.126460565799888], [-75.63547743095356, 6.126450786867189], [-75.63555554956453, 6.126393869898126], [-75.63562958926072, 6.126366960261112], [-75.63569474357801, 6.126345128953966], [-75.63572971935243, 6.12633340774897], [-75.63585660583482, 6.126290888384154], [-75.63585665182707, 6.126290873693221], [-75.63591995357972, 6.126268669064258], [-75.6359275498051, 6.1262655660812335], [-75.63593065157299, 6.126264298721051], [-75.63602023057422, 6.126227702597452], [-75.63603110705273, 6.126223260859415], [-75.63601113824414, 6.126175714832424], [-75.63600198560032, 6.126143087550127], [-75.63603850696681, 6.126116872268281], [-75.63608748483064, 6.126078546575324], [-75.6361231962099, 6.126072246025121], [-75.6362586417783, 6.125974955266324], [-75.63629563341426, 6.125945738937689], [-75.63640768089867, 6.125863338996376], [-75.63650634650571, 6.125780078215228], [-75.63660399078154, 6.125705513965216], [-75.63654809156944, 6.125560221875998], [-75.63651146264951, 6.125454677275965], [-75.63648397648915, 6.125351409296816], [-75.63639077663916, 6.125004541561417], [-75.63631674357273, 6.125030544416559], [-75.63625034448908, 6.125048813566265], [-75.63606024494895, 6.125100230361811], [-75.63578740988568, 6.125173644366453], [-75.63575067527297, 6.1251830887566845], [-75.63566926823015, 6.125200259087153], [-75.63558205259791, 6.125214491781594], [-75.63545334391374, 6.125242537086837], [-75.63535407207193, 6.125255852645924], [-75.63533519994368, 6.1252583845412705], [-75.63532559569417, 6.125228872081325], [-75.63529775083724, 6.125183701666133], [-75.63523412664614, 6.125147727720146], [-75.63518805219019, 6.12513203209654], [-75.6351339667462, 6.125126396319437], [-75.63507392354221, 6.125124051627778], [-75.63499027558186, 6.125144358171264], [-75.63490845151769, 6.125168040498537], [-75.63485007270087, 6.125168777641694], [-75.63480935145998, 6.125165750324973], [-75.63478153430258, 6.125133399139675], [-75.63477107847375, 6.125069298315103], [-75.63476467598989, 6.125004212044517], [-75.63475692875367, 6.124950201556392], [-75.63475495896239, 6.124918007207582], [-75.63475475764, 6.124840141562366], [-75.6347428371075, 6.12475474221064], [-75.63471564535013, 6.124623211058753], [-75.63461502327388, 6.124217965621574], [-75.63459146865296, 6.124194486585297], [-75.63457043078617, 6.124192079412527], [-75.63454322389131, 6.124203293119917], [-75.63450003462272, 6.124250440846053], [-75.63441138746123, 6.124420302447157], [-75.63435729902444, 6.124566535081811], [-75.63434520102949, 6.124671824041827], [-75.63432445390252, 6.12537433423328]]]}, "properties": {"OBJECTID": 31, "NOM_BARRIO": "CALLE VIEJA", "BARRIO": "034", "PK_BARRIO": "3801001034", "MUNICIPIO": "380", "SECTOR": "1", "CORREGIMIENTO": "001", "CREATED_US": " ", "CREATED_DA": null, "LAST_EDITE": " ", "LAST_EDI_1": null, "SE_ANNO_CAD_DATA": null, "SHAPE.AREA": 0, "SHAPE.LEN": 0, "nombre_barrio_estandarizado": "CALLE VIEJA", "municipio_estandarizado": "la-estrella"}}, {"type": "Feature", "geometry": {"type": "Polygon", "coordinates": [[[-75.63333779621993, 6.1524782724465235], [-75.63285543333191, 6.152620966823851], [-75.63196065692915, 6.1528536081919984], [-75.6316261110579, 6.1529646822850985], [-75.63148748227825, 6.153010708464795], [-75.63121886520328, 6.153097602124631], [-75.63095758983667, 6.153182120713592], [-75.6306701551252, 6.153269850968509], [-75.63063053659603, 6.153281943567413], [-75.63044211178713, 6.153339501171895], [-75.63019149882169, 6.153416054673694], [-75.62971157224791, 6.1536170100733685], [-75.62961784185299, 6.1536609938965325], [-75.62932625503626, 6.153833402225679], [-75.62908966289726, 6.153984312382229], [-75.62900649427837, 6.15423361041772], [-75.6289416516291, 6.1543669123539955], [-75.62890394286092, 6.154489278994487], [-75.62887716189542, 6.154636067206626], [-75.6289073639474, 6.154760972336207], [-75.62901374674743, 6.1549345867009535], [-75.62913360980437, 6.155070126428698], [-75.62930234462334, 6.155197390043064], [-75.6304478779461, 6.155992306036041], [-75.63058483673998, 6.156054397137588], [-75.6307039317374, 6.156104254071921], [-75.63074557334909, 6.156120695003697], [-75.63097811954594, 6.15623449998828], [-75.6311330406826, 6.1562857070335655], [-75.63126667433963, 6.156320778663504], [-75.63132643660494, 6.156348958746954], [-75.63144902467805, 6.156399371393993], [-75.63161870795899, 6.156439176779587], [-75.63175237471064, 6.156477661787884], [-75.63187805512143, 6.15651861715012], [-75.63198219787884, 6.156561603470038], [-75.6321354089932, 6.156617720338548], [-75.63231324471232, 6.15666144315197], [-75.63244788836641, 6.156691029982761], [-75.63248073816322, 6.1566982485212645], [-75.6325044377936, 6.1567034555039175], [-75.63271736034552, 6.156738552125764], [-75.63308945774783, 6.156802324060801], [-75.63333344363556, 6.156828009593432], [-75.6333259127078, 6.156866799740616], [-75.63354449131172, 6.156869592606635], [-75.63367380293147, 6.1568764586305145], [-75.63392658740412, 6.156883235636958], [-75.63393781479927, 6.156883536389122], [-75.63398374943, 6.156861802236912], [-75.6339955453975, 6.156831221496991], [-75.63399619202049, 6.15682954762201], [-75.63410048192492, 6.156826880965077], [-75.63413491506051, 6.15667486331799], [-75.63417375920666, 6.156432031210118], [-75.63423586666764, 6.156016304306538], [-75.63423946043706, 6.155820534761751], [-75.63419718625177, 6.15559201382072], [-75.63423583904473, 6.15546280621142], [-75.63432082124775, 6.155284781767629], [-75.63450918817877, 6.154832216253913], [-75.6346369879707, 6.154531950191385], [-75.63482646812236, 6.154244266801096], [-75.63496724691413, 6.154068813752971], [-75.63505523771587, 6.154016515835398], [-75.6347607137761, 6.15362359902243], [-75.63452209515499, 6.153226586286193], [-75.63425725992819, 6.152976117858282], [-75.63385935892344, 6.152657241954335], [-75.6335854076048, 6.1524166819994806], [-75.63333779621993, 6.1524782724465235]]]}, "properties": {"OBJECTID": 32, "NOM_BARRIO": "SAN AGUSTIN", "BARRIO": "018", "PK_BARRIO": "3801001018", "MUNICIPIO": "380", "SECTOR": "1", "CORREGIMIENTO": "001", "CREATED_US": " ", "CREATED_DA": null, "LAST_EDITE": " ", "LAST_EDI_1": null, "SE_ANNO_CAD_DATA": null, "SHAPE.AREA": 0, "SHAPE.LEN": 0, "nombre_barrio_estandarizado": "SAN AGUSTIN", "municipio_estandarizado": "la-estrella"}}, {"type": "Feature", "geometry": {"type": "Polygon", "coordinates": [[[-75.6346369879707, 6.154531950191385], [-75.63450918817877, 6.154832216253913], [-75.63432082124775, 6.155284781767629], [-75.63423583904473, 6.15546280621142], [-75.63419718625177, 6.15559201382072], [-75.63423946043706, 6.155820534761751], [-75.63423586666764, 6.156016304306538], [-75.63417375920666, 6.156432031210118], [-75.63413491506051, 6.15667486331799], [-75.63410048192492, 6.156826880965077], [-75.6345505531042, 6.1568264562687025], [-75.63480490246732, 6.156838484884526], [-75.63508373964841, 6.15701352963024], [-75.63529386640704, 6.157142565842766], [-75.63547798189262, 6.157260486822666], [-75.63560903685591, 6.157326697135624], [-75.63561779842354, 6.157366205008666], [-75.63549541863695, 6.156755250557031], [-75.63539029493286, 6.156280431685773], [-75.63527898583105, 6.155793128531104], [-75.63521777249883, 6.1553823775820655], [-75.63529429017092, 6.1551165106496], [-75.63536968487739, 6.1549546590609205], [-75.63543616364561, 6.154817777919745], [-75.63556336360135, 6.15468725154835], [-75.63571872691844, 6.154630247837195], [-75.6360825073098, 6.15456007854267], [-75.63617363881878, 6.154494627324261], [-75.63625051452873, 6.154461700916381], [-75.63630178843722, 6.154379061785819], [-75.63613746735113, 6.154391695839001], [-75.6356877726098, 6.154401068318764], [-75.63548899888778, 6.1543966674299355], [-75.6353167516999, 6.154316644761002], [-75.6351569685988, 6.1541468065941904], [-75.63505523771587, 6.154016515835398], [-75.63496724691413, 6.154068813752971], [-75.63482646812236, 6.154244266801096], [-75.6346369879707, 6.154531950191385]]]}, "properties": {"OBJECTID": 33, "NOM_BARRIO": "MONTERREY", "BARRIO": "017", "PK_BARRIO": "3801001017", "MUNICIPIO": "380", "SECTOR": "1", "CORREGIMIENTO": "001", "CREATED_US": " ", "CREATED_DA": null, "LAST_EDITE": " ", "LAST_EDI_1": null, "SE_ANNO_CAD_DATA": null, "SHAPE.AREA": 0, "SHAPE.LEN": 0, "nombre_barrio_estandarizado": "MONTERREY", "municipio_estandarizado": "la-estrella"}}, {"type": "Feature", "geometry": {"type": "MultiPolygon", "coordinates": [[[[-75.63364829940356, 6.120012412389054], [-75.6336799976462, 6.120030469782856], [-75.63370674059107, 6.120032987377133], [-75.63373703984442, 6.1200331812821345], [-75.63373430943658, 6.119970137215301], [-75.63377051211539, 6.119989876626422], [-75.63375879550237, 6.11970263888848], [-75.63376283119842, 6.119627636290359], [-75.63377803769937, 6.119288974233739], [-75.6336770073852, 6.118713227848724], [-75.6336796013616, 6.118522375625949], [-75.63370460598594, 6.118447354198766], [-75.6337511480041, 6.11829919703522], [-75.63378002299741, 6.118270113988945], [-75.63391590764488, 6.118130764103415], [-75.63398232446313, 6.118070501473503], [-75.63403832155262, 6.118031753923566], [-75.63406874494557, 6.118015275670492], [-75.63412219330733, 6.117986329673452], [-75.63431094821415, 6.117873927646019], [-75.63449787167951, 6.117713482548295], [-75.63451372935306, 6.117702980121771], [-75.63454490841072, 6.117683310468938], [-75.63458682411138, 6.117652804616365], [-75.63462250012408, 6.117626843307408], [-75.63467753871126, 6.117586786850625], [-75.63474945589, 6.117534448302445], [-75.63481158467859, 6.117489237407013], [-75.63478893090911, 6.117452103594486], [-75.63475730712585, 6.117408465782054], [-75.63467879053522, 6.117317809814852], [-75.6345911850154, 6.117389215803995], [-75.63455367777601, 6.117432972357472], [-75.63450658410972, 6.117467190328206], [-75.63433747618838, 6.117241667133514], [-75.6343744341233, 6.117214654475021], [-75.63433903643194, 6.117161541715735], [-75.63432169244618, 6.1171544170385], [-75.63423289627069, 6.117020740680201], [-75.63418601478372, 6.116921622026417], [-75.6339156922152, 6.117019267722313], [-75.63359947159589, 6.117151128977173], [-75.63342954400095, 6.117262235958964], [-75.63336875195624, 6.117310246345912], [-75.63331637722499, 6.117376766544982], [-75.63325399283828, 6.117494139851986], [-75.63322727510436, 6.117550421479857], [-75.63320145630125, 6.117711336179423], [-75.63321081374623, 6.117717092466766], [-75.63320926075654, 6.1177267924075736], [-75.63319111122371, 6.117840140855297], [-75.63317889206282, 6.117899055373929], [-75.6331538967427, 6.117973044327054], [-75.63313685003139, 6.1180129839162944], [-75.63309080079087, 6.118122003240002], [-75.63302589144519, 6.118218820010829], [-75.63294431006965, 6.118370308751263], [-75.63288153218764, 6.118477624656627], [-75.63282287129928, 6.118582209120243], [-75.63275931314193, 6.118698222208734], [-75.63268076585983, 6.118820815286325], [-75.63261786805282, 6.11895161450586], [-75.63255492253, 6.119063450598943], [-75.63242910632327, 6.119316621602186], [-75.63240215339091, 6.119382628384204], [-75.63309658121676, 6.119585004792361], [-75.63350139837756, 6.119711236818749], [-75.63356165049146, 6.119769979169121], [-75.63364829940356, 6.120012412389054]]], [[[-75.63370973978526, 6.120472187147539], [-75.63370629836845, 6.120795277067346], [-75.6337025200394, 6.12098785369123], [-75.63370464697189, 6.121173981665732], [-75.63372479463935, 6.121174460436827], [-75.63374573361068, 6.121174957019319], [-75.63377492893866, 6.121175650829904], [-75.63375401956415, 6.121072820197432], [-75.63375581053971, 6.120956314655855], [-75.63375684352675, 6.120888980482739], [-75.633757123812, 6.120870423486506], [-75.63375968947386, 6.120700221725461], [-75.63376418197339, 6.120358279030068], [-75.63376933661739, 6.120358463465276], [-75.63377529074619, 6.120358676521486], [-75.63377583621977, 6.120270183650385], [-75.63377431857826, 6.120192714040359], [-75.63377216065746, 6.120082635787669], [-75.63376653911418, 6.120082279161703], [-75.63373635424145, 6.120080359771165], [-75.633721154739, 6.120079392916362], [-75.63371299303786, 6.1201980551564565], [-75.63370973978526, 6.120472187147539]]]]}, "properties": {"OBJECTID": 34, "NOM_BARRIO": "BELLOS AIRES", "BARRIO": "036", "PK_BARRIO": "3801001036", "MUNICIPIO": "380", "SECTOR": "1", "CORREGIMIENTO": "001", "CREATED_US": " ", "CREATED_DA": null, "LAST_EDITE": " ", "LAST_EDI_1": null, "SE_ANNO_CAD_DATA": null, "SHAPE.AREA": 0, "SHAPE.LEN": 0, "nombre_barrio_estandarizado": "BELLOS AIRES", "municipio_estandarizado": "la-estrella"}}, {"type": "Feature", "geometry": {"type": "Polygon", "coordinates": [[[-75.6366432359999, 6.163625076523238], [-75.63664523855383, 6.163642623196529], [-75.63664745167807, 6.16366201941091], [-75.63667479986879, 6.16366464412766], [-75.63670180896818, 6.163656774541521], [-75.63673289414699, 6.163647717658701], [-75.63679125516289, 6.163603787806951], [-75.63681595862997, 6.163586870178438], [-75.6369132060414, 6.1635195364847], [-75.63695781453742, 6.163487312475471], [-75.63711963135869, 6.163417957783812], [-75.63720486470649, 6.163391879099646], [-75.63730412699542, 6.163382261449086], [-75.63745931678389, 6.163376067206598], [-75.63760307179564, 6.163382103406053], [-75.63774754751229, 6.163389215427947], [-75.63781164915227, 6.163368578758512], [-75.63789613376494, 6.16333102140418], [-75.63797500861882, 6.163336889617735], [-75.63805285146196, 6.163357468132593], [-75.63811102509806, 6.163393173775302], [-75.63815237893007, 6.163438613373295], [-75.6381818177783, 6.163454312815974], [-75.63824206240446, 6.163463104695708], [-75.6383044445997, 6.163467226533763], [-75.63844053453107, 6.163426170760681], [-75.63856713522499, 6.163408460099853], [-75.63863810651814, 6.1633675938610075], [-75.63873832010762, 6.163315281334373], [-75.63885973177919, 6.1632808443638964], [-75.6389686604511, 6.163267132045896], [-75.63904512071402, 6.163264038509556], [-75.63915800602174, 6.163296234743476], [-75.63922204291, 6.163294132976042], [-75.63927368972661, 6.163304506009718], [-75.63938939702899, 6.163321386348631], [-75.63947541896083, 6.163337012443602], [-75.63948104519783, 6.1633508309182234], [-75.6395275548985, 6.16335551219351], [-75.63956340303784, 6.163352864757873], [-75.63957408753927, 6.163306568147852], [-75.6395770129557, 6.163293901554096], [-75.63958220839947, 6.163260063651384], [-75.63958291932725, 6.16325568907481], [-75.63958384375516, 6.163246266160625], [-75.63958440819717, 6.163227248598293], [-75.63958620433414, 6.163217834022462], [-75.63958667012349, 6.163215398027456], [-75.6395902330753, 6.163209269941069], [-75.63959651540871, 6.163203243196991], [-75.63960439792447, 6.163198955139659], [-75.63962164631324, 6.163192239432146], [-75.63963273034123, 6.16318764260431], [-75.63964465811276, 6.163182696251533], [-75.63965657631852, 6.163178738066481], [-75.63966436351025, 6.163177275619463], [-75.63967444020328, 6.163175383257735], [-75.63968606150553, 6.163175681879751], [-75.63968892979071, 6.16317575536263], [-75.63969171074065, 6.163176799317746], [-75.63970304811683, 6.163181056347974], [-75.63970569337138, 6.163183155090913], [-75.6397184299166, 6.163193253451909], [-75.639720318762, 6.163195826949107], [-75.63972742305954, 6.163205502998033], [-75.63973159568386, 6.1632134297800585], [-75.63973571647553, 6.163226035248089], [-75.63973826359764, 6.163243175966014], [-75.63973985909942, 6.163277573275756], [-75.63974179997855, 6.163303269255996], [-75.63974360337598, 6.163317422175599], [-75.63974599035387, 6.163336152996422], [-75.63974900310951, 6.1633524696307616], [-75.63975368828832, 6.163368693903286], [-75.63975690598542, 6.163376770966477], [-75.63975897432537, 6.163380752978947], [-75.6397644252321, 6.163387793791856], [-75.63977127663165, 6.163393455326961], [-75.63978184684494, 6.163398568667773], [-75.63978746404784, 6.163399966516094], [-75.63979852193373, 6.163401407020674], [-75.63981065225843, 6.163401983369684], [-75.63982066659678, 6.16340245900442], [-75.63982410559602, 6.163402499825055], [-75.6398366881546, 6.163402648128062], [-75.63987624612474, 6.163403116611765], [-75.6399040127789, 6.1634016039897475], [-75.63991333421752, 6.1634004196144305], [-75.63993161142159, 6.163396256339377], [-75.6399430042062, 6.163392174183873], [-75.63994935656899, 6.163389897064586], [-75.63996085782944, 6.163384553229782], [-75.63996869179849, 6.163379947184151], [-75.63998300513163, 6.1633715301308385], [-75.64000207511822, 6.1633576281790114], [-75.64001509756113, 6.163346634667282], [-75.64003403080453, 6.163330654091136], [-75.6400373392635, 6.163327861379154], [-75.64004948239433, 6.163316418393817], [-75.64007247641528, 6.163292143885729], [-75.64009094596913, 6.1632746413882895], [-75.64009843831933, 6.16326981735184], [-75.64010118909059, 6.1632680471646815], [-75.6401040905902, 6.163267531043805], [-75.64011600884378, 6.163265409866325], [-75.64012463983445, 6.163266166275921], [-75.64012663062879, 6.163266340836769], [-75.64014319313063, 6.163274906856517], [-75.64015239067712, 6.16328154668887], [-75.64016620333054, 6.16329444314292], [-75.64016944119271, 6.163297465591287], [-75.64017877852791, 6.163309721555528], [-75.6401934004508, 6.163336115895139], [-75.6401966521581, 6.163340841493393], [-75.64020197917858, 6.163348584451541], [-75.64020730958339, 6.163354272500853], [-75.64022156246729, 6.1633661397767705], [-75.64022910734883, 6.16337120481491], [-75.64024098915922, 6.163377602620518], [-75.6402535695916, 6.163382434775986], [-75.64026013536, 6.163384222081678], [-75.64027515664195, 6.1633868995574845], [-75.64028275197433, 6.16338755532238], [-75.6402941143307, 6.163387548741248], [-75.64031078610256, 6.163384970062487], [-75.64035663781664, 6.163372229075945], [-75.64039242995712, 6.16336228442129], [-75.6404371919944, 6.163351123673574], [-75.64046095152487, 6.163345199258957], [-75.64047007772298, 6.16334362439138], [-75.64048857640276, 6.16334315030891], [-75.64050096757553, 6.163344783080932], [-75.64051165358248, 6.163347740590554], [-75.64051738552894, 6.163349326807068], [-75.64052549150374, 6.16335259724464], [-75.64054330904628, 6.1633623349974265], [-75.64055528129292, 6.163370945445314], [-75.64057582281397, 6.163388834115769], [-75.64059114375158, 6.163402053958424], [-75.64062047088987, 6.163425478843244], [-75.64063657437637, 6.16343656939877], [-75.64064592815977, 6.1634417411816225], [-75.6406653684456, 6.1634490127911485], [-75.64068548018925, 6.163453062676631], [-75.64068903463881, 6.163453434703336], [-75.6406990816421, 6.16345448874678], [-75.64070150387268, 6.1634545960757245], [-75.6407262691271, 6.163455684754491], [-75.64076146053968, 6.16345559170343], [-75.64077906267795, 6.163454106811855], [-75.64079646643151, 6.163451047155111], [-75.64080504365482, 6.163448787025162], [-75.64082055839206, 6.1634433030450735], [-75.640838339107, 6.163437016795644], [-75.6408651603205, 6.163427536050116], [-75.64089120833924, 6.163418971315782], [-75.64090958642433, 6.163412928907704], [-75.64092439502815, 6.163409865837578], [-75.64093178535983, 6.163409070715029], [-75.64094021923964, 6.163409057841842], [-75.64095707880367, 6.163411939539397], [-75.64097389887547, 6.163417610406004], [-75.6409826696695, 6.163421429006222], [-75.64100728200826, 6.163432141068099], [-75.64101828952647, 6.163437094907839], [-75.64109859853018, 6.163473970541978], [-75.64110591415182, 6.16347797444901], [-75.64114935093797, 6.163500560916197], [-75.6411576637121, 6.163503637755167], [-75.64117494805254, 6.163507114006977], [-75.64119275797177, 6.163507825800626], [-75.64122829189071, 6.163504847121486], [-75.6412552080126, 6.16349994486616], [-75.64126843083471, 6.163495864462272], [-75.64128810356713, 6.163487135135907], [-75.64129339192036, 6.163483776617129], [-75.6412983507005, 6.163480625853932], [-75.64130284866015, 6.163476897883462], [-75.64130891012871, 6.163470600103885], [-75.64131668664172, 6.163459316160702], [-75.64131884576084, 6.163454991363389], [-75.64132177658685, 6.163445982509043], [-75.64132303621217, 6.163436764968944], [-75.64132305569254, 6.163430662581002], [-75.64132142445182, 6.163418998566143], [-75.64131848470136, 6.163410872230438], [-75.6413095564325, 6.16339494566305], [-75.6413040605644, 6.1633828379354885], [-75.64130209810871, 6.163375977839582], [-75.64130030203765, 6.163369701834791], [-75.6412996236596, 6.1633629456667265], [-75.64129927210413, 6.163359441529982], [-75.64130097720557, 6.16335682672104], [-75.64130269394647, 6.163354191061409], [-75.6413117974281, 6.163344924693617], [-75.6413317457507, 6.163328731125799], [-75.64134635141015, 6.163316420690495], [-75.6413558506159, 6.163306989633088], [-75.64137450488317, 6.163287581374017], [-75.64140118056304, 6.163265673449317], [-75.64140967531712, 6.1632619003526], [-75.64142752974169, 6.16325664071644], [-75.64143513984448, 6.1632553545072595], [-75.64144293947051, 6.163254034812907], [-75.6414507735744, 6.163253476151813], [-75.64146253150055, 6.163253641162173], [-75.64147982088512, 6.163256313687367], [-75.64149928421368, 6.163262402661907], [-75.64150526376491, 6.163264923323992], [-75.64150871245708, 6.1632663762012], [-75.6415152159415, 6.163269815485588], [-75.64152241767316, 6.163273621965951], [-75.64153274743798, 6.163281255121713], [-75.64153735295147, 6.163284658612784], [-75.64156839843783, 6.163307595768896], [-75.64159020853285, 6.163319350494405], [-75.64160515646428, 6.1633261905079895], [-75.64162436064987, 6.163333941487916], [-75.64163565073282, 6.163338497941614], [-75.64164770671532, 6.163342490091209], [-75.6416509855808, 6.163343575863608], [-75.64165896965079, 6.163345394088381], [-75.64167100596781, 6.163346690478804], [-75.64168277179165, 6.163345713638057], [-75.64168843136264, 6.1633441749229725], [-75.64169430448013, 6.163341798909443], [-75.64170190536021, 6.163337372096896], [-75.64170539821197, 6.1633353369559725], [-75.64171218215338, 6.163329922458597], [-75.64172381821255, 6.1633169631720905], [-75.64173046100751, 6.163305843959842], [-75.64173953286101, 6.163285992307017], [-75.64175584535602, 6.163246053989159], [-75.6417672544114, 6.1632188038148685], [-75.6417683417478, 6.163216205629052], [-75.64177116545778, 6.163208551563192], [-75.64177480841468, 6.163195416744024], [-75.64177565148964, 6.163192377692294], [-75.64177995569537, 6.163180894897206], [-75.64178165242713, 6.1631782322151825], [-75.64178420783165, 6.163174221868247], [-75.64178693218487, 6.16317131361596], [-75.64179194513386, 6.163167611115898], [-75.64179728606712, 6.163164839961899], [-75.64180816364613, 6.163160879662467], [-75.64181924988755, 6.163158562782227], [-75.64183703679066, 6.163157001005289], [-75.6418417534811, 6.163156587073442], [-75.6418669731481, 6.1631538629105656], [-75.64189658672237, 6.16314774216952], [-75.64191745373967, 6.163143428581212], [-75.64192895237086, 6.163142489223566], [-75.64193461145098, 6.163143589410252], [-75.64194732012452, 6.163148418173524], [-75.64196418475258, 6.1631567059906045], [-75.64197149290575, 6.163160296774347], [-75.64200536537639, 6.16317861468978], [-75.64204212652308, 6.1631980239229724], [-75.64204953833831, 6.16320193603037], [-75.64206186067649, 6.163207548702356], [-75.64207035860359, 6.163210622800628], [-75.64207906443853, 6.163212997946875], [-75.64208781369703, 6.1632153864382975], [-75.64209730030949, 6.163216553527921], [-75.64211657560135, 6.163216225611429], [-75.64213082447043, 6.1632174251370575], [-75.64214640717302, 6.163221481151153], [-75.64214757662134, 6.163221785438888], [-75.64215690779317, 6.1632242144375216], [-75.64217802155369, 6.1632312444451784], [-75.64219736105727, 6.163237683869624], [-75.64221069241465, 6.1632405703656525], [-75.6422174965287, 6.1632408747375], [-75.64222730619113, 6.163239056882227], [-75.64223711762776, 6.1632348604821585], [-75.64224127926349, 6.16323308057865], [-75.64226807848533, 6.163218440515587], [-75.64229741829568, 6.163200995266077], [-75.64229747863499, 6.163200958805156], [-75.642306972166, 6.163195312992611], [-75.64232587641823, 6.1631829857452685], [-75.64233509696577, 6.163175841479771], [-75.64235214576043, 6.1631598412683175], [-75.64235783426328, 6.163154842633879], [-75.6423654213363, 6.163148176570655], [-75.64239861969807, 6.1631228343585285], [-75.64241618502807, 6.163112097631918], [-75.6424349132751, 6.1631043601749065], [-75.64243544648754, 6.163104233676866], [-75.64244483504626, 6.163102016512425], [-75.64245403606685, 6.163100781163839], [-75.64246940872027, 6.1630987187478254], [-75.64248945565693, 6.163097347344305], [-75.64248968139985, 6.163097331760119], [-75.64251870299873, 6.163095346301877], [-75.64252498644979, 6.163095028559341], [-75.64257954898092, 6.163092269139364], [-75.6426369588326, 6.163089364506751], [-75.64264471246295, 6.163088609147485], [-75.64267145741921, 6.163086001238644], [-75.64267677517374, 6.16308548306621], [-75.6427031268242, 6.163081339330755], [-75.642720640684, 6.163077905705188], [-75.64273421344203, 6.163074636272267], [-75.64275561642587, 6.163069480141749], [-75.64277255622468, 6.163063578614759], [-75.6427806685603, 6.1630595605947125], [-75.64279171109152, 6.16305206736841], [-75.64280067568599, 6.163042670590849], [-75.64280412536554, 6.163037208435742], [-75.64282575520758, 6.162995959105353], [-75.64283828722762, 6.1629718611826645], [-75.64284447628457, 6.162959959509899], [-75.64284960594667, 6.162950095378085], [-75.64285551719594, 6.162940464228875], [-75.64285756199783, 6.162937135348704], [-75.64286227370351, 6.162931155246593], [-75.64287037186277, 6.162922997687959], [-75.64287981909665, 6.16291603129395], [-75.64288508861011, 6.162913067925712], [-75.64289710849067, 6.162908677044203], [-75.64290522695717, 6.162907174942221], [-75.64292164978586, 6.162905776298645], [-75.64292328298282, 6.162905789895274], [-75.64293490763242, 6.162908048394394], [-75.6429404912503, 6.162910145199138], [-75.6429485279632, 6.162914753017961], [-75.64295196766352, 6.162917674093948], [-75.6429570514881, 6.162924639835494], [-75.64296041360235, 6.162932688118415], [-75.64296244090423, 6.162940054141849], [-75.64296279594934, 6.162941342448784], [-75.6429651893325, 6.162950036502215], [-75.64297023098231, 6.162962166340508], [-75.64297418051696, 6.162967354032812], [-75.64298191290793, 6.162975079592817], [-75.64298787513731, 6.16298103477804], [-75.64299541260229, 6.1629867904929965], [-75.64300373431445, 6.162990944875699], [-75.64300826153332, 6.162992217912554], [-75.64301439213537, 6.16299313855646], [-75.6430216119954, 6.162994221949268], [-75.64302566350693, 6.162994830162521], [-75.64304160871205, 6.16299548063427], [-75.64306051637891, 6.1629962538255745], [-75.64307558205749, 6.162996228819334], [-75.64307560915522, 6.162996228684925], [-75.64309745480091, 6.162996193553138], [-75.64312685000213, 6.1629961471896895], [-75.64314394899928, 6.162994852765319], [-75.64314735398796, 6.162994594496264], [-75.64315994640255, 6.162993640648278], [-75.64316771049093, 6.162992079729109], [-75.6431848521338, 6.162988635280473], [-75.64321949135584, 6.162977195477777], [-75.6432195391479, 6.162977178967965], [-75.64323330069088, 6.1629726347932765], [-75.64323968654423, 6.162970743502362], [-75.64325259443665, 6.16296691865891], [-75.64325776896113, 6.162965385952946], [-75.64327026642363, 6.162962769136844], [-75.64330490229202, 6.162957584411635], [-75.64331225675859, 6.162956482967829], [-75.64334030944747, 6.162953289051571], [-75.64334686219614, 6.162952814469146], [-75.64338153300471, 6.162950308241765], [-75.6433964904731, 6.16294922693903], [-75.64340706094299, 6.162949103986063], [-75.64343400601616, 6.162948789508357], [-75.64345278830343, 6.162949782086237], [-75.64346195955036, 6.162950927211634], [-75.64348087779504, 6.162953290545149], [-75.64348635185031, 6.162954604082467], [-75.64350387732414, 6.16295880862495], [-75.64351356633023, 6.162962178739283], [-75.64354841888932, 6.162974302608398], [-75.64357092401316, 6.162981581498255], [-75.64358244450486, 6.162984513104999], [-75.6436035454616, 6.162988961172951], [-75.64360358072445, 6.1629889682303425], [-75.64361755368913, 6.1629919138862075], [-75.64362852872611, 6.162993594292278], [-75.64363514755965, 6.162994608334731], [-75.64366158883513, 6.162996164997804], [-75.64369079408749, 6.1629946097962796], [-75.64369930164399, 6.162994158056432], [-75.6437244632377, 6.162991391610734], [-75.64377473002985, 6.162983591660024], [-75.64380482222117, 6.1629778264515185], [-75.64381960931892, 6.162974993045949], [-75.64384185829938, 6.162969767589291], [-75.64387116209095, 6.162961300493625], [-75.64391721172632, 6.162945165401679], [-75.64392873202345, 6.162941128650987], [-75.64394951607736, 6.1629326604309975], [-75.64395701081108, 6.162929606457857], [-75.643970697178, 6.162922835986548], [-75.64399083805495, 6.162910894918179], [-75.64400082169942, 6.162902993782371], [-75.64400519638059, 6.162898455485647], [-75.64401085724235, 6.162890981713394], [-75.64401701677681, 6.162878414810502], [-75.64402399378321, 6.162851260762134], [-75.64403001902504, 6.1628278125813], [-75.64403212933708, 6.1628216636702], [-75.64403685041292, 6.162807914186744], [-75.64404656326276, 6.1627796282650245], [-75.64405045980307, 6.162768281294342], [-75.64405763453941, 6.162747127291303], [-75.64406206655399, 6.1627370225285585], [-75.6441033177501, 6.162660125318234], [-75.6441431265213, 6.162659839195027], [-75.64419096471963, 6.162692960036399], [-75.64422483441162, 6.162734790105684], [-75.64427642530198, 6.162786784963009], [-75.6443009100858, 6.162790900702254], [-75.64436090158982, 6.162800982295506], [-75.64436195672586, 6.16277948890876], [-75.64435352197174, 6.162748869310707], [-75.64434273221052, 6.162704724288214], [-75.64433789001153, 6.162690193256364], [-75.64432542363438, 6.162652767248861], [-75.64428365117641, 6.162543290847142], [-75.64427322817617, 6.162277960404151], [-75.64428798694557, 6.161902695660826], [-75.64430572956984, 6.161587297086758], [-75.6442669363588, 6.161298737919206], [-75.64340789304961, 6.161196659303839], [-75.64254640333623, 6.16106554531155], [-75.64272446248516, 6.159674380254076], [-75.64219249718732, 6.159524336745373], [-75.64186819537143, 6.159576366809821], [-75.6416227136752, 6.1596297726708835], [-75.64135919606824, 6.159684615724185], [-75.64116933670599, 6.159723719607338], [-75.64100687045932, 6.159773869850305], [-75.64076095766085, 6.159864924613538], [-75.64054213115244, 6.159951385491473], [-75.6404361099534, 6.159996866901518], [-75.64035735358955, 6.160016113513956], [-75.64016134324989, 6.160050602603103], [-75.63948317015748, 6.160059756579788], [-75.63946812160917, 6.160060863505712], [-75.63898743027612, 6.1600962264133665], [-75.63855253194575, 6.160145068495345], [-75.63767297576372, 6.160338796090402], [-75.63737782606934, 6.160419892907101], [-75.63725950958543, 6.1604393764400625], [-75.63710231164934, 6.1604832346305], [-75.63686942900061, 6.160526229531845], [-75.63653483169514, 6.160578776943196], [-75.63643532409253, 6.160670343670326], [-75.63638632263022, 6.160797429209363], [-75.63635854930725, 6.160902774112991], [-75.63638370203432, 6.161159974867306], [-75.63648310902101, 6.1614884937876795], [-75.63647921180787, 6.161533581600836], [-75.6364660821576, 6.1615947673369735], [-75.63639182007297, 6.161656115346586], [-75.63632809439672, 6.161681537754143], [-75.63619391421088, 6.161700501173637], [-75.63610814255053, 6.161726198950361], [-75.63585082344753, 6.162217024881482], [-75.63582258449948, 6.162270891167658], [-75.63560114633371, 6.162925106270372], [-75.63559666197294, 6.163021602951104], [-75.6356595175305, 6.163102001773688], [-75.63576112400533, 6.163142699324198], [-75.63591220300376, 6.163163742226166], [-75.63604305615733, 6.163176111364777], [-75.6360923875105, 6.163189695615759], [-75.63611063935389, 6.163197756206271], [-75.63613033774129, 6.163209552393533], [-75.63615788039289, 6.163238933260803], [-75.6362466443869, 6.16342326951648], [-75.63630053884617, 6.163544865650674], [-75.63631860727456, 6.163598995548865], [-75.63632268422977, 6.163621208597569], [-75.63632884549537, 6.163620833669791], [-75.63633018985068, 6.163620887589031], [-75.63633425409455, 6.163633578376073], [-75.63639535408608, 6.163631739168449], [-75.63653037679524, 6.163650123821093], [-75.63654667851239, 6.16365234304768], [-75.6365561828721, 6.16365325520919], [-75.63655912295224, 6.163650672264001], [-75.63659318455626, 6.163623898524401], [-75.63664212470523, 6.163615334593128], [-75.6366432359999, 6.163625076523238]]]}, "properties": {"OBJECTID": 35, "NOM_BARRIO": "LA OSPINA", "BARRIO": "022", "PK_BARRIO": "3801001022", "MUNICIPIO": "380", "SECTOR": "1", "CORREGIMIENTO": "001", "CREATED_US": " ", "CREATED_DA": null, "LAST_EDITE": " ", "LAST_EDI_1": null, "SE_ANNO_CAD_DATA": null, "SHAPE.AREA": 0, "SHAPE.LEN": 0, "nombre_barrio_estandarizado": "LA OSPINA", "municipio_estandarizado": "la-estrella"}}, {"type": "Feature", "geometry": {"type": "Polygon", "coordinates": [[[-75.63742871757836, 6.132768034971217], [-75.63737819540792, 6.132765492128668], [-75.63736724281095, 6.132764941269235], [-75.63732384135443, 6.132763609124229], [-75.63731810834074, 6.1327718361629175], [-75.63730780557228, 6.132786615640225], [-75.63730679924579, 6.132788059839463], [-75.63729743285961, 6.1328014985234445], [-75.63728691880908, 6.1328015964163285], [-75.6372430742797, 6.132802003122364], [-75.6372038149086, 6.132800092770472], [-75.63704769810005, 6.132809780996471], [-75.63691799223014, 6.132835174401516], [-75.63686832825923, 6.132839460978416], [-75.63676478631491, 6.132821123304004], [-75.63664054617493, 6.1328028459435675], [-75.63658249116799, 6.132767809782359], [-75.63653165855514, 6.132739600672575], [-75.6364948937272, 6.132730304571545], [-75.63646579603787, 6.132722946963404], [-75.63637660046146, 6.132716985485139], [-75.63633341434299, 6.132717387967917], [-75.63630772733892, 6.132720889249336], [-75.6362918042571, 6.132717584701182], [-75.6362921899196, 6.132716294534562], [-75.63629800394301, 6.132714622350576], [-75.63627612483701, 6.132707437120617], [-75.63620728579494, 6.1326848267946374], [-75.63620621383762, 6.132692398951018], [-75.63620582452036, 6.13269515098068], [-75.63619150163967, 6.132690676849376], [-75.63618206849749, 6.132686679486402], [-75.63616772901578, 6.132680481417085], [-75.63616404762843, 6.132669492761085], [-75.63616217420842, 6.132640797566663], [-75.63616616561416, 6.132617826857839], [-75.63616066397523, 6.1326185527723585], [-75.63597711598533, 6.132642784433323], [-75.63591689431863, 6.13264730098887], [-75.6357838825936, 6.1326572764918685], [-75.63572986536316, 6.132659247424654], [-75.63554950565297, 6.132665822567703], [-75.63529959414625, 6.13268010976594], [-75.63515070169096, 6.132693949433134], [-75.63508484645547, 6.132704156584443], [-75.63502288930607, 6.13271375781819], [-75.63498324673033, 6.132719901542757], [-75.6349816753922, 6.132720144328045], [-75.63497873983768, 6.132721422633931], [-75.6348727892978, 6.132767524335141], [-75.63478326597983, 6.132806479144291], [-75.63474958081255, 6.1328167892303735], [-75.63460349355849, 6.1328614972697], [-75.6345910593537, 6.132865303021859], [-75.63458104794607, 6.132866231921937], [-75.63453674100529, 6.1328703463800975], [-75.63439773784701, 6.132883253952931], [-75.63433507559161, 6.132889071528792], [-75.63431063992793, 6.1328935781972875], [-75.63411179934765, 6.132930240170096], [-75.63407637606258, 6.132940498201984], [-75.63385454711326, 6.13300474091601], [-75.63384086178442, 6.133008704689126], [-75.63376852503734, 6.133086469748338], [-75.63371473766244, 6.133144294252603], [-75.63371739189438, 6.133146056749367], [-75.63376944747735, 6.133186401540395], [-75.63386098473849, 6.133248517785139], [-75.63395667325149, 6.133310626239216], [-75.63409377151302, 6.133399765415463], [-75.63411269239762, 6.133412066838782], [-75.63419799928496, 6.133474200085066], [-75.63428126203158, 6.133548811106921], [-75.63434789560519, 6.133617228023788], [-75.63439171240351, 6.133696097712138], [-75.6344168112253, 6.1337646240635495], [-75.63443778369009, 6.13384355371779], [-75.63444837269307, 6.133922510960491], [-75.6344532136498, 6.134186472116803], [-75.63445394448014, 6.134467071722711], [-75.63445122390964, 6.1350178886212445], [-75.63445004984504, 6.135365005756416], [-75.63445087716458, 6.135683019842052], [-75.63444524356652, 6.135911674286579], [-75.63443531332558, 6.136086294996046], [-75.63442312281049, 6.1361902546255145], [-75.63438611113999, 6.136331689936314], [-75.63431709564036, 6.136540728464817], [-75.63429923721654, 6.136606257766627], [-75.63423793224511, 6.13661430906673], [-75.63421537693648, 6.136802618684224], [-75.63426239399408, 6.1369670633505535], [-75.6342944593988, 6.1370222667311225], [-75.63434210296909, 6.137104291576534], [-75.63436251955203, 6.137132717415551], [-75.6344127690701, 6.137130032699223], [-75.63442639925789, 6.137128248802273], [-75.63445691012477, 6.137124257277471], [-75.63450411943612, 6.137119389779208], [-75.63450770319999, 6.137097275374724], [-75.63452329761134, 6.1370024334932864], [-75.63453969152161, 6.1368875855991485], [-75.63456684470245, 6.13677509763994], [-75.63460355584567, 6.136662582514556], [-75.63462777233934, 6.136622823462807], [-75.63468411529567, 6.136538955007597], [-75.63469165100982, 6.136527739343998], [-75.63477148088758, 6.136440373204409], [-75.63477152939926, 6.136440319626696], [-75.63477257335003, 6.13643917719358], [-75.6347759855048, 6.136435442945724], [-75.63477911807307, 6.136432712664298], [-75.63482289125338, 6.136394555126951], [-75.634965699202, 6.136327154890613], [-75.63502709107009, 6.136241056599976], [-75.63507040264345, 6.136162651287969], [-75.63544078657695, 6.136205381607631], [-75.63544837263635, 6.136181811876828], [-75.63545270169536, 6.136168364539414], [-75.6356055018133, 6.135794275466806], [-75.63562601106564, 6.135739216484711], [-75.63562935270843, 6.135738779645938], [-75.63563973856739, 6.135714611211327], [-75.63580076582309, 6.135692494404588], [-75.63597502018831, 6.135666359911371], [-75.6360400103529, 6.135662022226225], [-75.63607925943967, 6.135659402444374], [-75.63614047129423, 6.135647337477602], [-75.63625022473244, 6.135632100673382], [-75.63636612767375, 6.1356275736408], [-75.63640983491076, 6.1353275102181195], [-75.63640997340579, 6.135326468977331], [-75.63641746834779, 6.135269864907436], [-75.63642613736536, 6.135203681192641], [-75.63643693579056, 6.135121244873848], [-75.63646552068847, 6.134903036088362], [-75.63673089107868, 6.134898145278478], [-75.63675069773936, 6.134894570743721], [-75.63696330342302, 6.134856195282463], [-75.63703069278817, 6.134844032927784], [-75.6370495852665, 6.134840621999678], [-75.63732486880569, 6.134794285768965], [-75.63733946628498, 6.134685989501816], [-75.63735097458401, 6.1346006260424275], [-75.637394708885, 6.134601836243909], [-75.63740365439845, 6.13452743070837], [-75.6375998546271, 6.1345199675091155], [-75.63783393673737, 6.134529261204313], [-75.6380693968074, 6.134593015885498], [-75.63813226144943, 6.1346735088107955], [-75.63814196310588, 6.134654966922767], [-75.63815579499585, 6.1346431651363575], [-75.63822205731053, 6.134586634911421], [-75.63824435537148, 6.134597262368504], [-75.63828256509392, 6.134615472286793], [-75.63848309556828, 6.134711045035024], [-75.63853008275726, 6.134733439885391], [-75.63857002896991, 6.134752477457537], [-75.6385894317048, 6.134761725127725], [-75.63859104867355, 6.134762495540495], [-75.63859196127433, 6.134762930408178], [-75.63861397868149, 6.134773423620118], [-75.6386430434045, 6.134787276782836], [-75.63864548153613, 6.134788439119487], [-75.63864695998417, 6.134789143315467], [-75.63864956922346, 6.13479038617271], [-75.63865119615436, 6.134791161960379], [-75.6386528439081, 6.134791947589915], [-75.63867023222228, 6.134800235145021], [-75.63875667381988, 6.134821750204851], [-75.6387755239372, 6.134826441487405], [-75.6389620211155, 6.134872860595428], [-75.63900375001536, 6.134883208689318], [-75.63927535058889, 6.1349130491681265], [-75.63942603409068, 6.134934794277472], [-75.6394894893632, 6.13493687799104], [-75.63957218012487, 6.134940104476903], [-75.63957221355265, 6.134940106120145], [-75.63957229034354, 6.134940109357633], [-75.63968937836034, 6.134944676855954], [-75.63973070540969, 6.1349761435509595], [-75.63999356828364, 6.135176281873153], [-75.64001410991591, 6.135185875530435], [-75.64008071959027, 6.13520636532215], [-75.64007401062798, 6.135191193284922], [-75.6400320606381, 6.135096318191662], [-75.64002417272683, 6.135084768147016], [-75.6399722644908, 6.134981982043214], [-75.63986723201118, 6.1347985422918985], [-75.63978089196691, 6.134651965859019], [-75.63976424080036, 6.134623699834763], [-75.63976410234616, 6.13462346365775], [-75.63976223855936, 6.134598608898081], [-75.63976223172509, 6.134598504966611], [-75.63975520642987, 6.13451044313336], [-75.63975308765858, 6.134483880985512], [-75.63977391161743, 6.1344691824868], [-75.6398561510323, 6.134409180469972], [-75.63989569792463, 6.134394076836619], [-75.63989573308312, 6.1343940631025475], [-75.63989575742089, 6.134394053038029], [-75.63991483018927, 6.134386365001136], [-75.63997850137316, 6.134315634034145], [-75.63998760763714, 6.134258728317146], [-75.63998616271489, 6.134211991801562], [-75.63997189193827, 6.134147651691632], [-75.63998058344686, 6.134099700777446], [-75.63999305004175, 6.134030929173795], [-75.63997333220983, 6.1340273903429186], [-75.63995663783204, 6.134021350477778], [-75.63991640632543, 6.134010767234054], [-75.63985276284886, 6.1340082224864725], [-75.63975808462, 6.133977119197703], [-75.63967387137716, 6.133977972004403], [-75.63962869176966, 6.13392550883213], [-75.63957461823476, 6.133819314183644], [-75.63952163996355, 6.133756537221373], [-75.63951603616454, 6.133749901132688], [-75.63947009146163, 6.133708430374493], [-75.6394739154479, 6.133704698607311], [-75.63918809348849, 6.133381950443407], [-75.63915658589755, 6.133349798787458], [-75.6391051689061, 6.133314820679564], [-75.63899156213787, 6.133255705515847], [-75.63889400216969, 6.133196031178269], [-75.63888835790988, 6.133186492385756], [-75.63886179023962, 6.133158587064216], [-75.63884760679022, 6.133147021900967], [-75.63883742951919, 6.133130936652441], [-75.63883679242363, 6.133127934744366], [-75.6388292619789, 6.133111187345391], [-75.63882923703665, 6.133110890941328], [-75.63882169703346, 6.13307732924203], [-75.63872014116991, 6.13290215737523], [-75.63871110729882, 6.132891192425648], [-75.63868369284145, 6.132864657271283], [-75.63865552868134, 6.132836832119247], [-75.63862038396054, 6.1328045211347755], [-75.6386187670942, 6.1328030356187435], [-75.63860651677541, 6.1327874713617465], [-75.63859219163828, 6.132776661761655], [-75.63857849781762, 6.1327678632642515], [-75.63860987187962, 6.132708983642075], [-75.63861284854455, 6.13270339643446], [-75.63861827173832, 6.132674423063516], [-75.63862194264004, 6.132654809778675], [-75.63861183707552, 6.132652196257769], [-75.63858288328429, 6.1326447078838875], [-75.63855056465565, 6.13265093057723], [-75.63848802682676, 6.132648383763407], [-75.6384494489487, 6.132656840454296], [-75.63837993194124, 6.132676901144572], [-75.63834624016327, 6.132690974097489], [-75.6383279718712, 6.132689784886018], [-75.6382905710578, 6.132667055216199], [-75.63826855306456, 6.1326503611011125], [-75.63823374889289, 6.13264100665109], [-75.63819213013107, 6.132634466620021], [-75.63817394337902, 6.1326377357566075], [-75.63815501794592, 6.132634059128583], [-75.63810802485465, 6.132622172822188], [-75.63806553297863, 6.132592922013956], [-75.63804953742311, 6.132589937910682], [-75.63803568358476, 6.132606086436481], [-75.63803068626471, 6.132613486266761], [-75.6380306394401, 6.132677430599063], [-75.63803192375813, 6.132695597411022], [-75.63802989084701, 6.132712915393818], [-75.63802587467697, 6.132730465543132], [-75.63801203120393, 6.132763966284666], [-75.63800083033418, 6.1327803349852], [-75.63798584290004, 6.132792986821679], [-75.63796994308976, 6.132797351239688], [-75.63793803462059, 6.132794415700137], [-75.63788792000945, 6.132766196885232], [-75.6378735123086, 6.132759902474161], [-75.63785599576451, 6.132758583881126], [-75.63783213996861, 6.132765088494001], [-75.63770852125977, 6.132785553054395], [-75.63767728908114, 6.132786796286307], [-75.63764814663429, 6.132782642008469], [-75.63760586183135, 6.13277695230603], [-75.63742871757836, 6.132768034971217]]]}, "properties": {"OBJECTID": 36, "NOM_BARRIO": "LA INMACULADA I", "BARRIO": "031", "PK_BARRIO": "3801001031", "MUNICIPIO": "380", "SECTOR": "1", "CORREGIMIENTO": "001", "CREATED_US": " ", "CREATED_DA": null, "LAST_EDITE": " ", "LAST_EDI_1": null, "SE_ANNO_CAD_DATA": null, "SHAPE.AREA": 0, "SHAPE.LEN": 0, "nombre_barrio_estandarizado": "LA INMACULADA I", "municipio_estandarizado": "la-estrella"}}, {"type": "Feature", "geometry": {"type": "Polygon", "coordinates": [[[-75.64249033395969, 6.164324086834249], [-75.64260937222427, 6.1643439901063575], [-75.6426969879827, 6.164374103075301], [-75.64269857648583, 6.164374757858307], [-75.64291415807298, 6.164449115340754], [-75.6430148590612, 6.164483659126179], [-75.64309193198788, 6.1645070765478405], [-75.64317519420901, 6.164523017558314], [-75.64325846768435, 6.164542689478071], [-75.64336130032154, 6.164585598550105], [-75.64357330644461, 6.164114513646364], [-75.64371448555875, 6.163853560356941], [-75.64376581244981, 6.1637484856815], [-75.64380931974256, 6.163677896499574], [-75.64386683025229, 6.16356530297109], [-75.64393071525329, 6.1634430579115564], [-75.64411133459188, 6.1631120247675195], [-75.6441818142472, 6.16300179244316], [-75.64436090158982, 6.162800982295506], [-75.6443009100858, 6.162790900702254], [-75.64427642530198, 6.162786784963009], [-75.64422483441162, 6.162734790105684], [-75.64419096471963, 6.162692960036399], [-75.6441431265213, 6.162659839195027], [-75.6441033177501, 6.162660125318234], [-75.64406206655399, 6.1627370225285585], [-75.64405763453941, 6.162747127291303], [-75.64405045980307, 6.162768281294342], [-75.64404656326276, 6.1627796282650245], [-75.64403685041292, 6.162807914186744], [-75.64403212933708, 6.1628216636702], [-75.64403001902504, 6.1628278125813], [-75.64402399378321, 6.162851260762134], [-75.64401701677681, 6.162878414810502], [-75.64401085724235, 6.162890981713394], [-75.64400519638059, 6.162898455485647], [-75.64400082169942, 6.162902993782371], [-75.64399083805495, 6.162910894918179], [-75.643970697178, 6.162922835986548], [-75.64395701081108, 6.162929606457857], [-75.64394951607736, 6.1629326604309975], [-75.64392873202345, 6.162941128650987], [-75.64391721172632, 6.162945165401679], [-75.64387116209095, 6.162961300493625], [-75.64384185829938, 6.162969767589291], [-75.64381960931892, 6.162974993045949], [-75.64380482222117, 6.1629778264515185], [-75.64377473002985, 6.162983591660024], [-75.6437244632377, 6.162991391610734], [-75.64369930164399, 6.162994158056432], [-75.64369079408749, 6.1629946097962796], [-75.64366158883513, 6.162996164997804], [-75.64363514755965, 6.162994608334731], [-75.64362852872611, 6.162993594292278], [-75.64361755368913, 6.1629919138862075], [-75.64360358072445, 6.1629889682303425], [-75.6436035454616, 6.162988961172951], [-75.64358244450486, 6.162984513104999], [-75.64357092401316, 6.162981581498255], [-75.64354841888932, 6.162974302608398], [-75.64351356633023, 6.162962178739283], [-75.64350387732414, 6.16295880862495], [-75.64348635185031, 6.162954604082467], [-75.64348087779504, 6.162953290545149], [-75.64346195955036, 6.162950927211634], [-75.64345278830343, 6.162949782086237], [-75.64343400601616, 6.162948789508357], [-75.64340706094299, 6.162949103986063], [-75.6433964904731, 6.16294922693903], [-75.64338153300471, 6.162950308241765], [-75.64334686219614, 6.162952814469146], [-75.64334030944747, 6.162953289051571], [-75.64331225675859, 6.162956482967829], [-75.64330490229202, 6.162957584411635], [-75.64327026642363, 6.162962769136844], [-75.64325776896113, 6.162965385952946], [-75.64325259443665, 6.16296691865891], [-75.64323968654423, 6.162970743502362], [-75.64323330069088, 6.1629726347932765], [-75.6432195391479, 6.162977178967965], [-75.64321949135584, 6.162977195477777], [-75.6431848521338, 6.162988635280473], [-75.64316771049093, 6.162992079729109], [-75.64315994640255, 6.162993640648278], [-75.64314735398796, 6.162994594496264], [-75.64314394899928, 6.162994852765319], [-75.64312685000213, 6.1629961471896895], [-75.64309745480091, 6.162996193553138], [-75.64307560915522, 6.162996228684925], [-75.64307558205749, 6.162996228819334], [-75.64306051637891, 6.1629962538255745], [-75.64304160871205, 6.16299548063427], [-75.64302566350693, 6.162994830162521], [-75.6430216119954, 6.162994221949268], [-75.64301439213537, 6.16299313855646], [-75.64300826153332, 6.162992217912554], [-75.64300373431445, 6.162990944875699], [-75.64299541260229, 6.1629867904929965], [-75.64298787513731, 6.16298103477804], [-75.64298191290793, 6.162975079592817], [-75.64297418051696, 6.162967354032812], [-75.64297023098231, 6.162962166340508], [-75.6429651893325, 6.162950036502215], [-75.64296279594934, 6.162941342448784], [-75.64296244090423, 6.162940054141849], [-75.64296041360235, 6.162932688118415], [-75.6429570514881, 6.162924639835494], [-75.64295196766352, 6.162917674093948], [-75.6429485279632, 6.162914753017961], [-75.6429404912503, 6.162910145199138], [-75.64293490763242, 6.162908048394394], [-75.64292328298282, 6.162905789895274], [-75.64292164978586, 6.162905776298645], [-75.64290522695717, 6.162907174942221], [-75.64289710849067, 6.162908677044203], [-75.64288508861011, 6.162913067925712], [-75.64287981909665, 6.16291603129395], [-75.64287037186277, 6.162922997687959], [-75.64286227370351, 6.162931155246593], [-75.64285756199783, 6.162937135348704], [-75.64285551719594, 6.162940464228875], [-75.64284960594667, 6.162950095378085], [-75.64284447628457, 6.162959959509899], [-75.64283828722762, 6.1629718611826645], [-75.64282575520758, 6.162995959105353], [-75.64280412536554, 6.163037208435742], [-75.64280067568599, 6.163042670590849], [-75.64279171109152, 6.16305206736841], [-75.6427806685603, 6.1630595605947125], [-75.64277255622468, 6.163063578614759], [-75.64275561642587, 6.163069480141749], [-75.64273421344203, 6.163074636272267], [-75.642720640684, 6.163077905705188], [-75.6427031268242, 6.163081339330755], [-75.64267677517374, 6.16308548306621], [-75.64267145741921, 6.163086001238644], [-75.64264471246295, 6.163088609147485], [-75.6426369588326, 6.163089364506751], [-75.64257954898092, 6.163092269139364], [-75.64252498644979, 6.163095028559341], [-75.64251870299873, 6.163095346301877], [-75.64248968139985, 6.163097331760119], [-75.64248945565693, 6.163097347344305], [-75.64246940872027, 6.1630987187478254], [-75.64245403606685, 6.163100781163839], [-75.64244483504626, 6.163102016512425], [-75.64243544648754, 6.163104233676866], [-75.6424349132751, 6.1631043601749065], [-75.64241618502807, 6.163112097631918], [-75.64239861969807, 6.1631228343585285], [-75.6423654213363, 6.163148176570655], [-75.64235783426328, 6.163154842633879], [-75.64235214576043, 6.1631598412683175], [-75.64233509696577, 6.163175841479771], [-75.64232587641823, 6.1631829857452685], [-75.642306972166, 6.163195312992611], [-75.64229747863499, 6.163200958805156], [-75.64229741829568, 6.163200995266077], [-75.64226807848533, 6.163218440515587], [-75.64224127926349, 6.16323308057865], [-75.64223711762776, 6.1632348604821585], [-75.64222730619113, 6.163239056882227], [-75.6422174965287, 6.1632408747375], [-75.64221069241465, 6.1632405703656525], [-75.64219736105727, 6.163237683869624], [-75.64217802155369, 6.1632312444451784], [-75.64215690779317, 6.1632242144375216], [-75.64214757662134, 6.163221785438888], [-75.64214640717302, 6.163221481151153], [-75.64213082447043, 6.1632174251370575], [-75.64211657560135, 6.163216225611429], [-75.64209730030949, 6.163216553527921], [-75.64208781369703, 6.1632153864382975], [-75.64207906443853, 6.163212997946875], [-75.64207035860359, 6.163210622800628], [-75.64206186067649, 6.163207548702356], [-75.64204953833831, 6.16320193603037], [-75.64204212652308, 6.1631980239229724], [-75.64200536537639, 6.16317861468978], [-75.64197149290575, 6.163160296774347], [-75.64196418475258, 6.1631567059906045], [-75.64194732012452, 6.163148418173524], [-75.64193461145098, 6.163143589410252], [-75.64192895237086, 6.163142489223566], [-75.64191745373967, 6.163143428581212], [-75.64189658672237, 6.16314774216952], [-75.6418669731481, 6.1631538629105656], [-75.6418417534811, 6.163156587073442], [-75.64183703679066, 6.163157001005289], [-75.64181924988755, 6.163158562782227], [-75.64180816364613, 6.163160879662467], [-75.64179728606712, 6.163164839961899], [-75.64179194513386, 6.163167611115898], [-75.64178693218487, 6.16317131361596], [-75.64178420783165, 6.163174221868247], [-75.64178165242713, 6.1631782322151825], [-75.64177995569537, 6.163180894897206], [-75.64177565148964, 6.163192377692294], [-75.64177480841468, 6.163195416744024], [-75.64177116545778, 6.163208551563192], [-75.6417683417478, 6.163216205629052], [-75.6417672544114, 6.1632188038148685], [-75.64175584535602, 6.163246053989159], [-75.64173953286101, 6.163285992307017], [-75.64173046100751, 6.163305843959842], [-75.64172381821255, 6.1633169631720905], [-75.64171218215338, 6.163329922458597], [-75.64170539821197, 6.1633353369559725], [-75.64170190536021, 6.163337372096896], [-75.64169430448013, 6.163341798909443], [-75.64168843136264, 6.1633441749229725], [-75.64168277179165, 6.163345713638057], [-75.64167100596781, 6.163346690478804], [-75.64165896965079, 6.163345394088381], [-75.6416509855808, 6.163343575863608], [-75.64164770671532, 6.163342490091209], [-75.64163565073282, 6.163338497941614], [-75.64162436064987, 6.163333941487916], [-75.64160515646428, 6.1633261905079895], [-75.64159020853285, 6.163319350494405], [-75.64156839843783, 6.163307595768896], [-75.64153735295147, 6.163284658612784], [-75.64153274743798, 6.163281255121713], [-75.64152241767316, 6.163273621965951], [-75.6415152159415, 6.163269815485588], [-75.64150871245708, 6.1632663762012], [-75.64150526376491, 6.163264923323992], [-75.64149928421368, 6.163262402661907], [-75.64147982088512, 6.163256313687367], [-75.64146253150055, 6.163253641162173], [-75.6414507735744, 6.163253476151813], [-75.64144293947051, 6.163254034812907], [-75.64143513984448, 6.1632553545072595], [-75.64142752974169, 6.16325664071644], [-75.64140967531712, 6.1632619003526], [-75.64140118056304, 6.163265673449317], [-75.64137450488317, 6.163287581374017], [-75.6413558506159, 6.163306989633088], [-75.64134635141015, 6.163316420690495], [-75.6413317457507, 6.163328731125799], [-75.6413117974281, 6.163344924693617], [-75.64130269394647, 6.163354191061409], [-75.64130097720557, 6.16335682672104], [-75.64129927210413, 6.163359441529982], [-75.6412996236596, 6.1633629456667265], [-75.64130030203765, 6.163369701834791], [-75.64130209810871, 6.163375977839582], [-75.6413040605644, 6.1633828379354885], [-75.6413095564325, 6.16339494566305], [-75.64131848470136, 6.163410872230438], [-75.64132142445182, 6.163418998566143], [-75.64132305569254, 6.163430662581002], [-75.64132303621217, 6.163436764968944], [-75.64132177658685, 6.163445982509043], [-75.64131884576084, 6.163454991363389], [-75.64131668664172, 6.163459316160702], [-75.64130891012871, 6.163470600103885], [-75.64130284866015, 6.163476897883462], [-75.6412983507005, 6.163480625853932], [-75.64129339192036, 6.163483776617129], [-75.64128810356713, 6.163487135135907], [-75.64126843083471, 6.163495864462272], [-75.6412552080126, 6.16349994486616], [-75.64122829189071, 6.163504847121486], [-75.64119275797177, 6.163507825800626], [-75.64117494805254, 6.163507114006977], [-75.6411576637121, 6.163503637755167], [-75.64114935093797, 6.163500560916197], [-75.64110591415182, 6.16347797444901], [-75.64109859853018, 6.163473970541978], [-75.64101828952647, 6.163437094907839], [-75.64100728200826, 6.163432141068099], [-75.6409826696695, 6.163421429006222], [-75.64097389887547, 6.163417610406004], [-75.64095707880367, 6.163411939539397], [-75.64094021923964, 6.163409057841842], [-75.64093178535983, 6.163409070715029], [-75.64092439502815, 6.163409865837578], [-75.64090958642433, 6.163412928907704], [-75.64089120833924, 6.163418971315782], [-75.6408651603205, 6.163427536050116], [-75.640838339107, 6.163437016795644], [-75.64082055839206, 6.1634433030450735], [-75.64080504365482, 6.163448787025162], [-75.64079646643151, 6.163451047155111], [-75.64077906267795, 6.163454106811855], [-75.64076146053968, 6.16345559170343], [-75.6407262691271, 6.163455684754491], [-75.64070150387268, 6.1634545960757245], [-75.6406990816421, 6.16345448874678], [-75.64068903463881, 6.163453434703336], [-75.64068548018925, 6.163453062676631], [-75.6406653684456, 6.1634490127911485], [-75.64064592815977, 6.1634417411816225], [-75.64063657437637, 6.16343656939877], [-75.64062047088987, 6.163425478843244], [-75.64059114375158, 6.163402053958424], [-75.64057582281397, 6.163388834115769], [-75.64055528129292, 6.163370945445314], [-75.64054330904628, 6.1633623349974265], [-75.64052549150374, 6.16335259724464], [-75.64051738552894, 6.163349326807068], [-75.64051165358248, 6.163347740590554], [-75.64050096757553, 6.163344783080932], [-75.64048857640276, 6.16334315030891], [-75.64047007772298, 6.16334362439138], [-75.64046095152487, 6.163345199258957], [-75.6404371919944, 6.163351123673574], [-75.64039242995712, 6.16336228442129], [-75.64035663781664, 6.163372229075945], [-75.64031078610256, 6.163384970062487], [-75.6402941143307, 6.163387548741248], [-75.64028275197433, 6.16338755532238], [-75.64027515664195, 6.1633868995574845], [-75.64026013536, 6.163384222081678], [-75.6402535695916, 6.163382434775986], [-75.64024098915922, 6.163377602620518], [-75.64022910734883, 6.16337120481491], [-75.64022156246729, 6.1633661397767705], [-75.64020730958339, 6.163354272500853], [-75.64020197917858, 6.163348584451541], [-75.6401966521581, 6.163340841493393], [-75.6401934004508, 6.163336115895139], [-75.64017877852791, 6.163309721555528], [-75.64016944119271, 6.163297465591287], [-75.64016620333054, 6.16329444314292], [-75.64015239067712, 6.16328154668887], [-75.64014319313063, 6.163274906856517], [-75.64012663062879, 6.163266340836769], [-75.64012463983445, 6.163266166275921], [-75.64011600884378, 6.163265409866325], [-75.6401040905902, 6.163267531043805], [-75.64010118909059, 6.1632680471646815], [-75.64009843831933, 6.16326981735184], [-75.64009094596913, 6.1632746413882895], [-75.64007247641528, 6.163292143885729], [-75.64004948239433, 6.163316418393817], [-75.6400373392635, 6.163327861379154], [-75.64003403080453, 6.163330654091136], [-75.64001509756113, 6.163346634667282], [-75.64000207511822, 6.1633576281790114], [-75.63998300513163, 6.1633715301308385], [-75.63996869179849, 6.163379947184151], [-75.63996085782944, 6.163384553229782], [-75.63994935656899, 6.163389897064586], [-75.6399430042062, 6.163392174183873], [-75.63993161142159, 6.163396256339377], [-75.63991333421752, 6.1634004196144305], [-75.6399040127789, 6.1634016039897475], [-75.63987624612474, 6.163403116611765], [-75.6398366881546, 6.163402648128062], [-75.63982410559602, 6.163402499825055], [-75.63982066659678, 6.16340245900442], [-75.63981065225843, 6.163401983369684], [-75.63979852193373, 6.163401407020674], [-75.63978746404784, 6.163399966516094], [-75.63978184684494, 6.163398568667773], [-75.63977127663165, 6.163393455326961], [-75.6397644252321, 6.163387793791856], [-75.63975897432537, 6.163380752978947], [-75.63975690598542, 6.163376770966477], [-75.63975368828832, 6.163368693903286], [-75.63974900310951, 6.1633524696307616], [-75.63974599035387, 6.163336152996422], [-75.63974360337598, 6.163317422175599], [-75.63974179997855, 6.163303269255996], [-75.63973985909942, 6.163277573275756], [-75.63973826359764, 6.163243175966014], [-75.63973571647553, 6.163226035248089], [-75.63973159568386, 6.1632134297800585], [-75.63972742305954, 6.163205502998033], [-75.639720318762, 6.163195826949107], [-75.6397184299166, 6.163193253451909], [-75.63970569337138, 6.163183155090913], [-75.63970304811683, 6.163181056347974], [-75.63969171074065, 6.163176799317746], [-75.63968892979071, 6.16317575536263], [-75.63968606150553, 6.163175681879751], [-75.63967444020328, 6.163175383257735], [-75.63966436351025, 6.163177275619463], [-75.63965657631852, 6.163178738066481], [-75.63964465811276, 6.163182696251533], [-75.63963273034123, 6.16318764260431], [-75.63962164631324, 6.163192239432146], [-75.63960439792447, 6.163198955139659], [-75.63959651540871, 6.163203243196991], [-75.6395902330753, 6.163209269941069], [-75.63958667012349, 6.163215398027456], [-75.63958620433414, 6.163217834022462], [-75.63958440819717, 6.163227248598293], [-75.63958384375516, 6.163246266160625], [-75.63958291932725, 6.16325568907481], [-75.63958220839947, 6.163260063651384], [-75.6395770129557, 6.163293901554096], [-75.63957408753927, 6.163306568147852], [-75.63956340303784, 6.163352864757873], [-75.6395275548985, 6.16335551219351], [-75.63948104519783, 6.1633508309182234], [-75.63947541896083, 6.163337012443602], [-75.63938939702899, 6.163321386348631], [-75.63927368972661, 6.163304506009718], [-75.63922204291, 6.163294132976042], [-75.63915800602174, 6.163296234743476], [-75.63904512071402, 6.163264038509556], [-75.6389686604511, 6.163267132045896], [-75.63885973177919, 6.1632808443638964], [-75.63873832010762, 6.163315281334373], [-75.63863810651814, 6.1633675938610075], [-75.63856713522499, 6.163408460099853], [-75.63844053453107, 6.163426170760681], [-75.6383044445997, 6.163467226533763], [-75.63824206240446, 6.163463104695708], [-75.6381818177783, 6.163454312815974], [-75.63815237893007, 6.163438613373295], [-75.63811102509806, 6.163393173775302], [-75.63805285146196, 6.163357468132593], [-75.63797500861882, 6.163336889617735], [-75.63789613376494, 6.16333102140418], [-75.63781164915227, 6.163368578758512], [-75.63774754751229, 6.163389215427947], [-75.63760307179564, 6.163382103406053], [-75.63745931678389, 6.163376067206598], [-75.63730412699542, 6.163382261449086], [-75.63720486470649, 6.163391879099646], [-75.63711963135869, 6.163417957783812], [-75.63695781453742, 6.163487312475471], [-75.6369132060414, 6.1635195364847], [-75.63681595862997, 6.163586870178438], [-75.63679125516289, 6.163603787806951], [-75.63673289414699, 6.163647717658701], [-75.63670180896818, 6.163656774541521], [-75.63667479986879, 6.16366464412766], [-75.63664745167807, 6.16366201941091], [-75.63664523855383, 6.163642623196529], [-75.6366432359999, 6.163625076523238], [-75.63664212470523, 6.163615334593128], [-75.63659318455626, 6.163623898524401], [-75.63655912295224, 6.163650672264001], [-75.6365561828721, 6.16365325520919], [-75.63654667851239, 6.16365234304768], [-75.63653037679524, 6.163650123821093], [-75.63639535408608, 6.163631739168449], [-75.63633425409455, 6.163633578376073], [-75.63633585502002, 6.163638577065414], [-75.63633086699004, 6.16363837663872], [-75.63632270916672, 6.163638874451477], [-75.63632413639438, 6.163663202519531], [-75.63632528202166, 6.163688490270444], [-75.63632492516028, 6.163811541836895], [-75.63633526839723, 6.164013719579833], [-75.63633679375432, 6.164045841852135], [-75.63635267337573, 6.164164661688011], [-75.63635516214157, 6.164166167266785], [-75.63636196708285, 6.164220569860141], [-75.63640009581725, 6.164239789250692], [-75.63648467373949, 6.164234586484046], [-75.63659791264426, 6.164221280828504], [-75.63667735111291, 6.1642007744563605], [-75.63679971745314, 6.16414573801136], [-75.63687767406103, 6.164098452058702], [-75.6369606150098, 6.164039654618279], [-75.63703370396081, 6.163975588336393], [-75.63716314994718, 6.163930932318718], [-75.63737810586201, 6.163939375228515], [-75.63756904606429, 6.1639399515042985], [-75.63769509983783, 6.163928868542851], [-75.63781164800727, 6.163904380416843], [-75.63809250412282, 6.163845996079311], [-75.63823577351641, 6.163825412127593], [-75.6384301423473, 6.16380569339836], [-75.63860227918326, 6.163774217306495], [-75.6387302082124, 6.163771395945619], [-75.63882586061736, 6.163774874689101], [-75.63898859569977, 6.163795402315262], [-75.63911785509553, 6.163812646775424], [-75.63920109255689, 6.16381864413668], [-75.63924339436025, 6.163845883193618], [-75.63926708933288, 6.16388187155031], [-75.6393819932139, 6.164122741892784], [-75.63946929537448, 6.164258016397546], [-75.63951538077995, 6.164306377745473], [-75.63957263298535, 6.164350982600129], [-75.63961243201081, 6.1643707674995305], [-75.63968324609536, 6.164375554310619], [-75.63988117107924, 6.164307449196676], [-75.64015730671947, 6.164213944262741], [-75.64029261994186, 6.164184996992284], [-75.64033611252641, 6.164191097999598], [-75.6403833789344, 6.164217079208001], [-75.64048793560193, 6.1643000964537], [-75.64058310343513, 6.164378888595428], [-75.6407024221942, 6.164422045642792], [-75.64087341758389, 6.164464423043909], [-75.64092794962663, 6.164468417990542], [-75.64107564190047, 6.164373141865062], [-75.64115623477866, 6.164318232124903], [-75.64124560843223, 6.164295620991935], [-75.64133254683848, 6.164292905445632], [-75.64144687299236, 6.164312496058063], [-75.64159104846003, 6.164335437282534], [-75.6417364186634, 6.164348098995302], [-75.64187894212633, 6.164359385268728], [-75.64201370479796, 6.164360682348382], [-75.64214905149942, 6.1643529631928144], [-75.64238144635446, 6.16432142751604], [-75.64249033395969, 6.164324086834249]]]}, "properties": {"OBJECTID": 37, "NOM_BARRIO": "SAN ANDRES", "BARRIO": "020", "PK_BARRIO": "3801001020", "MUNICIPIO": "380", "SECTOR": "1", "CORREGIMIENTO": "001", "CREATED_US": " ", "CREATED_DA": null, "LAST_EDITE": " ", "LAST_EDI_1": null, "SE_ANNO_CAD_DATA": null, "SHAPE.AREA": 0, "SHAPE.LEN": 0, "nombre_barrio_estandarizado": "SAN ANDRES", "municipio_estandarizado": "la-estrella"}}, {"type": "Feature", "geometry": {"type": "Polygon", "coordinates": [[[-75.64192619902575, 6.148290518432123], [-75.64186340647198, 6.148298012552158], [-75.64192605133968, 6.147853579743292], [-75.64192611853633, 6.147853102980197], [-75.64193714578461, 6.1477748676920125], [-75.6419439596962, 6.1477265219250565], [-75.64189808920983, 6.147744165189237], [-75.64182306982657, 6.147781209640271], [-75.64177659401079, 6.147806143384158], [-75.64172102572434, 6.147835956013509], [-75.64167628200775, 6.147858810022977], [-75.64164100956513, 6.147880697777792], [-75.64156902084157, 6.147918349202065], [-75.64154513571356, 6.147931634716099], [-75.64153470196096, 6.147937438743341], [-75.64152354217471, 6.147943645948149], [-75.6415163477384, 6.147965966197958], [-75.6415086995793, 6.147989691767169], [-75.64146840654398, 6.14801408413702], [-75.64144491713188, 6.148028304281506], [-75.64139906710491, 6.14804772476884], [-75.64137481842465, 6.148057995283983], [-75.64135761215401, 6.1480652828866615], [-75.64134570318511, 6.148086600362405], [-75.64133883140836, 6.148098898599235], [-75.64132144600028, 6.14810942085124], [-75.64128513438052, 6.148122262449795], [-75.64124141815203, 6.148137723514997], [-75.64122650356998, 6.148143391489272], [-75.64121363464074, 6.1481482827186], [-75.64119802134572, 6.148154216320059], [-75.64118351517753, 6.148159730394592], [-75.64115872937313, 6.148169151950632], [-75.64112189335896, 6.1481727441510845], [-75.64109338977639, 6.148163689161712], [-75.64107264439811, 6.148178816948749], [-75.64106147480967, 6.148197497288424], [-75.64098406435888, 6.148222649046455], [-75.64094196144495, 6.148258631144572], [-75.64091433700918, 6.148284037567483], [-75.64090243014967, 6.1482949901693225], [-75.6408665926967, 6.14829904571386], [-75.64082556612983, 6.148314649856837], [-75.6408023365861, 6.148310156799307], [-75.64078814190721, 6.148307410884973], [-75.64076545576927, 6.148298819819653], [-75.64074469375696, 6.148298319473918], [-75.64073892939275, 6.148298180725836], [-75.640702371442, 6.148299004248669], [-75.64067875040729, 6.14831127138476], [-75.64065085782687, 6.148333595431886], [-75.64063293614737, 6.148351863459018], [-75.64059907179481, 6.148407794131047], [-75.64057312301955, 6.148450068053025], [-75.640548912574, 6.148489508243328], [-75.64054038095632, 6.148483030457078], [-75.64052097129341, 6.148468291956814], [-75.64047020332212, 6.148451918477767], [-75.64036790073501, 6.148407501367749], [-75.64030540187005, 6.148377155997248], [-75.64025597185346, 6.14834508618785], [-75.64018596552607, 6.148318116544848], [-75.64015946326509, 6.148307906184981], [-75.64012925900019, 6.148294125066115], [-75.64009287869469, 6.148285190317544], [-75.64003255809902, 6.148359655381864], [-75.63999407878049, 6.148439170965859], [-75.63997832179724, 6.148489214487537], [-75.63997285419708, 6.1485358567613195], [-75.63997210572046, 6.148572716548302], [-75.63995798331119, 6.148604206422403], [-75.63995036951493, 6.148621182235511], [-75.63993398175705, 6.148644073187239], [-75.6399134823338, 6.14866183140864], [-75.639899829785, 6.148677612994647], [-75.63988085193724, 6.148689613067147], [-75.63984482753521, 6.148714005965005], [-75.63982160597158, 6.148731455800433], [-75.63979759156065, 6.148744921813383], [-75.63977992969, 6.148752149256232], [-75.63976147101742, 6.148759716941657], [-75.63974938008127, 6.1487646748175315], [-75.63972073154113, 6.148773846920033], [-75.63970578647852, 6.148776825483543], [-75.63963885403594, 6.148790165504666], [-75.6395646638139, 6.1487849958141805], [-75.63952651263834, 6.148773957940654], [-75.63949356283372, 6.148783142250351], [-75.6394686987425, 6.148778910349412], [-75.63946220219593, 6.148777382074947], [-75.63944861226223, 6.148774185636277], [-75.6394129707266, 6.1487681699765115], [-75.63938345991652, 6.148762034515556], [-75.63934583348131, 6.148754098523978], [-75.6392954197378, 6.148742158423496], [-75.63926164839147, 6.148730739977157], [-75.63919486586049, 6.148725769578905], [-75.63916731316276, 6.14874304100383], [-75.63910657914052, 6.148774569553603], [-75.63906395505506, 6.1487858773328075], [-75.63902743089294, 6.148784228929267], [-75.63898505734404, 6.14878223786394], [-75.63895253762759, 6.1487751571490685], [-75.63891235682932, 6.148762838277964], [-75.63888534328247, 6.148754822689988], [-75.63883916512526, 6.148765450994458], [-75.63879927722078, 6.148771859773987], [-75.63874674898658, 6.148763592352489], [-75.63872319702767, 6.148761498326564], [-75.63869699166317, 6.148757830809494], [-75.63866037809531, 6.1487527076704405], [-75.63863095672241, 6.1487485913594755], [-75.6385851623144, 6.148723298211465], [-75.63855383676857, 6.1486929703659845], [-75.63851997544755, 6.148638582119362], [-75.63850686189326, 6.148619158393396], [-75.63849414045613, 6.1486111110472805], [-75.63848066153281, 6.148602584682464], [-75.638470200778, 6.148595967215955], [-75.63844436738486, 6.148579625837213], [-75.63841661001456, 6.148570237031558], [-75.6383861256711, 6.1485599251038945], [-75.63836092246284, 6.148551400601319], [-75.63832206851002, 6.148546580505668], [-75.63829889929725, 6.1485437052781], [-75.63825777542122, 6.148537962510955], [-75.63822728994917, 6.148533466304172], [-75.6382017660696, 6.148529701369459], [-75.63818361594706, 6.148523464510902], [-75.63816941161544, 6.1485185823108655], [-75.63814310297559, 6.148509539813421], [-75.63807351116756, 6.148479264425518], [-75.6380400382848, 6.148461876802253], [-75.63803768740698, 6.148460656199207], [-75.6380182482717, 6.148450559095492], [-75.63797616244791, 6.148428699201925], [-75.63793450928392, 6.148402991355012], [-75.63791344043177, 6.148389181241525], [-75.63788663250503, 6.1483739520937135], [-75.6378639683217, 6.148359189759503], [-75.63780161306919, 6.148349357936954], [-75.63777122550884, 6.148344567399322], [-75.63770436839283, 6.148339494998844], [-75.63769143349059, 6.148338347456024], [-75.63759282586913, 6.148264369939255], [-75.63760588779023, 6.14831601959247], [-75.63761272319283, 6.148343043940499], [-75.63761717637476, 6.148360657178698], [-75.63761801099184, 6.148363956441925], [-75.63761753817363, 6.148367536991806], [-75.63762019049314, 6.148417994985735], [-75.63760544812914, 6.148511016397903], [-75.637578814935, 6.148640065822146], [-75.63757605421262, 6.148655199629364], [-75.63756404052447, 6.148721089798733], [-75.63755226309698, 6.14880210711215], [-75.6375435307272, 6.148901113469368], [-75.63753771311056, 6.148992044051905], [-75.6375337836523, 6.149113639599271], [-75.63750903523356, 6.149197000982994], [-75.63736065502127, 6.149504285063719], [-75.63732524372503, 6.1495816293518395], [-75.63726823726601, 6.149699465857318], [-75.63721572381303, 6.149883298170132], [-75.63718604555794, 6.150031190349502], [-75.63716343177248, 6.15014318592614], [-75.63714083018444, 6.1502594874187215], [-75.63712540295583, 6.150377202666285], [-75.63712563786179, 6.15050325451959], [-75.63714877338083, 6.150512648106497], [-75.63716747869118, 6.150529612362039], [-75.63721106683124, 6.150552386969202], [-75.6372335344513, 6.1505591368019035], [-75.63725863092947, 6.1505683416950525], [-75.63729263579103, 6.1505715837919315], [-75.63729359825062, 6.150571682099153], [-75.63732185392298, 6.150574573796702], [-75.637322443148, 6.150574634169442], [-75.63733682865758, 6.150573015383707], [-75.63738915994759, 6.1505671255813725], [-75.63742188867158, 6.150563442650441], [-75.63750804778324, 6.150545960399199], [-75.63755093491696, 6.150540145261282], [-75.63756715208628, 6.150537946064476], [-75.63759875081638, 6.150540123309102], [-75.6376064627618, 6.150548160151969], [-75.63761852912735, 6.150560733684057], [-75.63763359623161, 6.150576441184275], [-75.63764779218161, 6.150596278149872], [-75.63766992833678, 6.15062721102416], [-75.63767216274933, 6.1506299057956095], [-75.63768659692494, 6.150647313314188], [-75.6376922034023, 6.150654075002679], [-75.63770065843906, 6.150655091869986], [-75.63771266268631, 6.150656534185342], [-75.63771535057796, 6.150656856307276], [-75.63771721602131, 6.150657081239238], [-75.63772955038775, 6.150656778922426], [-75.63772988094705, 6.150656771865066], [-75.63776685966693, 6.150655866841493], [-75.63780362520002, 6.150656423807029], [-75.63780756914056, 6.150656483877894], [-75.6378132441589, 6.150658461918325], [-75.6378347055382, 6.150665942640846], [-75.63784812669977, 6.150670619861422], [-75.63786494364433, 6.15067648087719], [-75.63789662563416, 6.150710006386357], [-75.63790755034769, 6.150733214416242], [-75.63791636640265, 6.150751937043532], [-75.6379232207986, 6.150766493574499], [-75.63793090462188, 6.150803805363378], [-75.63793633233476, 6.150830177590657], [-75.63793647758587, 6.150830874796429], [-75.63793726587633, 6.150832287541511], [-75.637943757955, 6.150843891439627], [-75.63795524941968, 6.150864433346869], [-75.63797579518665, 6.150867943493547], [-75.63797582321386, 6.1508679487793465], [-75.63798111896884, 6.1508688492599], [-75.63799579214239, 6.15087134605745], [-75.63806054742237, 6.1508824089346446], [-75.63815508943956, 6.150894538749536], [-75.63820483664159, 6.150898202925118], [-75.63823433504317, 6.150890807616091], [-75.6382505742112, 6.150876039339107], [-75.63826243144221, 6.1508652569559565], [-75.63827777418001, 6.150849676755296], [-75.63827799078621, 6.150849457809911], [-75.63829196023048, 6.150835274817669], [-75.63832395421665, 6.150815586617418], [-75.6383872261254, 6.150813975737492], [-75.6385446818399, 6.150825129199466], [-75.63855061420308, 6.150826723547051], [-75.63863303143624, 6.150848870354293], [-75.6386432328561, 6.150851611628558], [-75.63865038544743, 6.150855020691556], [-75.63865174624672, 6.150855668494982], [-75.63875900881857, 6.150906781952077], [-75.63884036047342, 6.150984266979982], [-75.63891760708687, 6.151079378556873], [-75.63900421482184, 6.151198769883819], [-75.63902635388575, 6.151277131562805], [-75.63904533072754, 6.1513209173918035], [-75.639066293878, 6.151369285044599], [-75.63907121669376, 6.1513806399244535], [-75.63912100672147, 6.1514352584726115], [-75.63912956751196, 6.151439766210003], [-75.639134836389, 6.151442540894117], [-75.63914846441936, 6.151443374854591], [-75.63916029622231, 6.151444099264829], [-75.63917319001543, 6.151438916818699], [-75.63919842688158, 6.151424214328352], [-75.63921926300276, 6.1514182874614045], [-75.63924924692277, 6.151424532632339], [-75.63925727356877, 6.151429708385114], [-75.63928315493699, 6.151446399282473], [-75.63929732772267, 6.1514518267102085], [-75.6393309547181, 6.1514647040184425], [-75.63933696351414, 6.151465495183472], [-75.63950441720631, 6.151487560383955], [-75.63953351567876, 6.151487715748053], [-75.63955686383939, 6.151487842588045], [-75.63956092411141, 6.151487864098151], [-75.63957988618299, 6.1514942442044065], [-75.63958556267742, 6.151496153504648], [-75.63958910030995, 6.151497343816425], [-75.63967602653878, 6.151526590168504], [-75.63968436037801, 6.151529220411785], [-75.63971945349405, 6.151540292295029], [-75.63972743178867, 6.151542808577842], [-75.63974210950552, 6.151546041185747], [-75.63976229498363, 6.1515504869069675], [-75.63977601862062, 6.151550378362572], [-75.63979632407349, 6.1515502173819465], [-75.6398065602152, 6.151548096502288], [-75.63980416685267, 6.151559864533022], [-75.63979277941618, 6.151615854985741], [-75.63975862844411, 6.151626018075056], [-75.63972307495649, 6.151636598534292], [-75.63970955914662, 6.1516480680835555], [-75.63970798368662, 6.151658280729864], [-75.63970825824944, 6.1516591897451285], [-75.63970826200598, 6.1516604996872255], [-75.63970850306495, 6.151753248050298], [-75.63970851059699, 6.151756237688639], [-75.63970854117682, 6.151767738793237], [-75.63971497601344, 6.151898930858419], [-75.63971500613643, 6.151899543651714], [-75.63979421912292, 6.152045085515283], [-75.63979447072494, 6.152045551662056], [-75.63983403078242, 6.152178345492535], [-75.63987994796129, 6.152342224178057], [-75.63990745803342, 6.1524108831913304], [-75.63997161678701, 6.152445441188555], [-75.64008521700431, 6.15249709238907], [-75.64009151917591, 6.152498941629004], [-75.64017555325341, 6.152523598730068], [-75.64028250177043, 6.152585475873881], [-75.64036550578511, 6.152673164371949], [-75.6404110426092, 6.152720285700109], [-75.64041610416764, 6.152725522196928], [-75.64045391385403, 6.152755507619285], [-75.6404845526606, 6.152769973531371], [-75.64051520557878, 6.152790039923936], [-75.6405480949504, 6.152802601628395], [-75.64058619885913, 6.152806748907439], [-75.64062222665385, 6.152810629817666], [-75.64066384257067, 6.15281187491074], [-75.6406987758494, 6.152811964246273], [-75.6407520017678, 6.152813280263962], [-75.64083093591303, 6.1528152320875344], [-75.64086724166901, 6.152823087589355], [-75.64093745476967, 6.1528510005774635], [-75.64098012963679, 6.152876998544843], [-75.64102189861157, 6.152901915233266], [-75.64106283433397, 6.152919244785652], [-75.64109055666795, 6.152924050913151], [-75.64112649062352, 6.152926124161506], [-75.64115181905285, 6.152912777184394], [-75.64117605133018, 6.152892748420927], [-75.64120161805197, 6.152866751790328], [-75.64122709623352, 6.1528411172151065], [-75.64126062520252, 6.152821333545983], [-75.64130744941427, 6.152812176202386], [-75.64134762544946, 6.15281487212428], [-75.64136284921045, 6.15282020567513], [-75.64141800765057, 6.152839533261935], [-75.64149763957766, 6.15287997840731], [-75.64153579667023, 6.1528959900138265], [-75.64153615962495, 6.152896141000761], [-75.64162153245286, 6.152931964262796], [-75.6416552330053, 6.15294362053803], [-75.64170991494743, 6.152929761210327], [-75.64176107874319, 6.152937852282555], [-75.64178642143577, 6.152946043134227], [-75.64182140378362, 6.152957346803858], [-75.64187083516265, 6.153001091048383], [-75.64188956799217, 6.153048077265385], [-75.64190126380568, 6.153055277931377], [-75.64192609601469, 6.1530705680376805], [-75.64198248026656, 6.153092283384022], [-75.64203692613434, 6.153098283395532], [-75.64209776119637, 6.153095776369075], [-75.64215010661012, 6.153092747242202], [-75.64220390561815, 6.1530930576805885], [-75.64224044529136, 6.153085372322614], [-75.6424452444525, 6.153145585559485], [-75.64254623606148, 6.153175277828612], [-75.6425936069613, 6.1532018056440485], [-75.64263445855339, 6.153221662259371], [-75.64267745229279, 6.153232302398514], [-75.64273402167382, 6.153254919866593], [-75.64277425691655, 6.153281105103952], [-75.6428227453142, 6.153321000854952], [-75.64287630249494, 6.153365944078346], [-75.64292678774335, 6.15341035103989], [-75.64297511187426, 6.153456480047843], [-75.64300132871693, 6.1535064621743], [-75.64301115034674, 6.153526648709201], [-75.64301939054712, 6.153543584003628], [-75.64302918752306, 6.153563716417172], [-75.64303109654274, 6.153567638642023], [-75.6430399942467, 6.153621280216647], [-75.64304011545974, 6.153667536743378], [-75.64304950240658, 6.153702476684863], [-75.64307315400131, 6.153736563978573], [-75.64310625948522, 6.15376249609137], [-75.64312844285921, 6.153788277080525], [-75.64315495737127, 6.153813324230222], [-75.64316118472274, 6.153819220285705], [-75.64318246676046, 6.153839361800106], [-75.6432092022187, 6.153846982439639], [-75.6432160712858, 6.1538489400203975], [-75.64325626505125, 6.153858321063966], [-75.64329317969253, 6.153856868938494], [-75.64333137879052, 6.1538630920927915], [-75.6433582041375, 6.153872268134385], [-75.64337384170292, 6.153877617637295], [-75.64341103482494, 6.1539127534125475], [-75.64344041002961, 6.153961553630386], [-75.64345064512261, 6.153981870088272], [-75.64346345721495, 6.154007297889063], [-75.64347241982621, 6.1540123152204345], [-75.64349799157958, 6.154026631514543], [-75.64354325586521, 6.154042503743265], [-75.64354509069406, 6.154042564264772], [-75.64359381170675, 6.1540441770890455], [-75.64365086859368, 6.154048093695616], [-75.6436736710222, 6.154048180520813], [-75.64372091714016, 6.154048360501608], [-75.6437795932816, 6.154048930445615], [-75.64383231772665, 6.154052404723349], [-75.64384397504485, 6.154060763594038], [-75.64386029710178, 6.154072466907381], [-75.6438863680269, 6.154093288899291], [-75.64391756448491, 6.1541439604505825], [-75.64394605895312, 6.154073856396084], [-75.64407044010137, 6.153595751624237], [-75.64408343093858, 6.153550848611588], [-75.64424608792108, 6.1530866564073685], [-75.64429163983027, 6.1530051058718955], [-75.6443819030174, 6.152887180296699], [-75.64445647584915, 6.152845636253371], [-75.64456122366559, 6.15279764966064], [-75.64461939923808, 6.152769735715428], [-75.64466120411582, 6.152749677637371], [-75.64475634576365, 6.152674678865528], [-75.64484663768096, 6.152567889111225], [-75.64505568262973, 6.152300158454999], [-75.64519711878094, 6.152159400862521], [-75.64533873026406, 6.151961713150328], [-75.64546991611365, 6.151820050778863], [-75.64564288839554, 6.1516750912999845], [-75.64570878822387, 6.151614090930238], [-75.645711369523, 6.151618611899295], [-75.64571788587598, 6.151611176417099], [-75.64573099011378, 6.15159798390104], [-75.64570320915553, 6.151572538149273], [-75.64569966845892, 6.151564520586633], [-75.64563366201973, 6.151557415598629], [-75.64562190637658, 6.151529535394139], [-75.6455928417214, 6.151503871792633], [-75.64558416478579, 6.151471872888901], [-75.64558405345034, 6.151471460294171], [-75.64558112034555, 6.151460642617497], [-75.64557770841778, 6.151458386768528], [-75.6455661912144, 6.151450767637397], [-75.64556259713248, 6.151448390645511], [-75.64554273089657, 6.151435250328041], [-75.64553874622754, 6.151432614003835], [-75.64551038822205, 6.151397149805192], [-75.64547668411147, 6.151371236162752], [-75.64546892999131, 6.151359804122118], [-75.64545221067685, 6.151335153329086], [-75.64544126886297, 6.151322971361561], [-75.6454181400133, 6.15129722137324], [-75.64536073107925, 6.151252189911107], [-75.64530157556497, 6.151229134376506], [-75.6452489596175, 6.151213743432387], [-75.64520357813716, 6.151221051451964], [-75.64517788959768, 6.151220528729199], [-75.64514861197301, 6.151218821414041], [-75.64514108410378, 6.151216241514759], [-75.645124392502, 6.151210521179371], [-75.64511510556332, 6.151201280886492], [-75.64510522683516, 6.151193835334258], [-75.6451012453717, 6.151184724249103], [-75.6450981575981, 6.151174591690066], [-75.64509563173203, 6.151160823007003], [-75.64509327382946, 6.151138827624514], [-75.64509361778609, 6.151126006621918], [-75.64509348951798, 6.151124361903209], [-75.64509163214358, 6.151100564999498], [-75.64509052377137, 6.151077173915231], [-75.64508898299815, 6.151044703883421], [-75.6450626383364, 6.151015617616475], [-75.64503642532998, 6.150988860407953], [-75.64503506356844, 6.1509874704115175], [-75.64500761066095, 6.150984327466201], [-75.6449839843205, 6.150981623910262], [-75.64494921868246, 6.150975933441895], [-75.64491523839689, 6.150966492734625], [-75.6448736064718, 6.150948439163292], [-75.6448482425807, 6.150937032869431], [-75.64483052006312, 6.15092321380347], [-75.64479653556673, 6.150905615041078], [-75.6447773825214, 6.1508927559181625], [-75.64476156598323, 6.150877496309707], [-75.64475217416563, 6.150850515623398], [-75.6447491375971, 6.1508149349535515], [-75.64473527536666, 6.150790472468452], [-75.64466698712279, 6.150750622496182], [-75.64465885825373, 6.1507494350745056], [-75.64465884823646, 6.150750331932902], [-75.64465883592716, 6.150749851948052], [-75.6446587664406, 6.150749864948822], [-75.64460818987976, 6.150758725563575], [-75.64453474694909, 6.150785043467968], [-75.64447761124715, 6.150786846166269], [-75.64443054977092, 6.150793620005618], [-75.64438014984228, 6.150792902313514], [-75.64433741282257, 6.1507851756002525], [-75.64431572073319, 6.150760442693972], [-75.64429990427621, 6.150749033376276], [-75.6443030454705, 6.150709321362081], [-75.6443137327193, 6.150699801309392], [-75.64432889694373, 6.1506821471200634], [-75.64432901601515, 6.150681749656175], [-75.64436261663104, 6.150682363425875], [-75.6443640867547, 6.15068228653338], [-75.64438610061327, 6.150680024979025], [-75.64440781828516, 6.150675770575741], [-75.64443978940922, 6.150665603582919], [-75.64445228596398, 6.150663955999111], [-75.64448629971359, 6.150648016528162], [-75.64451733666412, 6.150626848361241], [-75.64454459920849, 6.150600993354273], [-75.64456738969943, 6.150571114913493], [-75.64458512300094, 6.150537978948401], [-75.64459734536219, 6.150502434793295], [-75.64459801147126, 6.150499777229111], [-75.64460280392954, 6.150489319048234], [-75.64460933825293, 6.15047985210918], [-75.64461741534454, 6.150471664883156], [-75.6446267898414, 6.150465005388659], [-75.64463717731795, 6.15046007663559], [-75.64464826237057, 6.150457027544828], [-75.64465970854404, 6.150455951090977], [-75.64467116643846, 6.15045687974204], [-75.64468228997185, 6.1504597862828545], [-75.64468889011586, 6.1504634484064304], [-75.64475384633845, 6.150499490802438], [-75.64477809681333, 6.150508953513432], [-75.64489823939465, 6.150409107334207], [-75.64505287511784, 6.150337860469411], [-75.64485946804841, 6.150225542214444], [-75.64470994997971, 6.150086308329888], [-75.64441139018545, 6.149970470487027], [-75.64422180180486, 6.14985622725492], [-75.64390602054168, 6.149734700192013], [-75.64355778648255, 6.1496285738778536], [-75.64369039241458, 6.149214906782493], [-75.64375650574645, 6.148943019795513], [-75.64388277217007, 6.148322731974569], [-75.64369522382943, 6.148252488721952], [-75.64355950725351, 6.148256712439105], [-75.64345068934946, 6.148306778053751], [-75.64329041960039, 6.148412480819068], [-75.64320632856764, 6.148420380644369], [-75.64313378189586, 6.148453119747232], [-75.64303841186695, 6.14852610584419], [-75.6430020956283, 6.148528125286036], [-75.6429463731247, 6.148430709305535], [-75.64288708986804, 6.1484232297035355], [-75.64283744283509, 6.148442508175921], [-75.64279923194525, 6.14845027312671], [-75.64259829122715, 6.148376241779279], [-75.64233444401377, 6.148363621280431], [-75.64215066924572, 6.148276146660817], [-75.64201112996395, 6.148280381668669], [-75.64192619902575, 6.148290518432123]]]}, "properties": {"OBJECTID": 38, "NOM_BARRIO": "QUEBRADA GRANDE", "BARRIO": "003", "PK_BARRIO": "3801001003", "MUNICIPIO": "380", "SECTOR": "1", "CORREGIMIENTO": "001", "CREATED_US": " ", "CREATED_DA": null, "LAST_EDITE": " ", "LAST_EDI_1": null, "SE_ANNO_CAD_DATA": null, "SHAPE.AREA": 0, "SHAPE.LEN": 0, "nombre_barrio_estandarizado": "QUEBRADA GRANDE", "municipio_estandarizado": "la-estrella"}}, {"type": "Feature", "geometry": {"type": "Polygon", "coordinates": [[[-75.63588785466409, 6.158941475360281], [-75.63609206606823, 6.159117382383223], [-75.63628533916373, 6.159254914129913], [-75.63649988806569, 6.159410906963007], [-75.63668183893842, 6.15959897371402], [-75.63684476786241, 6.159801872195037], [-75.63720155931762, 6.16005118363104], [-75.63722699062393, 6.160166492771182], [-75.63724152073547, 6.160319206501827], [-75.63725950958543, 6.1604393764400625], [-75.63737782606934, 6.160419892907101], [-75.63767297576372, 6.160338796090402], [-75.63855253194575, 6.160145068495345], [-75.63898743027612, 6.1600962264133665], [-75.63946812160917, 6.160060863505712], [-75.6394923617394, 6.159902922621679], [-75.63964460746185, 6.158910957290637], [-75.63964819266971, 6.158887584456766], [-75.63961354970361, 6.158877053876963], [-75.63934101587334, 6.158812462850992], [-75.63932852091573, 6.158851591183548], [-75.6393015898046, 6.158842094604051], [-75.6392782627173, 6.158833868447498], [-75.63921505427965, 6.158811579286959], [-75.63918853869144, 6.158804279280329], [-75.63915844940038, 6.158795995278494], [-75.6391501985021, 6.158793724473705], [-75.63919238038253, 6.158729889018892], [-75.6392243843919, 6.158681458237502], [-75.63923518570145, 6.158661521214764], [-75.63928105394955, 6.158576869966068], [-75.63928884681894, 6.1585624923408675], [-75.63929200389612, 6.158556669131201], [-75.6393482115686, 6.158452935663672], [-75.63935555237563, 6.158439386573347], [-75.63935974420507, 6.158432385696289], [-75.63938752463163, 6.158381792555554], [-75.639389211402, 6.1583791226991265], [-75.63939008615087, 6.158377736989183], [-75.63939048589245, 6.158377105795523], [-75.6394002955426, 6.158361585420812], [-75.63946564154675, 6.158241203947512], [-75.6394941640837, 6.15818870864252], [-75.63952226416349, 6.158137001044062], [-75.63954458523911, 6.158095925589447], [-75.6395493222975, 6.158087209753867], [-75.63956006503453, 6.15806730466587], [-75.63956158398271, 6.158064490089142], [-75.63957849828824, 6.158033149931738], [-75.6395836736419, 6.158023562236028], [-75.63959027839994, 6.15801131861467], [-75.6396098099255, 6.157975131577092], [-75.6396229863678, 6.1579507150139206], [-75.63960921035151, 6.157944461217691], [-75.63954045066468, 6.157913244067746], [-75.63949417693648, 6.157892236186887], [-75.63940557933776, 6.157852015277356], [-75.63939360451784, 6.157846140393992], [-75.63928347301383, 6.157796803871454], [-75.63931168358975, 6.1577440551812765], [-75.6393397008147, 6.157691662738349], [-75.63936754351855, 6.157639598424062], [-75.63938043945019, 6.1576152619056295], [-75.63938186954911, 6.157612563486963], [-75.6393914828602, 6.157594417839727], [-75.63939527556732, 6.157587259828587], [-75.63941512600101, 6.157549801037632], [-75.63942306582334, 6.1575348196928115], [-75.6394506528732, 6.15748275212583], [-75.63946843530184, 6.157448867314619], [-75.63946849257391, 6.157448758545819], [-75.63947801913301, 6.157430606096377], [-75.63950538718662, 6.157378458250732], [-75.63950994252372, 6.157370075101469], [-75.63952845636216, 6.1573359597563515], [-75.63954430697055, 6.1573436343970975], [-75.63956026169424, 6.157351357340304], [-75.63956064016413, 6.157351539892312], [-75.63957861673748, 6.157360242757157], [-75.639581465155, 6.157355570118166], [-75.63959494835716, 6.157333459164707], [-75.63959804766573, 6.157328376655887], [-75.63961385157066, 6.157302466270304], [-75.6396239769889, 6.157305885880575], [-75.63963056380061, 6.157308109776185], [-75.6398260293234, 6.157374117563113], [-75.63982517199882, 6.1574035249465755], [-75.63983223365369, 6.157416294878492], [-75.63984848603663, 6.157445685376789], [-75.63985355987998, 6.157454858010041], [-75.63988707876474, 6.157466423882161], [-75.6398912589241, 6.157464375419583], [-75.63992449287869, 6.157448075532791], [-75.63995742563934, 6.157442479212104], [-75.63996161039118, 6.157447758005475], [-75.63997508535806, 6.157464747004388], [-75.63997651282655, 6.157467183570128], [-75.63998058298336, 6.1574741317961905], [-75.63999535781586, 6.157499357435351], [-75.6399964864765, 6.157501281078897], [-75.63999846478221, 6.157510083005669], [-75.64004466407977, 6.157402343564651], [-75.64007479030842, 6.157334039446966], [-75.64007648509963, 6.157330434769703], [-75.64010775997633, 6.157263895990178], [-75.64011168224818, 6.1572546272984106], [-75.6401278213325, 6.15721648986024], [-75.64013374982883, 6.157202480374417], [-75.64013440964222, 6.157200921248247], [-75.64013483463486, 6.157199916559485], [-75.64013547302487, 6.157198409069894], [-75.64014090330615, 6.15718557549969], [-75.64013449402766, 6.157182902325927], [-75.64012298158094, 6.157178100075704], [-75.64003906266142, 6.157143097729907], [-75.6400416699915, 6.15713643286639], [-75.64003859837469, 6.157135419268091], [-75.64003133957121, 6.157133020606858], [-75.64002918626736, 6.157132308933992], [-75.64002913920902, 6.157132291086052], [-75.64002655805508, 6.157131640293837], [-75.64003174209451, 6.157108274923099], [-75.63996441553374, 6.157078420325632], [-75.63993364665487, 6.157062917284852], [-75.63984826254232, 6.157002664955768], [-75.63976795092262, 6.156944728975125], [-75.63976220732384, 6.1569405861401565], [-75.63976141232419, 6.156940013294393], [-75.63975355927927, 6.156934345831803], [-75.63974560091376, 6.156949227821032], [-75.63974222138316, 6.156955547544871], [-75.63974121450411, 6.156957430228443], [-75.63971876472017, 6.156939723522614], [-75.63955985336335, 6.156814370431552], [-75.63972501724338, 6.156633866081155], [-75.63967878910714, 6.156601216564821], [-75.63966629208163, 6.15659238622736], [-75.63965617799938, 6.156602594123529], [-75.63962443723027, 6.156634628713861], [-75.6396084432437, 6.156650767310528], [-75.63959065618343, 6.156668718349345], [-75.63951084307102, 6.156718809547965], [-75.63942941478278, 6.156768878899934], [-75.6393295729229, 6.156817047750863], [-75.6392942266717, 6.156827040578929], [-75.6391744078522, 6.156860913154385], [-75.63911552266667, 6.156877559592459], [-75.63908114515736, 6.1568872773070265], [-75.63904352942525, 6.156897911470765], [-75.63902845137838, 6.1569021736100265], [-75.6390231127306, 6.156890772895792], [-75.63901641659893, 6.156876473297272], [-75.63901581683191, 6.156875194328964], [-75.63900263649515, 6.1568470741305], [-75.63899637650269, 6.156833111390264], [-75.638972581366, 6.156780027878337], [-75.6389258700643, 6.156728923689122], [-75.63890923274664, 6.156649011572799], [-75.63889567261238, 6.1565728848355965], [-75.63886382477237, 6.156509728499111], [-75.63881747628301, 6.156499341588018], [-75.63881161840621, 6.1564980289642435], [-75.6387867813721, 6.156494965978418], [-75.63877259407921, 6.156493217223825], [-75.6387403700973, 6.156489241531104], [-75.63872267687081, 6.156487058999983], [-75.63868349434975, 6.156450030574703], [-75.63866170206813, 6.156401752065377], [-75.6386290172231, 6.156363530695595], [-75.6385511374956, 6.156337444577924], [-75.6385042130682, 6.156309199254993], [-75.63833909976425, 6.156223632577661], [-75.63823320140254, 6.156198629703517], [-75.6381840365656, 6.156173796439903], [-75.63816813908937, 6.1561657675813], [-75.6381458067155, 6.1560851060701385], [-75.63814184478477, 6.156070798348455], [-75.63804618507304, 6.156029153738792], [-75.63795299733687, 6.155982327547843], [-75.63787856650451, 6.155950599265938], [-75.63787375005926, 6.155948545585251], [-75.63786452540897, 6.155944613397977], [-75.63779739766788, 6.155899005333144], [-75.63779737410309, 6.1558989891768325], [-75.63778531110279, 6.1558907930770985], [-75.63777552816705, 6.155881358008541], [-75.63772123956228, 6.155828983846546], [-75.63771581341119, 6.1558152185509645], [-75.63769406844322, 6.155760030999962], [-75.63766592408125, 6.155698128191219], [-75.63765948573993, 6.15568059531443], [-75.637633739723, 6.1556104872735], [-75.63762294453225, 6.155598002431969], [-75.63759305996585, 6.155563444759924], [-75.63759044996205, 6.155560424589341], [-75.63756538201315, 6.155531432817442], [-75.63748591731188, 6.155468587654097], [-75.63747736971435, 6.155461826964033], [-75.63743495947844, 6.15541884401334], [-75.6373967251847, 6.155380093949885], [-75.63739607596668, 6.155379409180138], [-75.63732467617342, 6.15530421190013], [-75.63728892210965, 6.155232479898061], [-75.63728732369712, 6.155230359674398], [-75.63723883120295, 6.155166026967893], [-75.63717555908659, 6.155099066015343], [-75.63714534441752, 6.155057273938051], [-75.63714324715416, 6.155054371466919], [-75.63712835901018, 6.155033779459001], [-75.63712178996386, 6.155014280909641], [-75.63714063763547, 6.154982617547224], [-75.63715229928827, 6.154955245953829], [-75.63716981973134, 6.154915096540513], [-75.63718594671002, 6.1548933106763535], [-75.63715938697621, 6.154840043550122], [-75.63706535364749, 6.154716428843952], [-75.63694984064725, 6.154605271339908], [-75.6367810033249, 6.1544857237682855], [-75.6366334252251, 6.1544186902012195], [-75.63632927896714, 6.1543769479089985], [-75.63630178843722, 6.154379061785819], [-75.63625051452873, 6.154461700916381], [-75.63617363881878, 6.154494627324261], [-75.6360825073098, 6.15456007854267], [-75.63571872691844, 6.154630247837195], [-75.63556336360135, 6.15468725154835], [-75.63543616364561, 6.154817777919745], [-75.63536968487739, 6.1549546590609205], [-75.63529429017092, 6.1551165106496], [-75.63521777249883, 6.1553823775820655], [-75.63527898583105, 6.155793128531104], [-75.63539029493286, 6.156280431685773], [-75.63549541863695, 6.156755250557031], [-75.63561779842354, 6.157366205008666], [-75.63569195241551, 6.158007279130872], [-75.63576253429284, 6.158550206647738], [-75.63577032440065, 6.15861011370773], [-75.63579260484019, 6.158716870096075], [-75.63588785466409, 6.158941475360281]]]}, "properties": {"OBJECTID": 39, "NOM_BARRIO": "LAS BRISAS", "BARRIO": "019", "PK_BARRIO": "3801001019", "MUNICIPIO": "380", "SECTOR": "1", "CORREGIMIENTO": "001", "CREATED_US": " ", "CREATED_DA": null, "LAST_EDITE": " ", "LAST_EDI_1": null, "SE_ANNO_CAD_DATA": null, "SHAPE.AREA": 0, "SHAPE.LEN": 0, "nombre_barrio_estandarizado": "LAS BRISAS", "municipio_estandarizado": "la-estrella"}}, {"type": "Feature", "geometry": {"type": "Polygon", "coordinates": [[[-75.64088025326812, 6.158413710753655], [-75.64088571256323, 6.158442011019307], [-75.64088821460342, 6.158454977078057], [-75.64088819977556, 6.158455083828642], [-75.64087486393107, 6.158562162421204], [-75.64087488041756, 6.158562208445768], [-75.64089823625558, 6.158628503816988], [-75.64090685052416, 6.15864087548006], [-75.6409379224707, 6.158685497963793], [-75.64097763755409, 6.158718551080002], [-75.64107451128575, 6.1587485736948935], [-75.64123483156835, 6.158798260469186], [-75.6413673290341, 6.158839324829983], [-75.64153721250385, 6.158891975483937], [-75.64157612665493, 6.158903889644827], [-75.64157618749046, 6.158903588297091], [-75.64160596538314, 6.158797956121213], [-75.64197408213899, 6.157624977350789], [-75.64157498972482, 6.15747610380871], [-75.64098962385931, 6.157213572001972], [-75.64098946089459, 6.157213495965215], [-75.64060825666503, 6.15702668507843], [-75.64047925034798, 6.156966148906637], [-75.6400853336737, 6.15680126563857], [-75.63985828883258, 6.156678157416467], [-75.63966510946854, 6.15651390112515], [-75.63942310919519, 6.156250689978015], [-75.63916225749355, 6.156001110858421], [-75.63914257889064, 6.155982649075971], [-75.6390762061267, 6.155920375032864], [-75.63889114513833, 6.15577481441269], [-75.63869476697228, 6.15566122788303], [-75.63821637961533, 6.155444243459306], [-75.63819291307647, 6.155434631972174], [-75.6381454724701, 6.155416162765393], [-75.63770118380201, 6.155223144393663], [-75.63749071956163, 6.155170894974348], [-75.6373642786707, 6.155120703584004], [-75.63731017341829, 6.155086422004657], [-75.63723678547488, 6.15499527538849], [-75.63718594671002, 6.1548933106763535], [-75.63716981973134, 6.154915096540513], [-75.63715229928827, 6.154955245953829], [-75.63714063763547, 6.154982617547224], [-75.63712178996386, 6.155014280909641], [-75.63712835901018, 6.155033779459001], [-75.63714324715416, 6.155054371466919], [-75.63714534441752, 6.155057273938051], [-75.63717555908659, 6.155099066015343], [-75.63723883120295, 6.155166026967893], [-75.63728732369712, 6.155230359674398], [-75.63728892210965, 6.155232479898061], [-75.63732467617342, 6.15530421190013], [-75.63739607596668, 6.155379409180138], [-75.6373967251847, 6.155380093949885], [-75.63743495947844, 6.15541884401334], [-75.63747736971435, 6.155461826964033], [-75.63748591731188, 6.155468587654097], [-75.63756538201315, 6.155531432817442], [-75.63759044996205, 6.155560424589341], [-75.63759305996585, 6.155563444759924], [-75.63762294453225, 6.155598002431969], [-75.637633739723, 6.1556104872735], [-75.63765948573993, 6.15568059531443], [-75.63766592408125, 6.155698128191219], [-75.63769406844322, 6.155760030999962], [-75.63771581341119, 6.1558152185509645], [-75.63772123956228, 6.155828983846546], [-75.63777552816705, 6.155881358008541], [-75.63778531110279, 6.1558907930770985], [-75.63779737410309, 6.1558989891768325], [-75.63779739766788, 6.155899005333144], [-75.63786452540897, 6.155944613397977], [-75.63787375005926, 6.155948545585251], [-75.63787856650451, 6.155950599265938], [-75.63795299733687, 6.155982327547843], [-75.63804618507304, 6.156029153738792], [-75.63814184478477, 6.156070798348455], [-75.6381458067155, 6.1560851060701385], [-75.63816813908937, 6.1561657675813], [-75.6381840365656, 6.156173796439903], [-75.63823320140254, 6.156198629703517], [-75.63833909976425, 6.156223632577661], [-75.6385042130682, 6.156309199254993], [-75.6385511374956, 6.156337444577924], [-75.6386290172231, 6.156363530695595], [-75.63866170206813, 6.156401752065377], [-75.63868349434975, 6.156450030574703], [-75.63872267687081, 6.156487058999983], [-75.6387403700973, 6.156489241531104], [-75.63877259407921, 6.156493217223825], [-75.6387867813721, 6.156494965978418], [-75.63881161840621, 6.1564980289642435], [-75.63881747628301, 6.156499341588018], [-75.63886382477237, 6.156509728499111], [-75.63889567261238, 6.1565728848355965], [-75.63890923274664, 6.156649011572799], [-75.6389258700643, 6.156728923689122], [-75.638972581366, 6.156780027878337], [-75.63899637650269, 6.156833111390264], [-75.63900263649515, 6.1568470741305], [-75.63901581683191, 6.156875194328964], [-75.63901641659893, 6.156876473297272], [-75.6390231127306, 6.156890772895792], [-75.63902845137838, 6.1569021736100265], [-75.63904352942525, 6.156897911470765], [-75.63908114515736, 6.1568872773070265], [-75.63911552266667, 6.156877559592459], [-75.6391744078522, 6.156860913154385], [-75.6392942266717, 6.156827040578929], [-75.6393295729229, 6.156817047750863], [-75.63942941478278, 6.156768878899934], [-75.63951084307102, 6.156718809547965], [-75.63959065618343, 6.156668718349345], [-75.6396084432437, 6.156650767310528], [-75.63962443723027, 6.156634628713861], [-75.63965617799938, 6.156602594123529], [-75.63966629208163, 6.15659238622736], [-75.63967878910714, 6.156601216564821], [-75.63972501724338, 6.156633866081155], [-75.63955985336335, 6.156814370431552], [-75.63971876472017, 6.156939723522614], [-75.63974121450411, 6.156957430228443], [-75.63974222138316, 6.156955547544871], [-75.63974560091376, 6.156949227821032], [-75.63975355927927, 6.156934345831803], [-75.63976141232419, 6.156940013294393], [-75.63976220732384, 6.1569405861401565], [-75.63976795092262, 6.156944728975125], [-75.63984826254232, 6.157002664955768], [-75.63993364665487, 6.157062917284852], [-75.63996441553374, 6.157078420325632], [-75.64003174209451, 6.157108274923099], [-75.64002655805508, 6.157131640293837], [-75.64002913920902, 6.157132291086052], [-75.64002918626736, 6.157132308933992], [-75.64003133957121, 6.157133020606858], [-75.64003859837469, 6.157135419268091], [-75.6400416699915, 6.15713643286639], [-75.64003906266142, 6.157143097729907], [-75.64012298158094, 6.157178100075704], [-75.64013449402766, 6.157182902325927], [-75.64014090330615, 6.15718557549969], [-75.64013547302487, 6.157198409069894], [-75.64013483463486, 6.157199916559485], [-75.64013440964222, 6.157200921248247], [-75.64013374982883, 6.157202480374417], [-75.6401278213325, 6.15721648986024], [-75.64011168224818, 6.1572546272984106], [-75.64010775997633, 6.157263895990178], [-75.64007648509963, 6.157330434769703], [-75.64007479030842, 6.157334039446966], [-75.64004466407977, 6.157402343564651], [-75.63999846478221, 6.157510083005669], [-75.63999848695161, 6.157510182340798], [-75.63999977165584, 6.157515899485683], [-75.64000324340654, 6.157531349593608], [-75.64002181172661, 6.157555242876329], [-75.64009432277851, 6.157564186545393], [-75.64015694419537, 6.157585070958308], [-75.64016578465309, 6.1575880213883805], [-75.64023640969535, 6.157635899798477], [-75.64024666509552, 6.157641127741235], [-75.64024680183483, 6.157641197579724], [-75.64035065985372, 6.157694144048348], [-75.64041628288165, 6.157762182957239], [-75.64041630948698, 6.157762265997569], [-75.64045432296261, 6.157879802390727], [-75.64050923837159, 6.157995300542508], [-75.64052485759885, 6.158058127482243], [-75.64053332156954, 6.158092177067322], [-75.64057563732241, 6.158153049259718], [-75.64058562291063, 6.1581725814037505], [-75.64061129556238, 6.15822279415155], [-75.64061130540821, 6.158222958638776], [-75.64061411040414, 6.158263590558765], [-75.64061692511807, 6.158304360749108], [-75.64064544336627, 6.158336539095224], [-75.64069193529059, 6.158374814803391], [-75.64074465767176, 6.15840918672697], [-75.64075522210067, 6.158407489954335], [-75.64083371125928, 6.158394722184439], [-75.64085681352276, 6.158390913851319], [-75.64088025326812, 6.158413710753655]]]}, "properties": {"OBJECTID": 40, "NOM_BARRIO": "EL DORADO", "BARRIO": "012", "PK_BARRIO": "3801001012", "MUNICIPIO": "380", "SECTOR": "1", "CORREGIMIENTO": "001", "CREATED_US": " ", "CREATED_DA": null, "LAST_EDITE": " ", "LAST_EDI_1": null, "SE_ANNO_CAD_DATA": null, "SHAPE.AREA": 0, "SHAPE.LEN": 0, "nombre_barrio_estandarizado": "EL DORADO", "municipio_estandarizado": "la-estrella"}}, {"type": "Feature", "geometry": {"type": "Polygon", "coordinates": [[[-75.6469907800024, 6.152031653327075], [-75.64697511836624, 6.15204277564022], [-75.64692536181843, 6.151873327838419], [-75.64691809912178, 6.151848592265905], [-75.6468941198594, 6.15176692904468], [-75.6468895049055, 6.151769259036522], [-75.64679947996815, 6.151814713022869], [-75.64675686056005, 6.151836230746912], [-75.64669498535311, 6.151801878465743], [-75.64651189041489, 6.151700224738555], [-75.64648332357758, 6.151710547659464], [-75.64638002437628, 6.151664210617464], [-75.64632163573964, 6.151654856677662], [-75.64629118734739, 6.151662976730569], [-75.64621747665893, 6.151642107133048], [-75.64611495161039, 6.151604358183159], [-75.646080414093, 6.151594940227164], [-75.6460333583203, 6.151577125214598], [-75.64599285647105, 6.15155965107991], [-75.64594198317346, 6.151543954159886], [-75.64590543616953, 6.151535136487828], [-75.64588174944251, 6.151526985537007], [-75.6457534475602, 6.15164192738623], [-75.6457419350578, 6.151648951883366], [-75.6457292636892, 6.151649589654828], [-75.64572906140003, 6.151649597889722], [-75.645711369523, 6.151618611899295], [-75.64570878822387, 6.151614090930238], [-75.64564288839554, 6.1516750912999845], [-75.64546991611365, 6.151820050778863], [-75.64533873026406, 6.151961713150328], [-75.64519711878094, 6.152159400862521], [-75.64505568262973, 6.152300158454999], [-75.64484663768096, 6.152567889111225], [-75.64475634576365, 6.152674678865528], [-75.64466120411582, 6.152749677637371], [-75.64461939923808, 6.152769735715428], [-75.64456122366559, 6.15279764966064], [-75.64445647584915, 6.152845636253371], [-75.6443819030174, 6.152887180296699], [-75.64429163983027, 6.1530051058718955], [-75.64424608792108, 6.1530866564073685], [-75.64408343093858, 6.153550848611588], [-75.64407044010137, 6.153595751624237], [-75.64394605895312, 6.154073856396084], [-75.64391756448491, 6.1541439604505825], [-75.64395630365361, 6.154175000428293], [-75.64397904135654, 6.1541994370127835], [-75.64398862535974, 6.154209738087754], [-75.64398864898266, 6.154209765995994], [-75.64401188341378, 6.154234736213143], [-75.6440227378331, 6.154246401518883], [-75.64403652267073, 6.154261217352918], [-75.64407006940357, 6.154297271545417], [-75.64411075556768, 6.15434100002118], [-75.64411088996303, 6.154341144001845], [-75.64416952457545, 6.154404161656323], [-75.6441696571733, 6.154404307453947], [-75.6442546462111, 6.154508378998815], [-75.64429051466811, 6.154555083921346], [-75.64430378879302, 6.154591548636863], [-75.6443013549515, 6.154627060591062], [-75.64430621388745, 6.154655597886393], [-75.64430634342234, 6.154655672279863], [-75.64432917704268, 6.154668998595381], [-75.64435327545755, 6.154667399248699], [-75.64438548524899, 6.1546625259452306], [-75.64442751787038, 6.154649767728018], [-75.64445303398787, 6.154638407650967], [-75.64448466775818, 6.154619713504462], [-75.644535812929, 6.154605033328106], [-75.64458986525158, 6.154598476916713], [-75.64463458945973, 6.154613989174386], [-75.64468592356059, 6.154654105589766], [-75.64472920172331, 6.154697197348978], [-75.64472934151597, 6.154697336782426], [-75.64473836622115, 6.15470631980227], [-75.64473850421182, 6.154706460148686], [-75.64478362671356, 6.154753357810485], [-75.64478376470426, 6.154753498156861], [-75.64483447922638, 6.154801653637888], [-75.64488684609003, 6.154839640404215], [-75.64493625251313, 6.154851435503023], [-75.64498981699407, 6.154864575084935], [-75.64505191852857, 6.154882520708546], [-75.64505612381377, 6.154883734780542], [-75.64512564951947, 6.154890960539679], [-75.64516450147369, 6.15489421322372], [-75.64519679481332, 6.154896916218678], [-75.64526038103124, 6.154900021859003], [-75.64526056895932, 6.154900031775762], [-75.64526703246797, 6.154900345977927], [-75.64532613140982, 6.154890523476982], [-75.64538424699555, 6.154884047179592], [-75.64543497907788, 6.1548839140714815], [-75.6454415249404, 6.154883895176365], [-75.64546675188359, 6.154883829761897], [-75.64552226797096, 6.154885038930159], [-75.64557193430295, 6.15489222658785], [-75.64561529610711, 6.154895634067706], [-75.64561548676724, 6.154895648491002], [-75.64562312592523, 6.154896247056191], [-75.64567616131872, 6.154914177884718], [-75.64568800396621, 6.15492110196774], [-75.64576154558273, 6.154945300968125], [-75.64581049641878, 6.154955020748198], [-75.64586239999589, 6.154955064403211], [-75.64592170039832, 6.154953283179789], [-75.6459243477318, 6.15495398605096], [-75.64601060088594, 6.154976887956661], [-75.64601266303879, 6.1549774355224045], [-75.64605290522422, 6.1550047956048894], [-75.64605295800163, 6.155004873994624], [-75.6460823011093, 6.1550478638315305], [-75.6460948721898, 6.155086064976221], [-75.64609493247517, 6.155086200283213], [-75.64610370680933, 6.155104631726622], [-75.6461422665544, 6.155093017034554], [-75.64615289328545, 6.154989359545309], [-75.64615802493373, 6.154869357147401], [-75.64616941041507, 6.154738880265119], [-75.64618212883518, 6.154713250939627], [-75.64619487633837, 6.154613403409787], [-75.64620985733066, 6.1545395883861636], [-75.64621180398537, 6.154454957885207], [-75.64621376039018, 6.1543746676314965], [-75.64622009236099, 6.154309552589228], [-75.64623064275763, 6.154198862057234], [-75.64624310340545, 6.154104743953059], [-75.64629082069652, 6.153969129155884], [-75.64631781187386, 6.153898680893174], [-75.6463685790153, 6.153751481078472], [-75.64671740119537, 6.153920541385225], [-75.64674653270102, 6.15394415776775], [-75.64679996084205, 6.154032492252302], [-75.64691252781114, 6.15411945666581], [-75.64699033898793, 6.154170647941214], [-75.64700542060453, 6.154220231104682], [-75.64701819679019, 6.154299117481205], [-75.64704281461722, 6.154341497862855], [-75.6470787636492, 6.154377266840093], [-75.64716256247114, 6.154432625817056], [-75.64717633020882, 6.154442152986141], [-75.6471888227275, 6.154424178376413], [-75.64734558084207, 6.154505632051871], [-75.64751459219113, 6.15459811741995], [-75.64753364675795, 6.154577014816089], [-75.64765569267163, 6.154634784820416], [-75.64765793292423, 6.15461822436855], [-75.64766406992675, 6.1545759689728925], [-75.64766778920868, 6.154550369833891], [-75.64767315396281, 6.154513410514109], [-75.64766953869419, 6.154511321138871], [-75.64767905526112, 6.154471164425104], [-75.64768629623029, 6.154440615375721], [-75.64769336377371, 6.15441079584241], [-75.64770739047026, 6.154360821489386], [-75.6477086350682, 6.154352961024263], [-75.64772308414943, 6.154261707067569], [-75.64772536190686, 6.154253994258617], [-75.64776005176552, 6.154136581855039], [-75.64776498131442, 6.154119896863772], [-75.6477735878153, 6.154090766710473], [-75.64778383687413, 6.154056070376645], [-75.64782943657454, 6.153901876367111], [-75.64781190256016, 6.15389241129548], [-75.6477922591941, 6.153881804039829], [-75.64768018181074, 6.153821285983363], [-75.64766205759456, 6.153811562565618], [-75.64762716412046, 6.1537928584531345], [-75.64758279617729, 6.153769013968136], [-75.64757437342026, 6.153764484935397], [-75.64747378971072, 6.153709366570388], [-75.64746022733505, 6.153706283278439], [-75.6474133594356, 6.15369562302453], [-75.64740375960935, 6.153693440384519], [-75.6474149074511, 6.153677349235688], [-75.6473472721387, 6.153644509244259], [-75.64727966717467, 6.153612324518524], [-75.64726291102765, 6.153604348130502], [-75.6472739979909, 6.153581434502013], [-75.64728647620126, 6.153555648168116], [-75.64728051388113, 6.153552933082007], [-75.64728015266526, 6.153552768530648], [-75.64709783743513, 6.153469733749626], [-75.64708956115207, 6.153465962467864], [-75.64708912842376, 6.153465766629667], [-75.64708907210165, 6.153465884434129], [-75.64703907252826, 6.153569400851601], [-75.64703092262032, 6.153588780485942], [-75.647023950575, 6.153584812886242], [-75.64691577716629, 6.1535237445695605], [-75.64689569981024, 6.153512317648059], [-75.64682969298134, 6.153484925369542], [-75.64676779632356, 6.15345230904373], [-75.64671713865702, 6.15342547254386], [-75.64671252353403, 6.153423027404284], [-75.64671723001132, 6.153413456500906], [-75.64671796241021, 6.153411967531626], [-75.64672518444127, 6.1533972826572985], [-75.64673540760141, 6.153376495096743], [-75.64675353779259, 6.153339629756237], [-75.64675180859551, 6.153328976089718], [-75.64671277943738, 6.153304129562913], [-75.64671268248652, 6.153304068569037], [-75.64670251403939, 6.153297593640094], [-75.64668702909276, 6.153287670852761], [-75.64666655584121, 6.1532745453815565], [-75.64664055010822, 6.153257586192462], [-75.64661070757863, 6.153238123757843], [-75.64656784528039, 6.153208226369068], [-75.6465190678149, 6.15317145234804], [-75.64646143156119, 6.153134208753556], [-75.64647989671235, 6.15311811026167], [-75.64652739161644, 6.153078081627768], [-75.64659172372059, 6.153025915937868], [-75.64668083518254, 6.152966134684386], [-75.64675924202716, 6.1529061588030345], [-75.6468367685696, 6.152855932828849], [-75.64697235052486, 6.152715076465127], [-75.64710693607861, 6.152523311352399], [-75.64722102978743, 6.152267785640211], [-75.64723878797435, 6.152005819101803], [-75.64724056949186, 6.151924322882728], [-75.64721974877598, 6.151929488757016], [-75.64717746397326, 6.151947798224692], [-75.64711205051198, 6.151974170700211], [-75.64705260338887, 6.151999332004231], [-75.64703383528861, 6.152009144401248], [-75.6469907800024, 6.152031653327075]]]}, "properties": {"OBJECTID": 41, "NOM_BARRIO": "CHILE", "BARRIO": "005", "PK_BARRIO": "3801001005", "MUNICIPIO": "380", "SECTOR": "1", "CORREGIMIENTO": "001", "CREATED_US": " ", "CREATED_DA": null, "LAST_EDITE": " ", "LAST_EDI_1": null, "SE_ANNO_CAD_DATA": null, "SHAPE.AREA": 0, "SHAPE.LEN": 0, "nombre_barrio_estandarizado": "CHILE", "municipio_estandarizado": "la-estrella"}}, {"type": "Feature", "geometry": {"type": "Polygon", "coordinates": [[[-75.64664810775464, 6.165450038686741], [-75.64674508828573, 6.165473656672969], [-75.64679655162652, 6.165491459128824], [-75.64704662313737, 6.165601773027399], [-75.64715346585982, 6.165639621201934], [-75.64723808882209, 6.165662369330576], [-75.6473539365101, 6.165676763517293], [-75.64754879802014, 6.165679005189775], [-75.64758218112493, 6.165694769314689], [-75.64768362384855, 6.165644664073597], [-75.6477578166742, 6.165599897928289], [-75.64784427867836, 6.165510526099698], [-75.64789984005932, 6.165444759542906], [-75.64805612533537, 6.164853911374668], [-75.64806768050153, 6.164759711905618], [-75.64808599661983, 6.164680965005355], [-75.64811514593764, 6.1646129928258], [-75.64815357847426, 6.164552711260366], [-75.64817813402844, 6.1644986370975845], [-75.64820579717512, 6.164452271590323], [-75.64824431058464, 6.164422850776555], [-75.64847370052546, 6.164281739117551], [-75.64849503500167, 6.1642557034377035], [-75.6485010380092, 6.164212897228416], [-75.64848654496213, 6.1639347994937745], [-75.64848146231515, 6.163862013537897], [-75.64848342573266, 6.163800430652016], [-75.64850026456436, 6.163741991292257], [-75.64857655797329, 6.163640593927762], [-75.64852957858555, 6.163631319694939], [-75.64847856391687, 6.163621248265665], [-75.64835156464008, 6.163590233690319], [-75.64826686895975, 6.163581513036616], [-75.64825794539782, 6.16358240537822], [-75.64822035070848, 6.163586167708834], [-75.64821585050807, 6.163163622720511], [-75.6482137498975, 6.16294869716581], [-75.64821399362887, 6.162904607817637], [-75.64820963290396, 6.16279069535756], [-75.64820804876595, 6.162775079641231], [-75.64815243826581, 6.1622269618541665], [-75.64822729218463, 6.162204473498377], [-75.64829539253006, 6.162183304238003], [-75.64824815254569, 6.1621624405442414], [-75.64816951178021, 6.162162648708979], [-75.64806992671488, 6.162173405288333], [-75.6480331441413, 6.162142019940631], [-75.64798578010321, 6.162073929866659], [-75.64793329759569, 6.1620530804314795], [-75.6478335465491, 6.162000871500532], [-75.64778612813339, 6.161911793503026], [-75.64776926711025, 6.161861609109988], [-75.64775221254526, 6.161753641337191], [-75.647754174131, 6.161722978355183], [-75.64775403583276, 6.16167050592966], [-75.64774346869821, 6.161639051776794], [-75.64773163105374, 6.161623340535138], [-75.64769773022365, 6.161317155563649], [-75.64680718110154, 6.161053201948727], [-75.64665388543658, 6.161011621552658], [-75.6465623307607, 6.161004383673845], [-75.64623358977762, 6.161009152845691], [-75.64570165238668, 6.161013511994511], [-75.64567961286836, 6.161012859282752], [-75.64551138404507, 6.1610078839967635], [-75.64536925220955, 6.161014677214106], [-75.64530059610318, 6.1610179587890395], [-75.64516618246498, 6.161025247034135], [-75.64505673656014, 6.161029866474193], [-75.64500006357, 6.16102773662685], [-75.64489962966447, 6.16102598212669], [-75.64482363221562, 6.161025719164698], [-75.64465517242685, 6.161024468496129], [-75.64452774730249, 6.161023540339301], [-75.64432091689346, 6.161020578734942], [-75.64424592733815, 6.161023208141565], [-75.6442669363588, 6.161298737919206], [-75.64430572956984, 6.161587297086758], [-75.64428798694557, 6.161902695660826], [-75.64427322817617, 6.162277960404151], [-75.64428365117641, 6.162543290847142], [-75.64432542363438, 6.162652767248861], [-75.64433789001153, 6.162690193256364], [-75.64434273221052, 6.162704724288214], [-75.64435352197174, 6.162748869310707], [-75.64436195672586, 6.16277948890876], [-75.64436090158982, 6.162800982295506], [-75.6441818142472, 6.16300179244316], [-75.64411133459188, 6.1631120247675195], [-75.64393071525329, 6.1634430579115564], [-75.64386683025229, 6.16356530297109], [-75.64380931974256, 6.163677896499574], [-75.64376581244981, 6.1637484856815], [-75.64371448555875, 6.163853560356941], [-75.64357330644461, 6.164114513646364], [-75.64336130032154, 6.164585598550105], [-75.6433828139981, 6.164594574705483], [-75.64338688068322, 6.16460644900248], [-75.64340684567766, 6.164664747408474], [-75.6434129700682, 6.164690484917073], [-75.64341628878957, 6.164692320830294], [-75.64342662553774, 6.164722505209512], [-75.64343722831451, 6.1647484067268215], [-75.6434395832964, 6.1647582780237], [-75.64344677195596, 6.164781138109298], [-75.64345707300917, 6.164805027821852], [-75.6434692104139, 6.164826542544275], [-75.64347288061343, 6.16483550960065], [-75.6435202435351, 6.16489754223477], [-75.64356934351419, 6.164930409996467], [-75.64368420237865, 6.164955965872102], [-75.6437366135084, 6.16496762644841], [-75.6438040374893, 6.164982627976147], [-75.64382923524197, 6.164988235441594], [-75.64397673383128, 6.165018269688031], [-75.64402599711322, 6.165064947617424], [-75.64404040806409, 6.165149705886283], [-75.64406478937084, 6.165399952732775], [-75.64409463635597, 6.165588561127323], [-75.64413089673478, 6.165622618967877], [-75.64419675281215, 6.165634545409254], [-75.64427130203427, 6.165624590669479], [-75.6445111714316, 6.165598130931814], [-75.64478394425343, 6.165577969798881], [-75.64497176138057, 6.165547408144907], [-75.6451487742791, 6.165526134860829], [-75.64525460582304, 6.165509607767002], [-75.64539197464038, 6.165488726566262], [-75.6454773806107, 6.165481931617415], [-75.64558181029997, 6.165473619208579], [-75.64560160188255, 6.165473936764348], [-75.6457369660807, 6.165468321114816], [-75.64588024576189, 6.165478378324961], [-75.64596276298933, 6.165483603299318], [-75.64604752861435, 6.165480659036196], [-75.64619799422628, 6.165465289601929], [-75.64629179049408, 6.165449162934287], [-75.6464055533846, 6.165441150249465], [-75.64655423344684, 6.165436221304779], [-75.64664810775464, 6.165450038686741]]]}, "properties": {"OBJECTID": 42, "NOM_BARRIO": "LA FERRERIA", "BARRIO": "021", "PK_BARRIO": "3801001021", "MUNICIPIO": "380", "SECTOR": "1", "CORREGIMIENTO": "001", "CREATED_US": " ", "CREATED_DA": null, "LAST_EDITE": " ", "LAST_EDI_1": null, "SE_ANNO_CAD_DATA": null, "SHAPE.AREA": 0, "SHAPE.LEN": 0, "nombre_barrio_estandarizado": "LA FERRERIA", "municipio_estandarizado": "la-estrella"}}, {"type": "Feature", "geometry": {"type": "Polygon", "coordinates": [[[-75.6261194323479, 6.127221954551899], [-75.62609170083114, 6.1272654308370305], [-75.62608020208268, 6.127285803106649], [-75.62601418767399, 6.127369470514151], [-75.62593207809039, 6.127422386701202], [-75.62593040488852, 6.127490813790621], [-75.62602342389876, 6.127522326277358], [-75.62615522786186, 6.127524884362858], [-75.62615688744008, 6.127523292325881], [-75.6262284676863, 6.127454611266638], [-75.6262609944249, 6.127450090705875], [-75.62631949278254, 6.127433220043068], [-75.62637081423577, 6.127418416863138], [-75.62642210222691, 6.127389019687438], [-75.62651661238304, 6.127334851128411], [-75.6265543139506, 6.127315423548106], [-75.62664518474388, 6.127268596560245], [-75.62665357374676, 6.127259323238515], [-75.62673082389654, 6.1271739309415025], [-75.62675572613153, 6.12718947253708], [-75.62681733096564, 6.127207007582877], [-75.62683734404762, 6.127209263647019], [-75.62691200069274, 6.127214455838911], [-75.62699240545693, 6.127216132906], [-75.62702810807244, 6.127202968445231], [-75.62706727279446, 6.127180210364606], [-75.62710990388929, 6.127148731055867], [-75.62713686430506, 6.127126003868159], [-75.62718818376261, 6.127084043756439], [-75.6272525708426, 6.127039437605185], [-75.62732926083217, 6.1270036968652315], [-75.6273863588179, 6.12697994770916], [-75.6274147425514, 6.126962727364027], [-75.62743774211344, 6.126958608747357], [-75.62747496584909, 6.126959865513566], [-75.62751612765224, 6.1269493068739225], [-75.62766990153114, 6.126896321252531], [-75.62770299566085, 6.126886498277745], [-75.62780041595846, 6.126890142211836], [-75.6278257439947, 6.1268900758861236], [-75.627860868856, 6.126874773420869], [-75.62800322699516, 6.126773123343917], [-75.62809552015902, 6.126708967559773], [-75.62828899167947, 6.126589556201701], [-75.6283540402203, 6.126562394967977], [-75.62850955434206, 6.126509594119739], [-75.62866510170171, 6.126469496831494], [-75.62876352497547, 6.126450188119961], [-75.62884450554408, 6.126442040497741], [-75.62891118346792, 6.1264307518192656], [-75.62897176070771, 6.12618694983836], [-75.62893229976329, 6.126184030725779], [-75.62889214299942, 6.1261790140035135], [-75.62882852500448, 6.126171066586955], [-75.628783540251, 6.126165447929309], [-75.6287536097609, 6.126161709096598], [-75.6287581293438, 6.126130123724426], [-75.62862877552551, 6.126113355066137], [-75.6286262307251, 6.126104414706692], [-75.62866402129718, 6.125881418237343], [-75.62868254257783, 6.125772119593468], [-75.62868297713699, 6.125769558087879], [-75.62870747325087, 6.125625011851354], [-75.62871142365354, 6.125601697741335], [-75.62867664336521, 6.125503579629027], [-75.62864292086145, 6.125351962588131], [-75.62854107694424, 6.125050642858937], [-75.62854060312996, 6.125049243899406], [-75.62850831657767, 6.125014394541291], [-75.62847181772379, 6.1249750003619985], [-75.62846558415265, 6.124968272220881], [-75.62836135533361, 6.124739546908644], [-75.62835581547586, 6.124730794804123], [-75.62830945740942, 6.124560602559804], [-75.62796899377997, 6.1246613846788565], [-75.6279669234808, 6.124662470650579], [-75.62775143486944, 6.124733973437987], [-75.62775077636245, 6.1247348852396435], [-75.62764927090751, 6.124767559822789], [-75.62745816935623, 6.124841295350992], [-75.62753058380606, 6.124968157134065], [-75.62757051297729, 6.125015655711797], [-75.62763789514014, 6.125113804959792], [-75.62770914099222, 6.125197115094887], [-75.62780866683764, 6.125315117974918], [-75.62783492981502, 6.125345361829668], [-75.62789569763434, 6.125395493875966], [-75.6281011908758, 6.125514198566851], [-75.62813748631385, 6.125466612960067], [-75.62814263872755, 6.125471126049062], [-75.62816824297153, 6.125493555754399], [-75.62818211299319, 6.125477143370278], [-75.62820868800182, 6.125502115032325], [-75.62825048688926, 6.125526161337999], [-75.62824600196471, 6.125532723249841], [-75.62826055040355, 6.125539031826982], [-75.6282910620178, 6.1255522604158665], [-75.62830865335104, 6.125550986240618], [-75.6283070370394, 6.125555879670226], [-75.6283045938922, 6.1255632786697465], [-75.62834431399105, 6.125575048166111], [-75.62834380786879, 6.125578859424788], [-75.6283619472217, 6.125585472234768], [-75.62836096747374, 6.1255895841532615], [-75.62836975308876, 6.1255919684601485], [-75.62836820964797, 6.125597356049701], [-75.62838336607514, 6.125599443327879], [-75.62838216951702, 6.125609269022912], [-75.62838410622429, 6.125610414907259], [-75.62842403066043, 6.125634037341535], [-75.62845000138351, 6.125649403667225], [-75.6284783911399, 6.125663148010646], [-75.62848173984109, 6.125724874817718], [-75.62847426578503, 6.125823634091064], [-75.62845769982536, 6.126063189109438], [-75.62845108536087, 6.126110403184598], [-75.62838382377963, 6.126148782806978], [-75.62825148189154, 6.1262008163284705], [-75.62815196650708, 6.126231732912462], [-75.62810357815171, 6.126236958735088], [-75.62802723494914, 6.126233339842981], [-75.62801520513682, 6.1261918720236785], [-75.62799994453931, 6.126136020276437], [-75.62799239655283, 6.126108395048416], [-75.62801953226698, 6.126099727740483], [-75.62800599928305, 6.126076673821767], [-75.6279412138653, 6.125995547960044], [-75.62776858503861, 6.125828622663357], [-75.62767649495885, 6.12576149335295], [-75.62751840697405, 6.125764334028779], [-75.62740240812171, 6.126053987460485], [-75.62767357035396, 6.12617609415492], [-75.62752596109783, 6.126454815262232], [-75.62759720061644, 6.126541762381108], [-75.62782186165948, 6.126550806248921], [-75.62780305378483, 6.12657794955804], [-75.62783951333643, 6.126616299766405], [-75.6278688703799, 6.126647181147482], [-75.62779417015629, 6.12670263772293], [-75.62779255050516, 6.1267003900496455], [-75.62778566442775, 6.126705771289509], [-75.62771348610555, 6.126762171984953], [-75.62769065486768, 6.126780011513547], [-75.62766693644089, 6.12679854518455], [-75.62756706013982, 6.126841387057309], [-75.62746074461268, 6.126840098350215], [-75.62738727854732, 6.126821255490315], [-75.62738874651983, 6.126800627724268], [-75.6272872009773, 6.126808575822334], [-75.62706916974955, 6.126859776192284], [-75.62693902606343, 6.126899102200534], [-75.6268924393925, 6.126916298738284], [-75.62698094197793, 6.126941689260231], [-75.62700659337374, 6.126950665547118], [-75.62701063461064, 6.126959195380554], [-75.62700916409081, 6.126973766904169], [-75.6270016526486, 6.126983329743259], [-75.62699161512383, 6.1269888828263666], [-75.62694831228576, 6.126994385604732], [-75.62686848436961, 6.1269876529291984], [-75.62679208445941, 6.12696472447991], [-75.62671219079971, 6.126932552909051], [-75.62659900786268, 6.126871244056435], [-75.62654842875475, 6.126860346745346], [-75.62652361549013, 6.126862250238578], [-75.62651443508754, 6.126865949417474], [-75.62649517895271, 6.126883456782276], [-75.62647136930796, 6.126917516198588], [-75.62640916286809, 6.127030695898786], [-75.62635325753493, 6.127093319812], [-75.62630348520248, 6.127135093286992], [-75.6261194323479, 6.127221954551899]]]}, "properties": {"OBJECTID": 43, "NOM_BARRIO": "TABLACITA", "BARRIO": "047", "PK_BARRIO": "3801001047", "MUNICIPIO": "380", "SECTOR": "1", "CORREGIMIENTO": "001", "CREATED_US": " ", "CREATED_DA": null, "LAST_EDITE": " ", "LAST_EDI_1": null, "SE_ANNO_CAD_DATA": null, "SHAPE.AREA": 0, "SHAPE.LEN": 0, "nombre_barrio_estandarizado": "TABLACITA", "municipio_estandarizado": "la-estrella"}}, {"type": "Feature", "geometry": {"type": "Polygon", "coordinates": [[[-75.65777932654646, 6.165025435535686], [-75.65777231111818, 6.165023136329913], [-75.65775026435577, 6.165017578053916], [-75.65774257688606, 6.165015640197149], [-75.65773826419156, 6.165015364288463], [-75.65773150512697, 6.1650128504515385], [-75.65772437477086, 6.165011052651763], [-75.65770930461859, 6.16500725406722], [-75.65768676017366, 6.165000249108823], [-75.6576732508974, 6.164986117792988], [-75.65765284624666, 6.164964774163027], [-75.65763269608495, 6.164939756182278], [-75.65760559037223, 6.1649039670137435], [-75.65757860471177, 6.164869248520579], [-75.65753103460149, 6.164839652804125], [-75.65753060511928, 6.164839385545361], [-75.65751719785216, 6.164831044034829], [-75.65748703983017, 6.164814990625393], [-75.65747089324539, 6.164813421318583], [-75.65744882785086, 6.164809380082903], [-75.65743778792307, 6.164807358596715], [-75.65741920826493, 6.164804769925855], [-75.65738462325942, 6.164799952200982], [-75.65737860745587, 6.164799406342825], [-75.65732087493134, 6.164794174322131], [-75.65731851533953, 6.164793037068501], [-75.65727964638887, 6.164774308673958], [-75.65726444668145, 6.164766984995276], [-75.6572631745313, 6.164766372079399], [-75.65725674224811, 6.16476327259957], [-75.65723488145274, 6.16478163404655], [-75.65721321831964, 6.164791439655098], [-75.6572128594502, 6.164791385395238], [-75.65720131058531, 6.16478964759613], [-75.65719805678489, 6.164788516610376], [-75.65719328043902, 6.164802334151779], [-75.65714907948096, 6.164799570422991], [-75.65711432989544, 6.164799976995955], [-75.65703142597927, 6.16482089034213], [-75.65695897363317, 6.164826165134245], [-75.65689453766097, 6.164831406262664], [-75.65688872686763, 6.164833212571543], [-75.6568641291135, 6.164840866745628], [-75.65680667936721, 6.164863587736241], [-75.65678288994238, 6.164866868689316], [-75.65675259148844, 6.164871048167288], [-75.65673129541463, 6.164882556935269], [-75.65672516478054, 6.1648828957858814], [-75.65662337302442, 6.164888500380934], [-75.6565972013087, 6.1648889888997545], [-75.65652655326889, 6.164895454291049], [-75.65649888493151, 6.164900681069504], [-75.65646748074657, 6.164904656311698], [-75.65643422490493, 6.16490864259421], [-75.65633876509366, 6.164913345882555], [-75.65627486820495, 6.164916566454267], [-75.65625707532887, 6.164919430558246], [-75.65622850781092, 6.164924029889353], [-75.65619025575114, 6.164936503719045], [-75.65616059591224, 6.164939236242615], [-75.6561367175189, 6.164938802039946], [-75.65605517227588, 6.164940716568439], [-75.6560598316652, 6.164962552843009], [-75.65605989477713, 6.164986300559262], [-75.65605204843972, 6.165013237362966], [-75.65603625241536, 6.165029110477622], [-75.6559998735189, 6.165046623076682], [-75.65597297624176, 6.165057775538478], [-75.65594606551551, 6.1650625971259805], [-75.65591757226889, 6.1650674220825925], [-75.65587670095944, 6.165087934958699], [-75.65584122850872, 6.165112075919214], [-75.65581561348633, 6.165142749993388], [-75.65579848890651, 6.16520003352444], [-75.65577741272654, 6.16520001746662], [-75.65565150030008, 6.165199918386666], [-75.6556065035086, 6.165199883262811], [-75.65559851076495, 6.165271454711486], [-75.6553711714175, 6.165335610928463], [-75.65536585047825, 6.165337113740167], [-75.65539751975378, 6.165480766722047], [-75.65540287742381, 6.165527841939838], [-75.65540667131167, 6.165548013698866], [-75.65542924435292, 6.165601772488125], [-75.6555754400033, 6.165565407539074], [-75.6557485221246, 6.165496847884409], [-75.6558464602743, 6.165459764311989], [-75.65587844745247, 6.165443153231376], [-75.65591626183735, 6.1654305712962145], [-75.65596675758658, 6.165418411590994], [-75.65602920703806, 6.165377355444887], [-75.65604410111453, 6.165412190393021], [-75.65612506264421, 6.1656130713132615], [-75.65612621950858, 6.16571027434864], [-75.65613252672892, 6.1657470352088035], [-75.65615864650026, 6.165831897561778], [-75.65618034634547, 6.165908190028354], [-75.65620758466524, 6.165963534655392], [-75.65623808766567, 6.166010762866243], [-75.6562969298311, 6.166070467312052], [-75.6563577586648, 6.166104482799312], [-75.65638067041219, 6.166098166861895], [-75.65641368584816, 6.1660683797655125], [-75.65650733674745, 6.166011101462305], [-75.65652630535436, 6.165992927109915], [-75.65655594416685, 6.165967641756426], [-75.65662403379577, 6.165883626723412], [-75.65666869157992, 6.165838978929625], [-75.65673152289051, 6.165791176719702], [-75.65686025652256, 6.165720767711706], [-75.65697322055108, 6.165677344053151], [-75.65699397329216, 6.165669366411202], [-75.65704452390024, 6.165642839457041], [-75.65710932123348, 6.165640674694994], [-75.65722565360714, 6.165636443857329], [-75.65732588360477, 6.165655305456058], [-75.6575299719171, 6.165721472106788], [-75.6575566283103, 6.165607385938925], [-75.65761009800929, 6.165379525624519], [-75.6576145655927, 6.165360483416924], [-75.65765086425108, 6.165378016801985], [-75.65768600643457, 6.165397668675146], [-75.65771880323894, 6.165426652810607], [-75.65775889307443, 6.165463796499955], [-75.65779898926682, 6.165503665806449], [-75.65781812415251, 6.165521786555552], [-75.65784908277391, 6.165544417277102], [-75.6578809328274, 6.1655588683930755], [-75.6578982652662, 6.165563849901738], [-75.65790134289729, 6.165537050811552], [-75.6579137167135, 6.1654293225655525], [-75.65796541458691, 6.165340101594811], [-75.65798436133201, 6.165307402261802], [-75.6579838398043, 6.165177327437807], [-75.65798375426311, 6.165172485873782], [-75.6579819714751, 6.165071361708269], [-75.65798121088447, 6.165071354655142], [-75.65794953619516, 6.1650710661152495], [-75.657903213194, 6.1650593658520405], [-75.65784760547758, 6.165046763582203], [-75.65783559890987, 6.16504326431889], [-75.65781852846385, 6.1650382878216705], [-75.65780123730069, 6.16503324733479], [-75.65779492968744, 6.165031784442837], [-75.65777833185066, 6.165027935625063], [-75.65777932654646, 6.165025435535686]]]}, "properties": {"OBJECTID": 44, "NOM_BARRIO": "SAN JOSE MELEGUINDO", "BARRIO": "045", "PK_BARRIO": "3801001045", "MUNICIPIO": "380", "SECTOR": "1", "CORREGIMIENTO": "001", "CREATED_US": " ", "CREATED_DA": null, "LAST_EDITE": " ", "LAST_EDI_1": null, "SE_ANNO_CAD_DATA": null, "SHAPE.AREA": 0, "SHAPE.LEN": 0, "nombre_barrio_estandarizado": "SAN JOSE MELEGUINDO", "municipio_estandarizado": "la-estrella"}}, {"type": "Feature", "geometry": {"type": "Polygon", "coordinates": [[[-75.63022485139217, 6.1186535581019585], [-75.63081390828671, 6.118665170850799], [-75.63148202447843, 6.118665055766313], [-75.63164253612574, 6.1186976914591495], [-75.63182287299335, 6.118766984069722], [-75.63200902339207, 6.118851493098965], [-75.63209790375569, 6.1189348220118855], [-75.63211581973921, 6.118998071041187], [-75.63207116496135, 6.1193288698576636], [-75.63219412582554, 6.119340690180126], [-75.63240215339091, 6.119382628384204], [-75.63242910632327, 6.119316621602186], [-75.63255492253, 6.119063450598943], [-75.63261786805282, 6.11895161450586], [-75.63268076585983, 6.118820815286325], [-75.63275931314193, 6.118698222208734], [-75.63282287129928, 6.118582209120243], [-75.63288153218764, 6.118477624656627], [-75.63294431006965, 6.118370308751263], [-75.63302589144519, 6.118218820010829], [-75.63309080079087, 6.118122003240002], [-75.63313685003139, 6.1180129839162944], [-75.6331538967427, 6.117973044327054], [-75.63317889206282, 6.117899055373929], [-75.63319111122371, 6.117840140855297], [-75.63320926075654, 6.1177267924075736], [-75.63321081374623, 6.117717092466766], [-75.63320145630125, 6.117711336179423], [-75.6330273140165, 6.1176042152255725], [-75.63298759702191, 6.117581866655835], [-75.63298482487575, 6.11746173648371], [-75.6329769970884, 6.117277881998627], [-75.63297143049822, 6.116972354744924], [-75.63295039572058, 6.116827171596255], [-75.63294000972735, 6.1167135228303575], [-75.63294428653539, 6.116583842946313], [-75.63293637462138, 6.1164091559283404], [-75.6329143523735, 6.116348774823219], [-75.63282708291692, 6.116263960793422], [-75.63274185952467, 6.116204851517908], [-75.63262128376756, 6.116110880900368], [-75.63256791286337, 6.116077407049238], [-75.63251744354024, 6.116054364364594], [-75.63246584478902, 6.116038248623732], [-75.63236572615662, 6.115999153842451], [-75.6323405365898, 6.1159858648475005], [-75.63227886203737, 6.115943433648083], [-75.63215954733656, 6.11582308099664], [-75.63207224625064, 6.115746900598169], [-75.63201172153401, 6.115715177619752], [-75.63194918256447, 6.115709276973138], [-75.63176180293263, 6.115695768620771], [-75.63162777961921, 6.115635044967558], [-75.63154556803582, 6.115598159401377], [-75.63146278605356, 6.115563575616159], [-75.63143480168934, 6.115669315925436], [-75.63141658747098, 6.115745359984584], [-75.63136673611007, 6.1158371874380375], [-75.63134903421198, 6.115864714871466], [-75.63133521610987, 6.115872855773993], [-75.63131597000981, 6.115884193787496], [-75.63130227406107, 6.115903642872267], [-75.6312789455546, 6.115942512087137], [-75.63124992499974, 6.115968451426582], [-75.63122088083696, 6.115985503149583], [-75.63119906596056, 6.115992031539199], [-75.63114009169446, 6.115992184045217], [-75.6310017897569, 6.115982971475628], [-75.63091828130457, 6.115976965544012], [-75.63087595370173, 6.115974272760305], [-75.63084546359899, 6.115975467250526], [-75.63081444485161, 6.1159828860148835], [-75.6307507541633, 6.116013540796846], [-75.63072668523922, 6.1160349202284054], [-75.63068494860921, 6.116071991071807], [-75.63068164456482, 6.116080464668002], [-75.63066903321376, 6.116112815584763], [-75.63065922747718, 6.116144478331741], [-75.63064920302239, 6.116176850927514], [-75.63063269255446, 6.1162293397250425], [-75.63062811313688, 6.116243899320976], [-75.63064542555462, 6.116249562453926], [-75.63063445016975, 6.116284181759152], [-75.63061956726024, 6.116331125264152], [-75.6306057345909, 6.116354760777381], [-75.63058605798709, 6.116367097153165], [-75.6305839071993, 6.116375911351171], [-75.6307073931983, 6.116403255932751], [-75.63073404860577, 6.116501471705584], [-75.63076860446932, 6.116650664408289], [-75.63078887320555, 6.116701771486229], [-75.63082380317482, 6.116735771661517], [-75.63084634021514, 6.116761281140617], [-75.63097312916156, 6.1167926514459445], [-75.63104012796865, 6.116805489689676], [-75.63113112527695, 6.1168028622142465], [-75.63114750211246, 6.116807627662968], [-75.631153310072, 6.116815816121749], [-75.63115430066362, 6.116828323341618], [-75.63115146972692, 6.116846175060616], [-75.63113515957427, 6.11686740981207], [-75.63108233630628, 6.116934997967679], [-75.63108091814041, 6.116942726424303], [-75.63108625188856, 6.11695330932869], [-75.63111190334062, 6.116972566469771], [-75.63112837896037, 6.11697758366318], [-75.63121044798129, 6.116983432917081], [-75.63122190350141, 6.116988438551539], [-75.63122495759224, 6.116995153341735], [-75.63122566308249, 6.117008277617158], [-75.63122163684851, 6.117021072505734], [-75.63120820508551, 6.117031201342062], [-75.63117699858269, 6.117052497359979], [-75.63113674768547, 6.117086235873303], [-75.63106597666413, 6.117146061223139], [-75.63103553787552, 6.1172268039177276], [-75.63100304273254, 6.117202183131734], [-75.6309713772422, 6.1172692372640345], [-75.6310122790764, 6.117321283746171], [-75.63100454695103, 6.117327614749454], [-75.63101714143676, 6.117343329624703], [-75.63098805540409, 6.117375837243386], [-75.63098263994202, 6.1173784611279896], [-75.63094185746401, 6.117404721218707], [-75.63089743656272, 6.117433323458528], [-75.630932653184, 6.11747882354504], [-75.63095182281599, 6.117496151567375], [-75.63094605934431, 6.117502596776835], [-75.63090562606963, 6.11754780498817], [-75.63086809339055, 6.117589769708964], [-75.63082331504378, 6.117639837702482], [-75.63081828095878, 6.1176450923166765], [-75.63080452843943, 6.117659448263255], [-75.63074208804527, 6.117596766292691], [-75.63066202977852, 6.1176777603294035], [-75.63059274146183, 6.117610877317644], [-75.63055899159306, 6.11757921104934], [-75.63052322916585, 6.1175456561308525], [-75.63038891863367, 6.117521051503777], [-75.63043138337699, 6.1174141869452585], [-75.63041138156706, 6.117415625672931], [-75.62982332819874, 6.117464173488217], [-75.62977554565586, 6.11748487805545], [-75.62971489059771, 6.117480477762944], [-75.62966400670743, 6.117444722247698], [-75.62949148344146, 6.117371986564948], [-75.62941023748876, 6.11731671117291], [-75.62937523921998, 6.1172962674921845], [-75.62925568839715, 6.117394394985192], [-75.62909233735604, 6.117616531713256], [-75.62896240030493, 6.117848404166348], [-75.62887113898363, 6.1180562997479635], [-75.62880014476944, 6.118418438765321], [-75.62880241033928, 6.118615614349899], [-75.62931017333919, 6.1187307043935055], [-75.6294093818618, 6.1186908802663025], [-75.62958221465392, 6.118672412536784], [-75.62984337282002, 6.1186521178876765], [-75.6300324980436, 6.118638890533807], [-75.63022485139217, 6.1186535581019585]]]}, "properties": {"OBJECTID": 45, "NOM_BARRIO": "JUAN XXIII", "BARRIO": "037", "PK_BARRIO": "3801001037", "MUNICIPIO": "380", "SECTOR": "1", "CORREGIMIENTO": "001", "CREATED_US": " ", "CREATED_DA": null, "LAST_EDITE": " ", "LAST_EDI_1": null, "SE_ANNO_CAD_DATA": null, "SHAPE.AREA": 0, "SHAPE.LEN": 0, "nombre_barrio_estandarizado": "JUAN XXIII", "municipio_estandarizado": "la-estrella"}}, {"type": "Feature", "geometry": {"type": "Polygon", "coordinates": [[[-75.6341752350383, 6.146175483179941], [-75.63430773876031, 6.146214646909349], [-75.63436115379174, 6.146253734973046], [-75.63444613276127, 6.146308522597093], [-75.63447719239024, 6.146343615586769], [-75.63452374078248, 6.146309100021158], [-75.63455747367188, 6.146292000857324], [-75.63458677179366, 6.146277150231613], [-75.63461567527517, 6.14626250044161], [-75.63478490189878, 6.146176722470135], [-75.63485829627598, 6.146139520566899], [-75.63491479743362, 6.1461201990603245], [-75.63498558447364, 6.14611206520842], [-75.63515715756328, 6.14610278246482], [-75.63529738717325, 6.146082768621338], [-75.6356512363243, 6.146070527249046], [-75.63567647480805, 6.1460730335289195], [-75.6356850734709, 6.146048385647165], [-75.63572528244474, 6.145929630491475], [-75.63574524748876, 6.145816714094725], [-75.63575078951071, 6.145729878296139], [-75.63575197051105, 6.145642837093796], [-75.63575675793876, 6.145518501506518], [-75.63586865210618, 6.145485995097313], [-75.63622426051609, 6.145635758248722], [-75.63658809238383, 6.145794344681048], [-75.6366144852612, 6.14580584862797], [-75.63661748037917, 6.145781811511754], [-75.63670378334862, 6.145581502675872], [-75.63680693454583, 6.145308551008546], [-75.63682340054316, 6.145218815430019], [-75.63691311090344, 6.145046279309923], [-75.63694372479856, 6.144987400463575], [-75.63698964742773, 6.144899079926986], [-75.63697266456884, 6.144881498653977], [-75.63687303627691, 6.1448383338294645], [-75.63677874291757, 6.144812103481154], [-75.63664637576797, 6.144801858276492], [-75.63657593970864, 6.144796651319609], [-75.63648023857444, 6.144771235168585], [-75.6364370861864, 6.144771346801543], [-75.63640617782376, 6.144770260736824], [-75.63636706272122, 6.144753445860261], [-75.63632794942215, 6.144736630066835], [-75.6362897209647, 6.144719009822748], [-75.63626225712777, 6.144696914778488], [-75.63619692212524, 6.144687750899013], [-75.6361426591603, 6.144675643060334], [-75.63609766827187, 6.144641925237042], [-75.63609062892401, 6.144588667268475], [-75.63611698200611, 6.144564587257112], [-75.63611701953218, 6.14454542578756], [-75.63611471508254, 6.144492176106193], [-75.63611445524666, 6.1444861835535995], [-75.63610511235296, 6.144391414049693], [-75.63609704535557, 6.144317291213984], [-75.63609510708193, 6.144273100992069], [-75.63609492880005, 6.144225150292456], [-75.63609307339075, 6.14419558805277], [-75.63608558109033, 6.144162419344516], [-75.63607473535454, 6.1441164776163015], [-75.6360799437534, 6.144090475933029], [-75.63609415555909, 6.144050487624787], [-75.63611048871861, 6.144034454247072], [-75.63611416884333, 6.144030840699683], [-75.63613836539271, 6.144014374373739], [-75.63617503647853, 6.14399253072185], [-75.63617936125858, 6.143990697680183], [-75.63620306259573, 6.143975836671315], [-75.63621923573602, 6.1439603257171465], [-75.63622742337304, 6.1439409929634685], [-75.636227527421, 6.143908189996981], [-75.63622764716378, 6.143870869428578], [-75.63623144511098, 6.143782396897529], [-75.63616162876468, 6.14378580505437], [-75.6361406666095, 6.143786827856014], [-75.63611731519954, 6.143801763073525], [-75.63602591206185, 6.14386022116395], [-75.6360192639864, 6.143862211213862], [-75.63597335250897, 6.143875958573507], [-75.63596971988905, 6.143878947188779], [-75.63594925853866, 6.143883172363229], [-75.63592439793396, 6.143890615944807], [-75.63590465650846, 6.143893380242787], [-75.63590246040835, 6.143893687600731], [-75.63588093628577, 6.143896701166171], [-75.63587905367761, 6.1438968379211225], [-75.63584960829252, 6.143898987406173], [-75.63584425031583, 6.14389937816035], [-75.63580662424118, 6.143906128906612], [-75.63577241487405, 6.143905113305012], [-75.63575039377885, 6.143902035131097], [-75.63577008459774, 6.143867521838262], [-75.63579076081193, 6.14383721835652], [-75.63578457706278, 6.143835366623632], [-75.63578447621532, 6.143803871004919], [-75.635784433578, 6.143790255353548], [-75.63578437999718, 6.143773682616263], [-75.63579183884106, 6.143766666586546], [-75.6358035986789, 6.143757389117149], [-75.63580620859915, 6.143755456953629], [-75.6358132760828, 6.143750224731645], [-75.63582107524022, 6.143744450089088], [-75.63583951790852, 6.143734738266793], [-75.63585535019256, 6.143716772705726], [-75.63586585136966, 6.143697867007612], [-75.63587479863367, 6.143673575424661], [-75.63587618200498, 6.143669822229505], [-75.63588412901059, 6.143646008396316], [-75.63588592348792, 6.143640629504406], [-75.63589068146158, 6.143628813644346], [-75.63589619969495, 6.14361510638386], [-75.63590428966017, 6.143592260081018], [-75.63591615492845, 6.143567153122874], [-75.63592946629527, 6.143548283290079], [-75.63593756212431, 6.1435403899052075], [-75.63594127023552, 6.143536773509753], [-75.635957447089, 6.14352953910257], [-75.63597558397069, 6.143524500905223], [-75.63598604265545, 6.143519716639709], [-75.63599757641077, 6.143515340222069], [-75.63601284902411, 6.143505520176987], [-75.63601914880518, 6.143499567598385], [-75.63602765129869, 6.14349153208017], [-75.63603133209, 6.143488421181755], [-75.63605124268507, 6.14347158545659], [-75.63610751403432, 6.143443814961309], [-75.63611196798593, 6.143441616953791], [-75.63618387773955, 6.143386044005062], [-75.63620492487586, 6.143368527349244], [-75.63622332639251, 6.143353213343506], [-75.6362286293352, 6.143348800752738], [-75.63628681351948, 6.143324654180183], [-75.63630703790683, 6.143320371408465], [-75.63630972949805, 6.143319801240597], [-75.63639116390576, 6.1433025544933555], [-75.6364572818492, 6.143294291760603], [-75.6365118455245, 6.143283118926858], [-75.63653214896635, 6.1432668254919855], [-75.63656683989012, 6.14324714866424], [-75.6366141669702, 6.143225572484831], [-75.63668256142614, 6.143225634718444], [-75.63670432006762, 6.1432304517363105], [-75.63675868095163, 6.143242485864095], [-75.63681685399307, 6.14326855006979], [-75.63682735649796, 6.143270650798191], [-75.63682765667262, 6.143270710792658], [-75.63683002231781, 6.143292728938487], [-75.63683829393116, 6.14336969665921], [-75.63684783855292, 6.143443244417757], [-75.636863028804, 6.1435065820442105], [-75.63699862967907, 6.143496740633268], [-75.63701674890767, 6.143492158131747], [-75.63703914136501, 6.143487381875131], [-75.6370841070427, 6.143473267552058], [-75.63709316878028, 6.143472416436166], [-75.637147877741, 6.143467272809879], [-75.63715628580391, 6.143441535608915], [-75.63716455062378, 6.143416241193659], [-75.63717193521678, 6.143410294103793], [-75.63720006648927, 6.143387640032276], [-75.63725420544569, 6.1433392062272905], [-75.6373221739792, 6.143291489805074], [-75.63733129356537, 6.14325690299985], [-75.63728212965046, 6.143203533791294], [-75.6373710528734, 6.14309863881824], [-75.63740627067088, 6.142996318654376], [-75.63741001882643, 6.142985430810791], [-75.63738101362237, 6.142948741250145], [-75.6373461641812, 6.1429686801617605], [-75.63732468490747, 6.1429809699670335], [-75.63732269793408, 6.142982106211911], [-75.63729764194642, 6.1429795719296685], [-75.63725151346951, 6.142974904090745], [-75.63719356782656, 6.14293209676574], [-75.63713289929561, 6.14294953316669], [-75.6370765521095, 6.142965726877674], [-75.63704207767626, 6.142995056970648], [-75.63703600686769, 6.143011185279136], [-75.63702044597608, 6.143052517312589], [-75.63700055540265, 6.143052497003345], [-75.6369885047854, 6.143046004821875], [-75.636974477128, 6.143038447481008], [-75.636958416279, 6.143029794519894], [-75.63691322240037, 6.143005448174131], [-75.63692551700791, 6.142957300370697], [-75.6369288366203, 6.14287643960576], [-75.63693069554796, 6.142827286449114], [-75.63693145165551, 6.142808960401849], [-75.63681620325514, 6.142775015978605], [-75.6367758516643, 6.142763131517569], [-75.6367258419336, 6.142721957459961], [-75.63662646818553, 6.142677009275806], [-75.6365539105777, 6.1426383900384085], [-75.63647295276475, 6.1426021582162], [-75.63639975010499, 6.142574701689061], [-75.63636315172728, 6.142561756310896], [-75.63635577541561, 6.142537827297454], [-75.6363549905927, 6.142535279042282], [-75.63634731412493, 6.14251037604157], [-75.63632713868937, 6.142397988544654], [-75.63629619530275, 6.142282046992061], [-75.63625372396228, 6.142141555010081], [-75.63620442073781, 6.141982212958649], [-75.63614791775021, 6.141776069497702], [-75.63613542001035, 6.141730475816157], [-75.63602381355888, 6.1416900690939835], [-75.63582076913148, 6.141616559380981], [-75.63580070747936, 6.141647111124546], [-75.63578471088135, 6.141638654867666], [-75.63581230267779, 6.141456071177714], [-75.63581538408884, 6.141411003675241], [-75.63577884204125, 6.141401227530471], [-75.6357451037548, 6.141392201482233], [-75.63572363960888, 6.141386459001199], [-75.63570965155479, 6.141382716487059], [-75.63569385191389, 6.1413784901961845], [-75.63568861792311, 6.141377089408382], [-75.6356764713229, 6.141375311352516], [-75.63564816933277, 6.14137116928781], [-75.6356310476731, 6.141368663585808], [-75.6356055631476, 6.1413462115107], [-75.63554768314229, 6.1413339422883], [-75.63554678889945, 6.141333753229728], [-75.63553054148475, 6.141330309333217], [-75.63548145926282, 6.141319905183959], [-75.63543023410797, 6.141309046910583], [-75.63538679133222, 6.1412998390368445], [-75.6353475774525, 6.141291526117362], [-75.63530252069182, 6.141281975419442], [-75.6352472366213, 6.141270256586597], [-75.63520393490033, 6.141261078737747], [-75.63517100696765, 6.14125409993694], [-75.63513727972436, 6.141246950591526], [-75.63510688533665, 6.14124050896178], [-75.63510682836223, 6.141240494777789], [-75.63508925212928, 6.141236471590638], [-75.63504562667728, 6.1412229956685005], [-75.6350123365465, 6.141212712536382], [-75.63496621796114, 6.1411984677940845], [-75.6349373441967, 6.14118954789533], [-75.63491357531618, 6.141176715431796], [-75.63486879708859, 6.141152541238919], [-75.63480221796799, 6.1411165961700265], [-75.63480154597295, 6.141116233341581], [-75.63476083232325, 6.141094253122358], [-75.63470555305155, 6.1410644089281785], [-75.63466006825031, 6.141047163202823], [-75.63464520287256, 6.14104152828258], [-75.63460727790982, 6.141027149107641], [-75.63455130943719, 6.1410059301980215], [-75.6345015415821, 6.140987061092146], [-75.6344549781097, 6.140969407507715], [-75.63441846847067, 6.140955564675536], [-75.63438640026263, 6.140943406803577], [-75.63433728035086, 6.140924784002812], [-75.63433556821403, 6.140924135193928], [-75.63433364109069, 6.140923667349851], [-75.634306322263, 6.140917039646067], [-75.63427952342649, 6.14091053865798], [-75.6342306562806, 6.14089868230893], [-75.63419350560554, 6.1408896693315125], [-75.63417298099799, 6.140884691489761], [-75.63413841856324, 6.140876317577262], [-75.63406336042685, 6.140858135314905], [-75.63406304572167, 6.140858059116861], [-75.63406294353258, 6.140858034306861], [-75.63402183319232, 6.140848138578584], [-75.63398610573542, 6.140842186915747], [-75.6339265120476, 6.140832256557721], [-75.63389815973447, 6.140823757113447], [-75.63384941179564, 6.140808221559511], [-75.63383707214933, 6.140804289151367], [-75.63371133217721, 6.140779747851922], [-75.63369750733935, 6.140777050453345], [-75.63369404733696, 6.140776752884821], [-75.63360202527318, 6.140768856288615], [-75.63359674265747, 6.140768404062588], [-75.63353338145805, 6.14075662444246], [-75.63354298352387, 6.141831311886123], [-75.6334317122665, 6.141877462912319], [-75.63341581210834, 6.141973863169038], [-75.63339240917315, 6.142115195475596], [-75.63338263881708, 6.142171983548508], [-75.63337415142198, 6.142221309607209], [-75.63334478498669, 6.142395843579802], [-75.63333876788167, 6.142445331954252], [-75.63333876266677, 6.142445373566209], [-75.63332977745961, 6.1425192904159855], [-75.6333191348509, 6.142593771420863], [-75.63331841534433, 6.142598809616321], [-75.63333894802292, 6.142595860721194], [-75.63331509503699, 6.142763593502404], [-75.6333112571217, 6.1427918829376225], [-75.63330212212026, 6.142865276179443], [-75.63330016792555, 6.14288098010409], [-75.63329250109399, 6.142942511314186], [-75.6332883448867, 6.14297587313142], [-75.63328730992522, 6.142984172883383], [-75.63327473109993, 6.143064602131591], [-75.63327343297026, 6.1430726527583515], [-75.63324681837106, 6.143237734922204], [-75.63322736809849, 6.143359777971887], [-75.63322736374683, 6.1433598114431485], [-75.63322197238745, 6.143393641316462], [-75.63320753534018, 6.14348045146531], [-75.63321111821661, 6.143482404643045], [-75.6331863508564, 6.1436256440187345], [-75.63318183714813, 6.143652614162552], [-75.63316809153702, 6.143734738836591], [-75.63314536448203, 6.14387225367049], [-75.63312863925367, 6.1440023600873515], [-75.63310044562834, 6.144219385895934], [-75.63308178090962, 6.144357713356745], [-75.6330813474065, 6.1443577254370325], [-75.63306489864891, 6.144358178943356], [-75.63306328684922, 6.144454888547064], [-75.6330617628191, 6.14454483271533], [-75.63305968933916, 6.144678981286377], [-75.63305859791755, 6.14473989519549], [-75.63305419188444, 6.144790041932391], [-75.63307226397554, 6.144967392505634], [-75.63311149824109, 6.145056911640965], [-75.63316241205297, 6.145170204865531], [-75.63326355440837, 6.145373515376256], [-75.6333178361162, 6.145477906964613], [-75.63358532702362, 6.146029845991431], [-75.63368858566547, 6.1461829467149265], [-75.63368981866206, 6.146183507475907], [-75.63371474766029, 6.146194885001305], [-75.63379212740357, 6.146230199035545], [-75.63380807614256, 6.146236973107167], [-75.6338214710131, 6.146230642016847], [-75.63396976058004, 6.146172075369391], [-75.63398416385958, 6.146139941366601], [-75.6341752350383, 6.146175483179941]]]}, "properties": {"OBJECTID": 46, "NOM_BARRIO": "CAMPO ALEGRE", "BARRIO": "027", "PK_BARRIO": "3801001027", "MUNICIPIO": "380", "SECTOR": "1", "CORREGIMIENTO": "001", "CREATED_US": " ", "CREATED_DA": null, "LAST_EDITE": " ", "LAST_EDI_1": null, "SE_ANNO_CAD_DATA": null, "SHAPE.AREA": 0, "SHAPE.LEN": 0, "nombre_barrio_estandarizado": "CAMPO ALEGRE", "municipio_estandarizado": "la-estrella"}}, {"type": "Feature", "geometry": {"type": "Polygon", "coordinates": [[[-75.63703914136501, 6.143487381875131], [-75.63701674890767, 6.143492158131747], [-75.63699862967907, 6.143496740633268], [-75.63701253838914, 6.143495731807712], [-75.63701738136089, 6.1434942117180125], [-75.63703914136501, 6.143487381875131]]]}, "properties": {"OBJECTID": 47, "NOM_BARRIO": " ", "BARRIO": " ", "PK_BARRIO": " ", "MUNICIPIO": " ", "SECTOR": " ", "CORREGIMIENTO": " ", "CREATED_US": " ", "CREATED_DA": null, "LAST_EDITE": " ", "LAST_EDI_1": null, "SE_ANNO_CAD_DATA": null, "SHAPE.AREA": 0, "SHAPE.LEN": 0, "nombre_barrio_estandarizado": "", "municipio_estandarizado": "la-estrella"}}, {"type": "Feature", "geometry": {"type": "Polygon", "coordinates": [[[-75.63597335250897, 6.143875958573507], [-75.63594925853866, 6.143883172363229], [-75.63596971988905, 6.143878947188779], [-75.63597335250897, 6.143875958573507]]]}, "properties": {"OBJECTID": 48, "NOM_BARRIO": " ", "BARRIO": " ", "PK_BARRIO": " ", "MUNICIPIO": " ", "SECTOR": " ", "CORREGIMIENTO": " ", "CREATED_US": " ", "CREATED_DA": null, "LAST_EDITE": " ", "LAST_EDI_1": null, "SE_ANNO_CAD_DATA": null, "SHAPE.AREA": 0, "SHAPE.LEN": 0, "nombre_barrio_estandarizado": "", "municipio_estandarizado": "la-estrella"}}, {"type": "Feature", "geometry": {"type": "Polygon", "coordinates": [[[-75.64616595756648, 6.160308420229012], [-75.64615320775306, 6.160299647432458], [-75.64609009948896, 6.160256224145179], [-75.64608472540546, 6.160254115478334], [-75.64601910005854, 6.160152607452506], [-75.64593864181309, 6.1601279721247755], [-75.64586652438554, 6.160105705555652], [-75.6458393685097, 6.1600973432615564], [-75.64581310196746, 6.160090360637203], [-75.64578139235344, 6.160081929631745], [-75.64569655771872, 6.160055645311786], [-75.64568695189637, 6.160052643656041], [-75.64568358343449, 6.1600517002823345], [-75.64559413750429, 6.160039801313161], [-75.64551863277771, 6.160034849401486], [-75.64548003062627, 6.160033232880468], [-75.6454163190086, 6.160033382693731], [-75.64538543730856, 6.160030890713451], [-75.6453825518607, 6.160090618704574], [-75.64532094826787, 6.160087263028661], [-75.64528283550246, 6.160086704505675], [-75.64511176139203, 6.160067460149755], [-75.6446331368015, 6.160047425362808], [-75.64419632879236, 6.160020025428674], [-75.6439161353404, 6.1599657225330855], [-75.6433591329169, 6.159829545154779], [-75.64308344745984, 6.159740696737946], [-75.64290069911664, 6.159707537494418], [-75.64272446248516, 6.159674380254076], [-75.64254640333623, 6.16106554531155], [-75.64340789304961, 6.161196659303839], [-75.6442669363588, 6.161298737919206], [-75.64424592733815, 6.161023208141565], [-75.64432091689346, 6.161020578734942], [-75.64452774730249, 6.161023540339301], [-75.64465517242685, 6.161024468496129], [-75.64482363221562, 6.161025719164698], [-75.64489962966447, 6.16102598212669], [-75.64500006357, 6.16102773662685], [-75.64505673656014, 6.161029866474193], [-75.64516618246498, 6.161025247034135], [-75.64530059610318, 6.1610179587890395], [-75.64536925220955, 6.161014677214106], [-75.64551138404507, 6.1610078839967635], [-75.64567961286836, 6.161012859282752], [-75.64570165238668, 6.161013511994511], [-75.64623358977762, 6.161009152845691], [-75.6465623307607, 6.161004383673845], [-75.64665388543658, 6.161011621552658], [-75.64680718110154, 6.161053201948727], [-75.64769773022365, 6.161317155563649], [-75.6477204661314, 6.161281923432406], [-75.64783532224122, 6.160618630218584], [-75.6478353503383, 6.160618467352084], [-75.64782727148355, 6.1606071762622285], [-75.64782722873043, 6.160607115904009], [-75.64776041824439, 6.16045902812523], [-75.64776037244087, 6.160458899075212], [-75.64773188973179, 6.160375318432223], [-75.64762277086776, 6.160244515324783], [-75.64756994808252, 6.16020399919278], [-75.64755726759887, 6.160198644264939], [-75.64751490343342, 6.160183741843846], [-75.64749802454953, 6.160176201909926], [-75.64747240522374, 6.160164758348686], [-75.64741819997899, 6.160140545263804], [-75.64737314657135, 6.160136350963167], [-75.64726061662527, 6.160142476847845], [-75.64718472016946, 6.160180025102718], [-75.64712229801088, 6.1601826286151296], [-75.64712212281627, 6.16018263671739], [-75.64712205237622, 6.1601826397792765], [-75.64701926592485, 6.1601869299505685], [-75.64696892986902, 6.160199440465618], [-75.6469547706261, 6.160204633960509], [-75.64694328583357, 6.160208888439656], [-75.646875197565, 6.160234115616187], [-75.64679295792948, 6.160270866322915], [-75.64677051578447, 6.160289750125206], [-75.64677047169995, 6.160289785601627], [-75.64674287169582, 6.1603131907999815], [-75.64666892772604, 6.1603543228692885], [-75.64666529416289, 6.160357299830404], [-75.6466295496033, 6.160386590077868], [-75.64660302356023, 6.160405071062884], [-75.64655305903881, 6.160439883265152], [-75.64649124375133, 6.160461974797151], [-75.64644205010123, 6.160466976982346], [-75.64641027448535, 6.160471295122278], [-75.64636980982067, 6.160476795486377], [-75.64634682345225, 6.160479919147192], [-75.64633876992389, 6.160480841470367], [-75.64632533775222, 6.160482380832611], [-75.6462782842222, 6.160479601254648], [-75.64627800338111, 6.160479434497422], [-75.64622554763436, 6.160467047380913], [-75.64619905321898, 6.160417913255269], [-75.64616595756648, 6.160308420229012]]]}, "properties": {"OBJECTID": 49, "NOM_BARRIO": "HORIZONTES", "BARRIO": "015", "PK_BARRIO": "3801001015", "MUNICIPIO": "380", "SECTOR": "1", "CORREGIMIENTO": "001", "CREATED_US": " ", "CREATED_DA": null, "LAST_EDITE": "ANDRES_RODRIGUEZ", "LAST_EDI_1": 1637971200000, "SE_ANNO_CAD_DATA": null, "SHAPE.AREA": 0, "SHAPE.LEN": 0, "nombre_barrio_estandarizado": "HORIZONTES", "municipio_estandarizado": "la-estrella"}}, {"type": "Feature", "geometry": {"type": "Polygon", "coordinates": [[[-75.64741819997899, 6.160140545263804], [-75.64747240522374, 6.160164758348686], [-75.64749802454953, 6.160176201909926], [-75.64751490343342, 6.160183741843846], [-75.64755726759887, 6.160198644264939], [-75.64756994808252, 6.16020399919278], [-75.64762277086776, 6.160244515324783], [-75.64773188973179, 6.160375318432223], [-75.64776037244087, 6.160458899075212], [-75.64776041824439, 6.16045902812523], [-75.64782722873043, 6.160607115904009], [-75.64782727148355, 6.1606071762622285], [-75.6478353503383, 6.160618467352084], [-75.64786868629095, 6.160665055020359], [-75.64796134478563, 6.160715674726742], [-75.64801923423913, 6.1607216114582695], [-75.64803520408452, 6.1607232488938655], [-75.64812817272586, 6.160720202398317], [-75.64819674823985, 6.160709091006005], [-75.64827448038162, 6.160679072260518], [-75.64831160088615, 6.1606527737914405], [-75.64835084418242, 6.1606356027929134], [-75.64836946987614, 6.160449886805988], [-75.64838896137854, 6.160241862091439], [-75.64839916567851, 6.160122759512577], [-75.64847120624984, 6.159320487240133], [-75.64848990941118, 6.159121227498798], [-75.64849066127233, 6.159085047773759], [-75.64849190224706, 6.1590438572478705], [-75.64834834457166, 6.159035072488221], [-75.64828396098035, 6.159011134215786], [-75.64825233365394, 6.15898867497564], [-75.64818840059962, 6.158944656661696], [-75.64810558210107, 6.158891913233724], [-75.64797648930723, 6.158849224681671], [-75.64771503001681, 6.158777092511289], [-75.64746045063809, 6.158700341641968], [-75.647450505293, 6.158696443986965], [-75.64740167998607, 6.158677311040356], [-75.64727540246817, 6.158627827097645], [-75.64710279663944, 6.158571307340133], [-75.64709806034102, 6.158569756920154], [-75.64708038970011, 6.158565385920089], [-75.6469990783666, 6.158543891922225], [-75.64690693891261, 6.15851953613168], [-75.64685642243839, 6.158506182901497], [-75.64645749795896, 6.158452216418786], [-75.64591604328066, 6.15831736632574], [-75.64591179838999, 6.158315092030547], [-75.64589521218765, 6.158311736263758], [-75.6452853125216, 6.158107984545131], [-75.64575508950834, 6.157120177035975], [-75.64498752881137, 6.156865181579311], [-75.64491610520497, 6.156839007587014], [-75.64438496110073, 6.158629141090874], [-75.6439161353404, 6.1599657225330855], [-75.64419632879236, 6.160020025428674], [-75.6446331368015, 6.160047425362808], [-75.64511176139203, 6.160067460149755], [-75.64528283550246, 6.160086704505675], [-75.64532094826787, 6.160087263028661], [-75.6453825518607, 6.160090618704574], [-75.64538543730856, 6.160030890713451], [-75.6454163190086, 6.160033382693731], [-75.64548003062627, 6.160033232880468], [-75.64551863277771, 6.160034849401486], [-75.64559413750429, 6.160039801313161], [-75.64568358343449, 6.1600517002823345], [-75.64568695189637, 6.160052643656041], [-75.64569655771872, 6.160055645311786], [-75.64578139235344, 6.160081929631745], [-75.64581310196746, 6.160090360637203], [-75.6458393685097, 6.1600973432615564], [-75.64586652438554, 6.160105705555652], [-75.64593864181309, 6.1601279721247755], [-75.64601910005854, 6.160152607452506], [-75.64608472540546, 6.160254115478334], [-75.64609009948896, 6.160256224145179], [-75.64616595756648, 6.160308420229012], [-75.64619905321898, 6.160417913255269], [-75.64622554763436, 6.160467047380913], [-75.64627800338111, 6.160479434497422], [-75.6462782842222, 6.160479601254648], [-75.64632533775222, 6.160482380832611], [-75.64634682345225, 6.160479919147192], [-75.64636980982067, 6.160476795486377], [-75.64641027448535, 6.160471295122278], [-75.64644205010123, 6.160466976982346], [-75.64649124375133, 6.160461974797151], [-75.64655305903881, 6.160439883265152], [-75.64660302356023, 6.160405071062884], [-75.6466295496033, 6.160386590077868], [-75.64666529416289, 6.160357299830404], [-75.64666892772604, 6.1603543228692885], [-75.64674287169582, 6.1603131907999815], [-75.64677047169995, 6.160289785601627], [-75.64677051578447, 6.160289750125206], [-75.64679295792948, 6.160270866322915], [-75.646875197565, 6.160234115616187], [-75.64694328583357, 6.160208888439656], [-75.6469547706261, 6.160204633960509], [-75.64696892986902, 6.160199440465618], [-75.64701926592485, 6.1601869299505685], [-75.64712205237622, 6.1601826397792765], [-75.64712212281627, 6.16018263671739], [-75.64712229801088, 6.1601826286151296], [-75.64718472016946, 6.160180025102718], [-75.64726061662527, 6.160142476847845], [-75.64737314657135, 6.160136350963167], [-75.64741819997899, 6.160140545263804]]]}, "properties": {"OBJECTID": 50, "NOM_BARRIO": "BELLAVISTA", "BARRIO": "014", "PK_BARRIO": "3801001014", "MUNICIPIO": "380", "SECTOR": "1", "CORREGIMIENTO": "001", "CREATED_US": " ", "CREATED_DA": null, "LAST_EDITE": "ANDRES_RODRIGUEZ", "LAST_EDI_1": 1637971200000, "SE_ANNO_CAD_DATA": null, "SHAPE.AREA": 0, "SHAPE.LEN": 0, "nombre_barrio_estandarizado": "BELLAVISTA", "municipio_estandarizado": "la-estrella"}}]}