{"type": "FeatureCollection", "name": "sabaneta_Barrios", "features": [{"type": "Feature", "geometry": {"type": "Polygon", "coordinates": [[[-75.62165535807293, 6.1486223302876555], [-75.62174740191267, 6.148725670600971], [-75.62230595931726, 6.149359263471766], [-75.62327798507444, 6.148484152577794], [-75.62328695029568, 6.148493788276543], [-75.6232941865764, 6.148501564686328], [-75.62331574376194, 6.148524728313056], [-75.62331943924066, 6.148521638178348], [-75.62336900069371, 6.148480183335913], [-75.62337625113149, 6.148491399609107], [-75.6233772723633, 6.148492983020084], [-75.62338196247592, 6.1485002367329695], [-75.62338768774049, 6.148496991075079], [-75.62338796797084, 6.148497403756444], [-75.62339490596922, 6.148507717507402], [-75.62341685116675, 6.148492667472968], [-75.62352170724007, 6.148441289316107], [-75.6235538193459, 6.148419550853773], [-75.62355774624848, 6.14847876171329], [-75.62357704287308, 6.148655430711025], [-75.62358201957791, 6.148753177231708], [-75.62360196482678, 6.1488302024793695], [-75.62362944108843, 6.148912843790377], [-75.62363132416212, 6.149001204222607], [-75.62362202512732, 6.149067721540051], [-75.62360325488513, 6.149140599315922], [-75.6235939475512, 6.149203950671076], [-75.62361303815541, 6.149241889623056], [-75.62367313350099, 6.149238548617867], [-75.62375842025772, 6.149193976409768], [-75.6238436380276, 6.149127238887393], [-75.62391933204682, 6.1490478651515375], [-75.62402036020114, 6.148977915577638], [-75.62406769129608, 6.148936618091296], [-75.62408332769667, 6.148873248312529], [-75.6241021798419, 6.1488288687005666], [-75.62415284074568, 6.148844551956536], [-75.62426059766496, 6.148913896948942], [-75.62436715926484, 6.1489695513383325], [-75.6243903339208, 6.148943297592846], [-75.62439355610144, 6.14893708174543], [-75.62440013651447, 6.148924396246467], [-75.62441065021345, 6.148904069326307], [-75.62442190366437, 6.148882264256383], [-75.6244337850654, 6.148859206695973], [-75.62444613078526, 6.1488352364700365], [-75.62445877808699, 6.148810691591028], [-75.62447156245831, 6.148785916408506], [-75.62448432465561, 6.148761224508245], [-75.6244968823013, 6.148737001010044], [-75.62450907620507, 6.148713570348093], [-75.62452078474502, 6.148691181735276], [-75.62453203920222, 6.148669767213703], [-75.62454290751397, 6.148649181800633], [-75.62455345492994, 6.148629285046785], [-75.62456375029953, 6.1486099337730495], [-75.62457384630228, 6.1485910029608775], [-75.62458383420021, 6.148572314966929], [-75.62459376399862, 6.148553752018233], [-75.62460367414683, 6.148535234368975], [-75.62461352790889, 6.148516822771398], [-75.62462327613842, 6.148498625953652], [-75.62463286512406, 6.14848074272174], [-75.62464224481174, 6.148463280904219], [-75.62465137583561, 6.148446317539248], [-75.62466018305034, 6.1484300012611905], [-75.62466862621787, 6.148414415440883], [-75.62467667041766, 6.148399622629742], [-75.6246843568221, 6.148385545780713], [-75.62469173821724, 6.148372081572063], [-75.62469886827454, 6.148359123061503], [-75.62470579707467, 6.148346567844668], [-75.62471257113414, 6.1483343234792995], [-75.62471926110868, 6.148322246777432], [-75.62472590100235, 6.148310272479981], [-75.6247325427156, 6.148298300885772], [-75.62473926877054, 6.1482862140621055], [-75.62474619394446, 6.148273840578479], [-75.62475343300578, 6.148261007196301], [-75.62476109800875, 6.148247539786293], [-75.62476931186424, 6.148233267782041], [-75.62477818211465, 6.148218017980505], [-75.62478783074984, 6.148201616203571], [-75.62479832677859, 6.148183951817395], [-75.62480954022354, 6.148165227969083], [-75.6248212756538, 6.148145746669514], [-75.62483333670868, 6.1481258045097205], [-75.62484552167899, 6.148105712571945], [-75.62485765749784, 6.148085728458389], [-75.62486954246504, 6.148066165059351], [-75.62488098384185, 6.148047320756151], [-75.62489736883754, 6.148020382561258], [-75.62498697793389, 6.14787299614978], [-75.624997487176, 6.147855633654494], [-75.62503503894715, 6.147793268195049], [-75.62509235337485, 6.147697779576158], [-75.62517442410801, 6.1475607816534765], [-75.62528627613618, 6.147373835695705], [-75.62544732719667, 6.147104412405027], [-75.62454957776245, 6.146334125811826], [-75.62468714179643, 6.146106919952238], [-75.62467147543195, 6.146103205301897], [-75.62463858907509, 6.146095404832073], [-75.62460401712872, 6.146095505044778], [-75.62451627067816, 6.146101082853215], [-75.62440191632683, 6.146101414018418], [-75.62426887908158, 6.14607784418488], [-75.62406382731194, 6.145982612703063], [-75.62377078683846, 6.145807785228522], [-75.62360032241509, 6.14571777905825], [-75.62351251673674, 6.145702061923236], [-75.62342477205902, 6.145707637712662], [-75.62331048723405, 6.145731926668023], [-75.62319883776186, 6.1457482180379115], [-75.62308443762711, 6.145732579856892], [-75.62298056744011, 6.1456796437257], [-75.62289537427829, 6.145647948915472], [-75.62277291277441, 6.145603053357811], [-75.62266914932908, 6.145587381845622], [-75.62256809169284, 6.1455876744304], [-75.62244585881676, 6.145622630310108], [-75.62236087231744, 6.145662803311466], [-75.62225204556425, 6.14573498572776], [-75.62215663656829, 6.145849716837484], [-75.62211160400898, 6.145911065665536], [-75.62214869334628, 6.145927361905708], [-75.62214349734562, 6.145937602348402], [-75.6221525812349, 6.14594842905868], [-75.62215559042329, 6.14595201605546], [-75.62220249342087, 6.146007333868466], [-75.62227446909436, 6.146093403080221], [-75.62228786079491, 6.146109418725588], [-75.62231980497457, 6.146147619285309], [-75.62232276332678, 6.146151154094354], [-75.62237073138782, 6.146208515243781], [-75.62241675871977, 6.146263557058861], [-75.62246334210322, 6.146319260618544], [-75.622475041105, 6.146333250434317], [-75.6224780485447, 6.146336848284681], [-75.62248761326373, 6.146348284669943], [-75.6224675431705, 6.146366264526813], [-75.62241925156685, 6.146409529252786], [-75.62241405171248, 6.146414188972136], [-75.62238795169219, 6.1464375730446035], [-75.62234619362684, 6.146474984476398], [-75.6223393749727, 6.146480720736611], [-75.62228946978095, 6.146519861837916], [-75.62231292374061, 6.14654783035324], [-75.62231680609129, 6.146552461767783], [-75.62233863462089, 6.146578493631853], [-75.62246469859015, 6.146728825262831], [-75.62250277028059, 6.146772307046918], [-75.6225798820714, 6.1468611318186435], [-75.6227706831714, 6.1470809124838155], [-75.62278133573588, 6.147093513364042], [-75.6228874443526, 6.147219020630734], [-75.62288880067548, 6.147222075107542], [-75.62288982192592, 6.147225321985468], [-75.62289047981534, 6.1472287026397225], [-75.62289052691462, 6.147229281908839], [-75.62289057134402, 6.147229869327593], [-75.62289075241324, 6.147232165646751], [-75.62289062851289, 6.147235636024881], [-75.62289009422443, 6.147239044229946], [-75.62288920076257, 6.147242334863017], [-75.622887963128, 6.147245435525895], [-75.62285954329334, 6.147277066072382], [-75.62284898361918, 6.1472694126427605], [-75.62272808090555, 6.14718179560348], [-75.62250419521223, 6.146939592189824], [-75.62248932162046, 6.1469076227091035], [-75.62245278614301, 6.146829070437562], [-75.62243662078374, 6.146794314661272], [-75.62238661756722, 6.146686810060715], [-75.62231188378526, 6.146634415205221], [-75.62221998745572, 6.146640545540981], [-75.62218001470089, 6.146643211616119], [-75.6220099835858, 6.146630644367686], [-75.62199954775716, 6.146592216188968], [-75.62193075898729, 6.1465993098002], [-75.62192908336128, 6.146599480753804], [-75.62184059162817, 6.146608603922542], [-75.62177768039504, 6.146618830161497], [-75.62174855192649, 6.146610735330237], [-75.6217154388318, 6.1466132709743055], [-75.62171485461424, 6.146609254401086], [-75.62165519625705, 6.146604404871924], [-75.62165409273389, 6.146598005942635], [-75.62165373848292, 6.14659594281331], [-75.62159039046482, 6.146604592689608], [-75.6215893734825, 6.146600002354634], [-75.62156034169058, 6.146589884659961], [-75.62151546121375, 6.146574243187695], [-75.62148994648557, 6.146576612253476], [-75.62147439349461, 6.1465532671428535], [-75.62146614695334, 6.146524742092307], [-75.62146189255589, 6.146523264943357], [-75.62139673594824, 6.146459572824439], [-75.62139173215398, 6.146456500073193], [-75.6212943944216, 6.14644472585435], [-75.62128981065453, 6.1464460809248385], [-75.62124352938012, 6.146429733896173], [-75.62122264222786, 6.146422356195769], [-75.62114819735264, 6.146394444298695], [-75.62091952546189, 6.1462493075702875], [-75.62092066691301, 6.146247775016755], [-75.62085732387892, 6.146211697392788], [-75.62084972084051, 6.146244114436969], [-75.62085367734086, 6.146255774557419], [-75.62084606414139, 6.1462650875396765], [-75.62083953202969, 6.146273822045984], [-75.62083374020747, 6.146282292552198], [-75.62082836060594, 6.146290830648873], [-75.62082308135268, 6.146299755190257], [-75.6208176407808, 6.1463093079393865], [-75.62081190629905, 6.146319527517112], [-75.62080597614006, 6.146330183810789], [-75.62079995150292, 6.146341099128596], [-75.62079391200622, 6.146352115773845], [-75.62078793910602, 6.146363082369267], [-75.62078211603398, 6.1463738412004165], [-75.62077652603938, 6.146384238169052], [-75.62077125237153, 6.146394119176898], [-75.62076635318371, 6.14640337002736], [-75.6207617865147, 6.146412091276731], [-75.62075747102358, 6.146420457807224], [-75.62075332084866, 6.1464286436192435], [-75.62074925647315, 6.146436827202303], [-75.62074518757231, 6.146445193427348], [-75.62074103102515, 6.1464539226097035], [-75.6207367010187, 6.146463198694168], [-75.62073213319213, 6.146473159413278], [-75.62072733728634, 6.14648376494073], [-75.62072234896189, 6.146494919271403], [-75.62071719758326, 6.146506531855431], [-75.62071191974967, 6.146518513915581], [-75.62070654120812, 6.1465307740156705], [-75.62070109852694, 6.146543217050199], [-75.6206956166428, 6.146555770572203], [-75.62069013838038, 6.146568325884602], [-75.62068465042996, 6.146580931871835], [-75.62067916548132, 6.146593597512242], [-75.62067366941005, 6.146606389775426], [-75.62066814889768, 6.146619355737742], [-75.62066260150004, 6.146632549654689], [-75.62065701392078, 6.146646023122816], [-75.620651378314, 6.146659834040366], [-75.62064567867799, 6.1466740349211975], [-75.6206399167263, 6.146688606771682], [-75.62063409855145, 6.14670350255092], [-75.62062823203473, 6.146718671592967], [-75.62062232774953, 6.146734059602473], [-75.62061639087182, 6.146749616830853], [-75.62061043646908, 6.146765284440374], [-75.62060445456572, 6.1467810543434735], [-75.62059843597879, 6.1467968958471975], [-75.6205922533282, 6.14681298948401], [-75.62058584607867, 6.146829331934592], [-75.62058573008646, 6.146829624514433], [-75.62057899121645, 6.146846311229913], [-75.62057884125056, 6.146846675396997], [-75.62057161121717, 6.146863959392263], [-75.6205714334941, 6.146864373418733], [-75.6205635883885, 6.146882406279349], [-75.62056338914246, 6.146882852053436], [-75.62055480414368, 6.146901783561343], [-75.62055459231415, 6.146902242053971], [-75.62054514531538, 6.146922222881823], [-75.62054490208023, 6.146922724019247], [-75.62053447231631, 6.146943809907013], [-75.62053411264623, 6.146944513220623], [-75.62052260193346, 6.146966390941649], [-75.62052209254111, 6.146967323716466], [-75.62050940586613, 6.146989589622709], [-75.6205087177856, 6.146990739343992], [-75.62049476193265, 6.147012987970435], [-75.62049385451334, 6.1470143539335425], [-75.62047853175928, 6.147036181645365], [-75.62047735166094, 6.1470377541672985], [-75.6204608219607, 6.147058438741138], [-75.6203840414328, 6.147165807972851], [-75.62105979265175, 6.147954077085189], [-75.62123182398204, 6.1481473070093715], [-75.62165535807293, 6.1486223302876555]]]}, "properties": {"SE_ANNO_CAD_DATA": null, "SHAPE.AREA": 0, "SHAPE.LEN": 0, "OBJECTID": 1, "NOM_BARRIO": "PRADOS DE SABANETA", "BARRIO": "013", "PK_BARRIO": "6311001013", "MUNICIPIO": "631", "SECTOR": "1", "CORREGIMIENTO": "001", "nombre_barrio_estandarizado": "PRADOS DE SABANETA", "municipio_estandarizado": "sabaneta"}}, {"type": "Feature", "geometry": {"type": "Polygon", "coordinates": [[[-75.6188277942272, 6.1486979179466825], [-75.61882294437338, 6.148752318200069], [-75.61879852599185, 6.148909128641388], [-75.61875079053979, 6.149031252551999], [-75.61868519249093, 6.149151459756164], [-75.61859512344886, 6.1492691904966845], [-75.61848228749783, 6.149370897211902], [-75.61837466602184, 6.1494214682313535], [-75.61889964582498, 6.150089823621566], [-75.61890518950972, 6.150096523538571], [-75.61893277423161, 6.150066002805288], [-75.61915391455892, 6.149821321159798], [-75.61955463976898, 6.149377935099155], [-75.61983854659931, 6.149063803100929], [-75.61999121428069, 6.148894885664167], [-75.62008674515546, 6.148789180957429], [-75.62002733789066, 6.148738648926182], [-75.61999708193537, 6.148721134755446], [-75.61993324866103, 6.148660090325697], [-75.61984750831068, 6.148494260815065], [-75.61997960642783, 6.148427867874044], [-75.61999433263179, 6.148496705708456], [-75.62001836883694, 6.148478843838734], [-75.62020105640902, 6.1486210519837545], [-75.62020190163867, 6.148620266730475], [-75.6202264444764, 6.148600172053932], [-75.6202808264271, 6.148555638028355], [-75.6203302800203, 6.148515141295709], [-75.62033300784798, 6.148512179777906], [-75.62038566406473, 6.14845500914936], [-75.62050980276051, 6.148325241789319], [-75.62051301210691, 6.14832893539505], [-75.62053608732374, 6.1483551763873665], [-75.620572512426, 6.14833411121186], [-75.62065150012971, 6.148288433052425], [-75.62071206090043, 6.148253411029393], [-75.62080625811546, 6.148198936780963], [-75.62091647559801, 6.14809428191712], [-75.62099550457523, 6.148018874485352], [-75.62101924536954, 6.147996223439173], [-75.62105979265175, 6.147954077085189], [-75.6203840414328, 6.147165807972851], [-75.620252100413, 6.1470957866883], [-75.6200996154594, 6.147031667458889], [-75.61998656411969, 6.146972812583848], [-75.61991989255279, 6.146933803950589], [-75.61978313246298, 6.147064311041388], [-75.61930863390147, 6.147487965522181], [-75.61906079773256, 6.1477300058601765], [-75.6189461688376, 6.147856569372172], [-75.61887973202471, 6.147971852609288], [-75.6188245191437, 6.148120519272745], [-75.61882140704114, 6.148328438407962], [-75.6188277942272, 6.1486979179466825]]]}, "properties": {"SE_ANNO_CAD_DATA": null, "SHAPE.AREA": 0, "SHAPE.LEN": 0, "OBJECTID": 2, "NOM_BARRIO": "SABANETA REAL", "BARRIO": "015", "PK_BARRIO": "6311001015", "MUNICIPIO": "631", "SECTOR": "1", "CORREGIMIENTO": "001", "nombre_barrio_estandarizado": "SABANETA REAL", "municipio_estandarizado": "sabaneta"}}, {"type": "Feature", "geometry": {"type": "Polygon", "coordinates": [[[-75.62230595931726, 6.149359263471766], [-75.6223129570252, 6.149367200181333], [-75.62262469588897, 6.149723905460544], [-75.62308611327961, 6.150257530352118], [-75.62315929870475, 6.150342170205054], [-75.62325533996382, 6.150452655917733], [-75.62326808751094, 6.150467320366421], [-75.6232969497574, 6.150416117457984], [-75.62330554234154, 6.150405201251415], [-75.62331702903909, 6.150390607589235], [-75.62333884442668, 6.150362891429748], [-75.6233422161075, 6.150358607718143], [-75.6233480644884, 6.150351178378814], [-75.62336054759321, 6.150335315950388], [-75.62336955311628, 6.150323876978539], [-75.62338656410806, 6.15030226149069], [-75.62339245469231, 6.150294781316874], [-75.62339299777565, 6.150294088853616], [-75.6234033677691, 6.150280916430302], [-75.62341756454752, 6.150262878559313], [-75.62342946954256, 6.150247750352868], [-75.62343116077523, 6.150245603046262], [-75.62343169400698, 6.150244927808483], [-75.62348247327702, 6.150172741655015], [-75.62352389936042, 6.150113856729827], [-75.62354138850446, 6.150088994235293], [-75.62356418798578, 6.150056582093627], [-75.62357978264123, 6.150034415762591], [-75.62362548478447, 6.149969451748335], [-75.62363242141494, 6.149959590575539], [-75.62369070510915, 6.149876742181048], [-75.62371274390517, 6.149845411412863], [-75.62372190603698, 6.149832387765785], [-75.62374602347353, 6.149799996271284], [-75.62375806334678, 6.14978382593022], [-75.62377317308578, 6.1497635324746724], [-75.62378617045, 6.149746078189711], [-75.62378774621044, 6.149743961284419], [-75.62381784543301, 6.149703534982306], [-75.62386019091868, 6.14964666249239], [-75.62389813036985, 6.149595708809445], [-75.62394415142882, 6.149533901099387], [-75.62397173712723, 6.149496850236783], [-75.62400023275205, 6.149458578948038], [-75.623997535418, 6.149456334774334], [-75.62402118426778, 6.149427859241555], [-75.62402212175165, 6.149426731797622], [-75.62405706971457, 6.149384651658636], [-75.62406190989935, 6.149378116864873], [-75.62407551072093, 6.149359760079763], [-75.62409966142359, 6.1493271604904605], [-75.62411246810096, 6.149309874393571], [-75.62415506788894, 6.1492523750496435], [-75.62417941781374, 6.149219511401522], [-75.62436715926484, 6.1489695513383325], [-75.62426059766496, 6.148913896948942], [-75.62415284074568, 6.148844551956536], [-75.6241021798419, 6.1488288687005666], [-75.62408332769667, 6.148873248312529], [-75.62406769129608, 6.148936618091296], [-75.62402036020114, 6.148977915577638], [-75.62391933204682, 6.1490478651515375], [-75.6238436380276, 6.149127238887393], [-75.62375842025772, 6.149193976409768], [-75.62367313350099, 6.149238548617867], [-75.62361303815541, 6.149241889623056], [-75.6235939475512, 6.149203950671076], [-75.62360325488513, 6.149140599315922], [-75.62362202512732, 6.149067721540051], [-75.62363132416212, 6.149001204222607], [-75.62362944108843, 6.148912843790377], [-75.62360196482678, 6.1488302024793695], [-75.62358201957791, 6.148753177231708], [-75.62357704287308, 6.148655430711025], [-75.62355774624848, 6.14847876171329], [-75.6235538193459, 6.148419550853773], [-75.62352170724007, 6.148441289316107], [-75.62341685116675, 6.148492667472968], [-75.62339490596922, 6.148507717507402], [-75.62338796797084, 6.148497403756444], [-75.62338768774049, 6.148496991075079], [-75.62338196247592, 6.1485002367329695], [-75.6233772723633, 6.148492983020084], [-75.62337625113149, 6.148491399609107], [-75.62336900069371, 6.148480183335913], [-75.62331943924066, 6.148521638178348], [-75.62331574376194, 6.148524728313056], [-75.6232941865764, 6.148501564686328], [-75.62328695029568, 6.148493788276543], [-75.62327798507444, 6.148484152577794], [-75.62230595931726, 6.149359263471766]]]}, "properties": {"SE_ANNO_CAD_DATA": null, "SHAPE.AREA": 0, "SHAPE.LEN": 0, "OBJECTID": 3, "NOM_BARRIO": "NUETRA SEÑORA DE LOS DOLORES", "BARRIO": "014", "PK_BARRIO": "6311001014", "MUNICIPIO": "631", "SECTOR": "1", "CORREGIMIENTO": "001", "nombre_barrio_estandarizado": "NUETRA SEÑORA DE LOS DOLORES", "municipio_estandarizado": "sabaneta"}}, {"type": "Feature", "geometry": {"type": "Polygon", "coordinates": [[[-75.61210700620865, 6.152099286363717], [-75.61225062003611, 6.152111104863775], [-75.61234058305331, 6.152119349039958], [-75.61238319240397, 6.152067699265758], [-75.6124900682325, 6.151938154523492], [-75.61252556854892, 6.151897377460359], [-75.61256427214828, 6.15185461747664], [-75.61260566368473, 6.151810147409415], [-75.612649226905, 6.1517642391962095], [-75.61269444827025, 6.151717165665369], [-75.61274080973884, 6.151669202379503], [-75.61278779684717, 6.151620617651252], [-75.61283502213381, 6.15157160594258], [-75.61288261764906, 6.151522017436663], [-75.6129308442691, 6.15147163207323], [-75.61293677828125, 6.15146541923336], [-75.61304021572987, 6.151357082565186], [-75.613081914493, 6.151313390292044], [-75.61313527294107, 6.151257525591574], [-75.61319056486225, 6.151199722154811], [-75.61324784438905, 6.151139967059817], [-75.61330632427197, 6.151079084145521], [-75.61334253991238, 6.151041457852651], [-75.61344315244352, 6.150937147234344], [-75.6134790111877, 6.150900058796677], [-75.61353233762536, 6.150845054011237], [-75.61358188653242, 6.150794115207989], [-75.6136036330209, 6.1507719387620154], [-75.61365194617089, 6.150722836735079], [-75.61283808942107, 6.150036917340265], [-75.61282004164732, 6.150020962135198], [-75.61253836220516, 6.149751330904073], [-75.61234066907774, 6.14956865280179], [-75.61229589759027, 6.149507700122363], [-75.61228401899294, 6.149458398131936], [-75.61228623018253, 6.149411406714506], [-75.6123306613639, 6.149352546341488], [-75.61239144461828, 6.149267796754768], [-75.61250830921324, 6.14909361131551], [-75.61252680408762, 6.148994890164772], [-75.61251948092395, 6.1488962392595266], [-75.61248875572296, 6.148823498487159], [-75.6124299266326, 6.14877198337872], [-75.6123452976871, 6.148727589198196], [-75.61213613206972, 6.148636568548824], [-75.6120490228399, 6.148545196780853], [-75.61198063507908, 6.148434975901943], [-75.61188156580299, 6.148266110105609], [-75.61186019903741, 6.148181596860157], [-75.6118786949663, 6.148082872070971], [-75.61190251304933, 6.148016725442106], [-75.61208625897413, 6.147662116238934], [-75.6121479987737, 6.147545910567572], [-75.61209752077926, 6.147544009344429], [-75.61209260695699, 6.147543823629474], [-75.6119306948424, 6.147537724554657], [-75.61188257482391, 6.147535912132172], [-75.61166943324626, 6.1476247253607], [-75.61163551105602, 6.147638860818095], [-75.61151674685885, 6.147688349551471], [-75.61130665831465, 6.147771081483194], [-75.61121302214674, 6.147807954961406], [-75.61120203503089, 6.1478122821864005], [-75.61113887644774, 6.147837153471701], [-75.61111340511141, 6.147847182920043], [-75.61100291543596, 6.1478906941336415], [-75.61090053187242, 6.147924235457095], [-75.61090027845022, 6.147924317157611], [-75.6108281676845, 6.147947941169919], [-75.61079528043498, 6.147958712930311], [-75.61072615924526, 6.147981358586589], [-75.61046528415633, 6.148069950047618], [-75.61038857303554, 6.148096001314108], [-75.61037550890217, 6.1481015501257925], [-75.61025168663501, 6.148154125457976], [-75.61003875623624, 6.148244534700799], [-75.60994163097753, 6.1482857745369675], [-75.60990993825708, 6.14829923182599], [-75.61014070902871, 6.148710161947248], [-75.61033647175631, 6.149069423807344], [-75.61051399959517, 6.149337283195589], [-75.6106102415198, 6.1494674438478745], [-75.61064947277274, 6.1495662824771], [-75.61067547292384, 6.149753616030165], [-75.61069360848413, 6.149809036977444], [-75.6107899548363, 6.149975179732359], [-75.61094941972463, 6.150213103063237], [-75.61109383205003, 6.1504255844693025], [-75.61122307352566, 6.1505706433985985], [-75.61129376598642, 6.150670891156109], [-75.61130438409837, 6.150717336185253], [-75.61128211380654, 6.150786367396927], [-75.6111750558212, 6.151064039341008], [-75.61113807074173, 6.151226065943046], [-75.61113528052937, 6.151298037737799], [-75.61117594973031, 6.151375882229205], [-75.61141042547133, 6.151652572508457], [-75.6116584187876, 6.15194121869701], [-75.61177402745207, 6.152101772733202], [-75.61180100597255, 6.152096625885155], [-75.61185495069482, 6.152090838103092], [-75.61194354168039, 6.152090583626018], [-75.61210700620865, 6.152099286363717]]]}, "properties": {"SE_ANNO_CAD_DATA": null, "SHAPE.AREA": 0, "SHAPE.LEN": 0, "OBJECTID": 4, "NOM_BARRIO": "LA BARQUEREÑA", "BARRIO": "006", "PK_BARRIO": "6311001006", "MUNICIPIO": "631", "SECTOR": "1", "CORREGIMIENTO": "001", "nombre_barrio_estandarizado": "LA BARQUEREÑA", "municipio_estandarizado": "sabaneta"}}, {"type": "Feature", "geometry": {"type": "Polygon", "coordinates": [[[-75.61868949679669, 6.151868856609222], [-75.61887838896594, 6.152076620316202], [-75.61888670469682, 6.152085872345129], [-75.618887955331, 6.1520872647892855], [-75.61891409505037, 6.152116352127483], [-75.61914543973342, 6.151908832965671], [-75.61919380911843, 6.151865445794165], [-75.61922159551852, 6.151888449757394], [-75.61923033047252, 6.151883338741961], [-75.61926157293713, 6.1518650599619695], [-75.61933268472481, 6.15182345429332], [-75.61940328352928, 6.151756419954327], [-75.61957268073665, 6.151549933376535], [-75.61991465889794, 6.151138631570097], [-75.61985583287608, 6.151079962052588], [-75.61977628344503, 6.151002573516009], [-75.61972696803495, 6.150952753242738], [-75.6196630590112, 6.150889410233352], [-75.6195992223823, 6.150825722408108], [-75.61953313346068, 6.150763973073113], [-75.61950739592119, 6.150739710548654], [-75.61946830745796, 6.1507015114571395], [-75.6194030278994, 6.150639208454175], [-75.61938780838435, 6.150624407731816], [-75.61930425306154, 6.150542039271832], [-75.6192235150722, 6.150456902298606], [-75.61914568431317, 6.150369093106854], [-75.61902876688876, 6.150245831264847], [-75.61896185386253, 6.150164987586165], [-75.61890518950972, 6.150096523538571], [-75.61889964582498, 6.150089823621566], [-75.61837466602184, 6.1494214682313535], [-75.6179347532579, 6.149628180370816], [-75.61781863754143, 6.149688410357137], [-75.61775592314686, 6.149722742108022], [-75.61759296407173, 6.149820373046745], [-75.61742311679154, 6.1499318996849475], [-75.61732533598378, 6.150001065882139], [-75.61716427873553, 6.15012337823801], [-75.61703711613332, 6.150230957318137], [-75.61697681695071, 6.150283379197485], [-75.61735846528639, 6.150653190445259], [-75.61737684452949, 6.1506694873484555], [-75.61747093060312, 6.150753063052721], [-75.6178911614631, 6.151136747123215], [-75.61792868831736, 6.1511759050929555], [-75.61806272805808, 6.151309426577884], [-75.61829893678814, 6.151517496543802], [-75.61838835871261, 6.151602198693854], [-75.61859615671261, 6.1517910509512905], [-75.61868949679669, 6.151868856609222]]]}, "properties": {"SE_ANNO_CAD_DATA": null, "SHAPE.AREA": 0, "SHAPE.LEN": 0, "OBJECTID": 5, "NOM_BARRIO": "HOLANDA", "BARRIO": "017", "PK_BARRIO": "6311001017", "MUNICIPIO": "631", "SECTOR": "1", "CORREGIMIENTO": "001", "nombre_barrio_estandarizado": "HOLANDA", "municipio_estandarizado": "sabaneta"}}, {"type": "Feature", "geometry": {"type": "Polygon", "coordinates": [[[-75.61304021572987, 6.151357082565186], [-75.61293677828125, 6.15146541923336], [-75.6129308442691, 6.15147163207323], [-75.61288261764906, 6.151522017436663], [-75.61283502213381, 6.15157160594258], [-75.61278779684717, 6.151620617651252], [-75.61274080973884, 6.151669202379503], [-75.61269444827025, 6.151717165665369], [-75.612649226905, 6.1517642391962095], [-75.61260566368473, 6.151810147409415], [-75.61256427214828, 6.15185461747664], [-75.61252556854892, 6.151897377460359], [-75.6124900682325, 6.151938154523492], [-75.61238319240397, 6.152067699265758], [-75.61234058305331, 6.152119349039958], [-75.61251190127626, 6.1521409286694], [-75.61266933743794, 6.152178694739495], [-75.61276870927043, 6.152208984486368], [-75.6127901123373, 6.152215039108914], [-75.61286346820478, 6.152228586347088], [-75.6129460154203, 6.15225128200408], [-75.61303616054705, 6.152260195971968], [-75.61313235503896, 6.152247686548965], [-75.6132223815355, 6.152215325142983], [-75.61328949747073, 6.1521830279758], [-75.6134816080524, 6.1520617014435715], [-75.61372699565347, 6.151876014132374], [-75.61394945919827, 6.151691724606404], [-75.61396260184057, 6.151679877599324], [-75.61418942251562, 6.151477270282424], [-75.61421289396341, 6.151463904496572], [-75.61434532976764, 6.151398949068815], [-75.61449219951162, 6.151366237747288], [-75.61462477110432, 6.151347917673529], [-75.6147466090126, 6.1513368057962685], [-75.61481831744906, 6.151343772961304], [-75.61489721575761, 6.151357896714827], [-75.61541914392616, 6.151973176823038], [-75.61577271795558, 6.15163935717309], [-75.61583483001195, 6.1515802300508815], [-75.61582909229266, 6.151569871401728], [-75.61582189280153, 6.151552995302185], [-75.61581771394235, 6.151539086900702], [-75.61581374680458, 6.151513801653814], [-75.61582004268978, 6.1514598851133515], [-75.61582890792744, 6.151437817828416], [-75.61584119151966, 6.151417483153172], [-75.616100076274, 6.1511413220274616], [-75.61616970929718, 6.151064910367025], [-75.61609235678442, 6.150977516793822], [-75.6154316159379, 6.150258298261016], [-75.61534234544384, 6.150162882347186], [-75.61483313483438, 6.149626942881451], [-75.61445575958902, 6.14996727258603], [-75.61435491628099, 6.150058847933696], [-75.61433626217908, 6.150075747599957], [-75.6142659424127, 6.150139600488327], [-75.6142017800628, 6.150198049478694], [-75.61414385166736, 6.150251044473506], [-75.61409211053035, 6.150298640849714], [-75.61408498429395, 6.150305239234926], [-75.61398891300223, 6.150394622355484], [-75.6139685003518, 6.150413772703944], [-75.61393575409443, 6.150444704609676], [-75.61390620241971, 6.150472800198993], [-75.61387921746146, 6.150498595942943], [-75.61385417582972, 6.150522620154123], [-75.61383041473549, 6.150545471854797], [-75.61380708929623, 6.150568010424815], [-75.61378331427396, 6.150591155109686], [-75.61375820354489, 6.150615828775496], [-75.61373086828831, 6.150642957013668], [-75.61370814284042, 6.150665725893938], [-75.61365194617089, 6.150722836735079], [-75.6136036330209, 6.1507719387620154], [-75.61358188653242, 6.150794115207989], [-75.61353233762536, 6.150845054011237], [-75.6134790111877, 6.150900058796677], [-75.61344315244352, 6.150937147234344], [-75.61334253991238, 6.151041457852651], [-75.61330632427197, 6.151079084145521], [-75.61324784438905, 6.151139967059817], [-75.61319056486225, 6.151199722154811], [-75.61313527294107, 6.151257525591574], [-75.613081914493, 6.151313390292044], [-75.61304021572987, 6.151357082565186]]]}, "properties": {"SE_ANNO_CAD_DATA": null, "SHAPE.AREA": 0, "SHAPE.LEN": 0, "OBJECTID": 6, "NOM_BARRIO": "SAN JOAQUIN", "BARRIO": "007", "PK_BARRIO": "6311001007", "MUNICIPIO": "631", "SECTOR": "1", "CORREGIMIENTO": "001", "nombre_barrio_estandarizado": "SAN JOAQUIN", "municipio_estandarizado": "sabaneta"}}, {"type": "Feature", "geometry": {"type": "MultiPolygon", "coordinates": [[[[-75.6107599968681, 6.1527054938461445], [-75.61095209223559, 6.152578052888626], [-75.61109083631469, 6.152488986459288], [-75.61124938349987, 6.1523815176291725], [-75.61150094626068, 6.152218745009864], [-75.61162752412663, 6.1521480561952275], [-75.61177402745207, 6.152101772733202], [-75.6116584187876, 6.15194121869701], [-75.61141042547133, 6.151652572508457], [-75.6111759479238, 6.1513758822380415], [-75.61113527872284, 6.151298037746635], [-75.61113807074173, 6.151226065943046], [-75.6111750540147, 6.151064039349842], [-75.61128211380654, 6.150786367396927], [-75.61130438409837, 6.150717336185253], [-75.61129376598642, 6.150670891156109], [-75.61122307352566, 6.1505706433985985], [-75.61109383205003, 6.1504255844693025], [-75.61094941972463, 6.150213103063237], [-75.6107899548363, 6.149975179732359], [-75.61069360848413, 6.149809036977444], [-75.61067547292384, 6.149753616030165], [-75.61064947278156, 6.149566284285183], [-75.61061024152421, 6.1494674447519175], [-75.61051399959517, 6.149337283195589], [-75.61033647175631, 6.149069423807344], [-75.61014070902871, 6.148710161947248], [-75.60990993825708, 6.14829923182599], [-75.60990281910091, 6.148286553637676], [-75.60971629519521, 6.14795846001491], [-75.60959906137468, 6.147890470207104], [-75.60955948618269, 6.1479134622900045], [-75.609500669682, 6.147947634031702], [-75.60942531064777, 6.14805702895663], [-75.60937998657157, 6.148133653922737], [-75.6093338830356, 6.148211591786115], [-75.60928041021651, 6.148322432984189], [-75.60922801702444, 6.1484674010346065], [-75.60918484304187, 6.148534092472571], [-75.60917986016102, 6.148541791434858], [-75.60916163559232, 6.148569944495726], [-75.60914760764989, 6.14859161298035], [-75.60914527578757, 6.148595215323858], [-75.60909154252292, 6.148678221599112], [-75.60905965518572, 6.148725688980952], [-75.60904062036259, 6.148754026814294], [-75.60903276555118, 6.1487657186033715], [-75.60899983006458, 6.1487957055549645], [-75.60897067068288, 6.1488222548798905], [-75.6089540329472, 6.1488362868068025], [-75.60889813757134, 6.14887139715608], [-75.60886155297928, 6.148894378236753], [-75.60881052510062, 6.148915541273574], [-75.60872286677781, 6.148904900969816], [-75.60871663285567, 6.148908526893595], [-75.60859154644001, 6.148981298684395], [-75.60858289346434, 6.148984725775462], [-75.60849503567988, 6.1490195121571345], [-75.60838201406929, 6.149062220818088], [-75.60837828252866, 6.1490644259813365], [-75.60830581091, 6.149107306344308], [-75.60830493274449, 6.149107825951475], [-75.60824790241898, 6.149141570335243], [-75.60823222083846, 6.149152559012263], [-75.60814175911324, 6.149215937444741], [-75.60806568668097, 6.149260611869057], [-75.60804169340766, 6.149286672156576], [-75.6079147940318, 6.149424511208377], [-75.6078496386552, 6.149521076401497], [-75.607810806237, 6.14957863453621], [-75.60780333049969, 6.149589716034623], [-75.60780295473954, 6.149590272966994], [-75.60773872125752, 6.149685474847535], [-75.60765877334188, 6.149806245458934], [-75.60762916457583, 6.14983995536141], [-75.60752840808358, 6.149942832123847], [-75.60751549758248, 6.149956013188627], [-75.6075108687334, 6.149960743271971], [-75.60739234454913, 6.149877371213727], [-75.60737808243987, 6.1498841915270805], [-75.60736877732423, 6.14989356061259], [-75.60736706585638, 6.149895280369542], [-75.60734534371382, 6.149917148248596], [-75.60734415181032, 6.149918348341871], [-75.60729478661672, 6.14996803826983], [-75.60727848377094, 6.149984450760461], [-75.60727588562098, 6.149985499508224], [-75.60727370847012, 6.149986377139663], [-75.60726608319597, 6.14999309814476], [-75.60722752150104, 6.150033016592506], [-75.6071822164909, 6.150079915726156], [-75.60718313843078, 6.15008096355957], [-75.60718845748198, 6.150087000267158], [-75.60718954020258, 6.150088232649416], [-75.60727091915611, 6.150180590838959], [-75.60722521046102, 6.150219538866661], [-75.60696674155915, 6.150439767027993], [-75.60689577424584, 6.15049724067575], [-75.60670437935723, 6.150652228324494], [-75.60673249087027, 6.150684371733609], [-75.60675426212647, 6.150709265634808], [-75.6067752004306, 6.150733207097038], [-75.60681370709648, 6.150777240675405], [-75.6068264291549, 6.150829542180549], [-75.60683153745923, 6.1508505304922005], [-75.60684127912064, 6.150879571316281], [-75.60687261688653, 6.150972992054987], [-75.60688196350644, 6.151000856804659], [-75.60689085548147, 6.151027364055463], [-75.60689420933154, 6.151037361136124], [-75.60690225252543, 6.151061336619997], [-75.60691147724458, 6.151088838527703], [-75.60696208022581, 6.151239683787816], [-75.60696645337423, 6.1512527253105835], [-75.60697906369242, 6.151290804549543], [-75.60706361865888, 6.151546176848691], [-75.60709009637374, 6.15161355699937], [-75.60711424998527, 6.1516750169073], [-75.60712648046423, 6.151706140282995], [-75.6071472481223, 6.151758985587126], [-75.60716500260925, 6.151793342049788], [-75.60717882869052, 6.151820099118227], [-75.60718407482595, 6.151830257819373], [-75.6071788369696, 6.151832728000359], [-75.60715696446532, 6.151843035422216], [-75.607094197533, 6.1518726229195], [-75.60710975147879, 6.151902874814336], [-75.60711591434799, 6.151914865200748], [-75.60711742877068, 6.151917379249483], [-75.60712789064803, 6.151911082853625], [-75.60719266676826, 6.151872104027209], [-75.6073130558146, 6.151799658014909], [-75.6073133010941, 6.1518003140740944], [-75.60736006278023, 6.1517822348613445], [-75.60737367474852, 6.151784529800698], [-75.60743988313455, 6.151795691686858], [-75.60753459646624, 6.151811659576707], [-75.60753517504924, 6.151811758006098], [-75.60754080081192, 6.151812704206809], [-75.60755146655463, 6.151814503638253], [-75.60755349790035, 6.151814844493923], [-75.60759533185448, 6.151821897999561], [-75.60764636889932, 6.151787543652334], [-75.60765048970762, 6.151784768829312], [-75.60765228946536, 6.151783556723988], [-75.60765598352377, 6.151781070574938], [-75.60778313896587, 6.15169547432525], [-75.60781237268796, 6.151675796430001], [-75.60784638354586, 6.151652900223311], [-75.60787409750402, 6.151634245018344], [-75.60788196798322, 6.151652798713122], [-75.60790494988116, 6.151706987433083], [-75.60790705435595, 6.151711951330154], [-75.60791066383804, 6.15172046176314], [-75.6079131506263, 6.151726582806633], [-75.60792066016906, 6.1517450279667445], [-75.60794457217706, 6.151803788525872], [-75.60794833065334, 6.151813029620553], [-75.60794949475864, 6.151815945878636], [-75.60796785517438, 6.1518617403023335], [-75.60797347516292, 6.151875763858168], [-75.60798415095333, 6.151902404284921], [-75.607986610699, 6.151908536308258], [-75.60798811407258, 6.15191193277635], [-75.60798883837266, 6.151913571927798], [-75.60799190810657, 6.151920500166287], [-75.60799497602524, 6.151927426605475], [-75.60799804485609, 6.1519343548482714], [-75.60800111188054, 6.1519412830998395], [-75.60800418071162, 6.151948211342545], [-75.60800724773186, 6.151955138689964], [-75.60801031474783, 6.151962065133286], [-75.60801149663214, 6.151964737205938], [-75.6080133817727, 6.151968993384658], [-75.60801644970097, 6.151975921631549], [-75.60801935960528, 6.151982489927655], [-75.60801951672605, 6.151982849882818], [-75.60802258556221, 6.1519897790292335], [-75.60802565527969, 6.151996703650964], [-75.6080270572981, 6.151999876405277], [-75.60802872320838, 6.152003631897659], [-75.60803179204927, 6.152010561947961], [-75.60803485907492, 6.152017490198964], [-75.60803688396756, 6.152022063926262], [-75.60803792609187, 6.15202441664181], [-75.60804099491986, 6.152031343979821], [-75.60804406194583, 6.152038272230666], [-75.60804712897193, 6.152045200481441], [-75.60805019689258, 6.152052126919662], [-75.60805326572542, 6.152059055161521], [-75.60805633275184, 6.152065983412138], [-75.60805764338605, 6.152068939636588], [-75.60805872295454, 6.152071376247305], [-75.60805940248376, 6.152072910745417], [-75.60806247041808, 6.152079839895576], [-75.60806553744042, 6.1520867672419906], [-75.60806627358942, 6.152088428032842], [-75.60806718969225, 6.152090500199074], [-75.60807068237112, 6.152098211100023], [-75.60807295420551, 6.152103225709214], [-75.6081015431298, 6.152166359874104], [-75.60810548233053, 6.152175057642091], [-75.60810790028002, 6.152180397905148], [-75.60811092453234, 6.152187075033189], [-75.60811296170901, 6.152189907466405], [-75.6081381373158, 6.152224931872329], [-75.60815682941497, 6.152250939148062], [-75.60814283536722, 6.152270314781556], [-75.60818502609233, 6.1523014309357675], [-75.6081891753685, 6.152304492625808], [-75.60821044841661, 6.152320181826161], [-75.60824263448106, 6.152343918140156], [-75.6082648041658, 6.152355465945166], [-75.60827099114734, 6.152358690353812], [-75.6082774724397, 6.152362067015602], [-75.60828859306513, 6.152367861987947], [-75.6082988932159, 6.152373227017111], [-75.60831004280786, 6.152379034504197], [-75.60834585427563, 6.15239769031799], [-75.60835160205419, 6.152400687238521], [-75.60835162831061, 6.152400699767148], [-75.60835166724803, 6.152400719466345], [-75.60836175912837, 6.152405978831588], [-75.60839486832775, 6.152423227556636], [-75.60839566433954, 6.152423642249685], [-75.60842637463935, 6.152439641521425], [-75.60843304519179, 6.152443114894833], [-75.60844230120752, 6.152447937157997], [-75.60844258918229, 6.152448086729864], [-75.60844478976564, 6.152449234085547], [-75.6084609862128, 6.152457673053137], [-75.6084745021204, 6.152464715679473], [-75.60848788127358, 6.152471684840157], [-75.60850653729176, 6.152481403697399], [-75.60851189836748, 6.152484195473959], [-75.60852926121169, 6.152493241695645], [-75.6085560910723, 6.152507219441797], [-75.6085650093029, 6.152511865251535], [-75.6085767409137, 6.1525103279600675], [-75.60863087277377, 6.1525032331819824], [-75.60873035946479, 6.152490198510295], [-75.60874463850718, 6.152488325109244], [-75.60880933115654, 6.1524798479133365], [-75.60885338967675, 6.152474074370896], [-75.60885515514052, 6.1524732394250865], [-75.60887550896366, 6.152463628258048], [-75.60887736455089, 6.15246275128464], [-75.60889728487756, 6.152453342034593], [-75.60896041279021, 6.1524235283653965], [-75.60896079490976, 6.152423349300633], [-75.60897491054406, 6.152416681524595], [-75.6090566412001, 6.152378081609663], [-75.60913344764036, 6.152341808414055], [-75.60913654238705, 6.1523403458764365], [-75.60913746875774, 6.1523411893625], [-75.60914499856706, 6.152348042445821], [-75.60916755711311, 6.15236856658703], [-75.60917428394775, 6.152374688588753], [-75.60917774609248, 6.15237151104925], [-75.60921958044592, 6.152333107040024], [-75.6092217376525, 6.152335361181195], [-75.60923393907419, 6.152348100404148], [-75.60923833063121, 6.152352683346629], [-75.60925007629457, 6.15236494925789], [-75.60926539822013, 6.1523809486576155], [-75.60926715075644, 6.152378945720403], [-75.60930227510666, 6.152338796209468], [-75.60930476190013, 6.152341212374979], [-75.60934822062246, 6.152383382553784], [-75.6093917692027, 6.152425639981277], [-75.60939935181008, 6.15241795360876], [-75.60941413322313, 6.152402970584345], [-75.60944351807402, 6.15237318441046], [-75.6094659800561, 6.152350414182908], [-75.60949286882914, 6.152323158939387], [-75.6094933497017, 6.1523226702009435], [-75.60954351494172, 6.1523281151458], [-75.60955396788957, 6.152329251985773], [-75.60955658880206, 6.152329535706174], [-75.60961341446728, 6.1523350836918445], [-75.60998354418203, 6.152807225059451], [-75.61030963362975, 6.15321158290966], [-75.61033897223797, 6.153149579637595], [-75.61048991938286, 6.152944395991377], [-75.61057599344991, 6.152839496678158], [-75.61060602405809, 6.152809892632362], [-75.6107599968681, 6.1527054938461445]]], [[[-75.61065020877248, 6.152864197978844], [-75.61067760998216, 6.152897874182326], [-75.61065097744618, 6.1528632684561675], [-75.61060602405809, 6.152809892632362], [-75.61065020877248, 6.152864197978844]]]]}, "properties": {"SE_ANNO_CAD_DATA": null, "SHAPE.AREA": 0, "SHAPE.LEN": 0, "OBJECTID": 7, "NOM_BARRIO": "LOS ALCAZARES", "BARRIO": "005", "PK_BARRIO": "6311001005", "MUNICIPIO": "631", "SECTOR": "1", "CORREGIMIENTO": "001", "nombre_barrio_estandarizado": "LOS ALCAZARES", "municipio_estandarizado": "sabaneta"}}, {"type": "Feature", "geometry": {"type": "Polygon", "coordinates": [[[-75.61185495069482, 6.152090838103092], [-75.61180100597255, 6.152096625885155], [-75.61177402745207, 6.152101772733202], [-75.61162752412663, 6.1521480561952275], [-75.61150094715511, 6.152218743197362], [-75.61124938349545, 6.15238151672513], [-75.61109083631469, 6.152488986459288], [-75.61095209223559, 6.152578052888626], [-75.61075999777137, 6.152705493841727], [-75.61060602405809, 6.152809892632362], [-75.61065097743736, 6.152863266648082], [-75.61067760998216, 6.152897874182326], [-75.61085011536598, 6.153100874446209], [-75.61088555175095, 6.153143145142677], [-75.61092001599785, 6.153184263386865], [-75.61095524346949, 6.153226294614671], [-75.61099060268425, 6.153268481596503], [-75.61102467991047, 6.153309141551342], [-75.61103529640242, 6.1533187938449565], [-75.61109917496766, 6.153376862219147], [-75.61114235783926, 6.153415776159372], [-75.61120430779195, 6.1534716010175785], [-75.61122347771048, 6.153488877019864], [-75.61124193358594, 6.153505506492092], [-75.61126137659943, 6.153523028869499], [-75.61127895605068, 6.153538869762944], [-75.61129721324012, 6.153555321199118], [-75.61131402061041, 6.153570468834418], [-75.61133220884466, 6.153586857321353], [-75.61141278984594, 6.153659473476805], [-75.61149910511585, 6.15373989346163], [-75.6115332421337, 6.153771699557034], [-75.61148777266575, 6.153810563600743], [-75.61144451423023, 6.153847536368835], [-75.61141801739532, 6.153870500899299], [-75.61140866371721, 6.1538786073130005], [-75.61140333790595, 6.153883223311669], [-75.61136192231862, 6.153919118455222], [-75.61134389137877, 6.153934747562416], [-75.61132320606166, 6.153952674230162], [-75.6112799411305, 6.15399017138368], [-75.61130409936271, 6.154060584685687], [-75.61131920150817, 6.154104610158773], [-75.61132337083788, 6.154116763892087], [-75.61132794515265, 6.154130090927657], [-75.61135918056874, 6.154164799713872], [-75.6113616252331, 6.154162471536591], [-75.61139673346804, 6.154140688059836], [-75.6114310727811, 6.154115716092449], [-75.61149596133501, 6.154077262379411], [-75.61166401626942, 6.154015552072286], [-75.61184545225017, 6.1539538042617785], [-75.61211091283327, 6.153861199856746], [-75.61240120962889, 6.153762784501871], [-75.61254062156813, 6.153712636160304], [-75.61273152081633, 6.153618331671218], [-75.61289643769975, 6.153510868233757], [-75.6129336722645, 6.15347820834765], [-75.61295575156778, 6.153458312100038], [-75.6129768672921, 6.153439201680979], [-75.61299658969719, 6.153421292351645], [-75.61301495389573, 6.1534045604345105], [-75.61303208492455, 6.153388899541981], [-75.61304811143795, 6.15337420417277], [-75.61306315845496, 6.153360364323122], [-75.61307735461216, 6.153347270875562], [-75.61309082947136, 6.153334819228438], [-75.61310370442966, 6.153322897587575], [-75.61311617648427, 6.153311337736653], [-75.6131286934584, 6.153299727942226], [-75.61314177147418, 6.153287584715414], [-75.61315592037931, 6.153274434542701], [-75.61317165995294, 6.153259802957928], [-75.61318950182694, 6.153243211918505], [-75.61320996033847, 6.153224182464534], [-75.61324320183547, 6.153193266173457], [-75.6132555585932, 6.153181773786995], [-75.6132287601187, 6.153123411195179], [-75.61321619627587, 6.153096047947336], [-75.61310057262456, 6.152844772701511], [-75.61279758302565, 6.152240474537938], [-75.6127901123373, 6.152215039108914], [-75.61276870927043, 6.152208984486368], [-75.61266933743794, 6.152178694739495], [-75.61251190127626, 6.1521409286694], [-75.61234058305331, 6.152119349039958], [-75.61225062003611, 6.152111104863775], [-75.61210700620865, 6.152099286363717], [-75.61194354168039, 6.152090583626018], [-75.61185495069482, 6.152090838103092]]]}, "properties": {"SE_ANNO_CAD_DATA": null, "SHAPE.AREA": 0, "SHAPE.LEN": 0, "OBJECTID": 8, "NOM_BARRIO": "PASO ANCHO", "BARRIO": "022", "PK_BARRIO": "6311001022", "MUNICIPIO": "631", "SECTOR": "1", "CORREGIMIENTO": "001", "nombre_barrio_estandarizado": "PASO ANCHO", "municipio_estandarizado": "sabaneta"}}, {"type": "Feature", "geometry": {"type": "Polygon", "coordinates": [[[-75.61557741735365, 6.152178089853045], [-75.61562639874087, 6.152256953437059], [-75.61567127208532, 6.152338230192544], [-75.61593804294353, 6.152753336316612], [-75.6159539547591, 6.1527726405049785], [-75.61599741488214, 6.152807271834073], [-75.6160081824306, 6.152815851941895], [-75.61608882297014, 6.152880107929358], [-75.6163160015925, 6.153002235081507], [-75.61638729593167, 6.153038620306089], [-75.61645616220899, 6.153079425622523], [-75.61652232772218, 6.153124484212843], [-75.6165855278582, 6.153173621083072], [-75.61664551505956, 6.153226639458361], [-75.61666872078213, 6.153247946504813], [-75.6166986873664, 6.15327456340143], [-75.61673320227888, 6.153304748020315], [-75.6167706263373, 6.153337264409351], [-75.61680923321214, 6.153370788446396], [-75.61684726486172, 6.153403976276284], [-75.61688292056905, 6.153435439050947], [-75.61691436514214, 6.153463757354024], [-75.61694024018512, 6.153487852974903], [-75.61696082100923, 6.153507871926821], [-75.61697673363412, 6.15352419265471], [-75.6169885877059, 6.153537170177793], [-75.61699703451835, 6.153547179200175], [-75.61700280716772, 6.15355469799159], [-75.61700680078776, 6.153560460780289], [-75.6170099622898, 6.1535654456369375], [-75.61701265328296, 6.153569897596852], [-75.61701463109677, 6.153573326945099], [-75.61701688822441, 6.153577535128051], [-75.61701711519865, 6.153577955307307], [-75.61701802307928, 6.15358092431101], [-75.61701882353917, 6.153583538545606], [-75.61701979286283, 6.153586880625085], [-75.61702082020236, 6.153590633767687], [-75.61702189131799, 6.1535948414381645], [-75.61702315861652, 6.153599822022575], [-75.61702414194119, 6.153604917007129], [-75.61702530604425, 6.1536109594649], [-75.61702595108423, 6.153614300422381], [-75.61702647556525, 6.153617739609627], [-75.61702763649458, 6.153625347916118], [-75.61702819738449, 6.1536290283090365], [-75.61702878764979, 6.153633911862735], [-75.61702993158573, 6.153643399794787], [-75.61703106841797, 6.153653650788933], [-75.61703220001542, 6.153664493064436], [-75.61703332652895, 6.153675772930257], [-75.61703445813389, 6.153687354727362], [-75.61703560497007, 6.153699095564433], [-75.61703677272746, 6.153710866132884], [-75.61703796969513, 6.153722514509849], [-75.6170391864776, 6.15373396660845], [-75.61704041939979, 6.153745209789845], [-75.61704167204381, 6.153756237708037], [-75.61704293537701, 6.153767050407322], [-75.61704421027169, 6.153777641555027], [-75.6170454939915, 6.153788005740166], [-75.61704678199355, 6.153798137560662], [-75.6170480696465, 6.1538080135336735], [-75.61704934715605, 6.153817662637159], [-75.61705061122785, 6.153827149979658], [-75.61705185481725, 6.153836512662193], [-75.61705307299594, 6.153845851059689], [-75.61705426698587, 6.153855230258518], [-75.61705493306373, 6.153860469640061], [-75.61705543078287, 6.153864715380487], [-75.61705656773405, 6.153874436593938], [-75.61705771772822, 6.153884792394022], [-75.61705906264577, 6.153897139787969], [-75.61706079376279, 6.153912909869834], [-75.61706310855439, 6.153933508389617], [-75.61706620100675, 6.153960366428043], [-75.61707026892745, 6.153994957537896], [-75.61707551827602, 6.154038759752164], [-75.61708259475263, 6.154096908584778], [-75.61708622464849, 6.154190734993717], [-75.61708807874581, 6.154238632979993], [-75.61709017810581, 6.154292899774707], [-75.61709284448263, 6.154292138135113], [-75.61815867920886, 6.153988306786135], [-75.61853052037843, 6.153882215282381], [-75.61912846892562, 6.153711613132621], [-75.61985651592248, 6.153503888524508], [-75.62051870189298, 6.15331547719807], [-75.62048212417481, 6.153275238162444], [-75.62036239380136, 6.153143512572421], [-75.61987304261244, 6.152605149503517], [-75.61979047540582, 6.152521206085893], [-75.61924123047157, 6.151910292220228], [-75.61922159551852, 6.151888449757394], [-75.61919380911843, 6.151865445794165], [-75.61914543973342, 6.151908832965671], [-75.61891409505037, 6.152116352127483], [-75.618887955331, 6.1520872647892855], [-75.61888670469682, 6.152085872345129], [-75.61887838896594, 6.152076620316202], [-75.61868949679669, 6.151868856609222], [-75.61859615671261, 6.1517910509512905], [-75.61838835871261, 6.151602198693854], [-75.61829893678814, 6.151517496543802], [-75.61806272805808, 6.151309426577884], [-75.61792868831736, 6.1511759050929555], [-75.6178911614631, 6.151136747123215], [-75.61747093060312, 6.150753063052721], [-75.61737684452949, 6.1506694873484555], [-75.61735846528639, 6.150653190445259], [-75.61697681695071, 6.150283379197485], [-75.61692497796443, 6.150328440333451], [-75.61663878047587, 6.150588673828761], [-75.61651567670847, 6.150711338940018], [-75.6162206786863, 6.1510089794599825], [-75.61616970929718, 6.151064910367025], [-75.616100076274, 6.1511413220274616], [-75.61584119151966, 6.151417483153172], [-75.61582890792744, 6.151437817828416], [-75.61582004268978, 6.1514598851133515], [-75.61581374680458, 6.151513801653814], [-75.61581771394235, 6.151539086900702], [-75.61582189280153, 6.151552995302185], [-75.61582909229266, 6.151569871401728], [-75.61583483001195, 6.1515802300508815], [-75.61577271795558, 6.15163935717309], [-75.61541914392616, 6.151973176823038], [-75.61546764575559, 6.1520284295969825], [-75.6155244526963, 6.152101848569893], [-75.61557741735365, 6.152178089853045]]]}, "properties": {"SE_ANNO_CAD_DATA": null, "SHAPE.AREA": 0, "SHAPE.LEN": 0, "OBJECTID": 9, "NOM_BARRIO": "ENTREAMIGOS", "BARRIO": "018", "PK_BARRIO": "6311001018", "MUNICIPIO": "631", "SECTOR": "1", "CORREGIMIENTO": "001", "nombre_barrio_estandarizado": "ENTREAMIGOS", "municipio_estandarizado": "sabaneta"}}, {"type": "Feature", "geometry": {"type": "Polygon", "coordinates": [[[-75.61441087304534, 6.154815514644133], [-75.61442976943019, 6.154883949994367], [-75.61443108719311, 6.154888724220068], [-75.61450976552489, 6.15486791682187], [-75.61451457202028, 6.154866646567156], [-75.61456113850706, 6.154854331067257], [-75.61469165888334, 6.154819811734449], [-75.61482029332356, 6.154782369745022], [-75.61494473176826, 6.154740455106919], [-75.61504896078374, 6.154711978931581], [-75.61524111457402, 6.154659481202444], [-75.61525471070733, 6.154655764864658], [-75.61526735399147, 6.154745299051524], [-75.61527663058159, 6.154810987022955], [-75.61529750164212, 6.154805027304968], [-75.61641659928905, 6.154485519674888], [-75.61654326566772, 6.154449299348686], [-75.61707246873843, 6.154297964388792], [-75.61709017810581, 6.154292899774707], [-75.61708807874581, 6.154238632979993], [-75.61708622464849, 6.154190734993717], [-75.61708259475263, 6.154096908584778], [-75.61707551827602, 6.154038759752164], [-75.61707026892745, 6.153994957537896], [-75.61706620100675, 6.153960366428043], [-75.61706310855439, 6.153933508389617], [-75.61706079376279, 6.153912909869834], [-75.61705906264577, 6.153897139787969], [-75.61705771772822, 6.153884792394022], [-75.61705656773405, 6.153874436593938], [-75.61705543078287, 6.153864715380487], [-75.61705493306373, 6.153860469640061], [-75.61705426698587, 6.153855230258518], [-75.61705307299594, 6.153845851059689], [-75.61705185481725, 6.153836512662193], [-75.61705061122785, 6.153827149979658], [-75.61704934715605, 6.153817662637159], [-75.6170480696465, 6.1538080135336735], [-75.61704678199355, 6.153798137560662], [-75.6170454939915, 6.153788005740166], [-75.61704421027169, 6.153777641555027], [-75.61704293537701, 6.153767050407322], [-75.61704167204381, 6.153756237708037], [-75.61704041939979, 6.153745209789845], [-75.6170391864776, 6.15373396660845], [-75.61703796969513, 6.153722514509849], [-75.61703677272746, 6.153710866132884], [-75.61703560497007, 6.153699095564433], [-75.61703445813389, 6.153687354727362], [-75.61703332652895, 6.153675772930257], [-75.61703220001542, 6.153664493064436], [-75.61703106841797, 6.153653650788933], [-75.61702993158573, 6.153643399794787], [-75.61702878764979, 6.153633911862735], [-75.61702819738449, 6.1536290283090365], [-75.61702763649458, 6.153625347916118], [-75.61702647556525, 6.153617739609627], [-75.61702595108423, 6.153614300422381], [-75.61702530604425, 6.1536109594649], [-75.61702414194119, 6.153604917007129], [-75.61702315861652, 6.153599822022575], [-75.61702189131799, 6.1535948414381645], [-75.61702082020236, 6.153590633767687], [-75.61701979286283, 6.153586880625085], [-75.61701882353917, 6.153583538545606], [-75.61701802307928, 6.15358092431101], [-75.61701711519865, 6.153577955307307], [-75.61701688822441, 6.153577535128051], [-75.61701463109677, 6.153573326945099], [-75.61701265328296, 6.153569897596852], [-75.6170099622898, 6.1535654456369375], [-75.61700680078776, 6.153560460780289], [-75.61700280716772, 6.15355469799159], [-75.61699703451835, 6.153547179200175], [-75.6169885877059, 6.153537170177793], [-75.61697673363412, 6.15352419265471], [-75.61696082100923, 6.153507871926821], [-75.61694024018512, 6.153487852974903], [-75.61691436514214, 6.153463757354024], [-75.61688292056905, 6.153435439050947], [-75.61684726486172, 6.153403976276284], [-75.61680923321214, 6.153370788446396], [-75.6167706263373, 6.153337264409351], [-75.61673320227888, 6.153304748020315], [-75.6166986873664, 6.15327456340143], [-75.61666872078213, 6.153247946504813], [-75.61664551505956, 6.153226639458361], [-75.6165855278582, 6.153173621083072], [-75.61652232772218, 6.153124484212843], [-75.61645616220899, 6.153079425622523], [-75.61638729593167, 6.153038620306089], [-75.6163160015925, 6.153002235081507], [-75.61608882297014, 6.152880107929358], [-75.6160081824306, 6.152815851941895], [-75.61599741488214, 6.152807271834073], [-75.61583745403362, 6.152933083933032], [-75.61552441873359, 6.153184158112333], [-75.61520621312732, 6.153460612888904], [-75.6149333694172, 6.153707198424604], [-75.61486539193056, 6.153773873409439], [-75.61461611545388, 6.153707236771087], [-75.61459645198427, 6.153744198969646], [-75.61441009671124, 6.154094458932276], [-75.61427994819624, 6.154337781335345], [-75.61415951402921, 6.154563474853116], [-75.6141250253951, 6.154637480435109], [-75.61408730675997, 6.154737744073994], [-75.6140887014363, 6.154743469903301], [-75.61412479639385, 6.1548789540102815], [-75.61440271274019, 6.1547859646609595], [-75.61441087304534, 6.154815514644133]]]}, "properties": {"SE_ANNO_CAD_DATA": null, "SHAPE.AREA": 0, "SHAPE.LEN": 0, "OBJECTID": 10, "NOM_BARRIO": "CALLE DEL BANCO", "BARRIO": "019", "PK_BARRIO": "6311001019", "MUNICIPIO": "631", "SECTOR": "1", "CORREGIMIENTO": "001", "nombre_barrio_estandarizado": "CALLE DEL BANCO", "municipio_estandarizado": "sabaneta"}}, {"type": "Feature", "geometry": {"type": "Polygon", "coordinates": [[[-75.6134686221369, 6.155034751757767], [-75.61350325494799, 6.155140570867363], [-75.61353999682268, 6.155252827415669], [-75.61355912981163, 6.155311288956491], [-75.61369093544181, 6.155266715743024], [-75.61385285640334, 6.155217477363675], [-75.6139399679199, 6.155192605624787], [-75.61527663058159, 6.154810987022955], [-75.61526735399147, 6.154745299051524], [-75.61525471070733, 6.154655764864658], [-75.61524111457402, 6.154659481202444], [-75.61504896078374, 6.154711978931581], [-75.61494473176826, 6.154740455106919], [-75.61482029332356, 6.154782369745022], [-75.61469165888334, 6.154819811734449], [-75.61456113850706, 6.154854331067257], [-75.61451457202028, 6.154866646567156], [-75.61450976552489, 6.15486791682187], [-75.61443108719311, 6.154888724220068], [-75.61442976943019, 6.154883949994367], [-75.61441087304534, 6.154815514644133], [-75.61440271274019, 6.1547859646609595], [-75.61412479639385, 6.1548789540102815], [-75.6140887014363, 6.154743469903301], [-75.61408730675997, 6.154737744073994], [-75.6141250253951, 6.154637480435109], [-75.61415951402921, 6.154563474853116], [-75.61427994819624, 6.154337781335345], [-75.61441009671124, 6.154094458932276], [-75.61459645198427, 6.153744198969646], [-75.61461611545388, 6.153707236771087], [-75.61486539193056, 6.153773873409439], [-75.6149333694172, 6.153707198424604], [-75.61520621312732, 6.153460612888904], [-75.61552441873359, 6.153184158112333], [-75.61583745403362, 6.152933083933032], [-75.61599741488214, 6.152807271834073], [-75.6159539547591, 6.1527726405049785], [-75.61593804294353, 6.152753336316612], [-75.61567127208532, 6.152338230192544], [-75.61562639874087, 6.152256953437059], [-75.61557741735365, 6.152178089853045], [-75.6155244526963, 6.152101848569893], [-75.61546764575559, 6.1520284295969825], [-75.61541914392616, 6.151973176823038], [-75.61489721575761, 6.151357896714827], [-75.61481831744906, 6.151343772961304], [-75.6147466090126, 6.1513368057962685], [-75.61462477110432, 6.151347917673529], [-75.61449219951162, 6.151366237747288], [-75.61434532976764, 6.151398949068815], [-75.61421289396341, 6.151463904496572], [-75.61418942251562, 6.151477270282424], [-75.61396260184057, 6.151679877599324], [-75.61394945919827, 6.151691724606404], [-75.61372699565347, 6.151876014132374], [-75.6134816080524, 6.1520617014435715], [-75.61328949747073, 6.1521830279758], [-75.6132223815355, 6.152215325142983], [-75.61313235503896, 6.152247686548965], [-75.61303616054705, 6.152260195971968], [-75.6129460154203, 6.15225128200408], [-75.61286346820478, 6.152228586347088], [-75.6127901123373, 6.152215039108914], [-75.61279758302565, 6.152240474537938], [-75.61310057262456, 6.152844772701511], [-75.61321619627587, 6.153096047947336], [-75.6132287601187, 6.153123411195179], [-75.6132555585932, 6.153181773786995], [-75.61327931952437, 6.153233523559578], [-75.61329034221171, 6.153257527617423], [-75.61351325989729, 6.153713486106558], [-75.6131425651943, 6.154038511335858], [-75.61314886485926, 6.1540577587364425], [-75.61321046686618, 6.154245981418199], [-75.61325598317781, 6.154385050272559], [-75.61325734583563, 6.154389217659745], [-75.6134686221369, 6.155034751757767]]]}, "properties": {"SE_ANNO_CAD_DATA": null, "SHAPE.AREA": 0, "SHAPE.LEN": 0, "OBJECTID": 11, "NOM_BARRIO": "SANTA ANA", "BARRIO": "020", "PK_BARRIO": "6311001020", "MUNICIPIO": "631", "SECTOR": "1", "CORREGIMIENTO": "001", "nombre_barrio_estandarizado": "SANTA ANA", "municipio_estandarizado": "sabaneta"}}, {"type": "Feature", "geometry": {"type": "Polygon", "coordinates": [[[-75.60639839172461, 6.154529844418249], [-75.6064105762479, 6.154538185502923], [-75.60644679703042, 6.154570911232889], [-75.60657785816662, 6.154697395645656], [-75.60671498804399, 6.154846921262601], [-75.60672807163068, 6.154862912686207], [-75.60680008227112, 6.154950929896478], [-75.60683149072142, 6.15498817321173], [-75.6070323660261, 6.155226389984739], [-75.60713780212696, 6.155351425365948], [-75.60737496063105, 6.15563266725504], [-75.60740370258883, 6.155666751161577], [-75.60755342088224, 6.155560355621837], [-75.60784757841888, 6.155366444615073], [-75.60822553970152, 6.155122239253122], [-75.60869172855384, 6.1547710617733875], [-75.60873328761711, 6.154737849304218], [-75.60921553251572, 6.1543759242579945], [-75.60942328186285, 6.154231614786073], [-75.60994708930228, 6.15365834347421], [-75.61030963362975, 6.15321158290966], [-75.60998354418203, 6.152807225059451], [-75.60961341446728, 6.1523350836918445], [-75.60955658880206, 6.152329535706174], [-75.60955396788957, 6.152329251985773], [-75.60954351494172, 6.1523281151458], [-75.6094933497017, 6.1523226702009435], [-75.60949286882914, 6.152323158939387], [-75.6094659800561, 6.152350414182908], [-75.60944351807402, 6.15237318441046], [-75.60941413322313, 6.152402970584345], [-75.60939935181008, 6.15241795360876], [-75.6093917692027, 6.152425639981277], [-75.60934822062246, 6.152383382553784], [-75.60930476190013, 6.152341212374979], [-75.60930227510666, 6.152338796209468], [-75.60926715075644, 6.152378945720403], [-75.60926539822013, 6.1523809486576155], [-75.60925007629457, 6.15236494925789], [-75.60923833063121, 6.152352683346629], [-75.60923393907419, 6.152348100404148], [-75.6092217376525, 6.152335361181195], [-75.60921958044592, 6.152333107040024], [-75.60917774609248, 6.15237151104925], [-75.60917428394775, 6.152374688588753], [-75.60916755711311, 6.15236856658703], [-75.60914499856706, 6.152348042445821], [-75.60913746875774, 6.1523411893625], [-75.60913654238705, 6.1523403458764365], [-75.60913344764036, 6.152341808414055], [-75.6090566412001, 6.152378081609663], [-75.60897491054406, 6.152416681524595], [-75.60896079490976, 6.152423349300633], [-75.60896041279021, 6.1524235283653965], [-75.60889728487756, 6.152453342034593], [-75.60887736455089, 6.15246275128464], [-75.60887550896366, 6.152463628258048], [-75.60885515514052, 6.1524732394250865], [-75.60885338967675, 6.152474074370896], [-75.60880933115654, 6.1524798479133365], [-75.60874463850718, 6.152488325109244], [-75.60873035946479, 6.152490198510295], [-75.60863087277377, 6.1525032331819824], [-75.6085767409137, 6.1525103279600675], [-75.6085650093029, 6.152511865251535], [-75.6085560910723, 6.152507219441797], [-75.60852926121169, 6.152493241695645], [-75.60851189836748, 6.152484195473959], [-75.60850653729176, 6.152481403697399], [-75.60848788127358, 6.152471684840157], [-75.6084745021204, 6.152464715679473], [-75.6084609862128, 6.152457673053137], [-75.60844478976564, 6.152449234085547], [-75.60844258918229, 6.152448086729864], [-75.60844230120752, 6.152447937157997], [-75.60843304519179, 6.152443114894833], [-75.60842637463935, 6.152439641521425], [-75.60839566433954, 6.152423642249685], [-75.60839486832775, 6.152423227556636], [-75.60836175912837, 6.152405978831588], [-75.60835166724803, 6.152400719466345], [-75.60835162831061, 6.152400699767148], [-75.60835160205419, 6.152400687238521], [-75.60834585427563, 6.15239769031799], [-75.60831004280786, 6.152379034504197], [-75.6082988932159, 6.152373227017111], [-75.60828859306513, 6.152367861987947], [-75.6082774724397, 6.152362067015602], [-75.60827099114734, 6.152358690353812], [-75.6082648041658, 6.152355465945166], [-75.60824263448106, 6.152343918140156], [-75.60821044841661, 6.152320181826161], [-75.6081891753685, 6.152304492625808], [-75.60818502609233, 6.1523014309357675], [-75.60814283536722, 6.152270314781556], [-75.60815682941497, 6.152250939148062], [-75.6081381373158, 6.152224931872329], [-75.60811296170901, 6.152189907466405], [-75.60811092453234, 6.152187075033189], [-75.60810790028002, 6.152180397905148], [-75.60810548233053, 6.152175057642091], [-75.6081015431298, 6.152166359874104], [-75.60807295420551, 6.152103225709214], [-75.60807068237112, 6.152098211100023], [-75.60806718969225, 6.152090500199074], [-75.60806627358942, 6.152088428032842], [-75.60806553744042, 6.1520867672419906], [-75.60806247041808, 6.152079839895576], [-75.60805940248376, 6.152072910745417], [-75.60805872295454, 6.152071376247305], [-75.60805764338605, 6.152068939636588], [-75.60805633275184, 6.152065983412138], [-75.60805326572542, 6.152059055161521], [-75.60805019689258, 6.152052126919662], [-75.60804712897193, 6.152045200481441], [-75.60804406194583, 6.152038272230666], [-75.60804099491986, 6.152031343979821], [-75.60803792609187, 6.15202441664181], [-75.60803688396756, 6.152022063926262], [-75.60803485907492, 6.152017490198964], [-75.60803179204927, 6.152010561947961], [-75.60802872320838, 6.152003631897659], [-75.6080270572981, 6.151999876405277], [-75.60802565527969, 6.151996703650964], [-75.60802258556221, 6.1519897790292335], [-75.60801951672605, 6.151982849882818], [-75.60801935960528, 6.151982489927655], [-75.60801644970097, 6.151975921631549], [-75.6080133817727, 6.151968993384658], [-75.60801149663214, 6.151964737205938], [-75.60801031474783, 6.151962065133286], [-75.60800724773186, 6.151955138689964], [-75.60800418071162, 6.151948211342545], [-75.60800111188054, 6.1519412830998395], [-75.60799804485609, 6.1519343548482714], [-75.60799497602524, 6.151927426605475], [-75.60799190810657, 6.151920500166287], [-75.60798883837266, 6.151913571927798], [-75.60798811407258, 6.15191193277635], [-75.607986610699, 6.151908536308258], [-75.60798415095333, 6.151902404284921], [-75.60797347516292, 6.151875763858168], [-75.60796785517438, 6.1518617403023335], [-75.60794949475864, 6.151815945878636], [-75.60794833065334, 6.151813029620553], [-75.60794457217706, 6.151803788525872], [-75.60792066016906, 6.1517450279667445], [-75.6079131506263, 6.151726582806633], [-75.60791066383804, 6.15172046176314], [-75.60790705435595, 6.151711951330154], [-75.60790494988116, 6.151706987433083], [-75.60788196798322, 6.151652798713122], [-75.60787409750402, 6.151634245018344], [-75.60784638354586, 6.151652900223311], [-75.60781237268796, 6.151675796430001], [-75.60778313896587, 6.15169547432525], [-75.60765598352377, 6.151781070574938], [-75.60765228946536, 6.151783556723988], [-75.60765048970762, 6.151784768829312], [-75.60764636889932, 6.151787543652334], [-75.60759533185448, 6.151821897999561], [-75.60755349790035, 6.151814844493923], [-75.60755146655463, 6.151814503638253], [-75.60754080081192, 6.151812704206809], [-75.60753517504924, 6.151811758006098], [-75.60753459646624, 6.151811659576707], [-75.60743988313455, 6.151795691686858], [-75.60737367474852, 6.151784529800698], [-75.60736006278023, 6.1517822348613445], [-75.6073133010941, 6.1518003140740944], [-75.6073130558146, 6.151799658014909], [-75.60719266676826, 6.151872104027209], [-75.60712789064803, 6.151911082853625], [-75.60711742877068, 6.151917379249483], [-75.60711591434799, 6.151914865200748], [-75.60710975147879, 6.151902874814336], [-75.607094197533, 6.1518726229195], [-75.60715696446532, 6.151843035422216], [-75.6071788369696, 6.151832728000359], [-75.60718407482595, 6.151830257819373], [-75.60717882869052, 6.151820099118227], [-75.60716500260925, 6.151793342049788], [-75.6071472481223, 6.151758985587126], [-75.60712648046423, 6.151706140282995], [-75.60711424998527, 6.1516750169073], [-75.60709009637374, 6.15161355699937], [-75.60706361865888, 6.151546176848691], [-75.60697906369242, 6.151290804549543], [-75.60696645337423, 6.1512527253105835], [-75.60696208022581, 6.151239683787816], [-75.60691147724458, 6.151088838527703], [-75.60690225252543, 6.151061336619997], [-75.60689420933154, 6.151037361136124], [-75.60689085548147, 6.151027364055463], [-75.60688196350644, 6.151000856804659], [-75.60687261688653, 6.150972992054987], [-75.60684127912064, 6.150879571316281], [-75.60683153745923, 6.1508505304922005], [-75.6068264291549, 6.150829542180549], [-75.60681370709648, 6.150777240675405], [-75.6067752004306, 6.150733207097038], [-75.60675426212647, 6.150709265634808], [-75.60673249087027, 6.150684371733609], [-75.60670437935723, 6.150652228324494], [-75.60689577424584, 6.15049724067575], [-75.60696674155915, 6.150439767027993], [-75.60722521046102, 6.150219538866661], [-75.60727091915611, 6.150180590838959], [-75.60718954020258, 6.150088232649416], [-75.60718845748198, 6.150087000267158], [-75.60718313843078, 6.15008096355957], [-75.6071822164909, 6.150079915726156], [-75.60722752150104, 6.150033016592506], [-75.60726608319597, 6.14999309814476], [-75.60727370847012, 6.149986377139663], [-75.60727588562098, 6.149985499508224], [-75.60727848377094, 6.149984450760461], [-75.60729478661672, 6.14996803826983], [-75.60734415181032, 6.149918348341871], [-75.60734534371382, 6.149917148248596], [-75.60736706585638, 6.149895280369542], [-75.60736877732423, 6.14989356061259], [-75.60737808243987, 6.1498841915270805], [-75.60739234454913, 6.149877371213727], [-75.60730497268685, 6.149803980703458], [-75.60730012388191, 6.149799907143569], [-75.60724609933278, 6.149710372584463], [-75.60724654769818, 6.1496848666435024], [-75.60724712529536, 6.1496517749429715], [-75.6072721367437, 6.149602201223487], [-75.60725352413642, 6.1496122974161604], [-75.60720193947824, 6.149622490401051], [-75.60716753279323, 6.149624024431156], [-75.60712738786133, 6.149624139061708], [-75.60709097757628, 6.149634730780327], [-75.60706130918884, 6.1496539921402205], [-75.6070231730978, 6.149678746368646], [-75.60698720251494, 6.1497087607399745], [-75.60696692226544, 6.14972567993217], [-75.60691871573201, 6.149740295378368], [-75.60689828876532, 6.149740084100769], [-75.60687535146288, 6.149739849818698], [-75.60685096342078, 6.149739601824234], [-75.60679651081686, 6.149739046752247], [-75.60674632178551, 6.149739063930446], [-75.60671477377575, 6.1497390750904035], [-75.60667462832734, 6.14973908843734], [-75.60661724833487, 6.149723180285235], [-75.60659284541907, 6.149713207289201], [-75.60655314588317, 6.149690912373368], [-75.60650391201777, 6.149616117733252], [-75.60644199361121, 6.149523019749689], [-75.60641319106516, 6.149478615072625], [-75.60637334459138, 6.149415588952489], [-75.60634167275586, 6.149370715497855], [-75.60630423880434, 6.149315813303178], [-75.60625579525205, 6.14923394403369], [-75.60622829744683, 6.14925321103087], [-75.60620397828609, 6.149270252067577], [-75.60619126912869, 6.149278416352561], [-75.60615683858825, 6.1492802469602035], [-75.6061371446202, 6.149278640707274], [-75.6060862054241, 6.149274484669084], [-75.60606736088212, 6.149272948401844], [-75.60599919975176, 6.149249519382157], [-75.60587110368444, 6.149239376084639], [-75.60581347772465, 6.1492532580802655], [-75.60580381769401, 6.1492602385193145], [-75.60574786842847, 6.149300682007352], [-75.6057306183738, 6.149317731028136], [-75.60567640596172, 6.149371311200309], [-75.60562407599518, 6.149437319462764], [-75.60560912113083, 6.149464002795721], [-75.60560542092237, 6.149470605183891], [-75.60560566158578, 6.1494708707099806], [-75.60559815926766, 6.149498390107102], [-75.60558548147635, 6.149590330683855], [-75.60557749324842, 6.14964827527692], [-75.6055666863685, 6.149716150356026], [-75.60552862068789, 6.149809534753173], [-75.60550014662061, 6.149851477837594], [-75.60548384101462, 6.149875498953114], [-75.60544212991104, 6.149888635180245], [-75.60537059956603, 6.149896018750476], [-75.60526165737527, 6.149894209644938], [-75.6051931627787, 6.149895065466872], [-75.60519106178714, 6.149966480007968], [-75.6052057926095, 6.149988747688703], [-75.60528250063042, 6.150104698203987], [-75.60534080576262, 6.150187761662906], [-75.60541088237369, 6.150275059284929], [-75.60543217375267, 6.150301587459372], [-75.60558304465927, 6.1504852921675965], [-75.60554306564883, 6.15051541104058], [-75.60551924309095, 6.150533352819977], [-75.60549481396866, 6.150551756825932], [-75.60548225815715, 6.1505370781553985], [-75.605442938244, 6.150491110975826], [-75.60542426432693, 6.150484558999474], [-75.60538074551582, 6.150469284651883], [-75.60528711720126, 6.150447384784342], [-75.60528174827978, 6.150446129011296], [-75.60520241759708, 6.15044731347821], [-75.60513524674577, 6.150455135045465], [-75.60513504995752, 6.150455161319562], [-75.60501425938483, 6.150498079181359], [-75.60498886501072, 6.150511925946175], [-75.60498388488335, 6.150514643466149], [-75.60484217894424, 6.150591925766903], [-75.60484056274116, 6.15059280698289], [-75.60488463992192, 6.150710299069103], [-75.60491074689199, 6.150779888104129], [-75.60491792726678, 6.150799022054712], [-75.6049610316855, 6.150913923282725], [-75.60496960039423, 6.150936761661803], [-75.60500984638922, 6.15091674809386], [-75.6050245143916, 6.150909420464864], [-75.60509440360718, 6.150887940505931], [-75.60518161449545, 6.150861137842211], [-75.60524341971062, 6.150863110897682], [-75.6053878522718, 6.150867714795022], [-75.60545692281678, 6.150869916359081], [-75.60551716754391, 6.150878832110124], [-75.60562131316134, 6.150863705963901], [-75.6057468879607, 6.150821253702261], [-75.60576141580684, 6.150838187428274], [-75.60578703028806, 6.150868038622486], [-75.6057847217947, 6.1508688427577365], [-75.60566126970882, 6.150944666510388], [-75.60563759948472, 6.150959206450605], [-75.60555579094867, 6.151053448060853], [-75.60546129645063, 6.1511622998594495], [-75.60544479471227, 6.1511976101530195], [-75.6054364915389, 6.151215375851641], [-75.60543551086208, 6.15121747536549], [-75.60540287471487, 6.151287292252262], [-75.60540114315684, 6.151293234107752], [-75.60539311512737, 6.151320753368989], [-75.60538350742127, 6.151353684864424], [-75.60538343733543, 6.15135431715071], [-75.60537253593792, 6.151451733164574], [-75.6053726814991, 6.1514523164827954], [-75.60537385657241, 6.151456930540882], [-75.6053783562147, 6.15147462019775], [-75.60543349138783, 6.151564054650335], [-75.60544985186165, 6.151590595113741], [-75.60544399989848, 6.151601251909767], [-75.6054114191758, 6.151660567773482], [-75.6054001557425, 6.151681076402813], [-75.60539927919743, 6.1516826718423285], [-75.60536808088534, 6.151740584173701], [-75.60536560834336, 6.151745169022285], [-75.60532155261271, 6.151819578273107], [-75.60531372465013, 6.1518338392923235], [-75.60529331937859, 6.151878891003607], [-75.60528913087245, 6.151888354447333], [-75.605273697335, 6.151923217445766], [-75.60526564050934, 6.151937410873115], [-75.60525797594453, 6.151950910773207], [-75.60521500800279, 6.151997190936146], [-75.60515251202617, 6.15205926285238], [-75.60513587629538, 6.152075789963732], [-75.60512735747088, 6.152088415277921], [-75.60511137916814, 6.152122707757056], [-75.60510808052138, 6.152129786444343], [-75.60510400039374, 6.152144253382936], [-75.6051038352402, 6.152144840025815], [-75.60509280432606, 6.152183969540664], [-75.60508761164772, 6.152218892859174], [-75.60507931638918, 6.152251079332974], [-75.6050767550344, 6.15229287158495], [-75.60507674107475, 6.152295753825803], [-75.60507649064506, 6.152339464083258], [-75.6050828717689, 6.152361957825201], [-75.60508521814727, 6.152370225839701], [-75.60509898952252, 6.152418766813728], [-75.60511147906865, 6.152461917653338], [-75.60511968590826, 6.152495197973167], [-75.60512137943569, 6.1525159335753585], [-75.60512037073002, 6.152534527969366], [-75.60511829600205, 6.15257274496388], [-75.60511122665203, 6.152618493726572], [-75.60510665379594, 6.1526447358605685], [-75.60510453787988, 6.152656886933203], [-75.60509784116348, 6.1526745543922585], [-75.60507661133046, 6.152672735958503], [-75.60503177681021, 6.152668891894319], [-75.60498719694867, 6.1526574325116705], [-75.60496828368035, 6.152652571422679], [-75.60491303064941, 6.152633715495642], [-75.60489402087042, 6.15263018114413], [-75.60484561195513, 6.152610931986773], [-75.60478988486499, 6.152588772174941], [-75.60477488198342, 6.152582808014887], [-75.60476016004246, 6.152573880751741], [-75.60471813721506, 6.152544583324378], [-75.60467720984944, 6.152522099038291], [-75.6046165540582, 6.152493930396571], [-75.60457380123586, 6.1524690528938955], [-75.60455336148212, 6.152457159244468], [-75.60450885932303, 6.152437912679124], [-75.60449377360472, 6.152427551517492], [-75.60443815350033, 6.152405468882572], [-75.6044215319682, 6.152402665097658], [-75.6044004987729, 6.1523991198029115], [-75.60430147607146, 6.152367114297897], [-75.60428209166199, 6.152356765060427], [-75.60416439822228, 6.152314052406509], [-75.604146078672, 6.152308500386269], [-75.60413390423082, 6.15230480969955], [-75.60410951913464, 6.152300935388985], [-75.60409514303012, 6.152287343219582], [-75.60395928098413, 6.152158222243987], [-75.60394883569036, 6.152140670954814], [-75.60388470754935, 6.1520267698948174], [-75.60382503358863, 6.151966670903828], [-75.60374409259043, 6.151989861843416], [-75.60373077339626, 6.151970528176035], [-75.60369080404615, 6.1519071407764265], [-75.60368140559818, 6.151879183946213], [-75.60366743089389, 6.151879941913058], [-75.60364411053227, 6.1518904850112], [-75.60363628450051, 6.151894022838037], [-75.60360190659624, 6.151905600783293], [-75.60357145349035, 6.1519114295868915], [-75.60353096942777, 6.151917643626598], [-75.60348022723325, 6.15191301907058], [-75.60347824363656, 6.151912838890072], [-75.60346653903918, 6.151911771311253], [-75.60346607093969, 6.151911731102922], [-75.60345418038693, 6.1519194085995625], [-75.60346027882595, 6.15193153679541], [-75.60347220470122, 6.151955233080569], [-75.60347454897912, 6.151960663246743], [-75.60347858344042, 6.151970016067552], [-75.60350468027619, 6.1520304786789275], [-75.60350521576665, 6.152031744477896], [-75.60351033102222, 6.152043788868499], [-75.60354148697323, 6.152117192976451], [-75.60355311735655, 6.152157745280532], [-75.6035268088288, 6.152175694633173], [-75.60348067896497, 6.152222121238175], [-75.6034666720641, 6.152244096988217], [-75.60346622472706, 6.152244796208298], [-75.60343305903297, 6.152296822679037], [-75.60342945251305, 6.152310059586611], [-75.60339572516183, 6.152471026570669], [-75.60339450144627, 6.152477012965039], [-75.60338758461992, 6.152510894193733], [-75.60337592815186, 6.152567949071438], [-75.60335249165969, 6.152682469879526], [-75.60334638699273, 6.15271229058429], [-75.60330015351856, 6.152891239970517], [-75.60324565345532, 6.153102166880555], [-75.60323916365, 6.153127281067579], [-75.60320143217471, 6.1532031358102435], [-75.60309040372617, 6.153380596739064], [-75.60302211786045, 6.1534897392260275], [-75.60301529150222, 6.153500647587532], [-75.6029627754085, 6.153584584515701], [-75.60295894902737, 6.153590699327441], [-75.60293036547324, 6.15363638311239], [-75.60290359132186, 6.153727912539997], [-75.60292693328778, 6.153794137590493], [-75.60294683062374, 6.153782740559896], [-75.60296434900948, 6.153772708526329], [-75.60296501347635, 6.153773006340861], [-75.60299538775534, 6.153766176199493], [-75.60299500990183, 6.153763955333347], [-75.60299500908395, 6.153761702553055], [-75.60299538532479, 6.153759481413133], [-75.60299612800998, 6.153757354575474], [-75.60299721618718, 6.15375538204155], [-75.6029986191572, 6.153753619459684], [-75.60300029734002, 6.153752116555111], [-75.60300032974773, 6.153752093795259], [-75.60302737026659, 6.15373660535589], [-75.60307616355162, 6.153712332637067], [-75.60310687155537, 6.15369705503609], [-75.60316186536187, 6.153669697212992], [-75.60319780758846, 6.1536523074819796], [-75.60320095358989, 6.153650789570691], [-75.60319370645169, 6.153641324044772], [-75.6031871374856, 6.1536327448159955], [-75.60323236622546, 6.153604920206909], [-75.60322084397257, 6.1535865849058675], [-75.60325212728704, 6.153565541949548], [-75.60325962445373, 6.1535605013482195], [-75.60324466282556, 6.153535932985563], [-75.60324392161584, 6.15353471520192], [-75.6032861138557, 6.15350845226929], [-75.6032928230574, 6.153504278898928], [-75.60330228706023, 6.153498387013638], [-75.60337838546279, 6.153451021313628], [-75.60337882900507, 6.153451768624333], [-75.60339250318908, 6.153474800917992], [-75.60339396189029, 6.1534783015952845], [-75.60339978758346, 6.153492288075512], [-75.60340133038505, 6.153495993566448], [-75.60341025448216, 6.153517422608186], [-75.60341805708606, 6.153536150333737], [-75.60342430464506, 6.153553110050734], [-75.60342466348631, 6.153554085600268], [-75.60343120668982, 6.153571842168869], [-75.60343542440025, 6.153588399531592], [-75.60344092128575, 6.153609988133886], [-75.60346263106156, 6.153630588147719], [-75.60346360825443, 6.153631851791222], [-75.60347282375389, 6.1536437459866], [-75.60348392727394, 6.153658080097451], [-75.60354626104358, 6.153711186662036], [-75.60357084769892, 6.153732134260713], [-75.60360765510441, 6.1537634904640415], [-75.60363182272717, 6.153784085706706], [-75.60365119822751, 6.153800753541183], [-75.60367569610081, 6.153821831750789], [-75.60368465636655, 6.1538295404353995], [-75.60371829231183, 6.1538584828625735], [-75.60385200888847, 6.1539746597860905], [-75.60386412180861, 6.153985182821539], [-75.6038662862297, 6.153987064478901], [-75.60391390517826, 6.154046051418911], [-75.60398137446707, 6.154048766194059], [-75.60398191836383, 6.154048789758], [-75.60406098610343, 6.15403893288545], [-75.60406146636602, 6.154038873585415], [-75.6041266404778, 6.154018986947095], [-75.60416188782753, 6.154008230089489], [-75.60416353480382, 6.154007730238178], [-75.60420793116002, 6.153990023445338], [-75.60430691563457, 6.153882471401179], [-75.60437314081655, 6.1538525064703915], [-75.60461213293976, 6.153819533987716], [-75.60469752397111, 6.153802515781226], [-75.60489156123494, 6.153763845473744], [-75.60490476699579, 6.153761733296226], [-75.60514952247985, 6.15372256852687], [-75.60518963115199, 6.153708820731563], [-75.6052078830149, 6.1536976929465315], [-75.6052168270231, 6.1536922402384535], [-75.60523760740062, 6.153689309960569], [-75.60528150833576, 6.153623531650466], [-75.60529316844226, 6.153627141631484], [-75.60529095885802, 6.153634527813684], [-75.60529079532643, 6.15363507647788], [-75.60528698504139, 6.153647823467366], [-75.60528335607569, 6.15365996474952], [-75.60528237217194, 6.153663255843819], [-75.60527952531933, 6.15367277421979], [-75.60527594080324, 6.153684768825836], [-75.60527303887748, 6.153694478229289], [-75.60527182209736, 6.1536985461517615], [-75.60527170656246, 6.153698934561415], [-75.60526780558433, 6.15371197762446], [-75.60526524583496, 6.153720539902004], [-75.60526470903677, 6.153722343428177], [-75.60526370645947, 6.1537256951863375], [-75.60526280167771, 6.153728725522544], [-75.60526203373922, 6.153731291403263], [-75.60526146756932, 6.153733184575669], [-75.60526099828286, 6.153734754522435], [-75.60526084895685, 6.153735252489413], [-75.60525802509383, 6.153749488185731], [-75.60525516678317, 6.153763884070483], [-75.60525184035343, 6.153780645477142], [-75.60524939555582, 6.15379296269658], [-75.60524833230012, 6.153798320880293], [-75.60524659280732, 6.15380708256914], [-75.60524268538488, 6.153826773283931], [-75.60523827898676, 6.153848985171208], [-75.60523409998822, 6.153870037835953], [-75.60522992365101, 6.153891080543037], [-75.60522561066433, 6.153912812817968], [-75.60522088417345, 6.153936625566554], [-75.60521770059273, 6.153952672061843], [-75.60521521173315, 6.153965215514104], [-75.60520816829059, 6.154000702969709], [-75.60520373501396, 6.154007576552682], [-75.60518259605311, 6.154040354618693], [-75.60517749819674, 6.154053579819516], [-75.60516785642199, 6.154078592759327], [-75.60516031241461, 6.154102745633027], [-75.60515947461111, 6.154105433000357], [-75.60513857875326, 6.154172339394561], [-75.6051429696026, 6.154172328807194], [-75.60515731728742, 6.154172287691531], [-75.60517047444876, 6.154172249675501], [-75.60519302964877, 6.154193009090065], [-75.6052000753055, 6.154199492126332], [-75.60521027586522, 6.1542020225387635], [-75.6052273244379, 6.154206253522102], [-75.60529078463135, 6.154204099391848], [-75.60533352652253, 6.154195932191026], [-75.60534841516275, 6.154193087623063], [-75.60536817107429, 6.154204396900218], [-75.6053897458731, 6.154216747823693], [-75.6054218689264, 6.154235135243412], [-75.60543195094807, 6.1542426268558765], [-75.6054465731066, 6.154253493791142], [-75.6054467983692, 6.154254120115105], [-75.60545355988282, 6.154272914336095], [-75.60545609544457, 6.154279960925823], [-75.60545767372226, 6.1542807488002165], [-75.6054736095222, 6.154288702738452], [-75.60548667581747, 6.1542952259850185], [-75.60549010311178, 6.154296936021923], [-75.60549769734057, 6.1542975444461865], [-75.60550523192265, 6.154298146833106], [-75.60556538573367, 6.154302966524144], [-75.60557339833932, 6.154303606354896], [-75.60560509536727, 6.154300563983812], [-75.60560684239078, 6.1543035406883115], [-75.60561208894275, 6.154312483431934], [-75.60562796249123, 6.154339538833552], [-75.60596683420113, 6.1544316404238435], [-75.60598091801127, 6.15443546727292], [-75.60602802747722, 6.154448272057433], [-75.60610878578203, 6.1544702216878076], [-75.60612876777266, 6.15447565156848], [-75.60614987794145, 6.154484779906353], [-75.60619892802983, 6.154505992974604], [-75.60626840847692, 6.1545360384419645], [-75.60629485571053, 6.1545474750079405], [-75.60632323776417, 6.154517039239097], [-75.60639839172461, 6.154529844418249]]]}, "properties": {"SE_ANNO_CAD_DATA": null, "SHAPE.AREA": 0, "SHAPE.LEN": 0, "OBJECTID": 12, "NOM_BARRIO": "LA FLORIDA", "BARRIO": "004", "PK_BARRIO": "6311001004", "MUNICIPIO": "631", "SECTOR": "1", "CORREGIMIENTO": "001", "nombre_barrio_estandarizado": "LA FLORIDA", "municipio_estandarizado": "sabaneta"}}, {"type": "Feature", "geometry": {"type": "Polygon", "coordinates": [[[-75.61324320183547, 6.153193266173457], [-75.61320996033847, 6.153224182464534], [-75.61318950182694, 6.153243211918505], [-75.61317165995294, 6.153259802957928], [-75.61315592037931, 6.153274434542701], [-75.61314177147418, 6.153287584715414], [-75.6131286934584, 6.153299727942226], [-75.61311617648427, 6.153311337736653], [-75.61310370442966, 6.153322897587575], [-75.61309082947136, 6.153334819228438], [-75.61307735461216, 6.153347270875562], [-75.61306315845496, 6.153360364323122], [-75.61304811143795, 6.15337420417277], [-75.61303208492455, 6.153388899541981], [-75.61301495389573, 6.1534045604345105], [-75.61299658969719, 6.153421292351645], [-75.6129768672921, 6.153439201680979], [-75.61295575156778, 6.153458312100038], [-75.6129336722645, 6.15347820834765], [-75.61289643769975, 6.153510868233757], [-75.61273152081633, 6.153618331671218], [-75.61254062156813, 6.153712636160304], [-75.61240120962889, 6.153762784501871], [-75.61211091283327, 6.153861199856746], [-75.61184545225017, 6.1539538042617785], [-75.61166401626942, 6.154015552072286], [-75.61149596133501, 6.154077262379411], [-75.6114310727811, 6.154115716092449], [-75.61139673346804, 6.154140688059836], [-75.6113616252331, 6.154162471536591], [-75.61135918056874, 6.154164799713872], [-75.61132806630853, 6.154194460650104], [-75.61123085202355, 6.154292320428914], [-75.61115657940067, 6.154392027953273], [-75.61099479177976, 6.154639315664899], [-75.6109072133877, 6.15476393562664], [-75.61106674316473, 6.154875242754122], [-75.61112087822877, 6.154912236153661], [-75.61116325946102, 6.154941229136918], [-75.61120448254088, 6.154969453903361], [-75.61124469164848, 6.154997024564029], [-75.61128402821447, 6.155024047106738], [-75.61132263006529, 6.15505062934496], [-75.61136063864937, 6.155076880882567], [-75.61139819540632, 6.1551029095152225], [-75.61143543817606, 6.155128825768371], [-75.61147255729398, 6.155154761607973], [-75.61150992255655, 6.1551809737864716], [-75.61161379466562, 6.155254218028182], [-75.61162767285131, 6.155264026094989], [-75.61167020038096, 6.155294111312193], [-75.61171506200141, 6.155325857617237], [-75.61176268003207, 6.155359548626163], [-75.61181350671534, 6.155395491313822], [-75.61186818013962, 6.155434130066753], [-75.61189040006593, 6.155449823426251], [-75.61192736560224, 6.155475931739387], [-75.61199173659227, 6.15552137580227], [-75.61206196655517, 6.155570932684793], [-75.61213872714814, 6.1556250764405], [-75.61222268640718, 6.155684279331562], [-75.61231434104177, 6.1557488896971355], [-75.61239919215014, 6.155808702036083], [-75.61246888714997, 6.155857832022135], [-75.61253783585944, 6.155811585102722], [-75.61263961791609, 6.155746616954681], [-75.61274331772704, 6.1556855494808635], [-75.61282841486998, 6.15563790533186], [-75.61296304879501, 6.155566891706105], [-75.61303279618697, 6.155532523854883], [-75.61307309956277, 6.15551266487895], [-75.6132058897756, 6.155451623027245], [-75.61333147166344, 6.155398145503115], [-75.61345049390793, 6.155351146967309], [-75.61352871468887, 6.155322449439865], [-75.61355912981163, 6.155311288956491], [-75.61353999682268, 6.155252827415669], [-75.61350325494799, 6.155140570867363], [-75.6134686221369, 6.155034751757767], [-75.61325734583563, 6.154389217659745], [-75.61325598317781, 6.154385050272559], [-75.61321046686618, 6.154245981418199], [-75.61314886485926, 6.1540577587364425], [-75.6131425651943, 6.154038511335858], [-75.61351325989729, 6.153713486106558], [-75.61329034221171, 6.153257527617423], [-75.61327931952437, 6.153233523559578], [-75.6132555585932, 6.153181773786995], [-75.61324320183547, 6.153193266173457]]]}, "properties": {"SE_ANNO_CAD_DATA": null, "SHAPE.AREA": 0, "SHAPE.LEN": 0, "OBJECTID": 13, "NOM_BARRIO": "ALIADAS DEL SUR", "BARRIO": "021", "PK_BARRIO": "6311001021", "MUNICIPIO": "631", "SECTOR": "1", "CORREGIMIENTO": "001", "nombre_barrio_estandarizado": "ALIADAS DEL SUR", "municipio_estandarizado": "sabaneta"}}, {"type": "Feature", "geometry": {"type": "Polygon", "coordinates": [[[-75.61057599344991, 6.152839496678158], [-75.61048991938286, 6.152944395991377], [-75.61033897223797, 6.153149579637595], [-75.61030963362975, 6.15321158290966], [-75.60994709110881, 6.153658343465375], [-75.60942328366055, 6.154231612969135], [-75.60921553251572, 6.1543759242579945], [-75.60873328761711, 6.154737849304218], [-75.6087761298598, 6.154786356368548], [-75.60949902985354, 6.155214789567745], [-75.61056665414631, 6.155857481385824], [-75.6113183994344, 6.156343228463128], [-75.6114618221021, 6.156461134198155], [-75.61149082861203, 6.156484981544911], [-75.61152057154841, 6.156509432814976], [-75.61153977653603, 6.1564961493927415], [-75.61171387178261, 6.156375726363659], [-75.61172664898953, 6.15636688805197], [-75.6117436942738, 6.156355098770389], [-75.61174578194235, 6.156353653798694], [-75.61179785492433, 6.156317633149935], [-75.61226114238814, 6.155997172934973], [-75.61246888714997, 6.155857832022135], [-75.61239919215014, 6.155808702036083], [-75.61231434104177, 6.1557488896971355], [-75.61222268640718, 6.155684279331562], [-75.61213872714814, 6.1556250764405], [-75.61206196655517, 6.155570932684793], [-75.61199173659227, 6.15552137580227], [-75.61192736560224, 6.155475931739387], [-75.61189040006593, 6.155449823426251], [-75.61186818013962, 6.155434130066753], [-75.61181350671534, 6.155395491313822], [-75.61176268003207, 6.155359548626163], [-75.61171506200141, 6.155325857617237], [-75.61167020038096, 6.155294111312193], [-75.61162767285131, 6.155264026094989], [-75.61161379466562, 6.155254218028182], [-75.61150992255655, 6.1551809737864716], [-75.61147255729398, 6.155154761607973], [-75.61143543817606, 6.155128825768371], [-75.61139819540632, 6.1551029095152225], [-75.61136063864937, 6.155076880882567], [-75.61132263006529, 6.15505062934496], [-75.61128402821447, 6.155024047106738], [-75.61124469164848, 6.154997024564029], [-75.61120448254088, 6.154969453903361], [-75.61116325946102, 6.154941229136918], [-75.61112087822877, 6.154912236153661], [-75.61106674316473, 6.154875242754122], [-75.6109072133877, 6.15476393562664], [-75.61099479177976, 6.154639315664899], [-75.61115657940067, 6.154392027953273], [-75.61123085202355, 6.154292320428914], [-75.61132806630853, 6.154194460650104], [-75.61135918056874, 6.154164799713872], [-75.61132794515265, 6.154130090927657], [-75.61132337083788, 6.154116763892087], [-75.61131920150817, 6.154104610158773], [-75.61130409936271, 6.154060584685687], [-75.6112799411305, 6.15399017138368], [-75.61132320606166, 6.153952674230162], [-75.61134389137877, 6.153934747562416], [-75.61136192231862, 6.153919118455222], [-75.61140333790595, 6.153883223311669], [-75.61140866371721, 6.1538786073130005], [-75.61141801739532, 6.153870500899299], [-75.61144451423023, 6.153847536368835], [-75.61148777266575, 6.153810563600743], [-75.6115332421337, 6.153771699557034], [-75.61149910511585, 6.15373989346163], [-75.61141278984594, 6.153659473476805], [-75.61133220884466, 6.153586857321353], [-75.61131402061041, 6.153570468834418], [-75.61129721324012, 6.153555321199118], [-75.61127895605068, 6.153538869762944], [-75.61126137659943, 6.153523028869499], [-75.61124193358594, 6.153505506492092], [-75.61122347771048, 6.153488877019864], [-75.61120430779195, 6.1534716010175785], [-75.61114235783926, 6.153415776159372], [-75.61109917496766, 6.153376862219147], [-75.61103529640242, 6.1533187938449565], [-75.61102467991047, 6.153309141551342], [-75.61099060268425, 6.153268481596503], [-75.61095524346949, 6.153226294614671], [-75.61092001599785, 6.153184263386865], [-75.61088555175095, 6.153143145142677], [-75.61085011536598, 6.153100874446209], [-75.61067760998216, 6.152897874182326], [-75.61065020877248, 6.152864197978844], [-75.61060602405809, 6.152809892632362], [-75.61057599344991, 6.152839496678158]]]}, "properties": {"SE_ANNO_CAD_DATA": null, "SHAPE.AREA": 0, "SHAPE.LEN": 0, "OBJECTID": 14, "NOM_BARRIO": "RESTREPO NARANJO", "BARRIO": "023", "PK_BARRIO": "6311001023", "MUNICIPIO": "631", "SECTOR": "1", "CORREGIMIENTO": "001", "nombre_barrio_estandarizado": "RESTREPO NARANJO", "municipio_estandarizado": "sabaneta"}}, {"type": "Feature", "geometry": {"type": "Polygon", "coordinates": [[[-75.61893576772941, 6.1441692379444515], [-75.6189740481934, 6.1443260312774575], [-75.61900692128258, 6.144482913476159], [-75.61905864613018, 6.144731307111128], [-75.61909240651703, 6.144895429162127], [-75.619112669131, 6.144996532084129], [-75.61912390427857, 6.145055861975401], [-75.61913058050996, 6.145094671265837], [-75.61913643306015, 6.145130730827584], [-75.61914227567087, 6.145167897006405], [-75.61914818335839, 6.1452065482355165], [-75.61915423476535, 6.145247065642534], [-75.61916050489931, 6.1452898258525215], [-75.61916707691938, 6.14533520997094], [-75.61917402402244, 6.145383593727616], [-75.61918142935896, 6.145435356419843], [-75.61918933344212, 6.14549065515525], [-75.61919766032382, 6.145548736320351], [-75.6192063040638, 6.1456086240501495], [-75.61921514880345, 6.14566934614452], [-75.61922409220165, 6.145729924008733], [-75.61923302110897, 6.145789385429541], [-75.61924182595327, 6.145846750943707], [-75.6192503962943, 6.145901048324824], [-75.6192586442454, 6.145951484239702], [-75.6192665451483, 6.145998003661734], [-75.61927409149692, 6.1460407341002625], [-75.61928128213, 6.146079807553741], [-75.61928811132597, 6.146115347002415], [-75.61929457069334, 6.146147483576169], [-75.61930065724691, 6.146176345666116], [-75.61930636890918, 6.14620206256305], [-75.6193117073529, 6.146224791565175], [-75.61931671463074, 6.146244819957256], [-75.61932144110163, 6.14626247114571], [-75.61932594070663, 6.1462780621909605], [-75.61933026559801, 6.146291913778418], [-75.6193344651962, 6.146304342086602], [-75.61933859165799, 6.146315668704939], [-75.61934269894668, 6.146326215213989], [-75.61934683265305, 6.14633625351209], [-75.61935102486851, 6.146345881080355], [-75.61935530926095, 6.146355148380994], [-75.61935971589854, 6.146364108606156], [-75.61936427032438, 6.146372813161937], [-75.61936900802168, 6.146381314309837], [-75.61937395634004, 6.146389663447141], [-75.6193791435323, 6.146397911966686], [-75.6193846014466, 6.146406107627498], [-75.61939033927469, 6.146414282930597], [-75.61939637430658, 6.14642246400894], [-75.61940271663283, 6.146430682455129], [-75.61940937721634, 6.146438963529014], [-75.6194163697341, 6.1464473333812775], [-75.61942370608321, 6.146455823595624], [-75.61943139723095, 6.146464460335983], [-75.61943946229157, 6.146473273342568], [-75.61944794666191, 6.146482310307924], [-75.61945690387688, 6.146491620692795], [-75.61946638837034, 6.146501253049441], [-75.61947644735004, 6.146511255965574], [-75.61948713616191, 6.146521679797094], [-75.6194985092353, 6.146532572192212], [-75.61951061558901, 6.14654398263375], [-75.61952351786124, 6.146555975002716], [-75.61953731503706, 6.146568657300781], [-75.61955211161825, 6.146582157391839], [-75.61956801297454, 6.146596595903039], [-75.61958512904502, 6.14661210428775], [-75.6196035597623, 6.146628799583507], [-75.61962341594224, 6.14664680781493], [-75.61964480208691, 6.146666256845752], [-75.61966777727055, 6.146687220518796], [-75.6196922253115, 6.146709583683839], [-75.61971797377446, 6.146733179935138], [-75.6197448574767, 6.146757848255791], [-75.61977271210327, 6.146783420392193], [-75.61980136705621, 6.146809736258168], [-75.61983065802049, 6.146836627600219], [-75.61985072979257, 6.14685549632754], [-75.61991989255279, 6.146933803950589], [-75.61998656411969, 6.146972812583848], [-75.6200996154594, 6.147031667458889], [-75.620252100413, 6.1470957866883], [-75.6203840414328, 6.147165807972851], [-75.6204608219607, 6.147058438741138], [-75.62047735166094, 6.1470377541672985], [-75.62047853175928, 6.147036181645365], [-75.62049385451334, 6.1470143539335425], [-75.62049476193265, 6.147012987970435], [-75.6205087177856, 6.146990739343992], [-75.62050940586613, 6.146989589622709], [-75.62052209254111, 6.146967323716466], [-75.62052260193346, 6.146966390941649], [-75.62053411264623, 6.146944513220623], [-75.62053447231631, 6.146943809907013], [-75.62054490208023, 6.146922724019247], [-75.62054514531538, 6.146922222881823], [-75.62055459231415, 6.146902242053971], [-75.62055480414368, 6.146901783561343], [-75.62056338914246, 6.146882852053436], [-75.6205635883885, 6.146882406279349], [-75.6205714334941, 6.146864373418733], [-75.62057161121717, 6.146863959392263], [-75.62057884125056, 6.146846675396997], [-75.62057899121645, 6.146846311229913], [-75.62058573008646, 6.146829624514433], [-75.62058584607867, 6.146829331934592], [-75.6205922533282, 6.14681298948401], [-75.62059843597879, 6.1467968958471975], [-75.62060445456572, 6.1467810543434735], [-75.62061043646908, 6.146765284440374], [-75.62061639087182, 6.146749616830853], [-75.62062232774953, 6.146734059602473], [-75.62062823203473, 6.146718671592967], [-75.62063409855145, 6.14670350255092], [-75.6206399167263, 6.146688606771682], [-75.62064567867799, 6.1466740349211975], [-75.620651378314, 6.146659834040366], [-75.62065701392078, 6.146646023122816], [-75.62066260150004, 6.146632549654689], [-75.62066814889768, 6.146619355737742], [-75.62067366941005, 6.146606389775426], [-75.62067916548132, 6.146593597512242], [-75.62068465042996, 6.146580931871835], [-75.62069013838038, 6.146568325884602], [-75.6206956166428, 6.146555770572203], [-75.62070109852694, 6.146543217050199], [-75.62070654120812, 6.1465307740156705], [-75.62071191974967, 6.146518513915581], [-75.62071719758326, 6.146506531855431], [-75.62072234896189, 6.146494919271403], [-75.62072733728634, 6.14648376494073], [-75.62073213319213, 6.146473159413278], [-75.6207367010187, 6.146463198694168], [-75.62074103102515, 6.1464539226097035], [-75.62074518757231, 6.146445193427348], [-75.62074925647315, 6.146436827202303], [-75.62075332084866, 6.1464286436192435], [-75.62075747102358, 6.146420457807224], [-75.6207617865147, 6.146412091276731], [-75.62076635318371, 6.14640337002736], [-75.62077125237153, 6.146394119176898], [-75.62077652603938, 6.146384238169052], [-75.62078211603398, 6.1463738412004165], [-75.62078793910602, 6.146363082369267], [-75.62079391200622, 6.146352115773845], [-75.62079995150292, 6.146341099128596], [-75.62080597614006, 6.146330183810789], [-75.62081190629905, 6.146319527517112], [-75.6208176407808, 6.1463093079393865], [-75.62082308135268, 6.146299755190257], [-75.62082836060594, 6.146290830648873], [-75.62083374020747, 6.146282292552198], [-75.62083953202969, 6.146273822045984], [-75.62084606414139, 6.1462650875396765], [-75.62085367734086, 6.146255774557419], [-75.62084972084051, 6.146244114436969], [-75.62085732387892, 6.146211697392788], [-75.62072199581537, 6.146071376011991], [-75.62074177736942, 6.146050900606963], [-75.620741455958, 6.146032852659381], [-75.62074139165527, 6.146029312682436], [-75.62074132307589, 6.146025452689846], [-75.62074164852962, 6.145994885786228], [-75.62073097324807, 6.145973204585063], [-75.62072155739843, 6.145947336840375], [-75.62071592018046, 6.145931854465066], [-75.62070903919737, 6.14592043741183], [-75.62070356562138, 6.145908675337611], [-75.6207026349579, 6.145907322910697], [-75.62070137982369, 6.145904454161268], [-75.62069985427927, 6.145900963841919], [-75.6206978811697, 6.145896459556167], [-75.620694717747, 6.145889227236088], [-75.6206942527856, 6.145888165439901], [-75.62069292731377, 6.145885136113018], [-75.62069132067396, 6.145880579402505], [-75.62068771803126, 6.145870347762814], [-75.62068173017332, 6.145853353712433], [-75.6206796133179, 6.145847347586497], [-75.6206744690477, 6.145832738824587], [-75.6206717966067, 6.145819706369716], [-75.62066832099745, 6.145802765993444], [-75.62066815351774, 6.145801951354204], [-75.62066599190236, 6.145791415211107], [-75.62066403361516, 6.145775363314686], [-75.62066109680478, 6.145751319821101], [-75.62066060501066, 6.145748467216781], [-75.6206591262038, 6.145741054862562], [-75.62065662971925, 6.145728538665639], [-75.62065528979412, 6.145721819042974], [-75.62065014679574, 6.145696030687814], [-75.6206471956786, 6.145681241205437], [-75.62064338797055, 6.1456621480858376], [-75.62064300926932, 6.145661178080384], [-75.62064102063073, 6.145656084423898], [-75.62063844659504, 6.145649498325834], [-75.62063184135391, 6.145632594994657], [-75.62062290904802, 6.1456097362905], [-75.62062148756064, 6.145606098098474], [-75.6206179374995, 6.145597011641004], [-75.62061442860238, 6.145588030756432], [-75.6206081663954, 6.145572007198888], [-75.62060678788305, 6.14556847547487], [-75.62060407585618, 6.145563961250867], [-75.62060359136895, 6.145563154494635], [-75.62059057946756, 6.145541495592493], [-75.62058086788288, 6.145525327124109], [-75.62058047106356, 6.1455245307865844], [-75.62057559720783, 6.145514786337493], [-75.6205629934106, 6.145489586043427], [-75.62055608080466, 6.145475766152022], [-75.62055254787698, 6.145468702892066], [-75.62055240831305, 6.145468424222425], [-75.62055211549489, 6.145467838020442], [-75.62054911164483, 6.145461833530399], [-75.6205476275013, 6.145458865552381], [-75.62054284213814, 6.145449299672053], [-75.62053858436292, 6.14543569096701], [-75.62053815765829, 6.145434325219129], [-75.62053770344473, 6.145432875528723], [-75.62053754285877, 6.145432361906974], [-75.6205345293871, 6.145422731285349], [-75.62053323979673, 6.145417251782743], [-75.6205299890516, 6.1454034356298095], [-75.62052859334894, 6.1453974991939395], [-75.62052682503067, 6.145389990619529], [-75.62052265550976, 6.145372268015101], [-75.6205212086422, 6.145363998455099], [-75.62051928599715, 6.145353010916277], [-75.62051567312155, 6.145332383554053], [-75.62051477638475, 6.145327259227778], [-75.620513246841, 6.145318522674842], [-75.62051068697949, 6.14530966460626], [-75.62050732128931, 6.145298015140459], [-75.62050464843055, 6.145288769784792], [-75.62049962337575, 6.1452713867805935], [-75.6204948289169, 6.145254795504707], [-75.62048955574771, 6.145236547628791], [-75.6204881352625, 6.1452316374203395], [-75.62048770983822, 6.145230164083046], [-75.62048602012666, 6.145224320398309], [-75.62048230608492, 6.145211811072342], [-75.62047877498065, 6.145199583819517], [-75.62047792343795, 6.145196310783141], [-75.62047732065183, 6.145194218131416], [-75.62047640486051, 6.145192212900134], [-75.62047195191471, 6.145182464575768], [-75.62047144609207, 6.14518135868045], [-75.62046784136749, 6.145173466748982], [-75.62046088116846, 6.145158225906827], [-75.62045947962079, 6.14515515446027], [-75.62045851634763, 6.145153044590953], [-75.620454600294, 6.145144475237916], [-75.6204528444909, 6.145140629846256], [-75.62044627259799, 6.145127583057607], [-75.62044555111358, 6.1451261527586665], [-75.620431458782, 6.145098189718571], [-75.62041834970314, 6.145072173718482], [-75.62040975476555, 6.1450551219245995], [-75.62040660791696, 6.145048874037425], [-75.62040466988826, 6.145043969078138], [-75.6203965564348, 6.145023419832251], [-75.62038901644046, 6.145004323308375], [-75.62038734637258, 6.145000093270776], [-75.62037836863387, 6.144977357727997], [-75.6203730502192, 6.144963888923557], [-75.62037142497263, 6.14495977348147], [-75.62036528492067, 6.144949509977087], [-75.62036205732826, 6.1449441123001245], [-75.62035518050811, 6.144932617464013], [-75.62035433444758, 6.144931202240493], [-75.62035023293214, 6.144925709402042], [-75.62033110738035, 6.1449043408281], [-75.62032886587279, 6.144902207391686], [-75.62031071045756, 6.14489154805846], [-75.62029556976323, 6.144882656746349], [-75.62028428038936, 6.1448764921762375], [-75.62025322257786, 6.144859526104724], [-75.62024863072843, 6.1448535076986595], [-75.62024662981777, 6.1448508876024945], [-75.62024120885648, 6.144843779350455], [-75.62024002531314, 6.144841694969694], [-75.62022572434104, 6.1448164984548], [-75.6202234929928, 6.1448125649869185], [-75.62021169791278, 6.144788523324496], [-75.62020498928172, 6.144774849782127], [-75.62020031182381, 6.14476259740586], [-75.62019156634035, 6.144739697985475], [-75.62019054246558, 6.144737017046886], [-75.62019016129236, 6.14472797471216], [-75.62018968913814, 6.144716768506873], [-75.62018891324034, 6.144698314143784], [-75.62019048918782, 6.144686635923013], [-75.62019227175308, 6.144673434254344], [-75.62019271897177, 6.144670133151399], [-75.62019394978738, 6.144661021437399], [-75.6201957255923, 6.1446552972717], [-75.62019784825527, 6.144648466645661], [-75.62019850091782, 6.14464635518083], [-75.6202059856997, 6.144622245208746], [-75.62020610325155, 6.144621717566181], [-75.62021320078188, 6.144589722484572], [-75.6202178317245, 6.1445688476657745], [-75.62022400038744, 6.144541033889828], [-75.62022784390219, 6.144523710458208], [-75.62022949117156, 6.144509256427903], [-75.62023227287852, 6.144484823260112], [-75.62023472633084, 6.144463267512485], [-75.6202351688407, 6.144459373370238], [-75.62023541566836, 6.144457206939514], [-75.62023566041883, 6.1444564616992405], [-75.62023593985599, 6.144455605993764], [-75.62026083560926, 6.144298538443444], [-75.62024607915814, 6.144281594595782], [-75.6202425962652, 6.1442631571205855], [-75.62023327919233, 6.144231615890671], [-75.62020687225377, 6.1442065121675125], [-75.62018858743282, 6.1441849080140996], [-75.62016422471137, 6.14417275033157], [-75.6201574289484, 6.1441663711579055], [-75.62014626816686, 6.14414827237142], [-75.6201526652076, 6.1441261485268495], [-75.62015048814389, 6.144106542932099], [-75.62015700166464, 6.144091793828194], [-75.620158708371, 6.1440521994399555], [-75.620137181604, 6.1440386880356375], [-75.6201348715879, 6.144014985897704], [-75.62014381261577, 6.1440069709808265], [-75.62014628704696, 6.143940232079942], [-75.62013807352086, 6.1438957167102295], [-75.62011591317967, 6.143848345077151], [-75.62010788198849, 6.143826138270804], [-75.62009834375037, 6.143811601654084], [-75.62008338803838, 6.143775344457702], [-75.62007598701072, 6.143752518896747], [-75.6200575334906, 6.143725229930616], [-75.62002753741852, 6.143696330457022], [-75.62001360176909, 6.143637975768113], [-75.6200194772822, 6.143610795367897], [-75.6200249202798, 6.143533248351346], [-75.62001883784532, 6.143503555420901], [-75.62001923892144, 6.143489161741571], [-75.62002205391349, 6.143461926730695], [-75.62002794960698, 6.143430563151872], [-75.62002799570884, 6.143413586508188], [-75.62001124989999, 6.143340990388857], [-75.620194467373, 6.143352364930291], [-75.62026975461545, 6.143357040532032], [-75.62034581888082, 6.143361761132752], [-75.62038857065293, 6.143364417425206], [-75.6203889275614, 6.143364441893296], [-75.62047284123639, 6.143370467427017], [-75.62050867179455, 6.143373039207479], [-75.6205854018818, 6.143418760080744], [-75.62059005732542, 6.143421534414114], [-75.62061583456217, 6.143437208268765], [-75.62067096777056, 6.143476677664765], [-75.62071085780468, 6.143304145055744], [-75.62071045693116, 6.143164834333318], [-75.62072232807365, 6.142892505385725], [-75.62071231757648, 6.142712060102839], [-75.62070444323092, 6.142509999156101], [-75.62070353952032, 6.14250104707931], [-75.6207034151265, 6.1424998073209345], [-75.62069960088817, 6.142481211455418], [-75.62069560584877, 6.14245612443242], [-75.6206933887096, 6.14244715438433], [-75.62068053287987, 6.142395157197705], [-75.62067181598002, 6.1423751325417495], [-75.62067118199673, 6.142373677403183], [-75.62066477648355, 6.142364347276926], [-75.62065996119236, 6.142357330977601], [-75.62065870210743, 6.142355497390493], [-75.6206582399664, 6.142354826132284], [-75.6206306646759, 6.142314656566251], [-75.62062634750778, 6.142308834797981], [-75.62058762493339, 6.142256635318298], [-75.62058151471999, 6.142248398557232], [-75.62057926431, 6.142245365622848], [-75.6205786751053, 6.142244570227222], [-75.62056081325221, 6.142210443683582], [-75.62055305041798, 6.142201354358448], [-75.62054751241706, 6.142194870473469], [-75.62054072527059, 6.142186922711865], [-75.62052011058636, 6.14217279568064], [-75.62051420616113, 6.142170434289982], [-75.6204989708501, 6.142164338764884], [-75.62049817713498, 6.142164020810338], [-75.62049284016412, 6.142161886268951], [-75.62047915328958, 6.142155472157424], [-75.62047781338661, 6.142154843171578], [-75.62047232071559, 6.142152270020546], [-75.62046265443132, 6.142147738341404], [-75.62045515010173, 6.1421442221721545], [-75.62044840534556, 6.142141061191136], [-75.62044482778963, 6.142138344852495], [-75.62043072969375, 6.142127635764067], [-75.62042993276127, 6.142127029430446], [-75.62042867527171, 6.142126075483439], [-75.62042606870723, 6.142124094809551], [-75.62039472780334, 6.142094827636922], [-75.62038941040471, 6.142089862390426], [-75.62037528080953, 6.1420644064488235], [-75.62037408698374, 6.142059479755746], [-75.62037002142111, 6.14204268147786], [-75.62036669246454, 6.142028190363653], [-75.62036336169744, 6.142013698354176], [-75.62036334844984, 6.141996035824615], [-75.62036333721126, 6.141984507323369], [-75.62036333057009, 6.141973549260607], [-75.62036327699508, 6.141964444748182], [-75.62036322226037, 6.141955287806023], [-75.62036317244933, 6.141946952629074], [-75.62036091412182, 6.1418494320377865], [-75.62036046769856, 6.141839972347431], [-75.62035997383872, 6.1418294940154], [-75.6203596110165, 6.141806473938989], [-75.62036001266175, 6.141769669549404], [-75.62035885001427, 6.141758006561806], [-75.62035768918228, 6.141746345373398], [-75.62034962460241, 6.14172136326368], [-75.62034905963215, 6.141719613062667], [-75.6203277919147, 6.141683144499226], [-75.62031644459925, 6.141660502810629], [-75.620267469705, 6.141562795283724], [-75.62026061522216, 6.141545326296314], [-75.62023335191246, 6.141475851892309], [-75.62022568519973, 6.141456310260639], [-75.6202115865613, 6.141425173046681], [-75.62019136084109, 6.141380499549056], [-75.62018984327179, 6.141374202079239], [-75.62018421455224, 6.141350830810535], [-75.62017174474522, 6.141299062221514], [-75.62015579260087, 6.141232833096293], [-75.62015349039702, 6.141223272202037], [-75.6201525382696, 6.141219744709544], [-75.62012744675184, 6.141126696254411], [-75.62012620667626, 6.141122099766906], [-75.6201237890641, 6.141113135212353], [-75.62008376428435, 6.141022364016116], [-75.62004956230534, 6.140956416861696], [-75.6200227401565, 6.140921721216147], [-75.62001309298138, 6.1409055776908295], [-75.62000773524399, 6.140896608554377], [-75.62000589566442, 6.140890771922093], [-75.6199996904944, 6.140843906073149], [-75.61981412423455, 6.1407685695776015], [-75.61977141557749, 6.140751231922934], [-75.6195297322973, 6.140653111271632], [-75.61939859879111, 6.140660270964492], [-75.61922199199695, 6.140669912594054], [-75.61918606633121, 6.140671873164549], [-75.61885070079614, 6.140690182850269], [-75.61875374902539, 6.140644451130316], [-75.61869576066127, 6.140617097077557], [-75.61867314419634, 6.140606428719232], [-75.6186505983436, 6.140595792559966], [-75.61864757357876, 6.140594365395763], [-75.61862380008198, 6.1405831512235975], [-75.61842725842138, 6.140490443012772], [-75.61835584379779, 6.1404567566125445], [-75.6181790061348, 6.140373339562045], [-75.61814373967077, 6.140456777071044], [-75.61809103864232, 6.1405814636105704], [-75.61808705346543, 6.140590890772459], [-75.61808365764384, 6.140598927316474], [-75.61806091583769, 6.140651513931167], [-75.61807820194274, 6.140737545571846], [-75.61810677859579, 6.140737036810309], [-75.61812860657828, 6.140791150056932], [-75.61817119543379, 6.140896896504598], [-75.61819839020892, 6.140964419609688], [-75.61820211620848, 6.140973670696298], [-75.61834958828184, 6.141339833407928], [-75.6183501766166, 6.1413413755657755], [-75.6183988539467, 6.141469002038905], [-75.6184794174423, 6.141765715999792], [-75.6185090431085, 6.141874829276632], [-75.61859808302286, 6.1422027649463145], [-75.61861522210816, 6.1422658838298165], [-75.61862137759137, 6.1422885564330105], [-75.61862200616902, 6.142292047545796], [-75.6186247758548, 6.142307439160753], [-75.61862867147894, 6.142324959746196], [-75.61864136137157, 6.142383514122085], [-75.61864895546685, 6.142423862184734], [-75.61866295324502, 6.142501988472446], [-75.6186663342909, 6.142520858626121], [-75.61866821461244, 6.142531332894118], [-75.61866971984907, 6.142539727853502], [-75.61867649670468, 6.142577531372074], [-75.61867965854938, 6.142595167653177], [-75.61869208630985, 6.14266771815289], [-75.6186994205835, 6.142710529238856], [-75.61870926377128, 6.142775619437633], [-75.61871520792818, 6.142814920538892], [-75.61871654170564, 6.142823532407639], [-75.61871809939613, 6.14283360233208], [-75.6187284798929, 6.142900695100948], [-75.61874465532196, 6.142986729367418], [-75.61875423371146, 6.143039964113341], [-75.6187635379947, 6.1430894185189295], [-75.61877407747531, 6.14314284021513], [-75.61877621176755, 6.143155745157359], [-75.61878144275435, 6.143187367951488], [-75.61878779686538, 6.14322460668672], [-75.61879288261454, 6.143254420263991], [-75.61880252203252, 6.143307755056243], [-75.61880740403737, 6.143334508484491], [-75.61881713939087, 6.143387880775626], [-75.6188196026716, 6.143401379880322], [-75.61883764790267, 6.143488518771055], [-75.61885522199401, 6.143580162184147], [-75.61886216767888, 6.143613505134449], [-75.61886904397305, 6.143646511209979], [-75.61887524225669, 6.143676262375849], [-75.61889288168702, 6.143767777989343], [-75.61890573489582, 6.1438279326194], [-75.61891444035406, 6.143871473777237], [-75.61891704314984, 6.1438845011806364], [-75.61892314221106, 6.143915016760023], [-75.61894332268363, 6.144013390766856], [-75.6189625604795, 6.1441049970780695], [-75.61896264649758, 6.144105408907753], [-75.61892522737497, 6.144097925836249], [-75.61893576772941, 6.1441692379444515]]]}, "properties": {"SE_ANNO_CAD_DATA": null, "SHAPE.AREA": 0, "SHAPE.LEN": 0, "OBJECTID": 15, "NOM_BARRIO": "VEGAS DE SAN JOSE", "BARRIO": "011", "PK_BARRIO": "6311001011", "MUNICIPIO": "631", "SECTOR": "1", "CORREGIMIENTO": "001", "nombre_barrio_estandarizado": "VEGAS DE SAN JOSE", "municipio_estandarizado": "sabaneta"}}, {"type": "Feature", "geometry": {"type": "Polygon", "coordinates": [[[-75.61819839020892, 6.140964419609688], [-75.61817119543379, 6.140896896504598], [-75.61812860657828, 6.140791150056932], [-75.61810677859579, 6.140737036810309], [-75.61807820194274, 6.140737545571846], [-75.61804133317595, 6.1407382007025575], [-75.6180312618516, 6.1407433805510845], [-75.61799831380165, 6.140743967665207], [-75.61756786835156, 6.140751628428312], [-75.61705703682897, 6.140760718306775], [-75.61703936697036, 6.140761031699551], [-75.61669169150628, 6.140767219001312], [-75.61669043391697, 6.140778817933249], [-75.6166885418983, 6.140796264726068], [-75.616687158084, 6.1408090205701304], [-75.61668358787368, 6.140834247789957], [-75.61668227466397, 6.140843520844376], [-75.61667243970366, 6.140912999071129], [-75.61667029792146, 6.140928131785321], [-75.61666512386647, 6.141020370455441], [-75.61666387001335, 6.141042719562777], [-75.6166641489842, 6.141065806116019], [-75.61666504310837, 6.141139935674031], [-75.61666540797319, 6.1411702506812365], [-75.61666589155267, 6.141210260261158], [-75.61667557761231, 6.141352719144322], [-75.61666712464779, 6.141441979609473], [-75.61666710491107, 6.141442192160477], [-75.61666699503371, 6.141442257790586], [-75.61666694639122, 6.14144228515047], [-75.61666688334104, 6.141442321621475], [-75.61556379411307, 6.142088263800247], [-75.61554328633706, 6.142100271527898], [-75.61551725915004, 6.142115512964654], [-75.6155487705563, 6.142146985613112], [-75.61561004784005, 6.142215760694862], [-75.61562451198681, 6.142232628438282], [-75.61562937394665, 6.142238298434655], [-75.615657024048, 6.142270538525055], [-75.615678911948, 6.142296062501598], [-75.61568544906933, 6.14230368611579], [-75.61576490940034, 6.142391571766042], [-75.61577827604413, 6.142407320217894], [-75.61584988070427, 6.142491689507412], [-75.61592416862406, 6.142574874887941], [-75.61600236027967, 6.142665786242917], [-75.61600669412086, 6.142670774441977], [-75.61604242489094, 6.142711893519914], [-75.61605686162703, 6.1427285064287265], [-75.61610054157191, 6.14277877548262], [-75.6161084376279, 6.142789072075197], [-75.61611513345159, 6.142801814603556], [-75.6161715018609, 6.142915378191948], [-75.61622619892634, 6.143028133576052], [-75.61626058453184, 6.14309952266613], [-75.61627865974845, 6.143137049491102], [-75.61631093716034, 6.1432324743250515], [-75.61631846616886, 6.1432489881293], [-75.61632026580406, 6.143252938206504], [-75.61636770427454, 6.143356995840678], [-75.61636785493968, 6.143357328701925], [-75.6164063765886, 6.143441829917206], [-75.616424334485, 6.1434812205725935], [-75.6164401978632, 6.1435160207100274], [-75.61644710338226, 6.143541172251493], [-75.61646070634059, 6.14361858101699], [-75.61647330064068, 6.143680150137673], [-75.61645535191403, 6.143690516271539], [-75.61644449999656, 6.143696784814125], [-75.61644390821716, 6.143697125829862], [-75.61644433442511, 6.143706525982337], [-75.6164435092048, 6.143748377216762], [-75.61659525536224, 6.144206987034933], [-75.61660197917786, 6.144531513024148], [-75.61664612251798, 6.144780589075858], [-75.61670782764006, 6.145096263570824], [-75.61679266498946, 6.14547500234646], [-75.61685286500247, 6.145733463381639], [-75.6168774167761, 6.145872036052475], [-75.61690438577534, 6.145993991084437], [-75.6169841119132, 6.146535633975239], [-75.61706371441105, 6.147033812847953], [-75.61710738330511, 6.147117719976193], [-75.61718002187845, 6.147207340770987], [-75.61730765052509, 6.1472910073931395], [-75.61749319830754, 6.147380302731219], [-75.6176179338796, 6.147463976184044], [-75.61770802437442, 6.147582521726185], [-75.6178622095954, 6.147839975698371], [-75.6179988984485, 6.1480540119414195], [-75.61817314409566, 6.148238963917762], [-75.61835306252203, 6.148383330038811], [-75.6185924519294, 6.148570764095355], [-75.6188277942272, 6.1486979179466825], [-75.61882140704114, 6.148328438407962], [-75.6188245191437, 6.148120519272745], [-75.61887973202471, 6.147971852609288], [-75.6189461688376, 6.147856569372172], [-75.61906079773256, 6.1477300058601765], [-75.61930863390147, 6.147487965522181], [-75.61978313246298, 6.147064311041388], [-75.61991989255279, 6.146933803950589], [-75.61985072979257, 6.14685549632754], [-75.61983065802049, 6.146836627600219], [-75.61980136705621, 6.146809736258168], [-75.61977271210327, 6.146783420392193], [-75.6197448574767, 6.146757848255791], [-75.61971797377446, 6.146733179935138], [-75.6196922253115, 6.146709583683839], [-75.61966777727055, 6.146687220518796], [-75.61964480208691, 6.146666256845752], [-75.61962341594224, 6.14664680781493], [-75.6196035597623, 6.146628799583507], [-75.61958512904502, 6.14661210428775], [-75.61956801297454, 6.146596595903039], [-75.61955211161825, 6.146582157391839], [-75.61953731503706, 6.146568657300781], [-75.61952351786124, 6.146555975002716], [-75.61951061558901, 6.14654398263375], [-75.6194985092353, 6.146532572192212], [-75.61948713616191, 6.146521679797094], [-75.61947644735004, 6.146511255965574], [-75.61946638837034, 6.146501253049441], [-75.61945690387688, 6.146491620692795], [-75.61944794666191, 6.146482310307924], [-75.61943946229157, 6.146473273342568], [-75.61943139723095, 6.146464460335983], [-75.61942370608321, 6.146455823595624], [-75.6194163697341, 6.1464473333812775], [-75.61940937721634, 6.146438963529014], [-75.61940271663283, 6.146430682455129], [-75.61939637430658, 6.14642246400894], [-75.61939033927469, 6.146414282930597], [-75.6193846014466, 6.146406107627498], [-75.6193791435323, 6.146397911966686], [-75.61937395634004, 6.146389663447141], [-75.61936900802168, 6.146381314309837], [-75.61936427032438, 6.146372813161937], [-75.61935971589854, 6.146364108606156], [-75.61935530926095, 6.146355148380994], [-75.61935102486851, 6.146345881080355], [-75.61934683265305, 6.14633625351209], [-75.61934269894668, 6.146326215213989], [-75.61933859165799, 6.146315668704939], [-75.6193344651962, 6.146304342086602], [-75.61933026559801, 6.146291913778418], [-75.61932594070663, 6.1462780621909605], [-75.61932144110163, 6.14626247114571], [-75.61931671463074, 6.146244819957256], [-75.6193117073529, 6.146224791565175], [-75.61930636890918, 6.14620206256305], [-75.61930065724691, 6.146176345666116], [-75.61929457069334, 6.146147483576169], [-75.61928811132597, 6.146115347002415], [-75.61928128213, 6.146079807553741], [-75.61927409149692, 6.1460407341002625], [-75.6192665451483, 6.145998003661734], [-75.6192586442454, 6.145951484239702], [-75.6192503962943, 6.145901048324824], [-75.61924182595327, 6.145846750943707], [-75.61923302110897, 6.145789385429541], [-75.61922409220165, 6.145729924008733], [-75.61921514880345, 6.14566934614452], [-75.6192063040638, 6.1456086240501495], [-75.61919766032382, 6.145548736320351], [-75.61918933344212, 6.14549065515525], [-75.61918142935896, 6.145435356419843], [-75.61917402402244, 6.145383593727616], [-75.61916707691938, 6.14533520997094], [-75.61916050489931, 6.1452898258525215], [-75.61915423476535, 6.145247065642534], [-75.61914818335839, 6.1452065482355165], [-75.61914227567087, 6.145167897006405], [-75.61913643306015, 6.145130730827584], [-75.61913058050996, 6.145094671265837], [-75.61912390427857, 6.145055861975401], [-75.619112669131, 6.144996532084129], [-75.61909240651703, 6.144895429162127], [-75.61905864613018, 6.144731307111128], [-75.61900692128258, 6.144482913476159], [-75.6189740481934, 6.1443260312774575], [-75.61893576772941, 6.1441692379444515], [-75.61892522737497, 6.144097925836249], [-75.61896264649758, 6.144105408907753], [-75.6189625604795, 6.1441049970780695], [-75.61894332268363, 6.144013390766856], [-75.61892314221106, 6.143915016760023], [-75.61891704314984, 6.1438845011806364], [-75.61891444035406, 6.143871473777237], [-75.61890573489582, 6.1438279326194], [-75.61889288168702, 6.143767777989343], [-75.61887524225669, 6.143676262375849], [-75.61886904397305, 6.143646511209979], [-75.61886216767888, 6.143613505134449], [-75.61885522199401, 6.143580162184147], [-75.61883764790267, 6.143488518771055], [-75.6188196026716, 6.143401379880322], [-75.61881713939087, 6.143387880775626], [-75.61880740403737, 6.143334508484491], [-75.61880252203252, 6.143307755056243], [-75.61879288261454, 6.143254420263991], [-75.61878779686538, 6.14322460668672], [-75.61878144275435, 6.143187367951488], [-75.61877621176755, 6.143155745157359], [-75.61877407747531, 6.14314284021513], [-75.6187635379947, 6.1430894185189295], [-75.61875423371146, 6.143039964113341], [-75.61874465532196, 6.142986729367418], [-75.6187284798929, 6.142900695100948], [-75.61871809939613, 6.14283360233208], [-75.61871654170564, 6.142823532407639], [-75.61871520792818, 6.142814920538892], [-75.61870926377128, 6.142775619437633], [-75.6186994205835, 6.142710529238856], [-75.61869208630985, 6.14266771815289], [-75.61867965854938, 6.142595167653177], [-75.61867649670468, 6.142577531372074], [-75.61866971984907, 6.142539727853502], [-75.61866821461244, 6.142531332894118], [-75.6186663342909, 6.142520858626121], [-75.61866295324502, 6.142501988472446], [-75.61864895546685, 6.142423862184734], [-75.61864136137157, 6.142383514122085], [-75.61862867147894, 6.142324959746196], [-75.6186247758548, 6.142307439160753], [-75.61862200616902, 6.142292047545796], [-75.61862137759137, 6.1422885564330105], [-75.61861522210816, 6.1422658838298165], [-75.61859808302286, 6.1422027649463145], [-75.6185090431085, 6.141874829276632], [-75.6184794174423, 6.141765715999792], [-75.6183988539467, 6.141469002038905], [-75.6183501766166, 6.1413413755657755], [-75.61834958828184, 6.141339833407928], [-75.61820211620848, 6.140973670696298], [-75.61819839020892, 6.140964419609688]]]}, "properties": {"SE_ANNO_CAD_DATA": null, "SHAPE.AREA": 0, "SHAPE.LEN": 0, "OBJECTID": 16, "NOM_BARRIO": "LAGOS DE LA DOCTORA", "BARRIO": "010", "PK_BARRIO": "6311001010", "MUNICIPIO": "631", "SECTOR": "1", "CORREGIMIENTO": "001", "nombre_barrio_estandarizado": "LAGOS DE LA DOCTORA", "municipio_estandarizado": "sabaneta"}}, {"type": "Feature", "geometry": {"type": "Polygon", "coordinates": [[[-75.60639839172461, 6.154529844418249], [-75.60632323776417, 6.154517039239097], [-75.60629485571053, 6.1545474750079405], [-75.60629781753578, 6.1545487578790015], [-75.60631989048036, 6.154569899284892], [-75.60629763088157, 6.154601991236935], [-75.60629539290284, 6.154605217939384], [-75.60628457794837, 6.154620810795474], [-75.60626721860183, 6.154645842448673], [-75.60625881563847, 6.154657957325513], [-75.60624799439898, 6.154673558349043], [-75.60623612011224, 6.154690680638837], [-75.60623323366262, 6.154695223215993], [-75.60622494007949, 6.154708281406039], [-75.60620900548095, 6.154733366673021], [-75.60619010826134, 6.154763119650865], [-75.6061871142518, 6.154767833622413], [-75.60618472564256, 6.15477147602807], [-75.60617085762726, 6.154792641105484], [-75.60615995828576, 6.154809268628502], [-75.60615570651285, 6.154815757101317], [-75.60615176535188, 6.154820924117124], [-75.60613523241844, 6.154842603065171], [-75.60613229393923, 6.154845182260001], [-75.60611394620271, 6.154861285641581], [-75.60609804673386, 6.154875237134734], [-75.60608761123044, 6.154883991572382], [-75.60607802226171, 6.154892035797745], [-75.60601964854078, 6.154869009505216], [-75.60600337967465, 6.154862593233268], [-75.60598766238506, 6.154851291392586], [-75.60594638991202, 6.154821618930114], [-75.60588768278441, 6.154767631704597], [-75.60585235561436, 6.1547351438541735], [-75.60583905099631, 6.154722909881321], [-75.60583804912233, 6.154721958269624], [-75.60581725947365, 6.1547022408078575], [-75.60581182633308, 6.154697086124227], [-75.605811494189, 6.154696770418218], [-75.60580838150985, 6.154693819370302], [-75.60579419121818, 6.1547074325235425], [-75.60577787729079, 6.1547230847778875], [-75.60574843845399, 6.154766699784904], [-75.60573510102684, 6.15478646005637], [-75.60572838208019, 6.154796412310895], [-75.6057102860747, 6.154818945094401], [-75.60568082226378, 6.154836131582565], [-75.6056783962203, 6.154837099030911], [-75.60558783116743, 6.154873221281102], [-75.6055696137578, 6.1548804876460865], [-75.60556481035371, 6.154882403318908], [-75.6055114651385, 6.154960707564555], [-75.60548189874868, 6.155004105313356], [-75.60542526019007, 6.155087244330101], [-75.6054025279669, 6.155120607896363], [-75.60536849513242, 6.155170563875441], [-75.60536356949738, 6.155177795166098], [-75.60531327106278, 6.155243318179315], [-75.60531296317521, 6.15524371656907], [-75.60522744045855, 6.155355124933493], [-75.60518216492302, 6.155414103274103], [-75.6051416574094, 6.155466872691749], [-75.60511406627154, 6.15550281669322], [-75.60507305428415, 6.155556240408326], [-75.6050730309489, 6.15555627126062], [-75.6050491603134, 6.155587364845581], [-75.60504744141795, 6.155589603577492], [-75.60501751831588, 6.155628584885612], [-75.60498790397916, 6.15566716327942], [-75.60495686334983, 6.1557075974592825], [-75.60495362752482, 6.155711813565031], [-75.60494773211825, 6.155719492585345], [-75.60494555634256, 6.1557223257134925], [-75.60492721398921, 6.155746219419628], [-75.60492165878077, 6.155753457401158], [-75.60491575260463, 6.155761150939177], [-75.60490864006621, 6.1557704171197045], [-75.60490858806418, 6.155770496931715], [-75.6049093913477, 6.155771475732702], [-75.60491407820997, 6.155776410763327], [-75.60492685224912, 6.155789866032915], [-75.60492686949945, 6.155789884030072], [-75.60492688765744, 6.155789902926864], [-75.60493486858749, 6.155798307963613], [-75.60494521383028, 6.155809202110874], [-75.60495972932128, 6.155824489560544], [-75.60497074373683, 6.155836090133663], [-75.60497675428348, 6.155841468926177], [-75.60497308185525, 6.155845065164617], [-75.60491473628987, 6.1559019637839425], [-75.60488012915346, 6.155935668313202], [-75.60487940904237, 6.155936371579043], [-75.60485937271082, 6.155955943066646], [-75.60484061191809, 6.155974235396228], [-75.60483543443702, 6.155979280973967], [-75.60482184931311, 6.155992526830458], [-75.60480114932716, 6.156012709996754], [-75.60478310594074, 6.156030300881443], [-75.6047558662505, 6.156058669780844], [-75.60473353004458, 6.1560819320595686], [-75.60471725757658, 6.156098876927995], [-75.60467941192942, 6.156138291096513], [-75.60467003903099, 6.156148050183177], [-75.60466744619102, 6.156150566211381], [-75.60462883845462, 6.156188003284194], [-75.60461327147168, 6.1562030985976595], [-75.60458732500001, 6.156228258967325], [-75.60457435176323, 6.156240839152072], [-75.60456280081205, 6.156252039110799], [-75.60456156690915, 6.156253336146628], [-75.60453950845672, 6.156253897690645], [-75.60454154767343, 6.156255384277085], [-75.60454378950706, 6.156256542951319], [-75.60454618165333, 6.156257346680289], [-75.60453034359074, 6.156271312325708], [-75.60453239382527, 6.156272744306296], [-75.60457603060257, 6.156303212653313], [-75.60458207016029, 6.156297122282635], [-75.60495017394565, 6.1565215084946345], [-75.60517632312033, 6.156653059908644], [-75.60547605729145, 6.156710641556524], [-75.60569344572382, 6.156724428074745], [-75.60580488043013, 6.156765844235384], [-75.60591622066919, 6.1568304872512805], [-75.60606966892534, 6.156752891735394], [-75.6062278033037, 6.1566756430611465], [-75.60638597264371, 6.156609833362818], [-75.60653602434333, 6.156560385345643], [-75.60670401309953, 6.1565043493948375], [-75.60681811265401, 6.15644193367083], [-75.60689465584854, 6.15637635732687], [-75.60702485051641, 6.156233831228551], [-75.60709959442482, 6.156111072348176], [-75.607234412253, 6.155872131964478], [-75.60724734760747, 6.155851806782533], [-75.60727504254217, 6.1558082924579125], [-75.60733195587017, 6.155729701259155], [-75.60737403537293, 6.155692778706268], [-75.60740370258883, 6.155666751161577], [-75.60737496063105, 6.15563266725504], [-75.60713780212696, 6.155351425365948], [-75.6070323660261, 6.155226389984739], [-75.60683149072142, 6.15498817321173], [-75.60680008227112, 6.154950929896478], [-75.60672807163068, 6.154862912686207], [-75.60671498804399, 6.154846921262601], [-75.60657785816662, 6.154697395645656], [-75.60644679703042, 6.154570911232889], [-75.6064105762479, 6.154538185502923], [-75.60639839172461, 6.154529844418249]]]}, "properties": {"SE_ANNO_CAD_DATA": null, "SHAPE.AREA": 0, "SHAPE.LEN": 0, "OBJECTID": 17, "NOM_BARRIO": "VILLAS DEL CARMEN", "BARRIO": "003", "PK_BARRIO": "6311001003", "MUNICIPIO": "631", "SECTOR": "1", "CORREGIMIENTO": "001", "nombre_barrio_estandarizado": "VILLAS DEL CARMEN", "municipio_estandarizado": "sabaneta"}}, {"type": "Feature", "geometry": {"type": "Polygon", "coordinates": [[[-75.62386675374518, 6.152358719450858], [-75.62332907244468, 6.152512405674887], [-75.62318463069677, 6.1525536923272375], [-75.62244643772578, 6.1527646923200585], [-75.62149737187701, 6.1530359638981444], [-75.62068654639239, 6.153267721554538], [-75.62059839276877, 6.153292803571027], [-75.62051870189298, 6.15331547719807], [-75.61985651592248, 6.153503888524508], [-75.61912846892562, 6.153711613132621], [-75.61853052037843, 6.153882215282381], [-75.61815867920886, 6.153988306786135], [-75.61709284448263, 6.154292138135113], [-75.61709017810581, 6.154292899774707], [-75.61709481639416, 6.154331627778734], [-75.61715309577161, 6.154818182203493], [-75.61715722652336, 6.154864121671427], [-75.61715597814397, 6.1549102303659575], [-75.61714936200315, 6.15495587900571], [-75.61713747711357, 6.15500044330353], [-75.61712048219626, 6.155043317664453], [-75.61709860651975, 6.155083915132577], [-75.61707214907669, 6.155121683668079], [-75.61678404696721, 6.155404440517496], [-75.6167432205249, 6.15544913773596], [-75.61670750007133, 6.155498021026231], [-75.61667730999245, 6.155550504284195], [-75.61666881707525, 6.155570751701816], [-75.61666324119508, 6.155591988319888], [-75.61666069502627, 6.155613796813614], [-75.61666122615063, 6.155635748424601], [-75.61666482521764, 6.155657409249321], [-75.61667678642297, 6.155769549063971], [-75.61672497013633, 6.156067406011062], [-75.61675259401092, 6.156223552798695], [-75.61678480138673, 6.156378815522638], [-75.61682156453138, 6.156533064131727], [-75.61686578135584, 6.156745534741308], [-75.61704239401418, 6.157371802451713], [-75.61793509179276, 6.156887432399945], [-75.6183660938309, 6.15670540168622], [-75.61854913363548, 6.156628095645322], [-75.61863896740955, 6.156600293272926], [-75.61873597685738, 6.156575620773073], [-75.6190296785609, 6.156506892371248], [-75.61929042868769, 6.156446357304167], [-75.61940477464124, 6.1564198122535565], [-75.61944447686017, 6.1564106228098705], [-75.619646787326, 6.156363793520875], [-75.61972599954781, 6.1563454589407325], [-75.6200616674811, 6.15626809091752], [-75.62017049556482, 6.156242372023572], [-75.62026928714113, 6.156219028553462], [-75.62037665987891, 6.156193653988068], [-75.62044118812071, 6.156176220473955], [-75.62045112102103, 6.156173536350662], [-75.62058526434433, 6.156137291842057], [-75.6208136468847, 6.156063954606119], [-75.62083728742432, 6.156056361902227], [-75.62100060369357, 6.155991324393301], [-75.6211916554252, 6.155904046361534], [-75.62147730133454, 6.155749694312648], [-75.62154332712426, 6.15570814845877], [-75.62167593517864, 6.155624706846521], [-75.6218442943819, 6.155522892658048], [-75.62198534127425, 6.15543458006227], [-75.62211888951119, 6.155353354139978], [-75.62218274436731, 6.155314155000736], [-75.62225469532855, 6.155269986242692], [-75.62250367012588, 6.1551171467231915], [-75.62265925345376, 6.155018566636086], [-75.62269005619858, 6.154999048520277], [-75.62295135563201, 6.1548308670465985], [-75.62296004683513, 6.154826049094525], [-75.62296486785928, 6.154823516637725], [-75.6230747403171, 6.15475379538683], [-75.62310024089767, 6.15473761578857], [-75.62310979294814, 6.154732066741839], [-75.62319634412196, 6.154681780719118], [-75.62333613396545, 6.154599163355801], [-75.62338695905132, 6.154569953839751], [-75.62347419378602, 6.154519819930456], [-75.6235255854223, 6.154490285777923], [-75.6236105845529, 6.1544326157890765], [-75.62366783972733, 6.154397453076286], [-75.6236820411095, 6.154386417953297], [-75.62374111674876, 6.154350594461156], [-75.62375205491335, 6.154343307325782], [-75.62376320906495, 6.154335857302271], [-75.62382968464526, 6.15429438956014], [-75.62386694286, 6.15427483876452], [-75.62393809905092, 6.154233154531835], [-75.62399758596173, 6.154204388774568], [-75.62403422364014, 6.154185948492125], [-75.62405376656532, 6.154176113901375], [-75.62407628899632, 6.154161596114636], [-75.62409366816615, 6.15415039167039], [-75.62413189360223, 6.154143687259551], [-75.62416753652265, 6.154127590655411], [-75.62419472116105, 6.1540956739892065], [-75.62440893127952, 6.153978569631668], [-75.62445819479522, 6.153951637825203], [-75.62451555851102, 6.153929778611402], [-75.62454910098617, 6.153923189424658], [-75.62458640919466, 6.153915858470831], [-75.62459187958615, 6.15391478376559], [-75.62460967234254, 6.15386952603351], [-75.62465321153847, 6.153826174892811], [-75.6246771344001, 6.1538023538050455], [-75.62480014416667, 6.153703315249264], [-75.62481730902842, 6.1536894955122], [-75.62487125900103, 6.153669802007647], [-75.62494658289022, 6.15364231799373], [-75.62497465603109, 6.153629482453934], [-75.6250800891086, 6.153581270415627], [-75.6252069732372, 6.153550914606811], [-75.62526324447089, 6.153537451250634], [-75.62530513804067, 6.1535221058601035], [-75.62532720423012, 6.153514023544673], [-75.62532447326187, 6.153508615362409], [-75.62509756896887, 6.152881058913112], [-75.6246735520053, 6.1521692216957655], [-75.62386675374518, 6.152358719450858]]]}, "properties": {"SE_ANNO_CAD_DATA": null, "SHAPE.AREA": 0, "SHAPE.LEN": 0, "OBJECTID": 18, "NOM_BARRIO": "EL CARMELO II", "BARRIO": "030", "PK_BARRIO": "6311001030", "MUNICIPIO": "631", "SECTOR": "1", "CORREGIMIENTO": "001", "nombre_barrio_estandarizado": "EL CARMELO II", "municipio_estandarizado": "sabaneta"}}, {"type": "Feature", "geometry": {"type": "Polygon", "coordinates": [[[-75.60869172855384, 6.1547710617733875], [-75.60822553970152, 6.155122239253122], [-75.60784757841888, 6.155366444615073], [-75.60755342088224, 6.155560355621837], [-75.60740370258883, 6.155666751161577], [-75.60737403537293, 6.155692778706268], [-75.60733195587017, 6.155729701259155], [-75.60727504254217, 6.1558082924579125], [-75.60733592451189, 6.155854026409077], [-75.60742194098847, 6.15592797549603], [-75.60758717083681, 6.156074666471707], [-75.60765819581424, 6.1561377748705715], [-75.60774939482103, 6.156218809021092], [-75.60815766734899, 6.156583804532566], [-75.6085461553412, 6.156940983860259], [-75.60855416203502, 6.156948733237111], [-75.60863198912892, 6.157024070900502], [-75.60867905718368, 6.157071824934941], [-75.60898635808547, 6.157374320496575], [-75.60926500729616, 6.1576750627969865], [-75.6093225636244, 6.157743715335045], [-75.60934213552669, 6.157767061105318], [-75.60935172447348, 6.157794343202403], [-75.60942286957244, 6.15787086060309], [-75.60944295688684, 6.1578924644209], [-75.6099837440724, 6.1575311770516805], [-75.61149082861203, 6.156484981544911], [-75.6114618221021, 6.156461134198155], [-75.6113183994344, 6.156343228463128], [-75.61056665414631, 6.155857481385824], [-75.60949902985354, 6.155214789567745], [-75.6087761298598, 6.154786356368548], [-75.60873328761711, 6.154737849304218], [-75.60869172855384, 6.1547710617733875]]]}, "properties": {"SE_ANNO_CAD_DATA": null, "SHAPE.AREA": 0, "SHAPE.LEN": 0, "OBJECTID": 19, "NOM_BARRIO": "MANUEL RESTREPO", "BARRIO": "024", "PK_BARRIO": "6311001024", "MUNICIPIO": "631", "SECTOR": "1", "CORREGIMIENTO": "001", "nombre_barrio_estandarizado": "MANUEL RESTREPO", "municipio_estandarizado": "sabaneta"}}, {"type": "Feature", "geometry": {"type": "Polygon", "coordinates": [[[-75.60383264751047, 6.15638081822476], [-75.60382291549398, 6.15645758149411], [-75.60380847958682, 6.156551125567483], [-75.60381074431945, 6.156653110787265], [-75.60382264836359, 6.1567290054070565], [-75.60383615700202, 6.156821650033326], [-75.60383893515557, 6.156869762828973], [-75.60385664445545, 6.156937078410288], [-75.60388288834773, 6.157010928529186], [-75.60394385233653, 6.157125376363965], [-75.60397826501713, 6.157220959302561], [-75.60398882429902, 6.157252225634149], [-75.60400578280375, 6.157302448901214], [-75.60402697052987, 6.1573819488047805], [-75.6040532553843, 6.157469748492658], [-75.60407190062034, 6.157623616023188], [-75.60413949096427, 6.157733163920703], [-75.6042118530428, 6.157848554100883], [-75.60426757737812, 6.15795988396266], [-75.6043091377657, 6.1579989004521485], [-75.60446597178527, 6.157705165387863], [-75.60453587127601, 6.157600393155641], [-75.60459451172144, 6.157554474777878], [-75.60472489071508, 6.157475673107683], [-75.60477053508939, 6.157452667640389], [-75.60497433191159, 6.157357315486588], [-75.60526453183536, 6.157220868987087], [-75.60551556304146, 6.157087801477428], [-75.60577141222402, 6.156926942799698], [-75.60591622066919, 6.1568304872512805], [-75.60580488043013, 6.156765844235384], [-75.60569344572382, 6.156724428074745], [-75.60547605729145, 6.156710641556524], [-75.60517632312033, 6.156653059908644], [-75.60495017394565, 6.1565215084946345], [-75.60458207016029, 6.156297122282635], [-75.60457603060257, 6.156303212653313], [-75.60453239382527, 6.156272744306296], [-75.60453034359074, 6.156271312325708], [-75.60443326120973, 6.1562035281648795], [-75.60432171704971, 6.1561079348783565], [-75.6042712616965, 6.1560256459631795], [-75.60424278253078, 6.155901074902827], [-75.60420994781518, 6.155657894871602], [-75.60420333023241, 6.155450829201816], [-75.60420082038819, 6.155275920225642], [-75.60417651963036, 6.155207631495029], [-75.60408565466606, 6.155043027103093], [-75.6039679418715, 6.154882088612892], [-75.60366747868288, 6.155385572398642], [-75.60361604762109, 6.155471941499158], [-75.60363589104988, 6.155565170918585], [-75.60365829060716, 6.15567040837588], [-75.60367266822146, 6.155728411152215], [-75.60367478491925, 6.155783902591161], [-75.60367156601426, 6.155858523072449], [-75.60367249211481, 6.155878591621643], [-75.60367483112537, 6.155929282266773], [-75.60368735341937, 6.155971347201045], [-75.60371684516477, 6.156035686059627], [-75.60372157540417, 6.156046001917822], [-75.60375391439531, 6.156094407103941], [-75.60376666252981, 6.156113484948434], [-75.60380530045501, 6.156181775141502], [-75.60381769789919, 6.156220643883466], [-75.60383646239002, 6.156279473245565], [-75.60383264751047, 6.15638081822476]]]}, "properties": {"SE_ANNO_CAD_DATA": null, "SHAPE.AREA": 0, "SHAPE.LEN": 0, "OBJECTID": 20, "NOM_BARRIO": "LOS ARIAS", "BARRIO": "001", "PK_BARRIO": "6311001001", "MUNICIPIO": "631", "SECTOR": "1", "CORREGIMIENTO": "001", "nombre_barrio_estandarizado": "LOS ARIAS", "municipio_estandarizado": "sabaneta"}}, {"type": "Feature", "geometry": {"type": "Polygon", "coordinates": [[[-75.61437550154477, 6.1581587991462055], [-75.61437769335093, 6.158162760851558], [-75.61440914518985, 6.15821963039931], [-75.61444222107185, 6.15827943560748], [-75.61447935341145, 6.158346574566093], [-75.61451819727361, 6.15841680425247], [-75.61455593023821, 6.158485032359934], [-75.61464607997544, 6.158648030340662], [-75.61467296687488, 6.158696642829482], [-75.61473297635396, 6.15866308721901], [-75.61477967520257, 6.158636973118512], [-75.6148053307445, 6.158622627319214], [-75.61496521569141, 6.1585332189761575], [-75.61504765376789, 6.158494292621668], [-75.61516299411927, 6.158429881222823], [-75.61539697709169, 6.158299201518884], [-75.61556128000794, 6.158207439835013], [-75.6155905673737, 6.158191012229216], [-75.6157677939459, 6.158091575828306], [-75.6161144872433, 6.157897061506237], [-75.61623449430118, 6.157825032975149], [-75.61686543291621, 6.157472757503861], [-75.61699796345934, 6.157397149734558], [-75.61700102608262, 6.15739540252665], [-75.61704239401418, 6.157371802451713], [-75.61686578135584, 6.156745534741308], [-75.61682156453138, 6.156533064131727], [-75.61678480138673, 6.156378815522638], [-75.61675259401092, 6.156223552798695], [-75.61672497013633, 6.156067406011062], [-75.61667678642297, 6.155769549063971], [-75.61666482521764, 6.155657409249321], [-75.61666122615063, 6.155635748424601], [-75.61666069502627, 6.155613796813614], [-75.61666324119508, 6.155591988319888], [-75.61666881707525, 6.155570751701816], [-75.61667730999245, 6.155550504284195], [-75.61670750007133, 6.155498021026231], [-75.6167432205249, 6.15544913773596], [-75.61678404696721, 6.155404440517496], [-75.61707214907669, 6.155121683668079], [-75.61709860651975, 6.155083915132577], [-75.61712048219626, 6.155043317664453], [-75.61713747711357, 6.15500044330353], [-75.61714936200315, 6.15495587900571], [-75.61715597814397, 6.1549102303659575], [-75.61715722652336, 6.154864121671427], [-75.61715309577161, 6.154818182203493], [-75.61709481639416, 6.154331627778734], [-75.61709017810581, 6.154292899774707], [-75.61707246873843, 6.154297964388792], [-75.61654326566772, 6.154449299348686], [-75.61641659928905, 6.154485519674888], [-75.61529750164212, 6.154805027304968], [-75.61527663058159, 6.154810987022955], [-75.6139399679199, 6.155192605624787], [-75.61385285640334, 6.155217477363675], [-75.61369093544181, 6.155266715743024], [-75.61355912981163, 6.155311288956491], [-75.61352871468887, 6.155322449439865], [-75.61345049390793, 6.155351146967309], [-75.61333147166344, 6.155398145503115], [-75.6132058897756, 6.155451623027245], [-75.61307309956277, 6.15551266487895], [-75.61303279618697, 6.155532523854883], [-75.61296304879501, 6.155566891706105], [-75.61282841486998, 6.15563790533186], [-75.61274331772704, 6.1556855494808635], [-75.61263961791609, 6.155746616954681], [-75.61253783585944, 6.155811585102722], [-75.61246888714997, 6.155857832022135], [-75.61226114238814, 6.155997172934973], [-75.61179785492433, 6.156317633149935], [-75.61174578194235, 6.156353653798694], [-75.61176080470129, 6.156364768946287], [-75.61176186720796, 6.1563655566085655], [-75.61202797082458, 6.1565624570774755], [-75.61231221600154, 6.156772781526587], [-75.61333607182978, 6.157515021498513], [-75.61417610543727, 6.158187446383635], [-75.6142223619044, 6.158140888226408], [-75.61425296556861, 6.158168601410135], [-75.61425720907351, 6.158172444570873], [-75.61426640918988, 6.15817649759618], [-75.61427614061873, 6.158179021174548], [-75.61428615094923, 6.158179949850168], [-75.6142961805365, 6.158179259535335], [-75.61430596923614, 6.158176968135224], [-75.61436698218243, 6.158143395004144], [-75.61437550154477, 6.1581587991462055]]]}, "properties": {"SE_ANNO_CAD_DATA": null, "SHAPE.AREA": 0, "SHAPE.LEN": 0, "OBJECTID": 21, "NOM_BARRIO": "PLAYAS DE MARIA", "BARRIO": "029", "PK_BARRIO": "6311001029", "MUNICIPIO": "631", "SECTOR": "1", "CORREGIMIENTO": "001", "nombre_barrio_estandarizado": "PLAYAS DE MARIA", "municipio_estandarizado": "sabaneta"}}, {"type": "Feature", "geometry": {"type": "Polygon", "coordinates": [[[-75.60724734760747, 6.155851806782533], [-75.607234412253, 6.155872131964478], [-75.60709959442482, 6.156111072348176], [-75.60702485051641, 6.156233831228551], [-75.60689465584854, 6.15637635732687], [-75.60681811265401, 6.15644193367083], [-75.60670401309953, 6.1565043493948375], [-75.60653602434333, 6.156560385345643], [-75.60638597264371, 6.156609833362818], [-75.6062278033037, 6.1566756430611465], [-75.60606966892534, 6.156752891735394], [-75.60591622066919, 6.1568304872512805], [-75.60577141222402, 6.156926942799698], [-75.60551556304146, 6.157087801477428], [-75.60526453183536, 6.157220868987087], [-75.60497433191159, 6.157357315486588], [-75.60477053508939, 6.157452667640389], [-75.60472489071508, 6.157475673107683], [-75.60459451172144, 6.157554474777878], [-75.60453587127601, 6.157600393155641], [-75.60446597178527, 6.157705165387863], [-75.6043091377657, 6.1579989004521485], [-75.60420462317937, 6.158227137852259], [-75.6040405557408, 6.158513546441699], [-75.60386668240787, 6.158796715737824], [-75.60380182187224, 6.158872883932647], [-75.60384325883078, 6.158897126734047], [-75.60391905325469, 6.158941467379771], [-75.60514636279603, 6.159651122638625], [-75.60533816911837, 6.159792279689435], [-75.60579995222623, 6.160355291698538], [-75.60582624934429, 6.1603873561302365], [-75.60860540251038, 6.158452009576893], [-75.60944295688684, 6.1578924644209], [-75.60942286957244, 6.15787086060309], [-75.60935172447348, 6.157794343202403], [-75.60934213552669, 6.157767061105318], [-75.6093225636244, 6.157743715335045], [-75.60926500729616, 6.1576750627969865], [-75.60898635808547, 6.157374320496575], [-75.60867905718368, 6.157071824934941], [-75.60863198912892, 6.157024070900502], [-75.60855416203502, 6.156948733237111], [-75.6085461553412, 6.156940983860259], [-75.60815766734899, 6.156583804532566], [-75.60774939482103, 6.156218809021092], [-75.60765819581424, 6.1561377748705715], [-75.60758717083681, 6.156074666471707], [-75.60742194098847, 6.15592797549603], [-75.60733592451189, 6.155854026409077], [-75.60727504254217, 6.1558082924579125], [-75.60724734760747, 6.155851806782533]]]}, "properties": {"SE_ANNO_CAD_DATA": null, "SHAPE.AREA": 0, "SHAPE.LEN": 0, "OBJECTID": 22, "NOM_BARRIO": "VIRGEN DEL CARMEN", "BARRIO": "025", "PK_BARRIO": "6311001025", "MUNICIPIO": "631", "SECTOR": "1", "CORREGIMIENTO": "001", "nombre_barrio_estandarizado": "VIRGEN DEL CARMEN", "municipio_estandarizado": "sabaneta"}}, {"type": "Feature", "geometry": {"type": "Polygon", "coordinates": [[[-75.61105022676249, 6.159983471836199], [-75.61112665826023, 6.160111845356734], [-75.6108642361138, 6.160249358729359], [-75.61075348824892, 6.160307390600791], [-75.61076202303349, 6.160324659839544], [-75.61078329019466, 6.160367689530256], [-75.61083694024721, 6.160466995067601], [-75.61084896995118, 6.160489262938036], [-75.61098352088477, 6.160738311162837], [-75.61100408542907, 6.1607763746270665], [-75.61100830525815, 6.16077389490124], [-75.61107484398055, 6.160734719506324], [-75.61114934763192, 6.160690855486943], [-75.61134110865738, 6.160577957677603], [-75.61156612083704, 6.160430512653789], [-75.61160577974844, 6.16040808742075], [-75.61176413699165, 6.1603185415276895], [-75.61186080249077, 6.160263881936455], [-75.6121943190336, 6.160064869839789], [-75.61245910522153, 6.1598974226062095], [-75.6128189847501, 6.159701723796994], [-75.61295877720686, 6.159625707601902], [-75.61297043038209, 6.159626397246469], [-75.61298449624229, 6.159618221572841], [-75.61351167836001, 6.159333229984503], [-75.61385408912498, 6.159149920711496], [-75.61389000586966, 6.15913016534835], [-75.61436303818948, 6.158869952414129], [-75.61467296687488, 6.158696642829482], [-75.61464607997544, 6.158648030340662], [-75.61455593023821, 6.158485032359934], [-75.61451819727361, 6.15841680425247], [-75.61447935341145, 6.158346574566093], [-75.61444222107185, 6.15827943560748], [-75.61440914518985, 6.15821963039931], [-75.61437769335093, 6.158162760851558], [-75.61437550154477, 6.1581587991462055], [-75.61436698218243, 6.158143395004144], [-75.61430596923614, 6.158176968135224], [-75.6142961805365, 6.158179259535336], [-75.61428615094923, 6.158179949850173], [-75.61427614061873, 6.158179021174557], [-75.61426640918987, 6.158176497596189], [-75.61425720907351, 6.158172444570873], [-75.61425296556861, 6.158168601410135], [-75.6142223619044, 6.158140888226408], [-75.61417610543727, 6.158187446383635], [-75.61333607182978, 6.157515021498513], [-75.61231221600154, 6.156772781526587], [-75.61202797082458, 6.1565624570774755], [-75.61176186720796, 6.1563655566085655], [-75.61176080470129, 6.156364768946287], [-75.61174578194235, 6.156353653798694], [-75.6117436942738, 6.156355098770389], [-75.61172664898953, 6.15636688805197], [-75.61171387178261, 6.156375726363659], [-75.61153977653603, 6.1564961493927415], [-75.61152057154841, 6.156509432814976], [-75.61149082861203, 6.156484981544911], [-75.6099837440724, 6.1575311770516805], [-75.60944295688684, 6.1578924644209], [-75.60860540251038, 6.158452009576893], [-75.6086536810402, 6.158492155342919], [-75.608666831342, 6.15850309078914], [-75.60925686394354, 6.158993731891991], [-75.60943232500301, 6.159138347402579], [-75.6096173858563, 6.159284147167308], [-75.60969101868842, 6.159339167130362], [-75.60993000886937, 6.159546630345883], [-75.6100821991088, 6.159742729310708], [-75.61009632745898, 6.159660456180433], [-75.61010667828278, 6.159600190225256], [-75.61010813503853, 6.1595751847789115], [-75.61010875820838, 6.159564443238338], [-75.61010893156686, 6.1595614707264055], [-75.61011371911373, 6.15954595974295], [-75.61012955640759, 6.159463112304416], [-75.61014728605677, 6.159396334407501], [-75.61017139893643, 6.159337244173462], [-75.61017718570722, 6.159323063603887], [-75.61021469124351, 6.159246862557884], [-75.61022106483651, 6.159233910453001], [-75.61022502906245, 6.159223489773542], [-75.61022995119234, 6.159212783240332], [-75.61023547738428, 6.1592011027837374], [-75.61024746284812, 6.1591742250086705], [-75.61025562669789, 6.15915811528007], [-75.6102745826755, 6.159118623311311], [-75.61027872810674, 6.159110902188386], [-75.61028377764958, 6.159101499598113], [-75.6102889525453, 6.159092794332654], [-75.61029124105166, 6.159088821514761], [-75.61029398367441, 6.159084059936868], [-75.61029962061785, 6.159073601234881], [-75.61030410674415, 6.159065726561187], [-75.61030432551728, 6.159065392794116], [-75.61036324255544, 6.158955880613139], [-75.61038263237205, 6.158929935749499], [-75.61041287836458, 6.158889464557223], [-75.61105022676249, 6.159983471836199]]]}, "properties": {"SE_ANNO_CAD_DATA": null, "SHAPE.AREA": 0, "SHAPE.LEN": 0, "OBJECTID": 23, "NOM_BARRIO": "PROMISION", "BARRIO": "028", "PK_BARRIO": "6311001028", "MUNICIPIO": "631", "SECTOR": "1", "CORREGIMIENTO": "001", "nombre_barrio_estandarizado": "PROMISION", "municipio_estandarizado": "sabaneta"}}, {"type": "Feature", "geometry": {"type": "Polygon", "coordinates": [[[-75.60364224100124, 6.1591178244687095], [-75.60340616472831, 6.159460035876625], [-75.6033223159302, 6.159554031033306], [-75.60321741851136, 6.1596413873102955], [-75.60312008699329, 6.159699066691131], [-75.60299979098276, 6.159750114722232], [-75.6028450896622, 6.159802217600139], [-75.60264256093627, 6.1598429791117715], [-75.60243723662143, 6.1599086197712785], [-75.60226254906048, 6.1599913948606115], [-75.60210134764657, 6.160110483008275], [-75.6020883759215, 6.160120065287359], [-75.60280498000503, 6.160805881181888], [-75.60292374173848, 6.160922387451553], [-75.6036913679155, 6.161683296348168], [-75.60372408301569, 6.161715727345912], [-75.6038363129959, 6.161826975437547], [-75.60385821563371, 6.161848682731969], [-75.60389613548092, 6.16181775005509], [-75.60470078629679, 6.161161383069821], [-75.60582624934429, 6.1603873561302365], [-75.60579995222623, 6.160355291698538], [-75.60533816911837, 6.159792279689435], [-75.60514636279603, 6.159651122638625], [-75.60391905325469, 6.158941467379771], [-75.60384325883078, 6.158897126734047], [-75.60380182187224, 6.158872883932647], [-75.60364224100124, 6.1591178244687095]]]}, "properties": {"SE_ANNO_CAD_DATA": null, "SHAPE.AREA": 0, "SHAPE.LEN": 0, "OBJECTID": 24, "NOM_BARRIO": "LAS CASITAS", "BARRIO": "026", "PK_BARRIO": "6311001026", "MUNICIPIO": "631", "SECTOR": "1", "CORREGIMIENTO": "001", "nombre_barrio_estandarizado": "LAS CASITAS", "municipio_estandarizado": "sabaneta"}}, {"type": "Feature", "geometry": {"type": "Polygon", "coordinates": [[[-75.6108642361138, 6.160249358729359], [-75.61093006602123, 6.160214864477997], [-75.61112665826023, 6.160111845356734], [-75.61105022676249, 6.159983471836199], [-75.61041287836458, 6.158889464557223], [-75.61038263237205, 6.158929935749499], [-75.61036324255544, 6.158955880613139], [-75.61030432551728, 6.159065392794116], [-75.61030410674415, 6.159065726561187], [-75.61029962061785, 6.159073601234881], [-75.61029398367441, 6.159084059936868], [-75.61029124105166, 6.159088821514761], [-75.6102889525453, 6.159092794332654], [-75.61028377764958, 6.159101499598113], [-75.61027872810674, 6.159110902188386], [-75.6102745826755, 6.159118623311311], [-75.61025562669789, 6.15915811528007], [-75.61024746284812, 6.1591742250086705], [-75.61023547738428, 6.1592011027837374], [-75.61022995119234, 6.159212783240332], [-75.61022502906245, 6.159223489773542], [-75.61022106483651, 6.159233910453001], [-75.61021469124351, 6.159246862557884], [-75.61017718570722, 6.159323063603887], [-75.61017139893643, 6.159337244173462], [-75.61014728605677, 6.159396334407501], [-75.61012955640759, 6.159463112304416], [-75.61011371911373, 6.15954595974295], [-75.61010893156686, 6.1595614707264055], [-75.61010875820838, 6.159564443238338], [-75.61010813503853, 6.1595751847789115], [-75.61010667828278, 6.159600190225256], [-75.61009632745898, 6.159660456180433], [-75.6100821991088, 6.159742729310708], [-75.60993000886937, 6.159546630345883], [-75.60969101868842, 6.159339167130362], [-75.6096173858563, 6.159284147167308], [-75.60943232500301, 6.159138347402579], [-75.60925686394354, 6.158993731891991], [-75.608666831342, 6.15850309078914], [-75.6086536810402, 6.158492155342919], [-75.60860540251038, 6.158452009576893], [-75.60582624934429, 6.1603873561302365], [-75.60470078629679, 6.161161383069821], [-75.60389613548092, 6.16181775005509], [-75.60385821563371, 6.161848682731969], [-75.60388664007344, 6.161876858423405], [-75.60391217455498, 6.161901827030943], [-75.60418671418508, 6.162170284409187], [-75.60458198043762, 6.162563414823457], [-75.6048421793934, 6.162858063841573], [-75.60512526486961, 6.163178629766135], [-75.60513605741106, 6.163170081465614], [-75.60517619770229, 6.163138997703841], [-75.6052246360748, 6.1631011299209355], [-75.60528474958421, 6.163056210273868], [-75.60531799064096, 6.163057562065069], [-75.60534556838348, 6.163036422095358], [-75.6053688832586, 6.163009327073397], [-75.6054285446737, 6.162995597287647], [-75.60551792222276, 6.162950052672832], [-75.60557191937848, 6.162914011940034], [-75.60564966436283, 6.162875734139037], [-75.60566871469287, 6.1628701017590855], [-75.60569868467634, 6.162861239086497], [-75.60569946040651, 6.162861011084295], [-75.6057549770124, 6.162844608319737], [-75.60582382117644, 6.162819732542049], [-75.60585265814908, 6.162797864955075], [-75.60586728275526, 6.162795291881984], [-75.60598256926747, 6.16276445537777], [-75.60606953349397, 6.162741200557355], [-75.60624724289288, 6.162696489568521], [-75.6064555472812, 6.162643103528975], [-75.60657892988907, 6.1626140942245575], [-75.60664340160777, 6.162608756772541], [-75.60668537068908, 6.162597972080519], [-75.60670099005125, 6.162599146908059], [-75.60671554218982, 6.1626002356446525], [-75.60676173066543, 6.16261221552805], [-75.60683544329746, 6.162616705269675], [-75.60691823867519, 6.162607881567228], [-75.6069713054825, 6.162593899122373], [-75.60699294970263, 6.162581904748711], [-75.60701470936795, 6.162579492022177], [-75.60708620845686, 6.162567987851217], [-75.60720037004373, 6.162536023839102], [-75.6072624375791, 6.1625108067894105], [-75.60734877436941, 6.162476751264652], [-75.60742464832403, 6.162446795336109], [-75.60744560979988, 6.162449446565004], [-75.60747210732761, 6.162429845116094], [-75.60748531712689, 6.162401526572364], [-75.60750501083561, 6.162398727052607], [-75.60753500723989, 6.162380129174841], [-75.60755311592155, 6.162361112114832], [-75.6075660750609, 6.162347497642981], [-75.60759102395797, 6.1623231999078145], [-75.6077470270552, 6.162268245879312], [-75.6080964261506, 6.162158319272672], [-75.60847159943974, 6.162028341623421], [-75.60872918564594, 6.161933232408711], [-75.60894854993877, 6.161862818542555], [-75.60896867111298, 6.161856189071052], [-75.60921717432672, 6.161733164102344], [-75.61012220192568, 6.161285113222024], [-75.61025154315612, 6.1612210777294045], [-75.61049291239351, 6.1610768391000095], [-75.61100408542907, 6.1607763746270665], [-75.61098352088477, 6.160738311162837], [-75.61084896995118, 6.160489262938036], [-75.61083694024721, 6.160466995067601], [-75.61078329019466, 6.160367689530256], [-75.61076202303349, 6.160324659839544], [-75.61075348824892, 6.160307390600791], [-75.6108642361138, 6.160249358729359]]]}, "properties": {"SE_ANNO_CAD_DATA": null, "SHAPE.AREA": 0, "SHAPE.LEN": 0, "OBJECTID": 25, "NOM_BARRIO": "SAN RAFAEL", "BARRIO": "027", "PK_BARRIO": "6311001027", "MUNICIPIO": "631", "SECTOR": "1", "CORREGIMIENTO": "001", "nombre_barrio_estandarizado": "SAN RAFAEL", "municipio_estandarizado": "sabaneta"}}, {"type": "Feature", "geometry": {"type": "Polygon", "coordinates": [[[-75.60408565466606, 6.155043027103093], [-75.60417651963036, 6.155207631495029], [-75.60420082038819, 6.155275920225642], [-75.60420333023241, 6.155450829201816], [-75.60420994781518, 6.155657894871602], [-75.60424278253078, 6.155901074902827], [-75.6042712616965, 6.1560256459631795], [-75.60432171704971, 6.1561079348783565], [-75.60443326120973, 6.1562035281648795], [-75.60453034359074, 6.156271312325708], [-75.60454618165333, 6.156257346680289], [-75.60454378950745, 6.156256542950473], [-75.6045415476739, 6.156255384276278], [-75.60453950845672, 6.156253897690645], [-75.60456156690915, 6.156253336146628], [-75.60456280081205, 6.156252039110799], [-75.60457435176323, 6.156240839152072], [-75.60458732500001, 6.156228258967325], [-75.60461327147168, 6.1562030985976595], [-75.60462883845462, 6.156188003284194], [-75.60466744619102, 6.156150566211381], [-75.60467003903099, 6.156148050183177], [-75.60467941192942, 6.156138291096513], [-75.60471725757658, 6.156098876927995], [-75.60473353004458, 6.1560819320595686], [-75.6047558662505, 6.156058669780844], [-75.60478310594074, 6.156030300881443], [-75.60480114932716, 6.156012709996754], [-75.60482184931311, 6.155992526830458], [-75.60483543443702, 6.155979280973967], [-75.60484061191809, 6.155974235396228], [-75.60485937271082, 6.155955943066646], [-75.60487940904237, 6.155936371579043], [-75.60488012915346, 6.155935668313202], [-75.60491473628987, 6.1559019637839425], [-75.60497308185525, 6.155845065164617], [-75.60497675428348, 6.155841468926177], [-75.60497074373683, 6.155836090133663], [-75.60495972932128, 6.155824489560544], [-75.60494521383028, 6.155809202110874], [-75.60493486858749, 6.155798307963613], [-75.60492688765744, 6.155789902926864], [-75.60492686949945, 6.155789884030072], [-75.60492685224912, 6.155789866032915], [-75.60491407820997, 6.155776410763327], [-75.6049093913477, 6.155771475732702], [-75.60490858806418, 6.155770496931715], [-75.60490864006621, 6.1557704171197045], [-75.60491575260463, 6.155761150939177], [-75.60492165878077, 6.155753457401158], [-75.60492721398921, 6.155746219419628], [-75.60494555634256, 6.1557223257134925], [-75.60494773211825, 6.155719492585345], [-75.60495362752482, 6.155711813565031], [-75.60495686334983, 6.1557075974592825], [-75.60498790397916, 6.15566716327942], [-75.60501751831588, 6.155628584885612], [-75.60504744141795, 6.155589603577492], [-75.6050491603134, 6.155587364845581], [-75.6050730309489, 6.15555627126062], [-75.60507305428415, 6.155556240408326], [-75.60511406627154, 6.15550281669322], [-75.6051416574094, 6.155466872691749], [-75.60518216492302, 6.155414103274103], [-75.60522744045855, 6.155355124933493], [-75.60531296317521, 6.15524371656907], [-75.60531327106278, 6.155243318179315], [-75.60536356949738, 6.155177795166098], [-75.60536849513242, 6.155170563875441], [-75.6054025279669, 6.155120607896363], [-75.60542526019007, 6.155087244330101], [-75.60548189874868, 6.155004105313356], [-75.6055114651385, 6.154960707564555], [-75.60556481035371, 6.154882403318908], [-75.6055696137578, 6.1548804876460865], [-75.60558783116743, 6.154873221281102], [-75.6056783962203, 6.154837099030911], [-75.60568082226378, 6.154836131582565], [-75.6057102860747, 6.154818945094401], [-75.60572838208019, 6.154796412310895], [-75.60573510102684, 6.15478646005637], [-75.60574843845399, 6.154766699784904], [-75.60577787729079, 6.1547230847778875], [-75.60579419121818, 6.1547074325235425], [-75.60580838150985, 6.154693819370302], [-75.605811494189, 6.154696770418218], [-75.60581182633308, 6.154697086124227], [-75.60581725947365, 6.1547022408078575], [-75.60583804912233, 6.154721958269624], [-75.60583905099631, 6.154722909881321], [-75.60585235561436, 6.1547351438541735], [-75.60588768278441, 6.154767631704597], [-75.60594638991202, 6.154821618930114], [-75.60598766238506, 6.154851291392586], [-75.60600337967465, 6.154862593233268], [-75.60601964854078, 6.154869009505216], [-75.60607802226171, 6.154892035797745], [-75.60608761123044, 6.154883991572382], [-75.60609804673386, 6.154875237134734], [-75.60611394620271, 6.154861285641581], [-75.60613229393923, 6.154845182260001], [-75.60613523241844, 6.154842603065171], [-75.60615176535188, 6.154820924117124], [-75.60615570651285, 6.154815757101317], [-75.60615995828576, 6.154809268628502], [-75.60617085762726, 6.154792641105484], [-75.60618472564256, 6.15477147602807], [-75.6061871142518, 6.154767833622413], [-75.60619010826134, 6.154763119650865], [-75.60620900548095, 6.154733366673021], [-75.60622494007949, 6.154708281406039], [-75.60623323366262, 6.154695223215993], [-75.60623612011224, 6.154690680638837], [-75.60624799439898, 6.154673558349043], [-75.60625881563847, 6.154657957325513], [-75.60626721860183, 6.154645842448673], [-75.60628457794837, 6.154620810795474], [-75.60629539290284, 6.154605217939384], [-75.60629763088157, 6.154601991236935], [-75.60631989048036, 6.154569899284892], [-75.60629781753578, 6.1545487578790015], [-75.60629485571053, 6.1545474750079405], [-75.60626840847692, 6.1545360384419645], [-75.60619892802983, 6.154505992974604], [-75.60614987794145, 6.154484779906353], [-75.60612876777266, 6.15447565156848], [-75.60610878578203, 6.1544702216878076], [-75.60602802747722, 6.154448272057433], [-75.60598091801127, 6.15443546727292], [-75.60596683420113, 6.1544316404238435], [-75.60562796249123, 6.154339538833552], [-75.60561208894275, 6.154312483431934], [-75.60560684239078, 6.1543035406883115], [-75.60560509536727, 6.154300563983812], [-75.60557339833932, 6.154303606354896], [-75.60556538573367, 6.154302966524144], [-75.60550523192265, 6.154298146833106], [-75.60549769734057, 6.1542975444461865], [-75.60549010311178, 6.154296936021923], [-75.60548667581747, 6.1542952259850185], [-75.6054736095222, 6.154288702738452], [-75.60545767372226, 6.1542807488002165], [-75.60545609544457, 6.154279960925823], [-75.60545355988282, 6.154272914336095], [-75.6054467983692, 6.154254120115105], [-75.6054465731066, 6.154253493791142], [-75.60543195094807, 6.1542426268558765], [-75.6054218689264, 6.154235135243412], [-75.6053897458731, 6.154216747823693], [-75.60536817107429, 6.154204396900218], [-75.60534841516275, 6.154193087623063], [-75.60533352652253, 6.154195932191026], [-75.60529078463135, 6.154204099391848], [-75.6052273244379, 6.154206253522102], [-75.60521027586522, 6.1542020225387635], [-75.6052000753055, 6.154199492126332], [-75.60519302964877, 6.154193009090065], [-75.60517047444876, 6.154172249675501], [-75.60515731728742, 6.154172287691531], [-75.6051429696026, 6.154172328807194], [-75.60513857875326, 6.154172339394561], [-75.60515947461111, 6.154105433000357], [-75.60516031241461, 6.154102745633027], [-75.60516785642199, 6.154078592759327], [-75.60517749819674, 6.154053579819516], [-75.60518259605311, 6.154040354618693], [-75.60520373501396, 6.154007576552682], [-75.60520816829059, 6.154000702969709], [-75.60521521173315, 6.153965215514104], [-75.60521770059273, 6.153952672061843], [-75.60522088417345, 6.153936625566554], [-75.60522561066433, 6.153912812817968], [-75.60522992365101, 6.153891080543037], [-75.60523409998822, 6.153870037835953], [-75.60523827898676, 6.153848985171208], [-75.60524268538488, 6.153826773283931], [-75.60524659280732, 6.15380708256914], [-75.60524833230012, 6.153798320880293], [-75.60524939555582, 6.15379296269658], [-75.60525184035343, 6.153780645477142], [-75.60525516678317, 6.153763884070483], [-75.60525802509383, 6.153749488185731], [-75.60526084895685, 6.153735252489413], [-75.60526099828286, 6.153734754522435], [-75.60526146756932, 6.153733184575669], [-75.60526203373922, 6.153731291403263], [-75.60526280167771, 6.153728725522544], [-75.60526370645947, 6.1537256951863375], [-75.60526470903677, 6.153722343428177], [-75.60526524583496, 6.153720539902004], [-75.60526780558433, 6.15371197762446], [-75.60527170656246, 6.153698934561415], [-75.60527182209736, 6.1536985461517615], [-75.60527303887748, 6.153694478229289], [-75.60527594080324, 6.153684768825836], [-75.60527952531933, 6.15367277421979], [-75.60528237217194, 6.153663255843819], [-75.60528335607569, 6.15365996474952], [-75.60528698504139, 6.153647823467366], [-75.60529079532643, 6.15363507647788], [-75.60529095885802, 6.153634527813684], [-75.60529316844226, 6.153627141631484], [-75.60528150833576, 6.153623531650466], [-75.60523760740062, 6.153689309960569], [-75.6052168270231, 6.1536922402384535], [-75.6052078830149, 6.1536976929465315], [-75.60518963115199, 6.153708820731563], [-75.60514952247985, 6.15372256852687], [-75.60490476699579, 6.153761733296226], [-75.60489156123494, 6.153763845473744], [-75.60469752397111, 6.153802515781226], [-75.60461213293976, 6.153819533987716], [-75.60437314081655, 6.1538525064703915], [-75.60430691563457, 6.153882471401179], [-75.60420793116002, 6.153990023445338], [-75.60416353480382, 6.154007730238178], [-75.60416188782753, 6.154008230089489], [-75.6041266404778, 6.154018986947095], [-75.60406146636602, 6.154038873585415], [-75.60406098610343, 6.15403893288545], [-75.60398191836383, 6.154048789758], [-75.60398137446707, 6.154048766194059], [-75.60391390517826, 6.154046051418911], [-75.6038662862297, 6.153987064478901], [-75.60386412180861, 6.153985182821539], [-75.60385200888847, 6.1539746597860905], [-75.60371829231183, 6.1538584828625735], [-75.60368465636655, 6.1538295404353995], [-75.60367569610081, 6.153821831750789], [-75.60365119822751, 6.153800753541183], [-75.60363182272717, 6.153784085706706], [-75.60360765510441, 6.1537634904640415], [-75.60357084769892, 6.153732134260713], [-75.60354626104358, 6.153711186662036], [-75.60348392727394, 6.153658080097451], [-75.60347282375389, 6.1536437459866], [-75.60346360825443, 6.153631851791222], [-75.60346263106156, 6.153630588147719], [-75.60344092128575, 6.153609988133886], [-75.60343542440025, 6.153588399531592], [-75.60343120668982, 6.153571842168869], [-75.60342466348631, 6.153554085600268], [-75.60342430464506, 6.153553110050734], [-75.60341805708606, 6.153536150333737], [-75.60341025448216, 6.153517422608186], [-75.60340133038505, 6.153495993566448], [-75.60339978758346, 6.153492288075512], [-75.60339396189029, 6.1534783015952845], [-75.60339250318908, 6.153474800917992], [-75.60337882900507, 6.153451768624333], [-75.60337838546279, 6.153451021313628], [-75.60330228706023, 6.153498387013638], [-75.6032928230574, 6.153504278898928], [-75.6032861138557, 6.15350845226929], [-75.60324392161584, 6.15353471520192], [-75.60324466282556, 6.153535932985563], [-75.60325962445373, 6.1535605013482195], [-75.60325212728704, 6.153565541949548], [-75.60322084397257, 6.1535865849058675], [-75.60323236622546, 6.153604920206909], [-75.6031871374856, 6.1536327448159955], [-75.60319370645169, 6.153641324044772], [-75.60320095358989, 6.153650789570691], [-75.60319782758367, 6.153652332698425], [-75.60316205661154, 6.1536700172251315], [-75.60310696916503, 6.1536972516473565], [-75.60307622374859, 6.153712451680758], [-75.60302737026659, 6.15373660535589], [-75.60301883225682, 6.153740853642494], [-75.60301342484314, 6.153744130152172], [-75.60300051153935, 6.153751955489813], [-75.60300032974773, 6.153752093795259], [-75.60300029734002, 6.153752116555111], [-75.6029986191572, 6.153753619459684], [-75.60299721618718, 6.15375538204155], [-75.60299612800998, 6.153757354575474], [-75.60299538532479, 6.153759481413133], [-75.60299500908395, 6.153761702553055], [-75.60299500990183, 6.153763955333347], [-75.60299538775534, 6.153766176199493], [-75.60296501347635, 6.153773006340861], [-75.60296434900948, 6.153772708526329], [-75.60294683062374, 6.153782740559896], [-75.60292693328778, 6.153794137590493], [-75.60294909094392, 6.153857002558864], [-75.60291417021665, 6.1538780822366235], [-75.60288994672274, 6.153897954334346], [-75.6028634485588, 6.153933187743817], [-75.6028427573647, 6.153961125004779], [-75.60283233816762, 6.153967676997651], [-75.60281285779912, 6.153979930861288], [-75.60278932093335, 6.15400521047257], [-75.60276722139825, 6.154042773915998], [-75.60273974665762, 6.154081325508374], [-75.60273342434628, 6.154106893634045], [-75.6027344195342, 6.154111853033048], [-75.60274086967124, 6.15414407520385], [-75.60275916399192, 6.154172442506297], [-75.60278250674875, 6.154195415002435], [-75.60279556871475, 6.154204575525435], [-75.60279805585498, 6.154206321811739], [-75.60280994405635, 6.154214660834601], [-75.60281531803133, 6.154218429007135], [-75.60281456311918, 6.154229423477831], [-75.6028129480149, 6.154252979687416], [-75.60281244360337, 6.154260323202531], [-75.60281425215885, 6.15428131865729], [-75.60281428562666, 6.154281699107851], [-75.60281658629933, 6.154308408601624], [-75.60282999712877, 6.154329851030172], [-75.60283023600397, 6.154330490851164], [-75.60283134175215, 6.15433199887199], [-75.60284882834758, 6.154359955137994], [-75.60288514138982, 6.154397000406695], [-75.6028889259308, 6.154399544082268], [-75.60294128777637, 6.154434730039333], [-75.60294668092222, 6.154438353464373], [-75.60295714550462, 6.1544453867147295], [-75.60296040622023, 6.1544475767409486], [-75.60297867715722, 6.154465943310872], [-75.6030099469135, 6.154492372255018], [-75.60299938744278, 6.154512782533611], [-75.60299787153751, 6.154515713693052], [-75.60298872058263, 6.154533399464303], [-75.60298857471844, 6.1545336813418325], [-75.60297698347244, 6.154556088321576], [-75.60296208467275, 6.154569284491284], [-75.60295557075008, 6.154589632543819], [-75.6029586100319, 6.1546075626161425], [-75.60296120630485, 6.154626709920457], [-75.60296058639426, 6.154627029369289], [-75.60296022687345, 6.154627212841329], [-75.60294100679394, 6.154637086838504], [-75.60293997681003, 6.154637596334463], [-75.60292950947284, 6.1546427969832616], [-75.60292767119934, 6.154643710021471], [-75.60291963054158, 6.154647700938602], [-75.60291313079047, 6.154650926727543], [-75.60290667880706, 6.1546541305857225], [-75.60289583297943, 6.154659514798703], [-75.60289329633362, 6.154660772982367], [-75.60288115063537, 6.15466596554466], [-75.60288191221284, 6.154668212061585], [-75.60288503452466, 6.154677409311051], [-75.60290892152689, 6.154750179869373], [-75.60292889796021, 6.154811034863907], [-75.60293140395677, 6.154824627998428], [-75.60294241692557, 6.154884353233874], [-75.60294955055606, 6.154977712548796], [-75.6029744547728, 6.155002273988973], [-75.60298537874938, 6.155021095881946], [-75.60299563867538, 6.155038778268774], [-75.6030180435175, 6.155064830957973], [-75.60305231510955, 6.155087764566771], [-75.60308107499839, 6.155091821851579], [-75.60312458673833, 6.155084225113615], [-75.60312715120139, 6.155084227066875], [-75.60319079594264, 6.155084310718383], [-75.60320045791474, 6.155049884488559], [-75.60321760477777, 6.154988792344016], [-75.60322852405864, 6.154989587086343], [-75.60325554936207, 6.154991552670891], [-75.60325214215308, 6.155003425274934], [-75.60329809602801, 6.15502950679541], [-75.60329524424307, 6.155034682047917], [-75.60332644347032, 6.155057747250787], [-75.60335041742121, 6.155075470294893], [-75.60334813255079, 6.155078347346699], [-75.60336786896343, 6.155094363387367], [-75.60343531810148, 6.155149466438649], [-75.6034538342082, 6.155166232478359], [-75.60349950759695, 6.1551914727465205], [-75.60355588538678, 6.155237553836133], [-75.60365616288317, 6.155345847630972], [-75.60366017324074, 6.155356175142728], [-75.60366499244736, 6.155370478423845], [-75.60366747868288, 6.155385572398642], [-75.6039679418715, 6.154882088612892], [-75.60408565466606, 6.155043027103093]]]}, "properties": {"SE_ANNO_CAD_DATA": null, "SHAPE.AREA": 0, "SHAPE.LEN": 0, "OBJECTID": 26, "NOM_BARRIO": "MARIA AUXILIADORA", "BARRIO": "002", "PK_BARRIO": "6311001002", "MUNICIPIO": "631", "SECTOR": "1", "CORREGIMIENTO": "001", "nombre_barrio_estandarizado": "MARIA AUXILIADORA", "municipio_estandarizado": "sabaneta"}}, {"type": "Feature", "geometry": {"type": "MultiPolygon", "coordinates": [[[[-75.61579790992178, 6.148208037469626], [-75.61579055363485, 6.148205076531067], [-75.61579272647532, 6.148207019567426], [-75.61579671831444, 6.1482105855270035], [-75.61579790992178, 6.148208037469626]]], [[[-75.61579790992178, 6.148208037469626], [-75.61586760818446, 6.148236086378888], [-75.61594227586515, 6.148059529921215], [-75.61602866767458, 6.147875885166766], [-75.61610130126594, 6.147809842133793], [-75.61615531245837, 6.147802631701484], [-75.61619059660192, 6.147818989653835], [-75.61622360115511, 6.14785886527017], [-75.61632511303532, 6.1480325644260905], [-75.61642417295437, 6.148168651225375], [-75.61652779813147, 6.148260049570838], [-75.61667132004105, 6.148337226820425], [-75.61683361000509, 6.148404945084901], [-75.6170194023627, 6.148477298965069], [-75.61728516946565, 6.148584690091801], [-75.61759338324389, 6.148748386731679], [-75.61776959516769, 6.148872708300914], [-75.617771884736, 6.14887432257895], [-75.6178013933888, 6.148900270024486], [-75.61809323200292, 6.149105317745554], [-75.61813230662547, 6.149138888310371], [-75.61818367824308, 6.149198445457277], [-75.61819040685519, 6.1492076989742825], [-75.6181944136628, 6.149213212177841], [-75.61823170344609, 6.149264503823293], [-75.61824612282844, 6.149284336913518], [-75.61824991956132, 6.149289560038805], [-75.61827808902773, 6.149328308260664], [-75.61827915177172, 6.149329331870415], [-75.61837466602184, 6.1494214682313535], [-75.61848228749783, 6.149370897211902], [-75.61859512344886, 6.1492691904966845], [-75.61868519249093, 6.149151459756164], [-75.61875079053979, 6.149031252551999], [-75.61879852599185, 6.148909128641388], [-75.61882294437338, 6.148752318200069], [-75.6188277942272, 6.1486979179466825], [-75.6185924519294, 6.148570764095355], [-75.61835306252203, 6.148383330038811], [-75.61817314409566, 6.148238963917762], [-75.6179988984485, 6.1480540119414195], [-75.6178622095954, 6.147839975698371], [-75.61770802437442, 6.147582521726185], [-75.6176179338796, 6.147463976184044], [-75.61749319830754, 6.147380302731219], [-75.61730765052509, 6.1472910073931395], [-75.61718002187845, 6.147207340770987], [-75.61710738330511, 6.147117719976193], [-75.61706371441105, 6.147033812847953], [-75.6169841119132, 6.146535633975239], [-75.61690438577534, 6.145993991084437], [-75.6168774167761, 6.145872036052475], [-75.61685286500247, 6.145733463381639], [-75.61679266498946, 6.14547500234646], [-75.61670782764006, 6.145096263570824], [-75.61664612251798, 6.144780589075858], [-75.61660197917786, 6.144531513024148], [-75.61659525536224, 6.144206987034933], [-75.6164435092048, 6.143748377216762], [-75.61644433442511, 6.143706525982337], [-75.61644390821716, 6.143697125829862], [-75.61644449999656, 6.143696784814125], [-75.61645535191403, 6.143690516271539], [-75.61647330064068, 6.143680150137673], [-75.61646070634059, 6.14361858101699], [-75.61644710338226, 6.143541172251493], [-75.6164401978632, 6.1435160207100274], [-75.616424334485, 6.1434812205725935], [-75.6164063765886, 6.143441829917206], [-75.61636785493968, 6.143357328701925], [-75.61636770427454, 6.143356995840678], [-75.61632026580406, 6.143252938206504], [-75.61631846616886, 6.1432489881293], [-75.61631093716034, 6.1432324743250515], [-75.61627865974845, 6.143137049491102], [-75.61626058453184, 6.14309952266613], [-75.61622619892634, 6.143028133576052], [-75.6161715018609, 6.142915378191948], [-75.61611513345159, 6.142801814603556], [-75.6161084376279, 6.142789072075197], [-75.61610054157191, 6.14277877548262], [-75.61605686162703, 6.1427285064287265], [-75.61604242489094, 6.142711893519914], [-75.61600669412086, 6.142670774441977], [-75.61600236027967, 6.142665786242917], [-75.61592416862406, 6.142574874887941], [-75.61584988070427, 6.142491689507412], [-75.61577827604413, 6.142407320217894], [-75.61576490940034, 6.142391571766042], [-75.61568544906933, 6.14230368611579], [-75.615678911948, 6.142296062501598], [-75.615657024048, 6.142270538525055], [-75.61562937394665, 6.142238298434655], [-75.61562451198681, 6.142232628438282], [-75.61561004784005, 6.142215760694862], [-75.6155487705563, 6.142146985613112], [-75.61551725915004, 6.142115512964654], [-75.61549073369312, 6.142089019905625], [-75.61546737154256, 6.142065686435884], [-75.61546589670769, 6.142064431579849], [-75.61536654502201, 6.141979920370546], [-75.61536175793282, 6.141975893588464], [-75.6153477957432, 6.141964149408958], [-75.61530753903577, 6.1419302875891475], [-75.61514241724522, 6.141791404960117], [-75.61501947772122, 6.141668018603852], [-75.61499415790915, 6.141692352325899], [-75.61497086722733, 6.1417147332934805], [-75.61495598082759, 6.1417290387545265], [-75.61494918314742, 6.141735572209378], [-75.61489147338852, 6.141791029384618], [-75.61484851876394, 6.141832307404864], [-75.61484627655061, 6.141834463711104], [-75.61484166305911, 6.14184009236584], [-75.61471340752911, 6.141996591752325], [-75.61463508504342, 6.142092163544286], [-75.61456238886774, 6.142180868586814], [-75.61456161725096, 6.142180821732734], [-75.61449725510052, 6.142176931682604], [-75.61447348990437, 6.142165767905725], [-75.61444977257025, 6.142099829435904], [-75.6144497449734, 6.142092695610692], [-75.61444937385876, 6.1419976089960375], [-75.61445177794162, 6.141950708923105], [-75.61445792315094, 6.141830674471471], [-75.61447118745367, 6.141700001456492], [-75.61446909852147, 6.1416926643518615], [-75.61446234741645, 6.141668954863666], [-75.61445382665008, 6.141652613100083], [-75.61440155229779, 6.141552359506896], [-75.61430925409564, 6.141421885292969], [-75.61426364645534, 6.141355431820875], [-75.61421391320256, 6.141282969313316], [-75.61419618670666, 6.1412426307962935], [-75.6141819681174, 6.141225907337162], [-75.61411016561291, 6.141185312439408], [-75.61408043304289, 6.141174237463422], [-75.6139890533582, 6.141143666669665], [-75.61393245924536, 6.141122904865666], [-75.61386344020583, 6.141097589449589], [-75.61382435830657, 6.1410832530920425], [-75.61371130200264, 6.141028406506925], [-75.61367470501808, 6.140993156945803], [-75.6136573748562, 6.140976464040404], [-75.61365031204939, 6.140960133203966], [-75.61364202591734, 6.140940962354547], [-75.61361903953237, 6.140887799144603], [-75.61361483609394, 6.140876947421312], [-75.61358315433506, 6.140795155235046], [-75.61357777786384, 6.14077066511709], [-75.61357302309366, 6.140760668619151], [-75.61355162989899, 6.14077078748629], [-75.61354348107885, 6.140776242652639], [-75.61353499553556, 6.140781922768298], [-75.61353241880288, 6.1407836458497655], [-75.6135250613691, 6.1407885718873345], [-75.61340180891428, 6.14087107065453], [-75.61318155820777, 6.141018492324503], [-75.61291481461173, 6.141197037526159], [-75.61291344612343, 6.141197954605635], [-75.6128639003426, 6.141231116389086], [-75.61277568830603, 6.1412901615095645], [-75.61275631447936, 6.141310592192442], [-75.61274230015218, 6.141325370696613], [-75.61278335497984, 6.141364372118668], [-75.6128552570961, 6.141438905303831], [-75.61288961640358, 6.141474277969213], [-75.61294213401325, 6.141528345632784], [-75.61301099038648, 6.141581960062223], [-75.61302407992187, 6.141594987843831], [-75.61309186755288, 6.141662448696157], [-75.61311887949999, 6.141707216110438], [-75.61319371557929, 6.141763803670248], [-75.61326851771867, 6.141808433327872], [-75.61331343368019, 6.141847168091702], [-75.61334944723887, 6.141906857354675], [-75.61336413358912, 6.141934474327768], [-75.6134423486965, 6.142081554734094], [-75.61346382963094, 6.142116989375422], [-75.61349345649347, 6.1421276761382755], [-75.61358946734941, 6.142276881746286], [-75.61357620412423, 6.142288609907167], [-75.61355951963982, 6.142303363516165], [-75.61349166645614, 6.142363364311483], [-75.61325688822664, 6.142570970275798], [-75.61319983299408, 6.142621421993628], [-75.61286369094367, 6.142918659548601], [-75.61285282995473, 6.1429282649737615], [-75.61260433733862, 6.14314799720027], [-75.61231652414308, 6.143402499306223], [-75.6125042015257, 6.143569845612957], [-75.6126846729792, 6.143730761159847], [-75.61275262142856, 6.143797785410644], [-75.61277965087932, 6.143824448838579], [-75.61294461766971, 6.14398717130016], [-75.61303952032904, 6.144080785128278], [-75.61304092570755, 6.144081503316656], [-75.6129223653724, 6.144230140578936], [-75.61288687343921, 6.144284418701542], [-75.61287944619708, 6.144295779316631], [-75.61282672025374, 6.144376418312064], [-75.61282301469913, 6.1443820859233815], [-75.6127971538065, 6.144421637676905], [-75.61279644102724, 6.144422727846402], [-75.61279982936021, 6.144429240431782], [-75.61280045212449, 6.144430435272017], [-75.61281331520426, 6.144455158205228], [-75.61281998699633, 6.144467978665543], [-75.61283563203447, 6.144498045479871], [-75.61284162909291, 6.144509571906357], [-75.6128457742268, 6.144517536333998], [-75.61284596663438, 6.14451790877175], [-75.6128517284184, 6.144528977987753], [-75.61285796678872, 6.144537571354654], [-75.61286121453502, 6.1445415586716825], [-75.61286661137794, 6.144548181676929], [-75.61287643276884, 6.1445602399803105], [-75.6129895369332, 6.144698553016061], [-75.61299023254566, 6.1446993126448675], [-75.61302454804672, 6.144736751206648], [-75.61304865919566, 6.144763062717645], [-75.61316093656858, 6.144885565839711], [-75.61316300615306, 6.144887825823853], [-75.61321347328938, 6.1449428914712705], [-75.61321431602516, 6.1449464041580475], [-75.61321486275912, 6.144948677012812], [-75.61321787128549, 6.144961205280689], [-75.61328973708862, 6.145257035945019], [-75.61328983665643, 6.145257448615176], [-75.61334062016708, 6.1452468650100736], [-75.6133584506604, 6.145243149804234], [-75.61336050982283, 6.145242719344465], [-75.61345440503204, 6.145223151860701], [-75.61348643944666, 6.145216475086239], [-75.61351523441326, 6.145210473215664], [-75.613517646441, 6.145209978649239], [-75.61357277247451, 6.145194876072265], [-75.61361087205324, 6.145184439462565], [-75.61361733895693, 6.145182669319865], [-75.61362526809818, 6.1451804969497426], [-75.61363916348844, 6.145176689782606], [-75.61370149340937, 6.145159617266084], [-75.61371171109455, 6.145156819842669], [-75.61371187111848, 6.145157219560029], [-75.61371269044466, 6.14515926687234], [-75.61371770051792, 6.1451717717813015], [-75.61377263476807, 6.145308865561289], [-75.61393941476312, 6.145725087770358], [-75.61397816107004, 6.145831173556562], [-75.61400065522271, 6.1458927631072315], [-75.61401972627708, 6.145944979802134], [-75.61402021101723, 6.145946209668659], [-75.61403391091912, 6.145980978003487], [-75.61410448115724, 6.146131041712859], [-75.6141801647349, 6.146277193810468], [-75.61426663029147, 6.146232225758486], [-75.6141859746878, 6.146086729042585], [-75.61414046456896, 6.1459837791334095], [-75.61411214314516, 6.145918995121838], [-75.61411171213916, 6.145916289589937], [-75.61411161614778, 6.145913551624506], [-75.61411185663157, 6.145910821081735], [-75.61411243092132, 6.145908142228838], [-75.61411332943548, 6.145905554037605], [-75.61411504929485, 6.14590224158953], [-75.61411729846033, 6.145899263086026], [-75.6141200136909, 6.1458967022753255], [-75.61412311864092, 6.14589463116116], [-75.61412652600677, 6.145893107978194], [-75.6141301399817, 6.145892175554606], [-75.61413385894954, 6.145891860107868], [-75.61413421846943, 6.145891863773338], [-75.61413510110336, 6.145891892001398], [-75.61413782017357, 6.145892211358463], [-75.61414047943063, 6.145892862268309], [-75.61414303860433, 6.145893834873941], [-75.6141454591963, 6.145895114438516], [-75.6141477043543, 6.14589668154302], [-75.61415036812818, 6.145899177685555], [-75.61415258854109, 6.145902075302752], [-75.6141543059855, 6.145905296607392], [-75.61419978137464, 6.146035352302541], [-75.61421103893363, 6.146067549668611], [-75.61423833487444, 6.146125800500773], [-75.61425599392516, 6.146151894856263], [-75.61430639510264, 6.146208570759573], [-75.61435622896866, 6.1462421171737995], [-75.61438691797166, 6.146256611922181], [-75.61442146738514, 6.146266817889634], [-75.61445509503146, 6.14627675081753], [-75.6144728989039, 6.1462820076123155], [-75.61451264902512, 6.14629491929703], [-75.61456190670043, 6.146310916125672], [-75.61456825112148, 6.146312547650265], [-75.61461419223635, 6.146324343250204], [-75.61466848311495, 6.146335752631799], [-75.6147197554056, 6.146345158007708], [-75.61475945302136, 6.146348061050059], [-75.6148328121315, 6.146351369811926], [-75.6149584819485, 6.146351442751272], [-75.61497850481902, 6.1463514532402606], [-75.61504430278757, 6.146345734850012], [-75.61509727715665, 6.1463376436744115], [-75.6151919425091, 6.1463231845334025], [-75.61529990209492, 6.146304268369738], [-75.6154425067231, 6.146278717647514], [-75.61551281327257, 6.146268458633019], [-75.61552378091264, 6.146268299167957], [-75.61556410805427, 6.146270272405628], [-75.61557301279744, 6.146271257635967], [-75.61557677997045, 6.146271736428219], [-75.61558054190952, 6.1462722532166705], [-75.61559553446642, 6.146274669608313], [-75.61559926655208, 6.146275361930783], [-75.61562150916733, 6.146280264257983], [-75.61564285633706, 6.1462862133511775], [-75.61566037317763, 6.146292068187259], [-75.61566384251351, 6.146293335874813], [-75.61566730206827, 6.146294635252369], [-75.6156707473301, 6.1462959672461075], [-75.61567418100435, 6.146297330938726], [-75.61567760218333, 6.146298725430572], [-75.61568100996818, 6.146300151630141], [-75.61570776964909, 6.14631268387208], [-75.61573353165691, 6.146327156486341], [-75.61577230799546, 6.146358724529729], [-75.61590408578066, 6.14650260808292], [-75.61591745235802, 6.146517201998072], [-75.61600412626748, 6.146608971110446], [-75.61607176022193, 6.146690221553607], [-75.61608680402183, 6.146708293309233], [-75.61611155672861, 6.146755487972593], [-75.61611940723105, 6.146782686193135], [-75.61612881061426, 6.146815274960545], [-75.61612783104223, 6.146830155186299], [-75.61612447811424, 6.146881157965062], [-75.61611491879052, 6.147035263195406], [-75.6161071929941, 6.147159778553746], [-75.61610429372028, 6.147211192268112], [-75.61610324467819, 6.147229784007169], [-75.6160971536, 6.147337810318961], [-75.61609661377572, 6.147346562470465], [-75.61608816036895, 6.147483170505719], [-75.61608707389806, 6.147500757111894], [-75.61607029138796, 6.147605394022975], [-75.61603889209421, 6.14769247422326], [-75.61582699911773, 6.148145804953124], [-75.61582353247594, 6.148153220771731], [-75.61579790992178, 6.148208037469626]]]]}, "properties": {"SE_ANNO_CAD_DATA": null, "SHAPE.AREA": 0, "SHAPE.LEN": 0, "OBJECTID": 27, "NOM_BARRIO": "VEGAS DE LA DOCTORA", "BARRIO": "009", "PK_BARRIO": "6311001009", "MUNICIPIO": "631", "SECTOR": "1", "CORREGIMIENTO": "001", "nombre_barrio_estandarizado": "VEGAS DE LA DOCTORA", "municipio_estandarizado": "sabaneta"}}, {"type": "Feature", "geometry": {"type": "Polygon", "coordinates": [[[-75.6122748552548, 6.147347833549132], [-75.61225472041122, 6.147353027315685], [-75.61224293757518, 6.147356067442056], [-75.61223398930296, 6.147359680444966], [-75.61219581143273, 6.1473839125321454], [-75.61217693116834, 6.1474109278913565], [-75.61214876417921, 6.147451235916967], [-75.61214761542793, 6.147453315457898], [-75.6121259136237, 6.147492604631441], [-75.61209752077926, 6.147544009344429], [-75.6121479987737, 6.147545910567572], [-75.61208625897413, 6.147662116238934], [-75.61190251304933, 6.148016725442106], [-75.6118786949663, 6.148082872070971], [-75.61186019903741, 6.148181596860157], [-75.61188156580299, 6.148266110105609], [-75.61198063507908, 6.148434975901943], [-75.6120490228399, 6.148545196780853], [-75.61213613206972, 6.148636568548824], [-75.6123452976871, 6.148727589198196], [-75.6124299266326, 6.14877198337872], [-75.61248875572296, 6.148823498487159], [-75.61251948092395, 6.1488962392595266], [-75.61252680408762, 6.148994890164772], [-75.61250830921324, 6.14909361131551], [-75.61239144461828, 6.149267796754768], [-75.6123306613639, 6.149352546341488], [-75.61228623018253, 6.149411406714506], [-75.61228401899294, 6.149458398131936], [-75.61229589759027, 6.149507700122363], [-75.61234066907774, 6.14956865280179], [-75.61253836220516, 6.149751330904073], [-75.61282004164732, 6.150020962135198], [-75.61283808942107, 6.150036917340265], [-75.61365194617089, 6.150722836735079], [-75.61370814284042, 6.150665725893938], [-75.61373086828831, 6.150642957013668], [-75.61375820354489, 6.150615828775496], [-75.61378331427396, 6.150591155109686], [-75.61380708929623, 6.150568010424815], [-75.61383041473549, 6.150545471854797], [-75.61385417582972, 6.150522620154123], [-75.61387921746146, 6.150498595942943], [-75.61390620241971, 6.150472800198993], [-75.61393575409443, 6.150444704609676], [-75.6139685003518, 6.150413772703944], [-75.61398891300223, 6.150394622355484], [-75.61408498429395, 6.150305239234926], [-75.61409211053035, 6.150298640849714], [-75.61414385166736, 6.150251044473506], [-75.6142017800628, 6.150198049478694], [-75.6142659424127, 6.150139600488327], [-75.61433626217908, 6.150075747599957], [-75.61435491628099, 6.150058847933696], [-75.61445575958902, 6.14996727258603], [-75.61483313483438, 6.149626942881451], [-75.61534234544384, 6.150162882347186], [-75.6154316159379, 6.150258298261016], [-75.61609235678442, 6.150977516793822], [-75.61616970929718, 6.151064910367025], [-75.6162206786863, 6.1510089794599825], [-75.61651567670847, 6.150711338940018], [-75.61663878047587, 6.150588673828761], [-75.61692497796443, 6.150328440333451], [-75.61697681695071, 6.150283379197485], [-75.61703711613332, 6.150230957318137], [-75.61716427873553, 6.15012337823801], [-75.61732533598378, 6.150001065882139], [-75.61742311679154, 6.1499318996849475], [-75.61759296407173, 6.149820373046745], [-75.61775592314686, 6.149722742108022], [-75.61781863754143, 6.149688410357137], [-75.6179347532579, 6.149628180370816], [-75.61837466602184, 6.1494214682313535], [-75.61827915177172, 6.149329331870415], [-75.61827808902773, 6.149328308260664], [-75.61824991956132, 6.149289560038805], [-75.61824612282844, 6.149284336913518], [-75.61823170344609, 6.149264503823293], [-75.6181944136628, 6.149213212177841], [-75.61819040685519, 6.1492076989742825], [-75.61818367824308, 6.149198445457277], [-75.61813230662547, 6.149138888310371], [-75.61809323200292, 6.149105317745554], [-75.6178013933888, 6.148900270024486], [-75.617771884736, 6.14887432257895], [-75.61776959516769, 6.148872708300914], [-75.61759338324389, 6.148748386731679], [-75.61728516946565, 6.148584690091801], [-75.6170194023627, 6.148477298965069], [-75.61683361000509, 6.148404945084901], [-75.61667132004105, 6.148337226820425], [-75.61652779813147, 6.148260049570838], [-75.61642417295437, 6.148168651225375], [-75.61632511303532, 6.1480325644260905], [-75.61622360115511, 6.14785886527017], [-75.61619059660192, 6.147818989653835], [-75.61615531245837, 6.147802631701484], [-75.61610130126594, 6.147809842133793], [-75.61602866767458, 6.147875885166766], [-75.61594227586515, 6.148059529921215], [-75.61586760818446, 6.148236086378888], [-75.61579790992178, 6.148208037469626], [-75.61579055363485, 6.148205076531067], [-75.61567569098705, 6.148102423201331], [-75.61567299829896, 6.148100015309844], [-75.61558332695509, 6.148019876290394], [-75.6155297636643, 6.147972005413378], [-75.61553117329181, 6.147964535479499], [-75.61554352593247, 6.147899010963336], [-75.61555109955087, 6.147858843472638], [-75.61555583638831, 6.147833726230985], [-75.6155594550358, 6.1478145351663835], [-75.61537170352761, 6.147657866510396], [-75.61536294670418, 6.147650558455911], [-75.61532340725273, 6.147617566635164], [-75.61531685345594, 6.147612094792274], [-75.615316592259, 6.147611879096177], [-75.61532823902893, 6.147576571788223], [-75.61533658892907, 6.147551260563494], [-75.61532003492931, 6.147548362726266], [-75.61527561913414, 6.147540591887744], [-75.61521464924073, 6.147530827266639], [-75.61520255419255, 6.147529488800244], [-75.61510718109186, 6.147518936998037], [-75.61501382487852, 6.147549025562513], [-75.61498206335533, 6.147540950461744], [-75.6149752505308, 6.147539218178642], [-75.61483809871001, 6.147504349053228], [-75.61467390437339, 6.147444458516368], [-75.61460583068455, 6.147419628028683], [-75.6145795573068, 6.147410043373679], [-75.61456756756597, 6.1474056703413655], [-75.61453862115485, 6.1473951106261495], [-75.61452934216317, 6.147430861092015], [-75.61452310325359, 6.147454895395642], [-75.61451841143742, 6.147472969778668], [-75.61448076429795, 6.147562718624697], [-75.61447642759049, 6.1475730533975215], [-75.61447281414715, 6.147581671431599], [-75.61446951943246, 6.147589523972746], [-75.61447234930937, 6.147593944549897], [-75.6144757870638, 6.1475959564409655], [-75.61447815861158, 6.147597343418713], [-75.61447837964562, 6.147597473425977], [-75.61447246646378, 6.147617738003038], [-75.6144555949293, 6.147675566681096], [-75.61443570140825, 6.1476700588586874], [-75.61442896145958, 6.147671041112284], [-75.61441289823338, 6.14767338260018], [-75.6144035910775, 6.147676562537911], [-75.6143952700104, 6.1476787594534175], [-75.61438615495118, 6.147684466210259], [-75.61435530490458, 6.147703771576586], [-75.61433161355434, 6.147728489788435], [-75.61430916126164, 6.14775168130228], [-75.6142714157769, 6.147780449789674], [-75.61422424978129, 6.147812123931755], [-75.61420812449612, 6.147818958911936], [-75.61417957690382, 6.147831058472897], [-75.61413248157461, 6.147842625001102], [-75.6141246338783, 6.147842615491779], [-75.61411137373517, 6.14784260082809], [-75.61410348785716, 6.147841986687188], [-75.61408963857815, 6.147843225225204], [-75.61408562419491, 6.1478428082085586], [-75.61407995399257, 6.1478410730347814], [-75.61407564841568, 6.147839292307987], [-75.61406990154823, 6.147835361540259], [-75.6140637873418, 6.147831306001289], [-75.61406128258433, 6.1478296466465565], [-75.61405087759691, 6.147825729633711], [-75.61404262741677, 6.14782431808289], [-75.61403689860937, 6.147826487843477], [-75.61402611186757, 6.1478283704544054], [-75.61402436010192, 6.147828675559726], [-75.61401513118183, 6.147827163022762], [-75.6140092994956, 6.147826208844722], [-75.61398992714057, 6.14782088288455], [-75.61397274869721, 6.147814973011384], [-75.61397234605623, 6.147814833043856], [-75.61396372969641, 6.147809835961337], [-75.61395258512442, 6.14779874792075], [-75.61393713842094, 6.147786954065585], [-75.61391272535185, 6.147773031622731], [-75.61390533781903, 6.147768110795267], [-75.61387250353344, 6.147746239448464], [-75.61382867518401, 6.147712284847506], [-75.61375989101292, 6.147664613856903], [-75.61375289404992, 6.14765976524819], [-75.61365521163897, 6.147594753765837], [-75.61360312729401, 6.14755615738618], [-75.61351583874634, 6.1474911158022], [-75.61343140522962, 6.147421401588252], [-75.61337212031444, 6.147371584808379], [-75.61331270498479, 6.147318181331033], [-75.61327062095674, 6.147284049061071], [-75.61323987383102, 6.147263029918191], [-75.61316380356305, 6.147211026009986], [-75.61313311760394, 6.147193652646955], [-75.61313260140324, 6.147194304289701], [-75.61313001793077, 6.147192617287154], [-75.6131282442584, 6.147193430579829], [-75.61308522621302, 6.147164837532807], [-75.61307123793812, 6.147155923178274], [-75.61306434835971, 6.147152160714357], [-75.61306195762975, 6.1471510992847], [-75.61305430198938, 6.147146579346032], [-75.61303699596402, 6.147136364901654], [-75.6130275847436, 6.1471332186857905], [-75.61301938268059, 6.147132225459633], [-75.6130147076784, 6.14713322109899], [-75.61301139253774, 6.147140040394051], [-75.61300358446279, 6.147156099499451], [-75.61299936248606, 6.14716477927307], [-75.6129745157163, 6.1472185298686135], [-75.61297065461078, 6.147227489945167], [-75.61293468460399, 6.147310960898166], [-75.61293148177046, 6.147318397119855], [-75.612929732069, 6.147322454979922], [-75.6128866906934, 6.147419877681967], [-75.61287705715904, 6.1474416847147895], [-75.61286832401652, 6.147460866462594], [-75.61283917632387, 6.147524891992169], [-75.61282422669237, 6.147557732909868], [-75.61280902640547, 6.147589187315812], [-75.61280290903929, 6.147599097751671], [-75.61280022138754, 6.147603454020595], [-75.61279915408052, 6.147609818426524], [-75.61280269719293, 6.147623233677634], [-75.61280575552918, 6.147628012065245], [-75.6128063016616, 6.147628865542462], [-75.61279996849541, 6.147640087926672], [-75.61276673542181, 6.147698963100823], [-75.61271464270267, 6.147666973552103], [-75.61270905127937, 6.147663428039693], [-75.61268740846475, 6.147650963791353], [-75.61266669068662, 6.147637776286451], [-75.6126273980414, 6.147612765873507], [-75.61251977707765, 6.147544264223076], [-75.61240664227628, 6.147406507449685], [-75.61241592123716, 6.147398842619353], [-75.61242754969405, 6.147391933849501], [-75.61243333748025, 6.147389446490469], [-75.61243447773033, 6.147388956335824], [-75.61242244659034, 6.147382764472983], [-75.61238454387248, 6.147363255695218], [-75.61236527669624, 6.147353938608265], [-75.61231969815839, 6.1473450195984], [-75.61230006134772, 6.147346209542572], [-75.61229187107142, 6.1473467070503425], [-75.61228934806071, 6.147346858613984], [-75.6122748552548, 6.147347833549132]]]}, "properties": {"SE_ANNO_CAD_DATA": null, "SHAPE.AREA": 0, "SHAPE.LEN": 0, "OBJECTID": 28, "NOM_BARRIO": "BETANIA", "BARRIO": "008", "PK_BARRIO": "6311001008", "MUNICIPIO": "631", "SECTOR": "1", "CORREGIMIENTO": "001", "nombre_barrio_estandarizado": "BETANIA", "municipio_estandarizado": "sabaneta"}}, {"type": "Feature", "geometry": {"type": "Polygon", "coordinates": [[[-75.6246735520053, 6.1521692216957655], [-75.62509756896887, 6.152881058913112], [-75.62532447326187, 6.153508615362409], [-75.62532720423012, 6.153514023544673], [-75.62534515362955, 6.153549602919788], [-75.62551640365123, 6.153565170838814], [-75.62577859319676, 6.15357512097048], [-75.62604607085837, 6.153563635132378], [-75.62623320165132, 6.153520252654476], [-75.62644683683203, 6.1533911185328725], [-75.62660707634075, 6.153299621656407], [-75.62677803400541, 6.153213449313452], [-75.6269383061194, 6.153132660738715], [-75.62721087024893, 6.15303012927407], [-75.62766135872097, 6.152851582290676], [-75.62775560310422, 6.152819694311773], [-75.62814808137708, 6.152713611338143], [-75.62832325416566, 6.152668630073408], [-75.62856243280883, 6.152618324199079], [-75.6288139676031, 6.152583894919552], [-75.62906712240333, 6.152530650557016], [-75.62932126726487, 6.152484972653793], [-75.62974592399604, 6.152416076600075], [-75.62997814581323, 6.152381333361137], [-75.63060945768879, 6.152283218358876], [-75.63097345041065, 6.152224307332182], [-75.63155463919952, 6.152133388750984], [-75.6317640459418, 6.152097414795383], [-75.63181530490081, 6.152104069012729], [-75.63187162207439, 6.152106116558282], [-75.63192313000098, 6.152106830831108], [-75.63193206252907, 6.152106300408889], [-75.63201549623514, 6.152100170901776], [-75.63200681182946, 6.152100828476996], [-75.63200095765758, 6.152132190816136], [-75.6320471703481, 6.152128813237422], [-75.63211247996713, 6.1521158968771354], [-75.6322128078385, 6.152099193437894], [-75.63230462104734, 6.152071392268131], [-75.63240230570504, 6.152039415254895], [-75.63249640709415, 6.152021936065326], [-75.63259629421229, 6.151993878067417], [-75.63275161552613, 6.15195163875254], [-75.63278965729204, 6.1519413076899845], [-75.6329484194354, 6.151887762494334], [-75.6329909277919, 6.151862010715965], [-75.63303271320311, 6.151817114735559], [-75.63308972613063, 6.151767680352454], [-75.63315627052452, 6.151724706299251], [-75.63320626869506, 6.151666108716222], [-75.633258420062, 6.151621781777739], [-75.63332241906974, 6.151556991100671], [-75.63342231712275, 6.1514800157538625], [-75.63347051176733, 6.1513851710791085], [-75.63353322086137, 6.151311760325993], [-75.63358062355248, 6.151227052143655], [-75.63360276608755, 6.151164843786169], [-75.63364772776448, 6.151093449825834], [-75.63369525145141, 6.15103698534895], [-75.63374840124604, 6.150992009796485], [-75.63379077161586, 6.1509410140195655], [-75.63384314048609, 6.150882000630686], [-75.63390344382255, 6.150792029628828], [-75.63397661567905, 6.150700900340126], [-75.63400286451657, 6.1506291765119565], [-75.63402409793466, 6.15057220980628], [-75.6340265352711, 6.1504048203926365], [-75.63402826062068, 6.150286356184168], [-75.63401127274814, 6.150278250210229], [-75.63354636050758, 6.150056441462785], [-75.6325348497183, 6.149573841839993], [-75.63240046667951, 6.149596447403576], [-75.6323742972874, 6.149600850754667], [-75.63236320977056, 6.149599577361294], [-75.63237184375863, 6.149567206878503], [-75.63251622466213, 6.14902598633952], [-75.63246335885145, 6.149035062320298], [-75.63244232731374, 6.149034705827918], [-75.63229807280598, 6.149028160962132], [-75.632251416952, 6.1490260449133345], [-75.63207379138338, 6.1490196915854565], [-75.63192592725251, 6.149014402049975], [-75.63171856028016, 6.149004092590529], [-75.63166820092567, 6.149001588820229], [-75.63146688170738, 6.148995407185579], [-75.63146645455771, 6.148994140907306], [-75.63147481641776, 6.148912124918437], [-75.63147341280603, 6.148912137258743], [-75.63142988562448, 6.148912547906746], [-75.63140322339873, 6.148912797706908], [-75.6312973991367, 6.148913790119171], [-75.6312296213185, 6.148914426910166], [-75.63117681711624, 6.148914922118014], [-75.63110684084792, 6.1489155796692225], [-75.63110322604506, 6.1489166940915885], [-75.63108962817174, 6.148920891690996], [-75.6310402521022, 6.148936131339759], [-75.6309807883376, 6.148961650017545], [-75.63096090339407, 6.148970185485904], [-75.63088212253213, 6.149003996349532], [-75.6308461527628, 6.149019433021734], [-75.63080596911895, 6.1490366777594465], [-75.63078297053642, 6.1490455648687], [-75.63074095732145, 6.149061798846188], [-75.63066606179832, 6.149090738507297], [-75.6306360779772, 6.149102323355608], [-75.63062903391783, 6.149104262889489], [-75.6305474954359, 6.149126706203189], [-75.63049152087076, 6.149142111213374], [-75.63048345636676, 6.1491422639424504], [-75.6304394470688, 6.149143099084341], [-75.63040704454541, 6.1491437134207025], [-75.63034993822285, 6.1491447983946435], [-75.63034469617136, 6.149144900153935], [-75.63030300043869, 6.149140653969245], [-75.63024229410578, 6.149134473624013], [-75.63023164270213, 6.149132065255579], [-75.6301794374274, 6.149120276788455], [-75.63014547036094, 6.149112606853181], [-75.63010993138967, 6.149100665780758], [-75.63004790376291, 6.149079824584502], [-75.63003806269433, 6.149076519017665], [-75.63001615651164, 6.149066374953652], [-75.62995672001283, 6.149038849081793], [-75.62993824776694, 6.149025891870848], [-75.62993218582231, 6.149021639229991], [-75.62985660008276, 6.148968619957405], [-75.62984930613871, 6.148959784415105], [-75.62982844023577, 6.148934514047409], [-75.62980864200959, 6.14891053302277], [-75.62980141809105, 6.148892054517989], [-75.62977979126977, 6.1488367552923195], [-75.62977370442547, 6.148821188562458], [-75.62974628358549, 6.148775897690614], [-75.62973245356905, 6.148758231003718], [-75.62970314014196, 6.148720790287316], [-75.62968466829366, 6.14870809432927], [-75.62964593642197, 6.14868147447154], [-75.6296222185398, 6.14867339873169], [-75.62961289027554, 6.1486702244275255], [-75.62954417414058, 6.148646834102069], [-75.6295214689478, 6.148648157319297], [-75.62947362224135, 6.148650944121191], [-75.62942772604043, 6.148653620062354], [-75.6293686167982, 6.148675394962393], [-75.62936825434305, 6.148675528738416], [-75.62934214367291, 6.148690971023326], [-75.62933964797406, 6.148692446066245], [-75.62930466591361, 6.148713133036849], [-75.62924978070882, 6.148743624797573], [-75.62922126929048, 6.1487594631204034], [-75.62920263494117, 6.148772332729858], [-75.62918468655673, 6.1487847297590035], [-75.62909972471373, 6.148843408755708], [-75.62905622474162, 6.148873451196774], [-75.62900162696417, 6.148911157675622], [-75.62892964790922, 6.148963074627189], [-75.62892865156742, 6.1489638018695905], [-75.62890989117263, 6.148977493878804], [-75.6288864255887, 6.149010655216877], [-75.62884398136784, 6.149070631959617], [-75.62882417135633, 6.149079357750435], [-75.62880359626232, 6.149078338004787], [-75.62880000490613, 6.149078160407555], [-75.62878554157074, 6.149072414023854], [-75.62872985036853, 6.149050290251937], [-75.62868408216666, 6.149027189167861], [-75.62863848421273, 6.149004175837375], [-75.62861609766803, 6.14898524215584], [-75.6285768974049, 6.148952087307219], [-75.62853755965888, 6.1488867208291085], [-75.62852493735309, 6.148865749262938], [-75.62852392025647, 6.148856920769924], [-75.62851411312732, 6.148771907622922], [-75.62851984667796, 6.148715387863419], [-75.62852061598825, 6.148707794554759], [-75.62852346688115, 6.1487015814344845], [-75.62852879771576, 6.1486899498738365], [-75.62853856393222, 6.14866864481759], [-75.62855403632499, 6.1486348881860575], [-75.62855000459277, 6.148632221184012], [-75.62851582312753, 6.148609590104581], [-75.62849255610897, 6.1485941874517565], [-75.6284872249834, 6.148590499839954], [-75.62848196726492, 6.1485868615897], [-75.62844369951094, 6.148560385787872], [-75.62841547318226, 6.148540859742025], [-75.62834930812807, 6.148495088603531], [-75.62832000143035, 6.14847481298212], [-75.62829002131951, 6.148454071468547], [-75.62829024003355, 6.148444167397105], [-75.62829034610007, 6.148439464896175], [-75.62829043044898, 6.148435673787396], [-75.62829068278356, 6.14842433933887], [-75.62829094535664, 6.148412514843297], [-75.62829124587283, 6.1483990366483185], [-75.62829159695345, 6.148383164272504], [-75.62829160825501, 6.148382706766138], [-75.62829179050706, 6.148374573913691], [-75.62829203958442, 6.148363311805423], [-75.62829245261845, 6.14834478934578], [-75.62829253845882, 6.148340934041917], [-75.62829296529749, 6.14832172805037], [-75.6282931472346, 6.1483135310117305], [-75.62829342260584, 6.14830118571874], [-75.62829366234855, 6.14829041365306], [-75.62829384729042, 6.1482820927444], [-75.6282940505902, 6.148272911991116], [-75.62829414464785, 6.148268706778362], [-75.62829416689577, 6.148267719443138], [-75.62829438449738, 6.148257956409423], [-75.62829452349236, 6.1482516825025755], [-75.62829488863481, 6.148235362551389], [-75.62829513080976, 6.1482243499957], [-75.6282952636474, 6.148218477518604], [-75.62829547288128, 6.148209033656745], [-75.62829587752705, 6.148190825848779], [-75.62829592695131, 6.14818856728149], [-75.62829632673566, 6.14817065693086], [-75.62829635317303, 6.148169419152381], [-75.62829694812108, 6.148142694229909], [-75.62829704874073, 6.148138169854205], [-75.62830140217886, 6.147942453530613], [-75.62830306565553, 6.1478677253750496], [-75.62830680071455, 6.147699842458243], [-75.6283098469829, 6.147562932166126], [-75.62831045959295, 6.14753538718086], [-75.62831114863519, 6.1475044615658225], [-75.62831281691267, 6.147429418776386], [-75.62831292943335, 6.147424374511725], [-75.62832012494576, 6.147100902437084], [-75.62817388209967, 6.147223763098752], [-75.62814213599582, 6.147250431539811], [-75.62812158663297, 6.1472676969874], [-75.62810330384545, 6.147282446152968], [-75.62792377397199, 6.1470683681106975], [-75.62772444711659, 6.1468306785221625], [-75.62764925824443, 6.14674101728277], [-75.62759662497594, 6.146678256396542], [-75.6275893808461, 6.146669617632421], [-75.62769439300835, 6.14661841358878], [-75.62753888489989, 6.14619383934323], [-75.62756127649547, 6.146185503243812], [-75.62754301698648, 6.146136363712715], [-75.62752062447991, 6.146144698007024], [-75.6275046176477, 6.146101617209673], [-75.62758975642413, 6.146090208848512], [-75.62759558161022, 6.146088562849902], [-75.62759759601626, 6.146087669683277], [-75.62760109544288, 6.1460860522992595], [-75.62760326467827, 6.1460846828391], [-75.62760617623763, 6.146082729326029], [-75.62760820002931, 6.146080988111108], [-75.62761069969795, 6.14607866596173], [-75.6276124610241, 6.146076634932366], [-75.62761442595016, 6.146074126465586], [-75.62763744931296, 6.146036063790911], [-75.62770863937465, 6.146026940752149], [-75.62774038121886, 6.146021853939499], [-75.62775487246812, 6.146018586842743], [-75.62776187063045, 6.146016683747321], [-75.62777174117588, 6.146014782798232], [-75.62784277826788, 6.145996398470399], [-75.62790811433194, 6.145982504581084], [-75.62797441355646, 6.1459743729031135], [-75.62798691078898, 6.145973392918461], [-75.62803262392494, 6.145971179162736], [-75.62804628653154, 6.145971337072036], [-75.62805366492614, 6.1459710820002], [-75.62806189758149, 6.145971517039303], [-75.62807612024525, 6.145971682137752], [-75.62807838575249, 6.14597170806081], [-75.62812036372847, 6.145974610624693], [-75.6282452837142, 6.145986716193675], [-75.62827250942749, 6.145987187987188], [-75.62829947020167, 6.14598337135137], [-75.62832550821823, 6.145975400610071], [-75.62834075388191, 6.1459679440234565], [-75.62834997481107, 6.145963434451602], [-75.62835664307893, 6.145956524519313], [-75.6283465103857, 6.145957463047065], [-75.62831936972258, 6.145957755667124], [-75.62827106258037, 6.145957608163243], [-75.62822739104156, 6.145961153510824], [-75.6281721772658, 6.145951196641585], [-75.62807242094917, 6.14594234211292], [-75.6280343743552, 6.145938966372946], [-75.6279937126649, 6.145944022035112], [-75.62794918918975, 6.145949560467356], [-75.62791592779433, 6.14596103014662], [-75.62786371467469, 6.14595807032181], [-75.62781468164184, 6.145963513395807], [-75.62765937607672, 6.146009401198351], [-75.62762146335491, 6.146020602632706], [-75.62739807874765, 6.146046225404412], [-75.62730916251819, 6.146063890278409], [-75.62720598414792, 6.146107028273036], [-75.62716710848662, 6.146051422133599], [-75.62709124626122, 6.1460553010600565], [-75.62701817307752, 6.146052324383852], [-75.62693830772665, 6.146035804009741], [-75.62687924837016, 6.1460178614128065], [-75.62675635410884, 6.146003141879024], [-75.62668374443224, 6.145997433535197], [-75.6266099378284, 6.145995201728566], [-75.62655944746211, 6.146002054949916], [-75.6265199740813, 6.146007413852483], [-75.6264854122881, 6.146018407084206], [-75.62639611020195, 6.146032927604328], [-75.626324111193, 6.146038465357928], [-75.62621720799964, 6.146037316506786], [-75.62618887249602, 6.146058089918076], [-75.62607644831077, 6.146048977238721], [-75.62600777633928, 6.146043354319138], [-75.62601177681468, 6.14601019924999], [-75.62590650667103, 6.146037397981347], [-75.62587242685699, 6.1460492440463845], [-75.62572366203712, 6.146105573598407], [-75.62555099336379, 6.1461726161096095], [-75.62545743299201, 6.1462053289235605], [-75.62539481649698, 6.146215551380503], [-75.62532775858288, 6.146226497201379], [-75.62521606344652, 6.146226820006366], [-75.62507507563373, 6.14621392115639], [-75.62477165101423, 6.146126960868988], [-75.62468714179643, 6.146106919952238], [-75.62454957776245, 6.146334125811826], [-75.62544732719667, 6.147104412405027], [-75.62528627613618, 6.147373835695705], [-75.62517442410801, 6.1475607816534765], [-75.62509235337485, 6.147697779576158], [-75.62503503894715, 6.147793268195049], [-75.624997487176, 6.147855633654494], [-75.62498697793389, 6.14787299614978], [-75.62489736883754, 6.148020382561258], [-75.62488098384185, 6.148047320756151], [-75.62486954246504, 6.148066165059351], [-75.62485765749784, 6.148085728458389], [-75.62484552167899, 6.148105712571945], [-75.62483333670868, 6.1481258045097205], [-75.6248212756538, 6.148145746669514], [-75.62480954022354, 6.148165227969083], [-75.62479832677859, 6.148183951817395], [-75.62478783074984, 6.148201616203571], [-75.62477818211465, 6.148218017980505], [-75.62476931186424, 6.148233267782041], [-75.62476109800875, 6.148247539786293], [-75.62475343300578, 6.148261007196301], [-75.62474619394446, 6.148273840578479], [-75.62473926877054, 6.1482862140621055], [-75.6247325427156, 6.148298300885772], [-75.62472590100235, 6.148310272479981], [-75.62471926110868, 6.148322246777432], [-75.62471257113414, 6.1483343234792995], [-75.62470579707467, 6.148346567844668], [-75.62469886827454, 6.148359123061503], [-75.62469173821724, 6.148372081572063], [-75.6246843568221, 6.148385545780713], [-75.62467667041766, 6.148399622629742], [-75.62466862621787, 6.148414415440883], [-75.62466018305034, 6.1484300012611905], [-75.62465137583561, 6.148446317539248], [-75.62464224481174, 6.148463280904219], [-75.62463286512406, 6.14848074272174], [-75.62462327613842, 6.148498625953652], [-75.62461352790889, 6.148516822771398], [-75.62460367414683, 6.148535234368975], [-75.62459376399862, 6.148553752018233], [-75.62458383420021, 6.148572314966929], [-75.62457384630228, 6.1485910029608775], [-75.62456375029953, 6.1486099337730495], [-75.62455345492994, 6.148629285046785], [-75.62454290751397, 6.148649181800633], [-75.62453203920222, 6.148669767213703], [-75.62452078474502, 6.148691181735276], [-75.62450907620507, 6.148713570348093], [-75.6244968823013, 6.148737001010044], [-75.62448432465561, 6.148761224508245], [-75.62447156245831, 6.148785916408506], [-75.62445877808699, 6.148810691591028], [-75.62444613078526, 6.1488352364700365], [-75.6244337850654, 6.148859206695973], [-75.62442190366437, 6.148882264256383], [-75.62441065021345, 6.148904069326307], [-75.62440013651447, 6.148924396246467], [-75.62439355610144, 6.14893708174543], [-75.6243903339208, 6.148943297592846], [-75.62436715926484, 6.1489695513383325], [-75.62417941781374, 6.149219511401522], [-75.62415506788894, 6.1492523750496435], [-75.62411246810096, 6.149309874393571], [-75.62409966142359, 6.1493271604904605], [-75.62407551072093, 6.149359760079763], [-75.62406190989935, 6.149378116864873], [-75.62405706971457, 6.149384651658636], [-75.62402212175165, 6.149426731797622], [-75.62402118426778, 6.149427859241555], [-75.623997535418, 6.149456334774334], [-75.62400023275205, 6.149458578948038], [-75.62397173712723, 6.149496850236783], [-75.62394415142882, 6.149533901099387], [-75.62389813036985, 6.149595708809445], [-75.62386019091868, 6.14964666249239], [-75.62381784543301, 6.149703534982306], [-75.62378774621044, 6.149743961284419], [-75.62378617045, 6.149746078189711], [-75.62377317308578, 6.1497635324746724], [-75.62375806334678, 6.14978382593022], [-75.62374602347353, 6.149799996271284], [-75.62372190603698, 6.149832387765785], [-75.62371274390517, 6.149845411412863], [-75.62369070510915, 6.149876742181048], [-75.62363242141494, 6.149959590575539], [-75.62362548478447, 6.149969451748335], [-75.62357978264123, 6.150034415762591], [-75.62356418798578, 6.150056582093627], [-75.62354138850446, 6.150088994235293], [-75.62352389936042, 6.150113856729827], [-75.62348247327702, 6.150172741655015], [-75.62343169400698, 6.150244927808483], [-75.62343116077523, 6.150245603046262], [-75.62342946954256, 6.150247750352868], [-75.62341756454752, 6.150262878559313], [-75.6234033677691, 6.150280916430302], [-75.62339299777565, 6.150294088853616], [-75.62339245469231, 6.150294781316874], [-75.62338656410806, 6.15030226149069], [-75.62336955311628, 6.150323876978539], [-75.62336054759321, 6.150335315950388], [-75.6233480644884, 6.150351178378814], [-75.6233422161075, 6.150358607718143], [-75.62333884442668, 6.150362891429748], [-75.62331702903909, 6.150390607589235], [-75.62330554234154, 6.150405201251415], [-75.6232969497574, 6.150416117457984], [-75.62326808751094, 6.150467320366421], [-75.62331296692147, 6.150518950210992], [-75.62369956247446, 6.150963693209417], [-75.62395019998527, 6.151259547763968], [-75.62406082781828, 6.151390131884456], [-75.62449069729801, 6.151936718967022], [-75.6246735520053, 6.1521692216957655]]]}, "properties": {"SE_ANNO_CAD_DATA": null, "SHAPE.AREA": 0, "SHAPE.LEN": 0, "OBJECTID": 29, "NOM_BARRIO": "ANCON SUR", "BARRIO": "031", "PK_BARRIO": "6311001031", "MUNICIPIO": "631", "SECTOR": "1", "CORREGIMIENTO": "001", "nombre_barrio_estandarizado": "ANCON SUR", "municipio_estandarizado": "sabaneta"}}, {"type": "Feature", "geometry": {"type": "MultiPolygon", "coordinates": [[[[-75.6115837993324, 6.144742591284904], [-75.61138043080143, 6.144983564579872], [-75.61141487754796, 6.145008475919356], [-75.61156209368043, 6.145114944246186], [-75.61156507146858, 6.145111364966132], [-75.61156981834841, 6.145105663336994], [-75.61158050553261, 6.145092820399599], [-75.6115843103891, 6.145088248030757], [-75.61158870646867, 6.145083589598635], [-75.61160793256519, 6.1450632138504], [-75.61161623226066, 6.1450544156138], [-75.61162033809383, 6.145050066886181], [-75.61163246503445, 6.145037212392253], [-75.61164233913907, 6.145026749310626], [-75.61164897728902, 6.1450197148878205], [-75.61168463465137, 6.144973018358479], [-75.61175696685773, 6.144889338119225], [-75.61175880188972, 6.144887216351901], [-75.61179118691825, 6.144851861937659], [-75.61163408155574, 6.1447207067761624], [-75.61161666797663, 6.144705272695999], [-75.61161588234911, 6.144704576789014], [-75.6115837993324, 6.144742591284904]]], [[[-75.61408562419491, 6.1478428082085586], [-75.61408963857815, 6.147843225225204], [-75.61410348785716, 6.147841986687188], [-75.61411137373517, 6.14784260082809], [-75.6141246338783, 6.147842615491779], [-75.61413248157461, 6.147842625001102], [-75.61417957690382, 6.147831058472897], [-75.61420812449612, 6.147818958911936], [-75.61422424978129, 6.147812123931755], [-75.6142714157769, 6.147780449789674], [-75.61430916126164, 6.14775168130228], [-75.61433161355434, 6.147728489788435], [-75.61435530490458, 6.147703771576586], [-75.61438615495118, 6.147684466210259], [-75.6143952700104, 6.1476787594534175], [-75.6144035910775, 6.147676562537911], [-75.61441289823338, 6.14767338260018], [-75.61442896145958, 6.147671041112284], [-75.61443570140825, 6.1476700588586874], [-75.6144555949293, 6.147675566681096], [-75.61447246646378, 6.147617738003038], [-75.61447837964562, 6.147597473425977], [-75.61447815861158, 6.147597343418713], [-75.6144757870638, 6.1475959564409655], [-75.61447234930937, 6.147593944549897], [-75.61446951943246, 6.147589523972746], [-75.61447281414715, 6.147581671431599], [-75.61447642759049, 6.1475730533975215], [-75.61448076429795, 6.147562718624697], [-75.61451841143742, 6.147472969778668], [-75.61452310325359, 6.147454895395642], [-75.61452934216317, 6.147430861092015], [-75.61453862115485, 6.1473951106261495], [-75.61444742853537, 6.147361847158829], [-75.61442263692311, 6.147457727722882], [-75.61439165279354, 6.14752742258437], [-75.61434230605497, 6.147604154135209], [-75.61432796938237, 6.147620073425863], [-75.61429333603309, 6.147658527273621], [-75.61422239917127, 6.147713619064214], [-75.61421260017853, 6.147718555288436], [-75.61415889444443, 6.147745600985037], [-75.61413115672516, 6.147755222158518], [-75.6140892530878, 6.147760433928149], [-75.61407714770318, 6.147760680310196], [-75.61406108093814, 6.147761004842017], [-75.61402136330894, 6.147754400653998], [-75.61401997892501, 6.147753914714333], [-75.61402083356461, 6.1477410005119735], [-75.61402332855778, 6.147703310571602], [-75.61399763031088, 6.147692173562615], [-75.61397380217018, 6.1476774544398936], [-75.61392639003637, 6.147643212715145], [-75.61392584523833, 6.147642817593273], [-75.61363624367941, 6.147433652988953], [-75.61356341575059, 6.147378059538365], [-75.613536277077, 6.147355721818245], [-75.61355464357281, 6.147252565120514], [-75.61343677787471, 6.147151540388249], [-75.61340689964561, 6.147126439677467], [-75.61340687788368, 6.147126422606716], [-75.61340610339371, 6.147125789030777], [-75.61339167489417, 6.147114032656297], [-75.61333804113264, 6.147072263765987], [-75.6132830006566, 6.147032366816598], [-75.61319285495131, 6.146972966390812], [-75.61309959535016, 6.146918585276807], [-75.6125716310093, 6.146629784866258], [-75.61256305125532, 6.1466258046404985], [-75.6125483397547, 6.146618982187189], [-75.61253421832805, 6.14661202304639], [-75.61252356568484, 6.146606772801337], [-75.6124621588607, 6.146576512992895], [-75.61242955536672, 6.146560448080765], [-75.61242920682477, 6.146560287957558], [-75.612364750012, 6.146530656906533], [-75.61234920500894, 6.146523508537579], [-75.61231397869459, 6.146507316309996], [-75.61222768656911, 6.146472218442637], [-75.61217813307157, 6.146452065029394], [-75.61216110432322, 6.146444244050791], [-75.61207089450741, 6.146402811538573], [-75.61203741732324, 6.146387437953405], [-75.61198575893378, 6.146364267094358], [-75.6119642853752, 6.146354635297828], [-75.61192876759752, 6.146329986032096], [-75.61188276244248, 6.146287120501385], [-75.61187835970415, 6.146281159828755], [-75.61184817069244, 6.146240292707267], [-75.61184163027994, 6.146225708666719], [-75.61182559439095, 6.146189968015377], [-75.61182338841257, 6.146184191881197], [-75.6117690373174, 6.146041978779504], [-75.6117641667406, 6.146031030858417], [-75.61171359884324, 6.145917376730743], [-75.61170624226182, 6.145920827341283], [-75.61169976289159, 6.145925045735328], [-75.61161635318248, 6.14597935738291], [-75.61160417059345, 6.145987288620377], [-75.61159511385905, 6.145972372423023], [-75.61157348270147, 6.145921549466395], [-75.61156510455967, 6.145901867337522], [-75.61153512148326, 6.145859506561256], [-75.61150233063643, 6.145825209297551], [-75.6114832103668, 6.145808035106818], [-75.61145498858704, 6.145782687446868], [-75.61139247851153, 6.145742886819517], [-75.61137987454129, 6.145736653412583], [-75.61133466776522, 6.1457142971267515], [-75.61130179251522, 6.145700466477619], [-75.61129952064388, 6.145699512038684], [-75.61127846376533, 6.145690299455977], [-75.61126355252524, 6.1456856684750285], [-75.61123440310524, 6.145676616581823], [-75.61121509940699, 6.145673129008983], [-75.61119658124797, 6.145674948074956], [-75.6111795628457, 6.145677389040779], [-75.61116493668568, 6.145681018010401], [-75.61114583806264, 6.145687351196283], [-75.61111868616383, 6.145698191624753], [-75.61110288331983, 6.145707804021858], [-75.6110313388956, 6.145731924210875], [-75.61102724433292, 6.145732104238331], [-75.61097280211251, 6.145734483969623], [-75.61096345977145, 6.145732490952423], [-75.61091961350053, 6.145723132955101], [-75.61090644813649, 6.145720323260614], [-75.61086818703022, 6.145710270767683], [-75.61084055652137, 6.145705398155642], [-75.61082515189268, 6.145702022606328], [-75.61079285195385, 6.145688361785419], [-75.61076629348607, 6.145673644083088], [-75.61075635229454, 6.1456681362689585], [-75.61073360241566, 6.14565146073548], [-75.61071171068629, 6.145632755901151], [-75.61070050042194, 6.145623178758828], [-75.61068926130183, 6.145604351359442], [-75.61067281538645, 6.1455830487531715], [-75.61064045101404, 6.145555063315585], [-75.61058776938769, 6.145516349141631], [-75.6105279798306, 6.14547502529201], [-75.61047715114103, 6.145439893900801], [-75.61040793110206, 6.145389241843125], [-75.61036824143926, 6.145366119872882], [-75.61026575219121, 6.145306416969756], [-75.61014992694236, 6.145247435527995], [-75.61009920080079, 6.1452246214776745], [-75.61003748987905, 6.14520327322348], [-75.60999730572522, 6.14519136585403], [-75.60992069053718, 6.145168666472531], [-75.60986434356788, 6.14515497836488], [-75.6097983600496, 6.145144166134852], [-75.60972568194174, 6.145132894776937], [-75.60964775564692, 6.145123071132924], [-75.60958655947327, 6.145115594100769], [-75.60951223936313, 6.145096756461162], [-75.60949138321477, 6.145091470972717], [-75.60947897069633, 6.14508855991787], [-75.60946110699986, 6.1450843672969135], [-75.60945262278126, 6.145082375480224], [-75.60938664994171, 6.14506689815725], [-75.60934528405525, 6.145059015073633], [-75.60930863492793, 6.145052031103528], [-75.60927919701098, 6.145046422264469], [-75.60925818542056, 6.145042417682173], [-75.60923507358004, 6.145038013811408], [-75.60922837048622, 6.145036736547239], [-75.60920837277128, 6.145030220035942], [-75.60919345138059, 6.145025356686222], [-75.60917912963578, 6.145030660252597], [-75.60911941562738, 6.145040398391177], [-75.6090878851775, 6.145044314153724], [-75.60902436141588, 6.145058368816076], [-75.60899873496935, 6.1450645520789555], [-75.60898424364203, 6.145068051048125], [-75.60895371883116, 6.145074623466498], [-75.60895272085209, 6.1450748371780906], [-75.60890254589683, 6.145076893882316], [-75.60886667504394, 6.145067430745644], [-75.60881981825541, 6.145060867239419], [-75.60879305462895, 6.145060943649254], [-75.60877347874863, 6.1450672185100315], [-75.60874674419888, 6.145077339862319], [-75.60872959418803, 6.145096523803], [-75.60872485229822, 6.145109930756868], [-75.60871528482654, 6.145133287017609], [-75.60877910413343, 6.145167083198449], [-75.60885427795836, 6.145226716407812], [-75.60888120682823, 6.145247571041807], [-75.6089537416275, 6.145285770841645], [-75.60900645374808, 6.145332797076366], [-75.60902301683976, 6.145347573640212], [-75.60909741732122, 6.145428480543095], [-75.60912858458039, 6.145466983538521], [-75.60913095730717, 6.1454699128817065], [-75.60915849636903, 6.14551903015261], [-75.60916890862134, 6.145537604890211], [-75.60920267774713, 6.145592502170612], [-75.60924610223267, 6.145661163721752], [-75.60927152335846, 6.145698651464573], [-75.60930127863058, 6.145720806771102], [-75.60932270794224, 6.145731930631591], [-75.60935300366495, 6.145747659902677], [-75.60937951229832, 6.145761420527274], [-75.60943089209266, 6.145784342645383], [-75.60943560133335, 6.145785550986094], [-75.60952003392994, 6.145807213237622], [-75.60952187078134, 6.145807685230267], [-75.60958682841118, 6.1458157459747795], [-75.60959570393881, 6.14581684808009], [-75.60967891196495, 6.145815591876776], [-75.60974187773168, 6.145820659925683], [-75.60976059635506, 6.145830493339022], [-75.60977390834177, 6.145833546444934], [-75.60982261501768, 6.145837687846157], [-75.60981104135527, 6.145847690005801], [-75.60974293508188, 6.145906543753948], [-75.60971487115813, 6.145930794978436], [-75.60965956340803, 6.1459768750436865], [-75.60964753126983, 6.145989366527535], [-75.60962906784339, 6.146008533404504], [-75.60961959345462, 6.146019661721191], [-75.60961838906361, 6.146021077042695], [-75.60959477266896, 6.146048810704243], [-75.60956260653475, 6.146098171607877], [-75.60955068513596, 6.146119111953798], [-75.60954585245779, 6.146127602136881], [-75.60953287782783, 6.146150392826132], [-75.60952193957398, 6.146169559113], [-75.60951373489819, 6.146190447856455], [-75.60949015044578, 6.146250488171035], [-75.609484960061, 6.146264905351871], [-75.6094730829457, 6.14629789397391], [-75.60945932931162, 6.146335243936309], [-75.60945512350084, 6.146347994634985], [-75.60944179750187, 6.146388388308747], [-75.60943955009598, 6.14639374954949], [-75.60942722100565, 6.1464231494287995], [-75.60942091092008, 6.146438196788788], [-75.60940616289969, 6.146461676903341], [-75.60937712221032, 6.146500506448288], [-75.60932186452132, 6.146564282465505], [-75.60927186224755, 6.146626610719168], [-75.60921602532727, 6.14668089505881], [-75.60917897960589, 6.146716909560771], [-75.609177405429, 6.146718439696644], [-75.6092505956473, 6.1468096876834455], [-75.60925129407832, 6.146809172570724], [-75.60925180439463, 6.146808794890783], [-75.60928030957531, 6.146783513584666], [-75.6093089676497, 6.146758096825493], [-75.60931225839596, 6.146755525861731], [-75.60931612306936, 6.1467524702275], [-75.60932975627802, 6.146741366799761], [-75.60933254775377, 6.146739030619476], [-75.60934119315218, 6.146731649183914], [-75.60934376919515, 6.146729405366519], [-75.6093445982758, 6.1467286382852055], [-75.60934700153737, 6.146726527305368], [-75.60935179623442, 6.146722288226196], [-75.60936240930431, 6.146712567401218], [-75.60937971181603, 6.146695946616211], [-75.60938330471373, 6.146692358006004], [-75.60938489031028, 6.146690761817193], [-75.60946709247011, 6.146617857825398], [-75.6094784483169, 6.146604676222511], [-75.60949225983728, 6.146588647473677], [-75.60952782648032, 6.146547367672246], [-75.60957134395339, 6.146473339016602], [-75.60958773454384, 6.146434754780091], [-75.60959650774211, 6.146409680144154], [-75.60960761010001, 6.14637063173384], [-75.609630276584, 6.1462744196931265], [-75.60967882170722, 6.146181318717617], [-75.60968160844072, 6.146175972924306], [-75.60970229541856, 6.146132658425968], [-75.60971866542526, 6.146098376744575], [-75.60975091755914, 6.146049984576331], [-75.60975364268786, 6.146045898448178], [-75.6097803344141, 6.146020139611558], [-75.60978303514443, 6.14601753355874], [-75.60980081096712, 6.146006846560555], [-75.6098312593591, 6.145990155237945], [-75.60987058484255, 6.145976924714384], [-75.60991205180595, 6.145966806372488], [-75.60994986421456, 6.145962635647739], [-75.60998172563413, 6.145961940288566], [-75.60998447582304, 6.145961882555553], [-75.60998613766282, 6.145961844603815], [-75.61001597327362, 6.1459643468744805], [-75.61003807507971, 6.145968893043613], [-75.6100546866876, 6.145972307921959], [-75.61008120385273, 6.1459800347220455], [-75.6100918704173, 6.14598314232726], [-75.61009364516502, 6.145983659824119], [-75.6102120850626, 6.14603234649968], [-75.61034363336422, 6.146086419711505], [-75.61054936066812, 6.146172592736019], [-75.61058377255505, 6.146187006274216], [-75.61064367996137, 6.14621209881851], [-75.6106453490166, 6.146212799450628], [-75.61070824651055, 6.146237942467952], [-75.61074935429845, 6.146254377310428], [-75.61078446293743, 6.146268486372807], [-75.61081660302555, 6.146281403914749], [-75.61086571549284, 6.146301142863969], [-75.61088576551937, 6.146309299907284], [-75.61095859568965, 6.146338939987747], [-75.61096018226267, 6.1463395822573865], [-75.61098765877723, 6.146350468539252], [-75.61100950514005, 6.146359123978466], [-75.61101454159868, 6.1463611199514006], [-75.61101735893742, 6.146362236264761], [-75.6110279938641, 6.1463664487679965], [-75.61104547586025, 6.146374230509121], [-75.61105199174565, 6.146376198458151], [-75.61105961899005, 6.146379345301202], [-75.611140377149, 6.146412675872756], [-75.61114099442439, 6.146412930514561], [-75.6111631970211, 6.1464227667215035], [-75.61116356996837, 6.146422930342715], [-75.61118406259855, 6.146432011874546], [-75.61122340064736, 6.146447286361136], [-75.61123044826299, 6.146450118706926], [-75.61123199408856, 6.146450740381115], [-75.61124482133548, 6.146455893240196], [-75.61125261200377, 6.146459025719831], [-75.61133706572619, 6.146492963802388], [-75.61134458669203, 6.146495988206552], [-75.61134555418799, 6.1464963767460326], [-75.61138885441078, 6.146514881964065], [-75.6113947714617, 6.146517412450776], [-75.61144127235053, 6.146537287950443], [-75.61148715321198, 6.146556899776127], [-75.61150035206623, 6.146560830322995], [-75.611545470918, 6.146579403479866], [-75.61157151313704, 6.146590123151906], [-75.6115838781991, 6.1465951498820734], [-75.6116493934137, 6.146621769853367], [-75.61167027064151, 6.146630253701095], [-75.61169418889139, 6.146639971195313], [-75.61171083144583, 6.14664694877646], [-75.61173836264845, 6.146658487473816], [-75.61175772782605, 6.146666607138034], [-75.61176056357573, 6.146667793873168], [-75.6118306782173, 6.146696623465513], [-75.61184334316326, 6.146701834054771], [-75.61191449232798, 6.146731088909486], [-75.61194415239135, 6.1467431496787155], [-75.61194689565676, 6.146744264539507], [-75.61202609386571, 6.1467764724761285], [-75.61203347019202, 6.1467794722606035], [-75.61205286043952, 6.146787360347282], [-75.61211666342604, 6.146813312372583], [-75.61214281093713, 6.146823949222374], [-75.61216068609231, 6.146831220003169], [-75.61222982938222, 6.146859976524656], [-75.61223949326438, 6.146863996657478], [-75.61227753601213, 6.146879818004011], [-75.61228085507531, 6.1468812021703725], [-75.61228834400234, 6.146884323448191], [-75.61233065457303, 6.146901964596004], [-75.61235123510642, 6.146910544785369], [-75.61239312820324, 6.146927967376197], [-75.6123948895473, 6.146928699191876], [-75.61242535470359, 6.146941368943739], [-75.61242736830677, 6.146942151057391], [-75.61244053882322, 6.147043526269036], [-75.61240309649781, 6.147052450762335], [-75.61224736350567, 6.147089578271326], [-75.61206837381562, 6.147132249268847], [-75.61209831923064, 6.147242182635913], [-75.61225048722203, 6.14730871179902], [-75.6122748552548, 6.147347833549132], [-75.61228934806071, 6.147346858613984], [-75.61229187107142, 6.1473467070503425], [-75.61230006134772, 6.147346209542572], [-75.61231969815839, 6.1473450195984], [-75.61236527669624, 6.147353938608265], [-75.61238454387248, 6.147363255695218], [-75.61242244659034, 6.147382764472983], [-75.61243447773033, 6.147388956335824], [-75.61243333748025, 6.147389446490469], [-75.61242754969405, 6.147391933849501], [-75.61241592123716, 6.147398842619353], [-75.61240664227628, 6.147406507449685], [-75.61251977707765, 6.147544264223076], [-75.6126273980414, 6.147612765873507], [-75.61266669068662, 6.147637776286451], [-75.61268740846475, 6.147650963791353], [-75.61270905127937, 6.147663428039693], [-75.61271464270267, 6.147666973552103], [-75.61276673542181, 6.147698963100823], [-75.61279996849541, 6.147640087926672], [-75.6128063016616, 6.147628865542462], [-75.61280575552918, 6.147628012065245], [-75.61280269719293, 6.147623233677634], [-75.61279915408052, 6.147609818426524], [-75.61280022138754, 6.147603454020595], [-75.61280290903929, 6.147599097751671], [-75.61280902640547, 6.147589187315812], [-75.61282422669237, 6.147557732909868], [-75.61283917632387, 6.147524891992169], [-75.61286832401652, 6.147460866462594], [-75.61287705715904, 6.1474416847147895], [-75.6128866906934, 6.147419877681967], [-75.612929732069, 6.147322454979922], [-75.61293148177046, 6.147318397119855], [-75.61293468460399, 6.147310960898166], [-75.61297065461078, 6.147227489945167], [-75.6129745157163, 6.1472185298686135], [-75.61299936248606, 6.14716477927307], [-75.61300358446279, 6.147156099499451], [-75.61301139253774, 6.147140040394051], [-75.6130147076784, 6.14713322109899], [-75.61301938268059, 6.147132225459633], [-75.6130275847436, 6.1471332186857905], [-75.61303699596402, 6.147136364901654], [-75.61305430198938, 6.147146579346032], [-75.61306195762975, 6.1471510992847], [-75.61306434835971, 6.147152160714357], [-75.61307123793812, 6.147155923178274], [-75.61308522621302, 6.147164837532807], [-75.6131282442584, 6.147193430579829], [-75.61313001793077, 6.147192617287154], [-75.61313260140324, 6.147194304289701], [-75.61313311760394, 6.147193652646955], [-75.61316380356305, 6.147211026009986], [-75.61323987383102, 6.147263029918191], [-75.61327062095674, 6.147284049061071], [-75.61331270498479, 6.147318181331033], [-75.61337212031444, 6.147371584808379], [-75.61343140522962, 6.147421401588252], [-75.61351583874634, 6.1474911158022], [-75.61360312729401, 6.14755615738618], [-75.61365521163897, 6.147594753765837], [-75.61375289404992, 6.14765976524819], [-75.61375989101292, 6.147664613856903], [-75.61382867518401, 6.147712284847506], [-75.61387250353344, 6.147746239448464], [-75.61390533781903, 6.147768110795267], [-75.61391272535185, 6.147773031622731], [-75.61393713842094, 6.147786954065585], [-75.61395258512442, 6.14779874792075], [-75.61396372969641, 6.147809835961337], [-75.61397234605623, 6.147814833043856], [-75.61397274869721, 6.147814973011384], [-75.61398992714057, 6.14782088288455], [-75.6140092994956, 6.147826208844722], [-75.61401513118183, 6.147827163022762], [-75.61402436010192, 6.147828675559726], [-75.61402611186757, 6.1478283704544054], [-75.61403689860937, 6.147826487843477], [-75.61404262741677, 6.14782431808289], [-75.61405087759691, 6.147825729633711], [-75.61406128258433, 6.1478296466465565], [-75.6140637873418, 6.147831306001289], [-75.61406990154823, 6.147835361540259], [-75.61407564841568, 6.147839292307987], [-75.61407995399257, 6.1478410730347814], [-75.61408562419491, 6.1478428082085586]]]]}, "properties": {"SE_ANNO_CAD_DATA": null, "SHAPE.AREA": 0, "SHAPE.LEN": 0, "OBJECTID": 30, "NOM_BARRIO": "CAMINOS DE LA ROMERA", "BARRIO": "032", "PK_BARRIO": "6311001032", "MUNICIPIO": "631", "SECTOR": "1", "CORREGIMIENTO": "001", "nombre_barrio_estandarizado": "CAMINOS DE LA ROMERA", "municipio_estandarizado": "sabaneta"}}, {"type": "Feature", "geometry": {"type": "Polygon", "coordinates": [[[-75.62238661756722, 6.146686810060715], [-75.62243662078374, 6.146794314661272], [-75.62245278614301, 6.146829070437562], [-75.62248932162046, 6.1469076227091035], [-75.62250419521223, 6.146939592189824], [-75.62272808090555, 6.14718179560348], [-75.62284898361918, 6.1472694126427605], [-75.62285954329334, 6.147277066072382], [-75.622887963128, 6.147245435525895], [-75.62288920076257, 6.147242334863017], [-75.62289009422443, 6.147239044229946], [-75.62289062851289, 6.147235636024881], [-75.62289075241324, 6.147232165646751], [-75.62289057134402, 6.147229869327593], [-75.62289052691462, 6.147229281908839], [-75.62289047981534, 6.1472287026397225], [-75.62288982192592, 6.147225321985468], [-75.62288880067548, 6.147222075107542], [-75.6228874443526, 6.147219020630734], [-75.62278133573588, 6.147093513364042], [-75.6227706831714, 6.1470809124838155], [-75.6225798820714, 6.1468611318186435], [-75.62250277028059, 6.146772307046918], [-75.62246469859015, 6.146728825262831], [-75.62233863462089, 6.146578493631853], [-75.62231680609129, 6.146552461767783], [-75.62231292374061, 6.14654783035324], [-75.62228946978095, 6.146519861837916], [-75.6223393749727, 6.146480720736611], [-75.62234619362684, 6.146474984476398], [-75.62238795169219, 6.1464375730446035], [-75.62241405171248, 6.146414188972136], [-75.62241925156685, 6.146409529252786], [-75.6224675431705, 6.146366264526813], [-75.62248761326373, 6.146348284669943], [-75.6224780485447, 6.146336848284681], [-75.622475041105, 6.146333250434317], [-75.62246334210322, 6.146319260618544], [-75.62241675871977, 6.146263557058861], [-75.62237073138782, 6.146208515243781], [-75.62232276332678, 6.146151154094354], [-75.62231980497457, 6.146147619285309], [-75.62228786079491, 6.146109418725588], [-75.62227446909436, 6.146093403080221], [-75.62220249342087, 6.146007333868466], [-75.62215559042329, 6.14595201605546], [-75.6221525812349, 6.14594842905868], [-75.62214349734562, 6.145937602348402], [-75.62214869334628, 6.145927361905708], [-75.62211160400898, 6.145911065665536], [-75.62215663656829, 6.145849716837484], [-75.62225204556425, 6.14573498572776], [-75.62236087231744, 6.145662803311466], [-75.62244585881676, 6.145622630310108], [-75.62256809169284, 6.1455876744304], [-75.62266914932908, 6.145587381845622], [-75.62277291277441, 6.145603053357811], [-75.62289537427829, 6.145647948915472], [-75.62298056744011, 6.1456796437257], [-75.62308443762711, 6.145732579856892], [-75.62319883776186, 6.1457482180379115], [-75.62331048723405, 6.145731926668023], [-75.62342477205902, 6.145707637712662], [-75.62351251673674, 6.145702061923236], [-75.62360032241509, 6.14571777905825], [-75.62377078683846, 6.145807785228522], [-75.62406382731194, 6.145982612703063], [-75.62426887908158, 6.14607784418488], [-75.62440191632683, 6.146101414018418], [-75.62451627067816, 6.146101082853215], [-75.62460401712872, 6.146095505044778], [-75.62463858907509, 6.146095404832073], [-75.62467147543195, 6.146103205301897], [-75.62468714179643, 6.146106919952238], [-75.62477165101423, 6.146126960868988], [-75.62507507563373, 6.14621392115639], [-75.62521606344652, 6.146226820006366], [-75.62532775858288, 6.146226497201379], [-75.62539481649698, 6.146215551380503], [-75.62545743299201, 6.1462053289235605], [-75.62555099336379, 6.1461726161096095], [-75.62554745264529, 6.146145563393312], [-75.62554736222737, 6.1461425985376], [-75.62556602037209, 6.146064223835677], [-75.62558620696404, 6.145979430067431], [-75.62567060136077, 6.145624922397327], [-75.6256071679048, 6.145545364463316], [-75.62550584073385, 6.145418279393956], [-75.6253723857683, 6.145295673512244], [-75.62538402834817, 6.145396687855726], [-75.6252863706702, 6.145505792579954], [-75.62500244835113, 6.14545040912686], [-75.62476260560484, 6.145351252495199], [-75.62450116009975, 6.145218672200369], [-75.62452375470889, 6.14518153653621], [-75.6243615038905, 6.145107195494792], [-75.62399076799421, 6.144937333082432], [-75.62394992349614, 6.144901425633652], [-75.62399546535073, 6.1446681707306094], [-75.62402127142462, 6.1445360084514995], [-75.62384793300605, 6.144372954113857], [-75.62380500360594, 6.144332574556273], [-75.62366759738337, 6.144203317235634], [-75.62354955792605, 6.144092282777381], [-75.62355061103911, 6.144091158386255], [-75.62357229562637, 6.144057237524529], [-75.62360084294797, 6.1440125753329795], [-75.62363247474649, 6.143963088421574], [-75.62363312731692, 6.143962067250904], [-75.62365493379721, 6.143927954131828], [-75.62373318859039, 6.143805527828755], [-75.62363311712498, 6.143745046775741], [-75.62350346210124, 6.143666688533507], [-75.62322898209669, 6.1435007978547445], [-75.62315942198758, 6.143458759757389], [-75.62313789769755, 6.143445752947422], [-75.62309743465656, 6.143421296982107], [-75.62295495755515, 6.143356684359656], [-75.62294995796745, 6.143356491918687], [-75.622900906187, 6.143354606268553], [-75.62279096860321, 6.143350384939595], [-75.622780241931, 6.143340703590343], [-75.62266023623734, 6.143232393305196], [-75.62264999132812, 6.143223146247173], [-75.6226246058802, 6.143200234516807], [-75.62260251474144, 6.143180297242725], [-75.62258520037841, 6.143164669677274], [-75.62258304072675, 6.143156194793033], [-75.6225759097939, 6.143128223897747], [-75.62256646082177, 6.143091159615423], [-75.6225613946714, 6.1430712888855386], [-75.62255774123413, 6.1430569539987765], [-75.62255586249535, 6.143049585205834], [-75.62254946277815, 6.143024477486684], [-75.62254622380402, 6.143011775101481], [-75.62254594655442, 6.143010678936312], [-75.622545380167, 6.143008456830425], [-75.62253223821551, 6.142956912298881], [-75.62252673181248, 6.14293530612954], [-75.62252169883917, 6.142915569035648], [-75.62253851141804, 6.142895319754472], [-75.6225504579149, 6.142880928225876], [-75.62263545370463, 6.142778544459755], [-75.62266393977175, 6.142744229545734], [-75.62266442557245, 6.142743644949723], [-75.62266677464375, 6.142740815479608], [-75.62275563882483, 6.1426337740186145], [-75.62277195031596, 6.142614126585453], [-75.62280914301998, 6.142569326194551], [-75.62289435153728, 6.142466686440164], [-75.6229048594953, 6.142454030525867], [-75.62290989973887, 6.142447955849182], [-75.62302013442132, 6.142315173200435], [-75.6230255401548, 6.142308662783309], [-75.62314644253837, 6.142163025447692], [-75.62327064129327, 6.142013421210736], [-75.62328684856745, 6.141993895432286], [-75.62332497866703, 6.141947966699227], [-75.62338034061248, 6.141881280355772], [-75.62342091313987, 6.141832407783291], [-75.6234757587446, 6.141766345060022], [-75.62351620642347, 6.141717619557172], [-75.62356646727315, 6.141667088417842], [-75.62358877896064, 6.141644656882734], [-75.62367282324882, 6.141560159112772], [-75.62371104064566, 6.141521738137798], [-75.62381413110526, 6.141418090302903], [-75.62384225460731, 6.141389815357443], [-75.62390166199826, 6.141293415433709], [-75.62395902798062, 6.141200328046647], [-75.6239603148271, 6.141198239690619], [-75.6239597335022, 6.14119776248943], [-75.62395751250418, 6.141195940866327], [-75.6239548924887, 6.141193795741032], [-75.62392926994058, 6.141172800008895], [-75.62386167530775, 6.141117408381705], [-75.62385844222662, 6.141114759992345], [-75.62384399794271, 6.1410910921598365], [-75.62381863416189, 6.141049529677086], [-75.62377638305338, 6.140980293715601], [-75.6237378133743, 6.140917091436108], [-75.62373370308111, 6.140910354686293], [-75.62370812807944, 6.1408684478776685], [-75.62370504309108, 6.140863393065883], [-75.62367845384894, 6.140751241530759], [-75.62367289695507, 6.140727805819417], [-75.62365539245285, 6.140653969722229], [-75.62365387342696, 6.140647565606915], [-75.62363866457153, 6.140583415153063], [-75.62361393382085, 6.140479100790006], [-75.6236096912508, 6.140461214054172], [-75.62360250557079, 6.140430907364659], [-75.62358001877378, 6.140336049264341], [-75.62357204635465, 6.140302420408729], [-75.62355032515845, 6.140210805013281], [-75.62353149785433, 6.140186301611301], [-75.62352065199975, 6.140172186442568], [-75.62344125935294, 6.140068856201865], [-75.62341610780344, 6.140036119832392], [-75.62340077851695, 6.140016166555923], [-75.62336287031464, 6.139966829183284], [-75.62327129285111, 6.139847637314817], [-75.62323200747404, 6.13979650850848], [-75.62323176930002, 6.139796197777071], [-75.62319090490256, 6.139743010939297], [-75.62315423485984, 6.139695283916075], [-75.62309524228475, 6.139618505107822], [-75.62308472461615, 6.139604815929671], [-75.62304534654274, 6.139553563693009], [-75.62302489662876, 6.139526945485137], [-75.6230181905897, 6.139518216252818], [-75.6230123645181, 6.1395106344733845], [-75.62298893204583, 6.139480138020243], [-75.6229505348514, 6.139430162007173], [-75.62293340842048, 6.139407869679327], [-75.62292952134604, 6.139402811557032], [-75.62287525211326, 6.13937459536423], [-75.62278216158, 6.139326193886335], [-75.6227748510052, 6.139322392915243], [-75.62277409667448, 6.139322000637067], [-75.62266841345944, 6.139267052220742], [-75.62266092268237, 6.139263158109017], [-75.62256632805355, 6.1392139765179286], [-75.62255491439139, 6.13920804129145], [-75.62252401754355, 6.1392458467589375], [-75.62245820226421, 6.139326382825859], [-75.62245186594096, 6.139334135444964], [-75.62244226314246, 6.139345885547288], [-75.62241515622544, 6.139379054508839], [-75.62241175595582, 6.139383213570221], [-75.62239932036204, 6.139398431964101], [-75.62237772858026, 6.139407765536704], [-75.62232471127612, 6.1394306766221165], [-75.62233112150098, 6.139457956767445], [-75.62234096860058, 6.139499815164053], [-75.62232090235585, 6.139516704600978], [-75.62230861180988, 6.139527048510675], [-75.62229341211794, 6.139539840405431], [-75.62228449308908, 6.139547348030458], [-75.62227372457377, 6.1395564097569615], [-75.62226752578535, 6.139561628532975], [-75.62223468233283, 6.13958927199405], [-75.6222323695926, 6.139591218919504], [-75.6222276046728, 6.139595228269289], [-75.62222108923721, 6.139600712582313], [-75.62220601638786, 6.139613399887835], [-75.62220024682387, 6.1396151485949675], [-75.62212130650929, 6.139639072737859], [-75.62212076530595, 6.139639779651875], [-75.62211928798949, 6.139641708920598], [-75.62211235825502, 6.139650760866869], [-75.62209193698713, 6.139677426710872], [-75.62208422459611, 6.139687496846618], [-75.62208175013113, 6.139690727422269], [-75.62207810440988, 6.139695488884977], [-75.62207645027986, 6.13969764865113], [-75.62205631263001, 6.139723945153399], [-75.62203373551341, 6.139753425952883], [-75.6220301059567, 6.139758168351143], [-75.62202496495905, 6.139764880868039], [-75.62201900904107, 6.139772663263843], [-75.62199604328481, 6.139802649528761], [-75.62199516303812, 6.1398018139745405], [-75.62199334445468, 6.1398000852912], [-75.62199139702807, 6.1397982379038645], [-75.62199002855, 6.139796936441281], [-75.62198820545042, 6.139795207780049], [-75.62197764699806, 6.1397851792988005], [-75.62197479389725, 6.139782468455963], [-75.62197324304199, 6.1397809988285985], [-75.62196263468142, 6.139773322949378], [-75.62194504653682, 6.139760595962236], [-75.62194319462982, 6.139759256186727], [-75.62191940535362, 6.139742041117496], [-75.62191281808126, 6.139737276479478], [-75.62189791126383, 6.1397264900141195], [-75.62189385362859, 6.13972533915041], [-75.62187674570794, 6.139720485955956], [-75.6218746291506, 6.1397198851884625], [-75.62186488666238, 6.139717121327272], [-75.62184204051853, 6.1397106391226774], [-75.62182513793303, 6.139705846395539], [-75.62182229776245, 6.1397050394335215], [-75.62180912265853, 6.139701302454359], [-75.62179116449542, 6.139696207520637], [-75.62179058922483, 6.139696043993921], [-75.62175746966116, 6.139686650450697], [-75.62172324205733, 6.139676939587618], [-75.62171735967469, 6.1396967980249215], [-75.6217883042456, 6.139720462945247], [-75.62181366568838, 6.1397289208452905], [-75.6218242510634, 6.139732453544966], [-75.62184557016953, 6.139739564323229], [-75.62187055616502, 6.13974790020436], [-75.62187729830343, 6.139755517289817], [-75.62188889814041, 6.139761840361114], [-75.6219051386404, 6.139770693741598], [-75.6219230202243, 6.139780443134073], [-75.62193240196726, 6.139791257587106], [-75.62193565488198, 6.139795008848698], [-75.62193094706441, 6.139815487135366], [-75.62192954702724, 6.139821580114637], [-75.62192931530824, 6.139822588370784], [-75.62192834064417, 6.139826823234474], [-75.62192666377422, 6.1398341190634484], [-75.62192327640595, 6.1398488528233495], [-75.6219210051799, 6.139858729938415], [-75.62191821285334, 6.139857917318418], [-75.6219158583246, 6.139857231832469], [-75.62191312298141, 6.139856435206137], [-75.62191242014674, 6.139856229814286], [-75.62190992688721, 6.13986540285292], [-75.62190830580164, 6.13987136221132], [-75.62190042228457, 6.139900361440825], [-75.62189396366972, 6.13992447267806], [-75.62189384391414, 6.139924918965555], [-75.6218798365348, 6.1399772186603885], [-75.62187734572734, 6.139986523679703], [-75.62186425907545, 6.140035379826317], [-75.62186396456798, 6.140036477892036], [-75.62188503667936, 6.1400414725711485], [-75.62192565625318, 6.1400511023534445], [-75.6219273066111, 6.140051493856182], [-75.6219588135034, 6.140058963313003], [-75.6219687165542, 6.140061312324103], [-75.62195715226787, 6.140080343378888], [-75.6219423980606, 6.140104620045578], [-75.62191954095229, 6.140142228795965], [-75.62190427869636, 6.140167343302968], [-75.6218932116933, 6.140185552844096], [-75.6218829170619, 6.140202488397771], [-75.62187246832568, 6.1402196805553215], [-75.62186854025325, 6.140268815457043], [-75.6218649578096, 6.140313639925701], [-75.6218602961454, 6.140371972690694], [-75.62185711363003, 6.140411769542511], [-75.62185386391867, 6.140452416538105], [-75.62185274556458, 6.140466418641722], [-75.62184830588063, 6.140521936891713], [-75.62184798591262, 6.140525953380502], [-75.62184914780173, 6.1405426257400055], [-75.62185054565353, 6.140562663653352], [-75.62185099252804, 6.140569074847539], [-75.62185159561005, 6.14057768936846], [-75.6218517682609, 6.140580115012778], [-75.62185322193395, 6.140588672928151], [-75.62185763036811, 6.140614622179243], [-75.62186017318317, 6.140629601700599], [-75.62186446546245, 6.1406548870384245], [-75.62191573544123, 6.140687596707339], [-75.62193174474689, 6.140703279555366], [-75.6219493205905, 6.14072049794811], [-75.62195248974609, 6.140724666388289], [-75.62198284944597, 6.140764596213944], [-75.62199423503003, 6.140785086905443], [-75.62199875159091, 6.140795293267318], [-75.62200558079911, 6.140810730015491], [-75.62200694445357, 6.140813813397968], [-75.62201426230938, 6.140830354316313], [-75.62201541679559, 6.140832963190052], [-75.62203215782608, 6.140870807222534], [-75.62205796821458, 6.14089162225499], [-75.62206525373928, 6.1408974972596155], [-75.62206656990027, 6.1409017651898905], [-75.62206729041411, 6.140904105878052], [-75.62206936188542, 6.140910811060014], [-75.6220750505154, 6.14092924763685], [-75.62207527078769, 6.1409299607621906], [-75.6220755681619, 6.140930924837464], [-75.62207577193259, 6.140931588320555], [-75.62207740838085, 6.140936888017945], [-75.62208391206708, 6.140950591473182], [-75.62208727615666, 6.140957677253229], [-75.62208970385785, 6.140962792259145], [-75.6220923697551, 6.140968406944901], [-75.62209403083533, 6.140971911063182], [-75.62202684111146, 6.140988884219845], [-75.62201955677749, 6.14099155707322], [-75.62200596819636, 6.140996544487555], [-75.62195878909732, 6.1410138597952], [-75.62190615407637, 6.141037031214675], [-75.62189633063737, 6.141041355572955], [-75.62181078576727, 6.141094127176624], [-75.62161770420578, 6.141227142206369], [-75.6215794937435, 6.141234907354687], [-75.62150163905875, 6.14122749335581], [-75.62148971354713, 6.141296195129457], [-75.6214932425281, 6.141296185060808], [-75.62150249988888, 6.141296157756876], [-75.62152949428851, 6.141296080560932], [-75.6215331603805, 6.141305630231782], [-75.62153926655238, 6.141321532506982], [-75.62154035082284, 6.1413310188946655], [-75.62154129738508, 6.141339313505138], [-75.62155783441234, 6.1413382415812485], [-75.62160848749564, 6.141334952893573], [-75.62168621617926, 6.14130831524778], [-75.62171876123749, 6.141285566893152], [-75.62190146272921, 6.141174921195035], [-75.6219235112266, 6.141161998068765], [-75.62197338611433, 6.141136840401427], [-75.6219894972076, 6.141130132852749], [-75.6220087254289, 6.141122130777776], [-75.62201877967901, 6.1411474303466065], [-75.62201979299185, 6.141149984764752], [-75.62202987468575, 6.141175354714826], [-75.62203521544333, 6.141187122860789], [-75.6220394239619, 6.1411963986476374], [-75.62204473370913, 6.141208105469473], [-75.62205867505254, 6.141238832017831], [-75.62206057724605, 6.141245276756703], [-75.62206478395491, 6.141259533908632], [-75.62208106059082, 6.141314692909998], [-75.62208957707824, 6.1413330776470705], [-75.62210445102691, 6.1413651846344335], [-75.6221174809157, 6.141393311962058], [-75.62213092343711, 6.141422329569976], [-75.62213900810032, 6.141439777106699], [-75.62214294364053, 6.141448274028178], [-75.62215310517138, 6.141470206353044], [-75.6221539021407, 6.1414719273863065], [-75.62215408229687, 6.141473671333657], [-75.62215419229885, 6.141474738486034], [-75.62215440376652, 6.1414767896593565], [-75.62215795862603, 6.141511403954057], [-75.62215988204757, 6.141530118454804], [-75.62216518571446, 6.1415817276847235], [-75.62216813539162, 6.141610436931373], [-75.62216907618554, 6.141619580474561], [-75.62217525215321, 6.141715604477999], [-75.62217663275895, 6.141737094384144], [-75.62217884320536, 6.141771447669455], [-75.62218167564525, 6.1418575741752415], [-75.62218194942922, 6.141865896488952], [-75.62218183239474, 6.141881105116406], [-75.62218160889805, 6.141909991750292], [-75.62218078090535, 6.142016877092217], [-75.62218036386145, 6.1420704345933474], [-75.62218021591282, 6.1420896600993435], [-75.62218020248518, 6.142091345328173], [-75.62216543873521, 6.142148727743367], [-75.62216439194646, 6.142152804751884], [-75.62216172215253, 6.142163185576195], [-75.6221539724134, 6.142193304286946], [-75.62212643755034, 6.142300330561189], [-75.62212629752095, 6.142300879106765], [-75.62210025889675, 6.142402092188581], [-75.62209298457059, 6.142428766822729], [-75.6220847558312, 6.142460859634092], [-75.62207319712721, 6.142505939290199], [-75.62206643793006, 6.14253230040278], [-75.62205317746907, 6.142584018763648], [-75.62204194403364, 6.142627826625065], [-75.62203348218057, 6.1426608273510155], [-75.62166330555223, 6.1425693576186715], [-75.62166047447494, 6.142578530511019], [-75.62165588214113, 6.142592706055437], [-75.62144033234789, 6.142539697673706], [-75.6214091198421, 6.1426350326525965], [-75.6213788762608, 6.1427537481497225], [-75.62135437044648, 6.142874361158329], [-75.62134821660521, 6.142872900542485], [-75.62132827566926, 6.142868176078292], [-75.62133272276265, 6.142846286013635], [-75.62135057871, 6.142779543167342], [-75.62138953767258, 6.142607827931418], [-75.62141502555298, 6.1425356079500695], [-75.62145248692951, 6.142411139804926], [-75.62147948191051, 6.1423214849140235], [-75.62150649497941, 6.142204892628465], [-75.62137182314845, 6.142140239283657], [-75.62118800071384, 6.142020453301932], [-75.62115532277642, 6.1420020360169065], [-75.62111052883795, 6.141967257718407], [-75.62107426521654, 6.141933756616451], [-75.62095745626998, 6.141865213078022], [-75.62087512478809, 6.1418204869755195], [-75.6208004468542, 6.141777651695894], [-75.62075828122556, 6.141739507314286], [-75.62074071799874, 6.141711765578864], [-75.62073420210346, 6.141701472265194], [-75.62074809012077, 6.141693985489784], [-75.62075940431055, 6.1416878854986106], [-75.6207710576485, 6.141680764971137], [-75.62077037353282, 6.141676447829246], [-75.6207728799982, 6.141674954696072], [-75.62086790217143, 6.141618319789014], [-75.62091589059337, 6.1415897197344105], [-75.62091958138248, 6.1415875192464], [-75.6209295450801, 6.141581580467091], [-75.62093957681917, 6.14143872895912], [-75.62094218871547, 6.141401556648725], [-75.62094391288409, 6.141376973181072], [-75.62094516952105, 6.141359108254119], [-75.62095107797325, 6.1412749765591785], [-75.62095420909665, 6.141230389330342], [-75.62095602979615, 6.14120448908098], [-75.62095917684421, 6.141159648637988], [-75.62096612998852, 6.141060668994929], [-75.62098576885542, 6.141058499730779], [-75.62098550497157, 6.141056072723689], [-75.62097601933138, 6.140968459014542], [-75.62097142650919, 6.140926047742167], [-75.62097273703293, 6.140924549622706], [-75.62097208013522, 6.14091859509831], [-75.62098423731695, 6.140915688632541], [-75.62096815214663, 6.140830405383917], [-75.62096665923708, 6.140801086858331], [-75.62096358444751, 6.140738110763162], [-75.62096063012008, 6.140712679618069], [-75.62095540048831, 6.140666940010022], [-75.62094937721697, 6.140614250274682], [-75.62094484214668, 6.140574593382077], [-75.62091350344046, 6.140584709694663], [-75.62087569679056, 6.140596915341363], [-75.62087879446909, 6.140609184504916], [-75.62086138287407, 6.140613348948374], [-75.6208453669924, 6.140617181090178], [-75.62078867435496, 6.140641989649701], [-75.6207838955119, 6.1406440806512155], [-75.6207827526946, 6.140638132123103], [-75.6207317648973, 6.140655159515306], [-75.62060342270512, 6.140693177610084], [-75.62060217349624, 6.1406935462592465], [-75.62060183807168, 6.140693666334645], [-75.62059953608514, 6.140694490364028], [-75.62059095750996, 6.140697560998891], [-75.62058267650288, 6.14070052801684], [-75.62054597096534, 6.140713670279853], [-75.62052793501253, 6.140716132719978], [-75.62051435715435, 6.140721655249377], [-75.62047797405285, 6.140736454876567], [-75.6204768400146, 6.14073691698324], [-75.62046565553813, 6.140741464961217], [-75.62046230660812, 6.140742829323157], [-75.62041944918901, 6.140760263458102], [-75.62042158328977, 6.140764449641038], [-75.62038006929255, 6.140785634459059], [-75.6203325538368, 6.140804745841918], [-75.62029869044378, 6.140818362358558], [-75.6201705231778, 6.140852646662151], [-75.62001673110687, 6.140844775461691], [-75.6199996904944, 6.140843906073149], [-75.62000589566442, 6.140890771922093], [-75.62000773524399, 6.140896608554377], [-75.62001309298138, 6.1409055776908295], [-75.6200227401565, 6.140921721216147], [-75.62004956230534, 6.140956416861696], [-75.62008376428435, 6.141022364016116], [-75.6201237890641, 6.141113135212353], [-75.62012620667626, 6.141122099766906], [-75.62012744675184, 6.141126696254411], [-75.6201525382696, 6.141219744709544], [-75.62015349039702, 6.141223272202037], [-75.62015579260087, 6.141232833096293], [-75.62017174474522, 6.141299062221514], [-75.62018421455224, 6.141350830810535], [-75.62018984327179, 6.141374202079239], [-75.62019136084109, 6.141380499549056], [-75.6202115865613, 6.141425173046681], [-75.62022568519973, 6.141456310260639], [-75.62023335191246, 6.141475851892309], [-75.62026061522216, 6.141545326296314], [-75.620267469705, 6.141562795283724], [-75.62031644459925, 6.141660502810629], [-75.6203277919147, 6.141683144499226], [-75.62034905963215, 6.141719613062667], [-75.62034962460241, 6.14172136326368], [-75.62035768918228, 6.141746345373398], [-75.62035885001427, 6.141758006561806], [-75.62036001266175, 6.141769669549404], [-75.6203596110165, 6.141806473938989], [-75.62035997383872, 6.1418294940154], [-75.62036046769856, 6.141839972347431], [-75.62036091412182, 6.1418494320377865], [-75.62036317244933, 6.141946952629074], [-75.62036322226037, 6.141955287806023], [-75.62036327699508, 6.141964444748182], [-75.62036333057009, 6.141973549260607], [-75.62036333721126, 6.141984507323369], [-75.62036334844984, 6.141996035824615], [-75.62036336169744, 6.142013698354176], [-75.62036669246454, 6.142028190363653], [-75.62037002142111, 6.14204268147786], [-75.62037408698374, 6.142059479755746], [-75.62037528080953, 6.1420644064488235], [-75.62038941040471, 6.142089862390426], [-75.62039472780334, 6.142094827636922], [-75.62042606870723, 6.142124094809551], [-75.62042867527171, 6.142126075483439], [-75.62042993276127, 6.142127029430446], [-75.62043072969375, 6.142127635764067], [-75.62044482778963, 6.142138344852495], [-75.62044840534556, 6.142141061191136], [-75.62045515010173, 6.1421442221721545], [-75.62046265443132, 6.142147738341404], [-75.62047232071559, 6.142152270020546], [-75.62047781338661, 6.142154843171578], [-75.62047915328958, 6.142155472157424], [-75.62049284016412, 6.142161886268951], [-75.62049817713498, 6.142164020810338], [-75.6204989708501, 6.142164338764884], [-75.62051420616113, 6.142170434289982], [-75.62052011058636, 6.14217279568064], [-75.62054072527059, 6.142186922711865], [-75.62054751241706, 6.142194870473469], [-75.62055305041798, 6.142201354358448], [-75.62056081325221, 6.142210443683582], [-75.6205786751053, 6.142244570227222], [-75.62057926431, 6.142245365622848], [-75.62058151471999, 6.142248398557232], [-75.62058762493339, 6.142256635318298], [-75.62062634750778, 6.142308834797981], [-75.6206306646759, 6.142314656566251], [-75.6206582399664, 6.142354826132284], [-75.62065870210743, 6.142355497390493], [-75.62065996119236, 6.142357330977601], [-75.62066477648355, 6.142364347276926], [-75.62067118199673, 6.142373677403183], [-75.62067181598002, 6.1423751325417495], [-75.62068053287987, 6.142395157197705], [-75.6206933887096, 6.14244715438433], [-75.62069560584877, 6.14245612443242], [-75.62069960088817, 6.142481211455418], [-75.6207034151265, 6.1424998073209345], [-75.62070353952032, 6.14250104707931], [-75.62070444323092, 6.142509999156101], [-75.62071231757648, 6.142712060102839], [-75.62072232807365, 6.142892505385725], [-75.62071045693116, 6.143164834333318], [-75.62071085780468, 6.143304145055744], [-75.62067096777056, 6.143476677664765], [-75.62061583456217, 6.143437208268765], [-75.62059005732542, 6.143421534414114], [-75.6205854018818, 6.143418760080744], [-75.62050867179455, 6.143373039207479], [-75.62047284123639, 6.143370467427017], [-75.6203889275614, 6.143364441893296], [-75.62038857065293, 6.143364417425206], [-75.62034581888082, 6.143361761132752], [-75.62026975461545, 6.143357040532032], [-75.620194467373, 6.143352364930291], [-75.62001124989999, 6.143340990388857], [-75.62002799570884, 6.143413586508188], [-75.62002794960698, 6.143430563151872], [-75.62002205391349, 6.143461926730695], [-75.62001923892144, 6.143489161741571], [-75.62001883784532, 6.143503555420901], [-75.6200249202798, 6.143533248351346], [-75.6200194772822, 6.143610795367897], [-75.62001360176909, 6.143637975768113], [-75.62002753741852, 6.143696330457022], [-75.6200575334906, 6.143725229930616], [-75.62007598701072, 6.143752518896747], [-75.62008338803838, 6.143775344457702], [-75.62009834375037, 6.143811601654084], [-75.62010788198849, 6.143826138270804], [-75.62011591317967, 6.143848345077151], [-75.62013807352086, 6.1438957167102295], [-75.62014628704696, 6.143940232079942], [-75.62014381261577, 6.1440069709808265], [-75.6201348715879, 6.144014985897704], [-75.620137181604, 6.1440386880356375], [-75.620158708371, 6.1440521994399555], [-75.62015700166464, 6.144091793828194], [-75.62015048814389, 6.144106542932099], [-75.6201526652076, 6.1441261485268495], [-75.62014626816686, 6.14414827237142], [-75.6201574289484, 6.1441663711579055], [-75.62016422471137, 6.14417275033157], [-75.62018858743282, 6.1441849080140996], [-75.62020687225377, 6.1442065121675125], [-75.62023327919233, 6.144231615890671], [-75.6202425962652, 6.1442631571205855], [-75.62024607915814, 6.144281594595782], [-75.62026083560926, 6.144298538443444], [-75.62023593985599, 6.144455605993764], [-75.62023566041883, 6.1444564616992405], [-75.62023541566836, 6.144457206939514], [-75.6202351688407, 6.144459373370238], [-75.62023472633084, 6.144463267512485], [-75.62023227287852, 6.144484823260112], [-75.62022949117156, 6.144509256427903], [-75.62022784390219, 6.144523710458208], [-75.62022400038744, 6.144541033889828], [-75.6202178317245, 6.1445688476657745], [-75.62021320078188, 6.144589722484572], [-75.62020610325155, 6.144621717566181], [-75.6202059856997, 6.144622245208746], [-75.62019850091782, 6.14464635518083], [-75.62019784825527, 6.144648466645661], [-75.6201957255923, 6.1446552972717], [-75.62019394978738, 6.144661021437399], [-75.62019271897177, 6.144670133151399], [-75.62019227175308, 6.144673434254344], [-75.62019048918782, 6.144686635923013], [-75.62018891324034, 6.144698314143784], [-75.62018968913814, 6.144716768506873], [-75.62019016129236, 6.14472797471216], [-75.62019054246558, 6.144737017046886], [-75.62019156634035, 6.144739697985475], [-75.62020031182381, 6.14476259740586], [-75.62020498928172, 6.144774849782127], [-75.62021169791278, 6.144788523324496], [-75.6202234929928, 6.1448125649869185], [-75.62022572434104, 6.1448164984548], [-75.62024002531314, 6.144841694969694], [-75.62024120885648, 6.144843779350455], [-75.62024662981777, 6.1448508876024945], [-75.62024863072843, 6.1448535076986595], [-75.62025322257786, 6.144859526104724], [-75.62028428038936, 6.1448764921762375], [-75.62029556976323, 6.144882656746349], [-75.62031071045756, 6.14489154805846], [-75.62032886587279, 6.144902207391686], [-75.62033110738035, 6.1449043408281], [-75.62035023293214, 6.144925709402042], [-75.62035433444758, 6.144931202240493], [-75.62035518050811, 6.144932617464013], [-75.62036205732826, 6.1449441123001245], [-75.62036528492067, 6.144949509977087], [-75.62037142497263, 6.14495977348147], [-75.6203730502192, 6.144963888923557], [-75.62037836863387, 6.144977357727997], [-75.62038734637258, 6.145000093270776], [-75.62038901644046, 6.145004323308375], [-75.6203965564348, 6.145023419832251], [-75.62040466988826, 6.145043969078138], [-75.62040660791696, 6.145048874037425], [-75.62040975476555, 6.1450551219245995], [-75.62041834970314, 6.145072173718482], [-75.620431458782, 6.145098189718571], [-75.62044555111358, 6.1451261527586665], [-75.62044627259799, 6.145127583057607], [-75.6204528444909, 6.145140629846256], [-75.620454600294, 6.145144475237916], [-75.62045851634763, 6.145153044590953], [-75.62045947962079, 6.14515515446027], [-75.62046088116846, 6.145158225906827], [-75.62046784136749, 6.145173466748982], [-75.62047144609207, 6.14518135868045], [-75.62047195191471, 6.145182464575768], [-75.62047640486051, 6.145192212900134], [-75.62047732065183, 6.145194218131416], [-75.62047792343795, 6.145196310783141], [-75.62047877498065, 6.145199583819517], [-75.62048230608492, 6.145211811072342], [-75.62048602012666, 6.145224320398309], [-75.62048770983822, 6.145230164083046], [-75.6204881352625, 6.1452316374203395], [-75.62048955574771, 6.145236547628791], [-75.6204948289169, 6.145254795504707], [-75.62049962337575, 6.1452713867805935], [-75.62050464843055, 6.145288769784792], [-75.62050732128931, 6.145298015140459], [-75.62051068697949, 6.14530966460626], [-75.620513246841, 6.145318522674842], [-75.62051477638475, 6.145327259227778], [-75.62051567312155, 6.145332383554053], [-75.62051928599715, 6.145353010916277], [-75.6205212086422, 6.145363998455099], [-75.62052265550976, 6.145372268015101], [-75.62052682503067, 6.145389990619529], [-75.62052859334894, 6.1453974991939395], [-75.6205299890516, 6.1454034356298095], [-75.62053323979673, 6.145417251782743], [-75.6205345293871, 6.145422731285349], [-75.62053754285877, 6.145432361906974], [-75.62053770344473, 6.145432875528723], [-75.62053815765829, 6.145434325219129], [-75.62053858436292, 6.14543569096701], [-75.62054284213814, 6.145449299672053], [-75.6205476275013, 6.145458865552381], [-75.62054911164483, 6.145461833530399], [-75.62055211549489, 6.145467838020442], [-75.62055240831305, 6.145468424222425], [-75.62055254787698, 6.145468702892066], [-75.62055608080466, 6.145475766152022], [-75.6205629934106, 6.145489586043427], [-75.62057559720783, 6.145514786337493], [-75.62058047106356, 6.1455245307865844], [-75.62058086788288, 6.145525327124109], [-75.62059057946756, 6.145541495592493], [-75.62060359136895, 6.145563154494635], [-75.62060407585618, 6.145563961250867], [-75.62060678788305, 6.14556847547487], [-75.6206081663954, 6.145572007198888], [-75.62061442860238, 6.145588030756432], [-75.6206179374995, 6.145597011641004], [-75.62062148756064, 6.145606098098474], [-75.62062290904802, 6.1456097362905], [-75.62063184135391, 6.145632594994657], [-75.62063844659504, 6.145649498325834], [-75.62064102063073, 6.145656084423898], [-75.62064300926932, 6.145661178080384], [-75.62064338797055, 6.1456621480858376], [-75.6206471956786, 6.145681241205437], [-75.62065014679574, 6.145696030687814], [-75.62065528979412, 6.145721819042974], [-75.62065662971925, 6.145728538665639], [-75.6206591262038, 6.145741054862562], [-75.62066060501066, 6.145748467216781], [-75.62066109680478, 6.145751319821101], [-75.62066403361516, 6.145775363314686], [-75.62066599190236, 6.145791415211107], [-75.62066815351774, 6.145801951354204], [-75.62066832099745, 6.145802765993444], [-75.6206717966067, 6.145819706369716], [-75.6206744690477, 6.145832738824587], [-75.6206796133179, 6.145847347586497], [-75.62068173017332, 6.145853353712433], [-75.62068771803126, 6.145870347762814], [-75.62069132067396, 6.145880579402505], [-75.62069292731377, 6.145885136113018], [-75.6206942527856, 6.145888165439901], [-75.620694717747, 6.145889227236088], [-75.6206978811697, 6.145896459556167], [-75.62069985427927, 6.145900963841919], [-75.62070137982369, 6.145904454161268], [-75.6207026349579, 6.145907322910697], [-75.62070661500455, 6.145916414489536], [-75.62070903919737, 6.14592043741183], [-75.62071592018046, 6.145931854465066], [-75.62072155739843, 6.145947336840375], [-75.62073097324807, 6.145973204585063], [-75.62074164852962, 6.145994885786228], [-75.62074132307589, 6.146025452689846], [-75.62074139165527, 6.146029312682436], [-75.620741455958, 6.146032852659381], [-75.62074177736942, 6.146050900606963], [-75.62072199581537, 6.146071376011991], [-75.62085732387892, 6.146211697392788], [-75.62092066691301, 6.146247775016755], [-75.62091952546189, 6.1462493075702875], [-75.62114819735264, 6.146394444298695], [-75.62122264222786, 6.146422356195769], [-75.62124352938012, 6.146429733896173], [-75.62128981065453, 6.1464460809248385], [-75.6212943944216, 6.14644472585435], [-75.62139173215398, 6.146456500073193], [-75.62139673594824, 6.146459572824439], [-75.62146189255589, 6.146523264943357], [-75.62146614695334, 6.146524742092307], [-75.62147439349461, 6.1465532671428535], [-75.62148994648557, 6.146576612253476], [-75.62151546121375, 6.146574243187695], [-75.62156034169058, 6.146589884659961], [-75.6215893734825, 6.146600002354634], [-75.62159039046482, 6.146604592689608], [-75.62165373848292, 6.14659594281331], [-75.62165409273389, 6.146598005942635], [-75.62165519625705, 6.146604404871924], [-75.62171485461424, 6.146609254401086], [-75.6217154388318, 6.1466132709743055], [-75.62174855192649, 6.146610735330237], [-75.62177768039504, 6.146618830161497], [-75.62184059162817, 6.146608603922542], [-75.62192908336128, 6.146599480753804], [-75.62193075898729, 6.1465993098002], [-75.62199954775716, 6.146592216188968], [-75.6220099835858, 6.146630644367686], [-75.62218001470089, 6.146643211616119], [-75.62221998745572, 6.146640545540981], [-75.62231188378526, 6.146634415205221], [-75.62238661756722, 6.146686810060715]]]}, "properties": {"SE_ANNO_CAD_DATA": null, "SHAPE.AREA": 0, "SHAPE.LEN": 0, "OBJECTID": 31, "NOM_BARRIO": "TRES ESQUINAS", "BARRIO": "012", "PK_BARRIO": "6311001012", "MUNICIPIO": "631", "SECTOR": "1", "CORREGIMIENTO": "001", "nombre_barrio_estandarizado": "TRES ESQUINAS", "municipio_estandarizado": "sabaneta"}}, {"type": "Feature", "geometry": {"type": "Polygon", "coordinates": [[[-75.61993324866103, 6.148660090325697], [-75.61999708193537, 6.148721134755446], [-75.62002733789066, 6.148738648926182], [-75.62008674515546, 6.148789180957429], [-75.61999121428069, 6.148894885664167], [-75.61983854659931, 6.149063803100929], [-75.61955463976898, 6.149377935099155], [-75.61915391455892, 6.149821321159798], [-75.61893277423161, 6.150066002805288], [-75.61890518950972, 6.150096523538571], [-75.61896185386253, 6.150164987586165], [-75.61902876688876, 6.150245831264847], [-75.61914568431317, 6.150369093106854], [-75.6192235150722, 6.150456902298606], [-75.61930425306154, 6.150542039271832], [-75.61938780838435, 6.150624407731816], [-75.6194030278994, 6.150639208454175], [-75.61946830745796, 6.1507015114571395], [-75.61950739592119, 6.150739710548654], [-75.61953313346068, 6.150763973073113], [-75.6195992223823, 6.150825722408108], [-75.6196630590112, 6.150889410233352], [-75.61972696803495, 6.150952753242738], [-75.61977628344503, 6.151002573516009], [-75.61985583287608, 6.151079962052588], [-75.61991465889794, 6.151138631570097], [-75.61957268073665, 6.151549933376535], [-75.61940328352928, 6.151756419954327], [-75.61936269142971, 6.151805899396851], [-75.61933268472481, 6.15182345429332], [-75.61926157293713, 6.1518650599619695], [-75.61923033047252, 6.151883338741961], [-75.61922159551852, 6.151888449757394], [-75.61924123047157, 6.151910292220228], [-75.61979047540582, 6.152521206085893], [-75.61987304261244, 6.152605149503517], [-75.62036239380136, 6.153143512572421], [-75.62048212417481, 6.153275238162444], [-75.62051870189298, 6.15331547719807], [-75.62059839276877, 6.153292803571027], [-75.62068654639239, 6.153267721554538], [-75.62149737187701, 6.1530359638981444], [-75.62244643772578, 6.1527646923200585], [-75.62318463069677, 6.1525536923272375], [-75.62332907244468, 6.152512405674887], [-75.62386675374518, 6.152358719450858], [-75.6246735520053, 6.1521692216957655], [-75.62449069729801, 6.151936718967022], [-75.62406082781828, 6.151390131884456], [-75.62395019998527, 6.151259547763968], [-75.62369956247446, 6.150963693209417], [-75.62331296692147, 6.150518950210992], [-75.62326808751094, 6.150467320366421], [-75.62325533996382, 6.150452655917733], [-75.62315929870475, 6.150342170205054], [-75.62308611327961, 6.150257530352118], [-75.62262469588897, 6.149723905460544], [-75.6223129570252, 6.149367200181333], [-75.62230595931726, 6.149359263471766], [-75.62174740191267, 6.148725670600971], [-75.62165535807293, 6.1486223302876555], [-75.62123182398204, 6.1481473070093715], [-75.62105979265175, 6.147954077085189], [-75.62101924536954, 6.147996223439173], [-75.62099550457523, 6.148018874485352], [-75.62091647559801, 6.14809428191712], [-75.62080625811546, 6.148198936780963], [-75.62071206090043, 6.148253411029393], [-75.62065150012971, 6.148288433052425], [-75.620572512426, 6.14833411121186], [-75.62053608732374, 6.1483551763873665], [-75.62051301210691, 6.14832893539505], [-75.62050980276051, 6.148325241789319], [-75.62038566406473, 6.14845500914936], [-75.62033300784798, 6.148512179777906], [-75.6203302800203, 6.148515141295709], [-75.6202808264271, 6.148555638028355], [-75.6202264444764, 6.148600172053932], [-75.62020190163867, 6.148620266730475], [-75.62020105640902, 6.1486210519837545], [-75.62001836883694, 6.148478843838734], [-75.61999433263179, 6.148496705708456], [-75.61997960642783, 6.148427867874044], [-75.61984750831068, 6.148494260815065], [-75.61993324866103, 6.148660090325697]]]}, "properties": {"SE_ANNO_CAD_DATA": null, "SHAPE.AREA": 0, "SHAPE.LEN": 0, "OBJECTID": 32, "NOM_BARRIO": "CALLE LARGA", "BARRIO": "016", "PK_BARRIO": "6311001016", "MUNICIPIO": "631", "SECTOR": "1", "CORREGIMIENTO": "001", "nombre_barrio_estandarizado": "CALLE LARGA", "municipio_estandarizado": "sabaneta"}}]}